query_time,user_id,query,result_rank,click_rank,click_url
0BA56489237BC91353300BE44298C6D8,6,昂的笔顺,三年级上册数学口算,牛的英语怎么读,抓木机
C4834FD969574A71FD08D10CF73AD60B,1,笔记本电脑500g硬盘,windows7ultimate,音频驱动器官方下载,助学贷款条件
20858CECBD8ED448A64B70C756ED8DEA,1,婚礼伴娘被脱精光,街头扒裤衣党视频,苏州到枣庄西的火车票,我是大明星穿勇装美女视频
A9EB0BED8D34ABB58AF6B24204EE05F8,1,音乐免费下载mp3歌曲,踝关节韧带陈旧损伤,玻璃酸钠注射液的禁忌,我不会再为了有你的未来而努力
266B8A299027974CC66FB5E0B398B8B2,2,建设银行卡能同时办两张吗,膜西蓝膜是哪个国家的,一双耐克帆布鞋猜猜是什么,旋风少女2若白去哪了
D85AA6929207EF5EEE6DD79287D0085E,4,微言情,黄金换彩金划算吗,小孩子生病了送什么礼物,蛋糕图片
4A773AA893057C664F0EA5E1B8D88156,1,细胞生物学 细胞骨架,根据dna碱基互补配对原则,肽键有什么特点,无菌操作方法
9BFE6710A8598452D53247F79DC3ED94,1,胡雪岩的启示,红酒口红,iphone 7包装盒曝光,苏州旅游攻略 穷游
33CF295A05421C2B3EAB7BFEBDF385FF,1,杨洋是不是北京人,杨丽萍58岁喊话小彩旗要靠自己,林惊羽扮演者,有哪些明星身上有纹身
3B273E65C2CE6A88745E71B971543267,1,孟婆,民间艺术团团长杨树林,梦之砂,skywort机顶盒密码是多少
F2F1AA11385F8F944C9E3BAF9756EECE,3,护照可以买高铁票吗,乌克兰基卡尼卡葵花籽油,顺丰的加急件多久能到,非月经期出血的原因
FCA7D31EFC50DB3D899B70D46F635B0E,2,中学优秀数学教师,可口可乐官网,中学数学经验的书,马克思主义基本原理概论
42E62A31DF9B88B174885835F0C13395,3,图代码,6岁孩子孩子一般多大的脚,美腿举牌照在线制作,减肥药真的能减肥吗
B3EAF66D1A96F5FF98B8FC0105974676,2,感冒咳嗽吃药没用怎么办,临沂到威海的汽车时刻表,沂南县宏远机械有限公司,临沂荷兰水乡三期
1354576C8D532D9EE6069250D8F57BBB,1,众泰t600运动版旗舰版,歌诗图,现代途胜2.0手动四驱,福特翼虎报价及图片
76D457A6DEBFB859D67FDBD1AC9E487D,3,松本清张,皮带国际品牌排名,微讯注销怎么弄,波斯登那家商场有
2AB1B6F4D8043992C5BE75B158172265,1,大白兔奶糖的寓意,中国女排,张鲁一,微微一笑很倾城电影演员表
5ECFD82A5528045DD21B3AD4FDF51334,3,中式新娘形容词,短发,信阳到周口高铁,湖南离河南
A8A597AE86BA479BC52BA9F21CC7BE33,1,完美假期,犹太人最早在哪个国家,say yex,完美告白
D77B1FEFDD203EF0D2EA211D2C61F3D8,5,人事网,内衣b80是多大的,怎样激活银行卡建设,麦露迪女鞋是几线品牌
C9DC55DBCBF1E9D6279AC633A42880DC,3,恐怖将映苏漩幼年,王美人,松涛北苑,松江泰晤士小镇最浪漫的地方
3BC155D50B3A81A1113E5C0610B9FCFE,1,一斤等于多少两,战锤任务安卓汉化,守望者,饥荒攻略
CE7B18C61B237B4DA7745AF6C70B2434,1,尺码偏小是什么意思,霸气qq昵称男生,八极漫画罪母3,为什么手机不充电放一段时间后开不起来了
37625E81132847F15F52D6F6C012F322,2,组合数学毕业论文,重庆到泉州快递,童子命,工厂运输货物图论规划优化
116667D94DEEC6374A5408B9E561ECC9,3,一渣到底快穿,上海租房 小说,wf密码破解器显示密码,2016年日历表
A3D4F82B79BD52B3F968612F1E2ED510,3,120g固态硬盘价格,广发银行信用卡中心进度,百度,众联钱包可以刷别人的信用卡吗
33281EA6007EBEA29B503BB2291B6358,3,奶瓶什么牌子好2016,秘密爱,中国式关系霍瑶瑶结局,爱不可及小说
08165FA3D5CA48E6161E286C1CF0D289,1,江铠同打郑爽的照片,杨涵乔好听还是杨乔涵,减肥期间半夜可以吃东西吗,王者荣耀雅典娜厉害吗
184C4AFEB67499F4A1B7C180BCB711F8,3,有没有康熙的小说,清梦奇缘,成都,康熙大帝
A0B2140BBFBB377F584DD57914798F82,3,郭敬明,房子哪个丑山未方向好,101-102 1挪动一数字使等式成立,酷比魔方平板电脑插入内存卡如何设置
4BD08BDEEE5C827526E1E7D29F2CFC0A,1,怎么让摩托车声音变小有图,手被烫到了怎么处理,脸如何快速变白,戴着面具睡会怎样
A9C60BD2B66D41C563C3F42E9CA2C76A,1,g shock钢铁侠,抢红包,唐庆峰运动员,德玛西亚皇子
3604CB7915A2394018168D465752244E,2,简历邮箱名字怎么写好,江西省大学生就业人才网,韩语证书怎么考,99宿舍
2E6BB03D81228C26EEE126C7D66F788D,1,箱包大小,粉饼和散粉的区别,土木工程专业就业前景,西游记之三打白骨精
579A47A080624EF6164FC06FEA3CFCEA,4,谢杏芳,硬盘使用次数,排球比赛规则,杭州气象
40929B56191B95F9AFBA04DB7FCD8E9B,2,辣木粉,鼻贴是从下往上撕吗,会计专硕,不需要安装播放器的h
82270AC711633C51A8F72D8E18BD2392,1,红色口红推荐,珍惜你所拥有的英文,世纪末的魔术师优酷,饥饿鲨
7FC1552FB597A3B9D45448B9BDA7CDE1,3,悦诗风吟洗面奶,林俊杰梦里梦外歌词,青云志片尾曲,5506次列车座位分布图
DC95F30ADBEDD8EB543B7325B46285AD,2,奸臣,古德为什么要杀想念熊,altoids,"我渴望能见你一面,但请你记得,我不会开口要"
F90A9912521335EFAB7990567D6BCC99,2,路由器上网受限,张雨生最高音的歌,笔记本电脑连网受限,windows 8.1
F4C3E2BC71CFC880C22DEB2F0EAAC894,2,结婚吧为什么停播,哈佛h8,正式出售是几号苹果7plus,mk包
32FCC813157397F7CB5735535D2826E1,4,郑州沙口路六道菜,七色花图片,榴莲开口的好还是不开口的好,95542是什么电话号
7C63C25CEB6E6971B88A9894EE9436E1,1,花荣,特步男学生鞋,女秋装外套40岁,雷横
7368747E917E49E6D260E2F9C24F8058,1,开网店怎么运营,星密码专业网店服务,网店可以改名字吗,超神学院黑甲11集
3943B38DF588F5E46C61D8544B70A411,1,男鬼剑穿流金回龙天空套什么样子,有一首歌有那个飞偶遇来,"谁有一张图,上面有,早晚你是我的人的字",ak47黑武士
63ACCAB7CF948F835292DD84DCF06C0B,3,面粉高筋低筋,牙套要带多久,运动后全身酸痛怎么办,canmake睫毛膏好用吗
F8B13E004AE66EF8D0B411940302F9A7,3,环保局,丹东旅游,辽中皮家堡,送女朋友礼物排行榜
C528D70FCB850129952F577C73C1D234,1,性价比高的女包品牌,一叶子面膜怎么样,拼立得,做脸有什么危险
3B054CC65BBAEC550E31B268612A87DA,3,"枪手,枪手,快枪手",九阳电压力锅炖肉方法,烧麦的做法大全,微信
7492DDBED94D4984306D835C812291FE,1,医院证明怎么开,htc,iphone6和6s的区别,大便是黑色的怎么回事
9C04A8B7557C3B1350927B184F672B86,2,w两个世界男主同人小说,牙周病,3楼英语,自我评价什么
1923EC63B64F09DF696AB3152D9D431A,2,雪菜豆腐,lst,石榴的功效与作用,阿祖尔旅游
9E45DA30C729B7D1B2130D72845CE4BF,2,顺丰快递电话,微微一笑很倾城txt,韩国好用的面膜,经济师报名时间2016
591862F2538C90C1FC9E8D6C5608609F,1,iphone听音乐怎么显示歌词,lol潘森大招怎么能快速落地,qq个性网名,怎样挑好电脑
9D1864C779B1940CC4581BCB24AFD5B3,2,笔记本屏幕突然花屏,一生最值得一看的电影,朴树为什么退出歌坛,传音
F2DAF74740617BAA8431B16616A8748C,1,华为哪些手机是安卓5.0以上,lol送皮肤可以查询吗,如何让手机打游戏不卡,如何开启数据连接
AF76FD3813DBD9FA31BF16DBF0C1A128,3,vivo有哪些系列,vivox5,vivox7,qq音乐下载mv不是超清
00E4BCBB8393D66BA8AA68F830F200AB,4,受精卵着床有什么症状,二胎剖腹37周能剖吗,供的拼音,怀孕hcg值对照表
F01B390D9277FE72EC32CECCAE4A5CB7,2,盐城市亭湖区兴城路新洋实验学校离盐城师范,采薇诗经,篪是什么意思,志愿服务具有志愿性、无偿性、公益性、组织
910B255A8E74ACB0AB27C4A01A92282D,2,北京时间,夏浅依,甲醛浓度标准,甜婚袭爱总裁的落魄新
90062D068849922C0FB8506B0D238C41,3,眼睛痒里有水泡是什么原因引起的,醪糟汤的做法,眼睛里有水泡是什么原因,电视墙金色配什么颜色壁纸
E2A066893CAA8B19933DEE1E6C0BB792,3,微微一笑很倾城txt,1972年11月18日农历,青衫落拓小说关系网,黑帝99次宠婚 宝贝别害羞
88B3AC885FD95741233B5C177E0F9330,1,文化词,格林童话圣母的孩子,格林童话故事在线听mp3,格林童话作者英文简介
D35AA438B62C02E8B112712595590212,3,美少女战士,不无遗憾,qq音乐钟无艳,iphonese不支持4g吗
A78480CE0952E6B76084325E12EC98B6,3,陈永苗,姚启圣,面膜几天敷一次最好,无锡钱穆故居门票
C0F0B1196DB7FDCB648389923B9E69F8,1,胸不平何以平天下下一句,时崎狂三情人节篇,杨长路南充一中好吗,logo 是交叉的线条的品牌鞋
D182CBDC0DE6B5F74DEBB6B55AFCA2D3,1,台州学院有寄快递的地方么,心理测试表,轻生的单词,瓯北镇第七小学
2A3490952106418B5B565C9C48CE5EC5,1,节奏大师试玩游戏,邪恶漫画之可知子绅士,雷雨故事梗概,医妃万万岁免费阅读全文
7DDE5DC1F94C928F89AC8E83100CD82E,3,釜山行简介,士多啤梨布丁,中级经济师考试科目,收藏的微博怎么看
4DB140E8ABA147E9E0AC09C25BFAD286,2,异地转账,上海地铁卡能打的嘛,茅盾小说的代表作是什么,食为神探
2A5D0EAA37172F0BD18928CB49321604,2,航班管家有红包吗,网易彩票红包,iphone6升级ios9.3.5,migo保温杯质量怎么样
D6952AEFC5383100BCD47F749091BA25,2,鞍山鸭蛋,仔鹅的价格,大乐透,南方全站仪使用说明书
FBAD9A2A1B2415BD7EE898EE19B55908,2,台式电脑,组装电脑吧 百度贴吧,天香修行导师在哪,组装电脑
6E57AABB64CD81085B0CEB14B71FC6C3,2,手机诛仙青云技能加点,考驾照,怎么注册谷歌账号,惠普compaq516
60089BFFDF395306BD7C488D9C9DDE7E,5,甘草怎么泡水,奶粉和米粉可以一起冲吗,奶粉哪个牌子好又安全,意可贴
744EF9EEC9990A54C3921B9CD8F6B821,2,戚薇,长痘痘可以吃猕猴桃吗,哪个软件可以卖二手货,党对社会主义建设道路的初步探索
CEF88B9D98F88D8947AF5AF0ED08A391,4,qq5笔怎么输,德州到宜昌的火车,宜昌火车票,阳光不燥微风正好麦词
37A3124ACD044ED7D99CFBCF076DFB43,4,江油戴斯大酒店自助餐,曹璐整容,月经期能吃醪糟吗,张根硕演过的电视剧
CCB1ABB393ED6BE3BE20B45D40E86429,2,内科护理范围及内容,网络兼职,海藻面膜,宝石鉴定与加工专业这专业怎样
0FCB2A2893D5260642DD14B0CB984F89,2,办银行卡需要什么,单项好友吧,avtt5,办银行卡取钱
A7503091DBB31D6D0650B6B8B24F75AC,2,"乡村爱情共几部,叫什么名字",烧开的牛奶能放多久,新疆会计从业资格考试要求,装修房子的技巧
54501DB6C9F0CBFFBA6440624773F302,1,g妖精,诸行无常一切皆苦,缥缈峰,三星a3指南针在哪
6DBE8D1EEA9106301B8FF2234DD23198,1,免费vpn账号安卓,兰博基尼,男生短发板寸发型图片,耳机收纳盒怎么用图片
85E2BB8D77DA0C1C38DE75FAF0120408,1,上饶金秋助学怎么申请,什么样的发型适合戴玉簪,地球上最后一个人,手表有雾气怎么办
9D830575FDF71201A9C9509D48A2E4C9,1,济公活佛,海贼王内衣,蓝牙耳机的耳帽怎么戴,尼桑骐达音响时间
D411FEB95486E9BE22A21DA31143C895,2,梦见扎针灸疼哭,kfc薯条热量,奔驰自身什么音响,蜈蚣辫
1AFD5ACEDE6ED188C6EAA43FBB855406,2,手机应该在哪里申请淘宝,适合方脸的短发,相宜本草被曝光了,安卓市场
1D554DA7E19EB639BE6EA4E033DD6513,2,大白菜重装系统后开不了机,一般怀孕多久生孩子,央企和国企的区别,阿里巴巴股票市值
74C1C307BA2AC1E0AD153F0A9D59CCA2,2,免费小说,一起阅读,安妮符文天赋s6,cf
ADA6806123E7F348A2E56B89BC5FB616,2,酌古斟今,梁开头的成语,"短语说说7,个字8",qq里的新表情在哪里
2007E8955FC94A1060726424C2AD7A25,4,宜昌英杰学校,90年女排世锦赛,音箱,高峰个人资料
590D972D05FC8ECE7838958A8AC182CB,2,2016年国考时间,教育建筑主体要求,戴尔笔记本售后服务网点查询,木模
11262F20FD97364E46FEE5ACA6CB7580,1,霉菌一般用药几个疗程,2016全国五百强企业,白带从豆腐渣变成胧性白带,晚上能吃苹果吗
4DF52CA6E1FDC87381CC0156C3028E0E,3,方便ko播求,唐磊的全部歌曲,用武之地,氩弧焊机多少钱
078D3CC24476FF7578AF1E17FAC12138,1,橡木实木地板价格,橡木实木地板的优缺点,最好的床垫是那种,短发
A694AAFBF1598562570F525CC90FC15A,1,qq头像,谢春燕广场舞古筝,美久小苹果广场舞教学,宋欣佳怡
B20FA8FED0F0F126924DEE3D163E1813,1,如何简洁自我介绍搞笑,dj是什么的缩写,4寸手机,对我有意思的妹子发早如何回答
569867C63BAC3EA5E7CDC24A6C5BEE80,4,黑鱼,野生黑鱼图片,香蕉的功效与作用,宜阳网
4DDE6B8E427F11514299E8D6B7FC4F89,1,水星路由器基本网络参数填什么,支付宝为什么添加不了银行卡,营业厅是否卖话费卡,合金装备雷电台词
0B21010058B120C45DC7A74AC6848711,3,百度,卜留克,科目三,zealer中国
E93932F3E6CF3D50ADCB187A91C00487,3,泰安,抗原提成细胞,网织红细胞数目,肾上腺危象发生机制
2379B2B926702A3675F28AE933E32B83,2,毕业合影留念,赵薇多大年龄,张蓝艺,陈翔六点半演员表
43A0EB3165E53C037A0B93D1D2873252,1,怎么改vivo锁屏昵称,if you mp3下载,掘墓者重做皮肤,电脑壁纸
9F790CF9F459C8E3AFE385E5C22D87E7,2,中国目前的外汇储备,成都,城市,抑郁症
DC75A99FDE4C8926B2C037B3306A4BEC,1,虮,农民起义都是士族,广佛线地铁线路图,潮汕人喜欢喝茶
621C6B030A293915066F41848D2B0E35,1,在微信上面怎么才能看到自己的微信号,郑爽杨洋在一起了吗,"在qq浏览器上,怎么复制文章",王俊凯生日
CDD5087293CD06F07A9228F21592021A,1,二十六个英文字分五类书写该怎样写,什么字贴可以反复写,pet,大大落落的读音
42F0E1375D04BF79B648D4049B3E49F9,2,浙江卫视app叫什么,世纪永恒:戒转职,qq群魅力勋章怎么点亮,朴翔把悲伤留给自己
199548A574051ED184BFDC9AC6B7A0DF,4,人民检察官,犀羊角的功效,excel,表格软件
AB35E2B02DE57740CA23B80C7A6EA79A,2,库里投篮准还是汤普森,黑莓手机产品图,星巴克月饼礼盒多少钱,华硕asus chromebook flip
CA2F237E1E14B6EEFB36B776E05B55A6,2,山东烟台,民谣歌手 xzq是谁,微微一笑很倾城txt,识图软件
6F26875367B282EA04757527D215E76D,1,选择什么卫生巾好,男头吧,就晚上不吃饭能减肥吗,绝世太子妃
451AED5EA27B3196DCB857D429AF9EE3,1,企业的保密协议,企业怎样制定销售网络,环保公司的竞争对手,绿墙公司的知识产权
01F4FA93F9685293B1FD2077EFA322D5,2,飞机行李托运价格,带量食谱,蝴蝶剪纸步骤,免费托运行李可以托运两件吗
27B410C1EF860B000A548CEDBCF59CDD,1,三进三成电影,多少岁可以买基金,手机网页游戏,恋袜女王的后宫丝奴在线阅读
B0FD39727BD61C99594320D421080845,1,道法无常,好看的电影推荐2016,主播aj玩游戏的一首歌开头女的唱的中间高潮,天涯明月刀大还是剑灵大
286EF2DE4494D9467F7C4C5CF7A396C9,2,热血江湖西式婚纱,主机接线图,心灵砒霜,徐州3路公交车路线
9C32F171DC40855B6A4C31433A1A7792,2,迪龙游戏手柄,北京北五环坍塌,手机字体大小怎么调,抑郁症
038D4C707C5944F95B8F4D3B6ED23328,3,集安火盆一条街,贤妻有毒,2016年吉林省公务员考试报名,桃红又是一年春书包网
34F4904B1907ADD44A9F8755AECBC33E,1,蜕变成怎样的女孩,childhood,huggend,ignore
39F152860B99A4F1C702B8DB89B671AF,1,收件人不详影评,第二次办港澳通行证用不用填表,网络文员,18元移动套餐
D559CC8E701209261CBD77F55FD104FC,2,错误629连接被远程计算机终止,阴阳师网易官网,急性肠胃炎,胃抽续怎么办
D0BDF335E870EF7FFAC313C74D0800F1,1,多玩游戏盒子电脑版怎么打开悬浮窗,ah·64武装直升机,gta5绑架女孩,我的世界有大树那个版本
B9EAC86929F16E1CAE0D7D88269E1903,0,太平洋电脑网,歌德sr80e爱丽丝m1,如何取名字猴宝宝,诗经取名
D9029B9E8E04E169BEBF96289D1D6B5A,2,喝了白酒的人能跟新生儿说话么,云朵图片,煮熟的鸡蛋清发黄,小米2s
AC8F2DB820C910051349C6ED8E777E05,1,爵蝎官网,圣安地列斯秘籍,黑曜石佩戴禁忌,机械键盘声音视频
CB07FA40D43050E0344FA5F99D94AB17,3,像蛾子一样的飞虫,拔血罐视频教程,为什么刺血会往外冒血泡泡,手掌上有小疙瘩
D712E03C066460DF338906EEA89A4D7E,2,笔译三级报名完成后需要现场审核吗,长颈鹿视频播放,中国矿业大学研究生院,退票退现金
D0CBFE92B1598BAFAFE1CD18174855B7,2,欲成欢,99宿舍,手机屏幕出现竖条纹,美人宜修北倾
B49D29FD386F75B0F2024DF0FA81E5D7,1,宿舍神器,嘉行天下影视文化有限公司,常德的邮政编码是多少,http://
E95CEB599A1CD9D5F42DA6E74A3C95AF,4,湖州,华为mate9什么时候上市,sony a6000,神州专车
A5318B05F8FAD9B91146B9B58C1EFA29,3,怎么喝酒不醉的小技巧,华为手机售后维修点,白血病有遗传的吗,邂逅一场爱情
45E8646B75A9AEB374961271ADACAF52,4,梦见鱼抓我,幼儿游戏大全,首字是什么结构的字,南艺新生颜值爆表
F0B8A6F57AE368948EB9F4A4C3A00447,1,申通快递单号查询,大学学分绩点怎么算,bilibili,汉中石门栈道风景区
51FF3C3AD0A7237632599AA3ECCB2954,2,带culate的单词,大号时出血,魅族光圈一直自己秒退,程度日语怎么说
1400997D037039BA95B13681A601F8F1,1,"小心将水,食用油",傻根进城什么时候更新,大众菠萝2015款报价,长安福特新福克斯三厢
254273906A6512EDA6647BDD87688BBF,3,mop澳门币,文祥图片,微信评论怎么@其他人,江宁万达地铁哪一站
B8FE23433C1AE67CF69AFB67D502D64C,2,2016女大枪异界套选择,dnf忍者异界套选择,五味子价格2016,dnf魔皇2016异界套选择
285E83B42271BAB75639CDB42EAF32FA,3,百度,电视背景墙,基金账户换号码了怎么办,衣柜内部合理设计图
76EBEB3AF31E451BF7CC48C79B0E9EE0,1,tommy hilfiger钱包,百度,多啦a梦新大雄与日本诞生,上海中学
1479EB47BD5D2561159FF168421B0C81,1,牙周病,银行卡弯了还能用吗,沃尔玛,独立显卡和集成显卡的区别
1895D4AC4400DD575934BBFB3148E88B,1,都市多女主小说,长春到济南飞机票,金华市到东营的快递,八哥电影
95B73A8B19795CA9FBAB4D35D8C5AEB6,2,冷笑话大全,留黄鼻涕,任意依恋一共几集,黎明杀机
6D793259FCC5E36DAD227E58090F82FB,2,死亡邮件,租本田锋范多少钱一天,舟山王家大院餐饮入职表格,l15a7发动机和jl478qee哪个好
E7E53E9E297637619E5B3D7B95A325EF,1,如何更改路由器密码,移动宽带如何升级,模特造型图片,电脑处理器
BB6D1C4558473791360FC32D197F46E7,1,华硕笔记本怎么放碟片,为什么钢化膜比屏幕小,手机怎么连接tcl电电视,建设银行
B33219D116CE5669B915E5BBCA52248F,3,大金刚阴皮图片,玉容撕拉面膜需要洗脸吗,overnight vitalizing mask,iphone6后盖膜
5B507F1C1120343D368040BB1BDB210C,2,聚美怎么和别人凑团,李斯特理论的生产力,经济增长理论,最早提出内部人控制理论
D1D1DA89D02CB8C67E9AA3C687FD9020,1,弯距的单位,水准测量时为什么要求前后视距相等,吃泡面会发胖吗,影武者
452877CC5E4D6A7BD546B53363EAC87A,4,中国十大名花,变色玫瑰,茶花,李陆雨
18352EB8EF4E4D7D337739C9FCCAD88E,1,吴秀波,杨洋图片微微一笑很倾城,化妆品吃进肚子里会怎么样,笔记本电脑开机黑屏
22209727B1C87DD4183C9A8A433AE238,3,怎么查询手机号码实名制,灰姑娘与四名骑士,个人所得税怎么算,oppor7换个屏多少钱
11E7508C096DA28C7485EA4612A398DE,2,权少先婚后爱下半部,杨洋真正女朋友,李敏镐,八岁帝女重生凤霸天下
C4C63273D1EE15638E8B3A1A7DC0BB38,1,乔任梁什么时候死的,端脑基友图,fabia,因为爱着你时时刻刻想着你
9500053C1CC2A3AB4F188C35782FC7E8,2,云南乐居房地产开发有限公司,毕福剑为什么被停职,魔兽世界7.0前夕惩戒骑怎么样,7.0魔兽世界强势职业
CB9B4D6D8260F9B8A8BD0B84B9B19D35,3,中秋放假通知范文,咸阳是哪个省的,天天坚持用芦荟胶有什么作用,香姑红枣排骨汤
E9CF0D2C16B1EC3006A5FD0764A3739A,1,一叶子面膜怎么样,军训自我鉴定,雪莉,职务与职称的区别
5ADE4FB8C61E90EE629EC1B64F6276CC,2,哪个神兽恨天低,中国移动,世界大战几次,痘印怎么消除小妙招
8B046F546C36E5CF527A6FB45F6E81E5,2,杨幂h小说,盐水洗鼻的正确方法,鬼父百度云,qq空间集资
000FE4EF3D18CA2435A14311FFF3204F,1,会计应用文写作,秦时明月之君临天下,背头烫发图片,普华永道招聘条件
369976EC3EFC3DF401BA95CCA2E951A5,2,世上只有妈妈好,建行卡有小额管理费没,血滴子,淘宝快递
EB438D437D0F2D6CCF0C4007AA3298CD,1,银行初始密码是一样的么,郝邵文,我是一碗红烧肉 微盘,宠妻至上晚七七
0D418BCD5F5E6FA06B0314C7B278B5AF,3,咽喉炎,麦吉丽素颜三部曲价格,2016齐肩发型图片,眼膜什么牌子好
5DD39B18F6EEAB454D5014E9B2D2149F,2,网络作家死亡,抄袭小说可以在网站上架吗,千手,大话茂名
21498A6BEEBE7A2603F185AAA6D28AD3,1,水光针涂抹式,龙王传说,水乳控油女士,madder游戏
DD3422E52A446052BCBB2C5B1147F3B8,3,改哺乳衣,婴儿额头越长越突出,四十天宝宝妈咪爱的用量,17770507868
EC9488A12EB7F6C93DB74C17676CF81A,0,陈玛雅简历,白冰图片,赵蕊蕊,文清图片
51CB915DAB6989A2338060F89C840F1A,2,包头新闻网,韭菜花怎么做,女性雄激素过高怎么调理,什么食物消炎效果好
FF2F936243F13828EEF5E1CD939A1DC0,1,三项ez出魔宗吗,挨西拉亚,天堂2手游礼包,非人类基因统合体
B6D6C73340169D04D01A893DDDAC750E,1,广汉永辉那个火锅店叫什么名字,vivo怎么关闭触屏小圆点,vivov3,大学生人生规划目标
43B1D6F7E5444B6B8923AE1B597197CE,3,巨细胞感染,韩国上校是什么级别,天龙畅易阁官网,二月红怎么死的
96B42410CF8042E0F162731E6962136A,3,暗影骑士笔记本,平凡冰爽原浆红葡萄酒,10转25股派3.5元,林洋能源分红日期
47F70FF5CBDE4E671F73C1F13EBBB880,1,缺钱,痣相图解大全男,http://,气温
9CF1BB1BF5BFF9BFD6F6C83E679CB460,5,星动亚周第三季,中国星跳跃,师大教务管理系统,洛克爱拍第一视频站
20A536B1BA3AB00DE3AE7D977341EDAF,1,诛仙青云志的小七,寒暄的意思,面膜脸,微信
1ADC56DDD0A8C8E79694D371200707CC,2,微信没有被拉黑怎么还是显示被拉黑,刘嘉玲,赵雅芝个人资料,神经病英文怎么写
AAB7CE2DC899E38762390808577F338E,1,兰博基尼,古惑仔:江湖新秩序,奇瑞,申奥
F8F9EEFBA86C909E65E119D48F8C8D7F,1,俞建华牙科,佛伦斯营业时间,倡议书抬头g20,浙江财经大学教务处
F5B2EC16EE31F793EED3F75BE84E26C4,2,怎么样能让发黄的鞋边变白,验孕棒多久能测出来怀孕,qqhrit,雅音雨江
C836E6FB52BA5EA5E3C172091F162036,1,本拉登视频,非法携带毒品罪,世界上最好的笔记本电脑,202
3317C355276116E5255E4C35E1758301,1,逻辑思维能力不强对学习计算机有大的影响吗,五笔字根表,cosa60度等多少,计算机 笔记本电脑
9BC236B4E751CD787B153B65E52E28FC,1,蓝月亮,百度,米虫,水彩调色盒
05551A179E636B53533A768B343A9200,1,全息影像,怎样,solidworks工程图标注尺寸,qq头像
978B9AD081894E1D182297B8FC2BD329,1,别弄丢一个对你好的人,濮阳到深圳车时间表,爱一个人的句子,女汉子真爱公式
6FD0E6F55E879CB1523A6819CAED0A1E,1,红尘情歌简谱,360云盘,西安交通工程学院贴吧,凤姐
567E3ED5BF2AF708BFAD7790030220B0,2,北京时间,微信,2016中国企业500强,广州怎么去茂名
EFC0C421E9DFC9546CF68C011881EDB1,2,开心消消乐846攻略,猪肚,中大教务系统,何超雄
323AFBF94D91F218004BF130F6027E87,1,绍兴话嘛什么意思,生源地贷款交学费,梦妆怎么样,anessa
98905861F3040B5D274729B5287565E3,1,寒武再临下载,皮蛋表面有黑点,夏天脚发热,孤是哪个朝代
3CEB86F5E88F702390B99E7C50BD95D2,1,oppor9是联发科得处理器,一元夺宝是真的吗,蚂蚁花呗能不能逾期两个月,你曾是我唯一
89474756E81BF9F003C11167BACF7EE3,2,婚姻法 离婚,吉林建院工程建设监理咨询有限公司,欧盟总部在哪,我国工业分布特点
65EA48B1528308131B35FB24FD556BE9,1,临城中心医院舟山,国际邮轮乘务能考教师资格证么,我真是武林高手,顺丰速运
92CA06C045E8E77AF91854722DF8AF98,2,王的男人,巧克力月饼好吃吗,为什么唇角会长痣啊,初恋
54AF7170182826ABF547A25079E83E07,1,微微一笑很倾城电视剧的结局是什么,白羊座男生喜欢一个人的表现,短发头像女,中长发头像女生
59FABF4F5A23A84DBA6275AC293A9068,1,枸杞叶鸡蛋汤的做法,吉他自学三月通,失眠多梦怎么调理,香蕉的功效与作用
D9B7697DEC6FD0BF2656CFE9789541E9,3,梦见大螃蟹是什么意思,屋里有星味,梦见厕所里有屎和虫子,休闲鞋厂家
97FE87887CD94FD3BC7184983F7B3C09,1,魏晨,盛夏的果实,柯震东身价,非诚勿扰马宁宁照片
774C17549A99381454B9ED3FF4828D9A,4,白片疯皮肤是怎样的,自制地笼,乘法口诀儿歌,乘法口诀游戏
07106544826ED261EF26D6B38A493303,3,马油乳液怎么做,海南省乐东县属于哪个市,孕妇梦见吃葵花籽,富氢水
2B27C6A2C7388221B7A27C5911690749,1,移动的宽带用电信的路由器怎么进入移动的登,开学考试没过怎么办,微信能往别人银行卡转账吗,做微商的步骤
168ADB3388FC9C818E5E63DC5812FC09,5,票房分折,奥运会羽毛球几块金牌,新浪,奥运会羽毛球女单铜牌
F8C9FFC0BB701ED58BBF48B6E4E31264,4,糯米粉淘宝,跑步鞋什么牌子好,四年级上册加减口算题卡,四年级上册加减简便运算口算题卡
9DFDA574E7C9629F70EE0A60C7DCA570,1,盐城出租车起步价多少公里,20岁还长牙,金立手机耳机设置,成绩单汇总
41B23BAD0EFB0FCF45A25A7712B449B6,2,张艺兴是快男吗,自制葡萄酒的危害,杰波朗,骆驼牌香烟
DE9ACF1894AF7B04C1F295151F01E99C,2,辐射4传奇护甲代码,狼人新手任务,辐射4义勇军任务,文明5美丽新世界攻略
B6184DAB4706FA07A49CC4AF50358CF6,2,马油功效和作用,卧室地砖铺贴效果图,我的危险妻子剧情介绍,101-102 1挪动一数字使等式成立
127FCCB16B56BECC237980A2A2152340,1,中医五行近视眼,木憋子,高速西安到凤翔的车最后一班几点,乙状结肠疼是怎么了
B1C7DD17376DCDAB322E95F28DEAD737,3,血糖高能吃青枣子吗,血府逐瘀片,大脑缺氧怎么办,饭后多久可以运动
8BCCA324EA3ED1BD02D77FD6340A58FD,2,妇科病,普罗旺斯,验孕棒多久能测出来怀孕,邓超谈王宝强
B3FE3758FBA90D4B1CA39D5F55BA0BBA,1,闲鱼,果粉查询苹果序列号,沂源房价,昌河q25
2F43028757A423E032E4E39673764FEA,2,富安娜,大学六级多少分过,白带可以怎么检查,怎么查看扇贝听力的笔记
F54D52B88552CA02ECB501D573A0794A,2,一叶子面膜怎么样,贝贝母婴网官网,粉橙色毛呢大衣搭配,击弦
954DBE8305BA6760DB67CDDB3E4702ED,2,免费小说,俯视的近义词,女生头像唯美,生字是什么结构
CBF2C568FB734EE7BE2F6804C9BE1C20,4,诛仙手游哪个最省钱,至尊狂妃废材娘亲要逆天,发输电工程师,百度
F617C1CA22803678A848BE748643FE79,2,大学驾照加学分吗,小鲜肉,古筝和琴的区别,一个人有多少根头发
3F5DF27BFE704646C40E70878EFF51CC,1,像素地牢mod,阿修罗异界套装选择,腾讯微博,运动过度胸口疼怎么办
9E6F57FD2A2CB42F0BC41A17560FCF13,4,复合乳酸菌胶囊,月子期间注意事项,病理性黄疸,药用的益生菌品牌
BE6DAE1AE1B2EF8FD719D278CA5C79A2,1,素质拓展训练,杀生是否折命,研究生报名条件,为什么手机来电屏不亮
0D7D265640AEB90333E21611A305A901,1,齐肩发怎么扎好看,自然的力量,戴尔笔记本金属拉丝外壳,中长发
C7885781117AAC31D504DFA906D2A1BB,1,青春盛宴2,学校会举办讲座英文,淮南子简介,美少女死神还我h魂
1C24478FCA6AECE9FB6EA7945FAA726B,2,梦幻西游云游道人,梦幻西游烹饪和炼药哪个赚钱,梦幻西游仙玉有什么用,火车票预定
9092285E332E7938099614D66ECB8A10,1,ssd是什么意思,960m,秋色之空在线观看ova,里番百度云
9A7E7C1355E8AB0F9F5DE23447BD1682,2,鲁迅不同意胡适的西游记游戏说,我的奇妙男友番外,放心一词语出,比度克
A2B04BA4F89105E9DE20C270AAA08EF2,5,空间说说为什么不显示,怎么清洗手机壳,方朵写的文章,哪个app可以缓存超人回来卡
89218890AA52EA6732804EA14D9F41F6,2,紫光电子平板电脑怎么样,不说再见杜银玲,苹果4一打开马上黑屏,中国范儿 玖月奇迹
2CE504CCEC73B3D130B6889CC3705D69,4,百度,solaris,格瓦拉退票,stringbuilder
1B8C9E4AF3372A8112AC3534AB5503E3,1,红山公园游玩的作文,灰姑娘与四名骑士歌曲,紫色的海洋,健康的说说心情短语
D6125BA85886E3CEE49F4F0CD4DBAA2A,1,淮安补习教育培训机构口碑哪家好,丝瓜发苦能不能吃,世界地图高清版大图,悉尼歌剧院
E8452E5E8DF017EF2D47F8421EE31045,1,天气体育刘康,熊出没93,人民检察官,张铁林
9ADF4223FE7D5175EE0512BC1A9ADB52,2,三相四线有功电表怎么看度数,嘉庚金教电子,给过中差评系统会自动取消订单么,厦大校园卡消费记录
64E0BE0DFD6845F6486780590AE61551,2,帅哥头像,公共营养师就业前景,悄悄是别离的笙箫沉默是今晚的,能否别把灯打开什么歌
F616064FAF4EB5F9168327AA629E9993,1,dnf85级二觉鬼泣加点,撸搏虎,2016dnf国庆套,dnf需要什么笔记本电脑配置
9743AF7FB46336FD8F9A3118B769F4AA,1,兵役法,2016足球世界杯亚洲预选赛视频,异地存款,青葱metal
7DB1F2873F5A04E1CCE705C84CDFBC64,1,骇客神条8g,安装内存条阻力大,右胸口疼是怎么回事,右心疼是怎么回事
11305A88A28F37B41510F752D86005D9,1,lol5周年庆典活动,qq网咯用语,终极使命电视剧全集,cp是什么意思
642DFDE68354FF2B4B812D72880A2354,1,岳云鹏搞笑图片,个性头像2016最新版,呵呵,空间说说彩色字体
5A36DDF249CEF1664A545C8794C65859,0,疼吗疼为什么不放手图片,海威特,三菱编码器,威纶触摸屏编程软件与三菱plc通讯
BC1259DFE9F38902EA87A0A54CDFF855,1,哪里还有荣耀6,襄阳旅游攻略,中国动画基地,为什么要吸引投资
ECC1B8AD88C1807CCC2FAEDADF4968BB,1,分组名称,小松菜,nikon d7000按键说明,单反租一天多少钱
0A236252DAB5252071E8A7B7FB032417,3,卡萨布兰卡图片,校花的贴身狂少,魅族usb接口接触不良,银川到额济纳旗多少公里
4FDAB4B860D219D6983C1A030DA45459,1,qq头像,怎么恢复在追书神器里缓存的小说啊,校花的贴身高手2下载,玲珑网游加速器手机版
B574B4417D2DC92B9BAC077E8702FBC0,2,任性的英语,年轻的英语单词,中式婚礼图片,当然的英语单词
DD767382FBFA4B66A3F27100E50736B1,2,黄淮学院,陈百强,河南省地图全图,百度手机卫士
7885FD10E1F0FB7155843E358FA71637,3,戴尔e2016hvf监视器,毒大米,石榴的功效与作用,电信山东微信号
FA88824EEF00B816F8C1FF21A45B0BBF,2,荷花竹的养殖方法和注意事项,台式电脑的无线网络开关在哪,17k小说网的稿费,精油的功效与用法
29F48325DF261C6C06692D3197187495,1,李亚男吻戏,格拉迪尼,西安事变,三上悠亚图解
AF5AAC0E4D1FBC04F18D4CAFEF865AE7,2,并利蹄足,酸菜鱼的做法,"为什么我在启用标题轨上加了字幕,播放时却?鹦鹉晒月",百度
61857CC823947DC7B64C6E9A6078E86E,4,染色体是检查什么,白酒发黄,鲁山赵村乡有没有山,自制金属探测仪
2C3ADE3EFCD2B16241717B0E569524C4,2,河南科技大学嘉园宿舍,林星辰 江念雨,长安骑的自行车,河南科技大学有外教吗1001无标题
36DBC8D1DFBAEA0EC83E36AEA294A142,2,无锡地铁2号线全程多长时间,余罪第二季,游戏i wannt出了页面不动了,西安414路公交车路线
0B64D1E96FD93811563415CFE925F543,4,范冰冰抽烟吗,良乡招聘双休,小麦简笔画图片,北京公房出租整治
358B1E6CB88996E18AFC72D678BAFBA6,1,重庆汽车站,酷睿i54210m,湖南农业大学几本,重庆将军医院
6F86EC654B407EDBB4236B865FE9AF4B,5,上海名小吃 包,一句顶一万句,保卫萝卜挑战34攻略,张嘉倪
CCCCF66E6AF10EAC3230F4B57BB0AF10,1,dnf邪恶动态图片大全,dnf女魔法h邪恶漫画,赤心之启示套装适合审判流吗,赤心之启示套装加点
F60CA4BAFC3FC4E40BBBD0F1FD7875DA,2,经开万达停车场能停货车么,超级兔子有什么用,超极本,重装c盘之后cf加入游戏就卡死了
0908DE801DCB6BE609E9F2D5A6E4245E,1,牛排的肉是牛身上的哪里,华为各系列手机区别,华为荣耀6吧,华为手机哪一款最好
E4D263DAEEC4123682E39CD31EB9ED27,1,激光治疗近视,隐形眼镜破了还能带,夏季衣服搭配图片女,中通快递单号查询
4CF0B07FB248E02192B60E895E09F1C2,2,泰国m眼线液笔,安顺最大的花鸟市场在哪里,洁具卫浴10大品牌,美人渡君
E91FC90758610F933AA78FC7AF9430B2,1,gtx880m什么级别显卡,联想c560allinone,暗影精灵2gtx965玩守望先锋,cf
5E29E3199E5638EC9E35ABEE2777BF08,2,织田信长,心悦会员,房车之家,"去日本办证,一般可以办多久的"
168AE02E0EEBFD7E13994965C3DFC08F,4,登的部首,描写大公鸡外形的句子,期末家长寄语一年级,纷组词
BEECC66B576D0E9647EF25633A82F200,1,夏楠,龙王传说,武媚娘传奇,明朝开国功臣的下场
01B6D17E2587C01AB2E90F3873D61BB4,3,应急车道超车怎么处罚,郭沫若无耻文人,有首歌歌词say goodbye,430981198501246919
56DC76B27799ECEF72D3917309BEB05B,1,卡特 lol,活着,9.10英雄联盟 战斗之夜,清晨的校园
2403DB7ECC40A7F40728EBCA5CD2DF5E,1,微商的产品可靠吗,江苏大学,非主流女生头像,玫瑰图片
99848D29B6769392BA0B26A4AB8727DD,1,笔记本怎么连接wifi,工口少女漫画大全,4字网名,头皮痒怎么回事
D563FF0FFE32C129DB47F61D266953B7,4,吏努比洗发水好吗,马齿苋的做法,孕妇可以去庙里吗,猴年男宝宝名字大全2016
60AF783591F8B4A6B1ACB4C5152ADDF6,3,闭路电视线怎么接,有线电视同轴电缆接法,便利店加盟多少钱,六间房
BBA4813345FE3FEB2FFD570DDEC80859,5,蒙恬简介,免费小说,蜂蜜蛋清面膜怎么做,黑枸杞的功效与作用
3A8B95C2BC17F37167E31776176EEDD3,1,四川联通流量,达维安爵士,初见夜未央再见天已明,好用的笔记本电脑推荐
5BD82E430EBC2A58B4D72FB29CF5C886,3,魏宏,中国股市一场不寒而票的惊天阴谋,性价比最高的车,啤酒加可乐我喝出了香蕉味
C8CF6ABB0B378BF4B3869B4AC4F6F0B9,2,市长你先睡,多囊卵巢综合症怀孕率,嗜宠-夜王狂妃,笔记本电脑排行榜2016前十名
34D33EE2B6F5BAF012BDFDEF259FA3BD,2,近视眼怎么恢复视力,日本lulu面膜,每天倒立几分钟最好,赤小豆和红小豆的区别
4453DB35AAAC0EEE65B074BD9FD6BC6C,2,刘嘉玲,美图秀秀里面证件照在哪里,脸上有的的痘痘痒是怎么回事,王者荣耀kda是什么意思
7C5C76DA3AA1C0E5BA39A62E4F431B7F,2,买房子需要注意的问题,翠色田园,外国人看微微一笑,屁股硬疙瘩红霉素
E8D569BE953C6F421C9C2B2AA29E0FA2,3,丹参针多少钱,中国移动,静点的中药有哪些,人体白蛋白作用
D7017BCB402783487C7C6E6020F08062,3,电视频道直播,6920568400019,美国的明星也很挣钱吗,王福重农民
0222A60CCA349A65288787158F7F2EDB,5,河北旅行社,陈建斌妻子是谁,2016计生半年工作总结,怎样预防子宫内膜息肉复发
1107CAE3EF6000AB3E1D4A0442D8A798,2,每年的六合彩生肖号码不一样吗,南宁公交车司机工资,二十几岁还不结婚怎么办,华硕笔记本电脑x75v
0AD850B9D7AE7ACC757E67F92B98E25E,3,广东诈骗村在哪,顺丰快递电话,雪颜蜂胶亮颜修复面膜,广州聚龙双语学校外地学生转学需要自已去教
FF58D32F4A570045BCFDE89AE643C76E,4,每天晚上吃一个苹果,麻烦图片大全,脾胃不和的症状有哪些,肛门外面有肉球没有便血是怎么回事
E2666CA9BDECA3492C074A61AB0FFF8B,2,14斤快递多少钱,金华一中中考分数线,运动以后头晕怎么办最快最有效,配置windows失败
1B6D5519AAFC7A7541092881D916B8D2,2,为什么孕妇打喷嚏就尿,生完小孩后肚子变黑,网盘里面的视频怎么保存到百度云,胎儿畸形
6E34EECDC578F4ADC4DEAD95704B1611,3,无接触洗车机,中美加大反洗钱合作,路字成语,喝燕麦片有什么好处
96FF00E7E8A9F6D05958949BE959A604,2,红红火火恍恍惚惚什么意思,惠新里,北辰花园潍坊,大禹公馆
E9E1BA9189F9C7D9F1C9C48693B891E8,2,二爷和谁在一起了,西安什么街舞好,购车税什么时候取消,kidsone儿童主题乐园
A933D83123B452DF6B81618F9973F1A4,1,闪亮的爸爸第一季,旋风腿法,韩国奔跑吧兄弟,麻辣变形计演员表
D46FD6B525705D6C57FD7C700DEFEFCB,1,阴模,比较好的咖啡品牌,bt天堂,锻炼完肘部关节火辣辣的
8C0F572EA3FBB6B766FE69164602F4E1,2,属羊的和什么属相最配,傻白甜是什么意思,佟丽娅老公,萨瓦迪卡是什么意思
97AA4470AEA950D50BED1229EF3F2501,2,手机迅雷,highschool动漫第一季,简单的吉他乐谱,吉他乐谱大全
412360157A300888BAAB03F56B31274A,3,长城宽带客服,眦怎么读,钢刀,王宝强新片遭抵制
62D5E07305CFDBE54805A45CDA122BB3,1,常州火车票,刘嘉玲,吴秀波,健康手环
083A3484FBB560D4AB870BA8F9934F5B,1,丰乳,尤果网美女排名,ip版权,开天辟地之大地的裂变
9CE8B6E11A7AA5B87BB1A18B1765EF05,1,不管看起来和其他物质多么不同 汉译英,办公室旖旎上,总裁啃咬小花核,催眠校花绮绮全文阅读
A4F1178170A9E72800A77C1C332DF9B7,2,你能告诉我关于加利福尼亚的生活和文化英语,conmunicate,completely是什么意思,亦博气垫
DC550E8D4EDDAB84D162C3BE7EA3504E,1,仙语仙缘,战争与命令兵种,参数方程化为曲线方程,近代史题库
C57F9FBFE3FA0EA90C3FE319E4995448,1,新华世纪影城,蔡少芬,黄永玉,青城山下白素贞
F3711827EC92B1BFD238F206D7CAE539,3,淋巴结肿大会引起牙龈出血吗,单县到永城多少公里,苏泊尔咖啡机怎么用,菏泽西关医院
B06EB7A5B7A43125E7DA86DB3803EB3A,2,bandicoot是什么档次,黄联土林,党课ppt大全,亖
C7AFB36543B3A952D98D7C49A29384E5,1,光辉岁月中文版歌词,北京时间,你的背包吉他谱c调,多情的土地歌词
E8F1005E90AEB9310CFBB4307F14AB35,2,菏泽市立医院,a1a2驾驶证,皮下肿,"老人病重,又梦见又出去干活了"
0C0F4AA762DEA627A7539FB44381060E,1,金城武唱海阔天空,天与地,费列罗巧克力价格16粒,乐事罐装薯片
7BF91717065E9413AB32B78FD733E997,2,广州卡丁车俱乐部,顺丰快递电话,三维动画馆,十指紧扣图片唯美
DC5EFCB6E372A90A441C88BFBB96A826,3,第二十二条婚规2,tcl电视开关在哪,潜龙风云,第二十二条婚规2开播
FE54A134F91C91AEA863ACB9A4735229,2,音符是指什么,白色泰迪犬夏天造型,天空城演员表,王今铎
2A6BF32C749CC539D4D89A31E40B7166,2,阿迪锅是哪个厂家产的,宏益床垫,家常茄子的做法,长头发大卷的发型图片
D925144F849AF7FC02D33942316E1D9F,2,雪花女神龙演员表,赵丽颖合作过的男明星,美丽的秘密,兰考受灾
96FF3AF2C88A5CC2DE6B806A255810BD,2,甲地醋酸孕酮片服法,血常规,复方甘草口服溶液,n是什么牌子的鞋
514698BB4C54071630B8924FA42CC31B,3,姚启圣,轻微咖啡色分泌物可以同房吗,果醋的做法,运动后吐痰
1B34171299A2B179E9DE542BA648EE1B,2,女孩的心思,动车,怎么表白,男生飞机头发型款式
12A0C2A2E98EDC5D1D290F5AF0C3993A,4,上海周边 野营,中秋 啤酒节 野营,中秋趣事作文400字,ios10 beta7
D015FCDBACA86AAAC8F2A4345ACF65D9,1,小腿肿了特别疼,什么专业就业前景好,胸口闷呼吸困难是什么原因,心疆
887620EC0D01E269E8A9EE8F6B42AF77,2,牛肉包子孕妇可以吃吗,新长出的头发毛躁卷曲,头发干枯毛躁用什么发膜好,水果都有什么
7021018708FB651D3E0BD79EE0BF499E,2,德杯总决赛,魅蓝3s,丁力,合肥磨店工业园
11BAB133A825D4C3EDB8710200EC9170,2,乐视,泮托拉唑,张歆艺,经颈静脉肝内门体分流术
4B4F1B30F507A2882FAF3E55F373E9FD,1,"云南野生灵芝小三百,大七百一斤,玻卡百五斤",蛇结编法图解,计算机考证题目,十字结
1B9A18C14A20DF9295E3CA96ED076DD2,4,标致4008,冰糖去泡菜水白,写字教学的方法,绿豆粉面膜的危害
7C3D28AEBA8C8F3EEA582B89D701F9DC,2,大连开发区到复州城多远,召唤守舰炮,地下城魔神装备最强搭配,魔法现金上征信么
919ACDB6C984D337BB01AA78084A2E82,1,什么牌子口红好用,泰昊个人资料,像你爸妈那样,世界上最贵的猫
331B700D8F8526BC7C7C75CF9838F36F,2,石家庄市五院主治什么,老九门有没有小说,个性签名88,无人售货店有什么产品
EE1EC0E4320131B85B73FD1AC74977E4,1,郭晶晶,一起写我们的结局番外,用另外一张卡绑定支付宝,衣服标志里有个苹果
4A63487EBBA5A0E6FEA9A8CEE7CCBAA6,3,招商银行信用卡中心,不知今宵是何时的云烟,碧然德水杯,澳洲绵羊油
A83C8E359C3355B9C70A543B0696EF47,2,平安普惠4.0版本安卓版,爱情藏头诗,为什么,国民党将领陈诚
82E37313E6D54876E30051575348AD7B,2,大众朗逸高配多少钱,深圳市诚至软件有限公司怎么样,合八字,九州天空城28集免费
6D95E14B96D8D645C2C93B2006762F8C,1,郝建,iphone7plus,萌迪迪,步步高x7
CDAB5DAFF0C98E2C5A31FF2C63F98E58,2,pvc是什么材料,喝了泳池的水嗓子疼,君之博客,体质
BD2799204CB6E6A21B7A0DE8EA635651,1,逗比头像卡通搞笑,大人发高烧怎么退烧快,读书笔记大全,怎么写读书笔记
02218F8E3615B05A513A318C3D02B1C3,2,南昌理工学院,"湛湛天空,鲜衣怒马",施华蔻shv价格,pu
CCA0784AB9983B224AD89209FB352FAF,5,怎样,华东师范大学提前批,老猫叫声驱鼠mp3,湖南省副省长名单
958185F4F8685DC9B995B267362E8DB4,5,张益宁个人资料,白帆郎平前夫,赵雅芝个人资料,张雅晴
80077752C611F341DE4BE4C4C56D1897,4,脊背疼 肝囊肿,张继科的钱,威海导北京,对影成三人全诗
2CBDB58079C297C26A25D30706A2B6C0,2,异影图形,气球图片,简单图形火焰,华硕555l
17F733EFBCAD09B9EDBBF3C08C5E6EA9,3,电阻炉开门烘,为什么外星人配置低还好,报数最快的方法,手表品牌排行榜
D2C2CBE3A46F6150BEA82B44FCC3A846,1,包皮过长是什么样图片,什么东西可以治藓,破釜沉舟是什么意思,陈奕迅斗战神
9AD58E2675C5572AE8D8475A7F9A487A,1,昆明客车九乡,昆明卖小装载机,劲霸官网,秋雨夜眠
1C2839CA300AC82343EDC9B98B0B9040,3,阴唇外两测有疙瘩跟粉刺一样,外阴尖锐湿疣,徐州到昆山火车票查询,禧玛诺厂工资
BA76519EA5E7A694EC3F4B030BCDF4FA,0,梅毒图片,曹云金再讽郭德纲,降央卓玛结婚了吗,那英
817D0168921E839E2CAE9FF401E9F3D4,2,电锯杀人狂,手相图解大全女,娇花养成记,流年后我还是想起你是什么歌
CF0D4686B8BBE9853E17809E4FBFF2BA,1,萌萌的四字游戏名,求逆矩阵的步骤,白鞋子发黄可以用消毒液吗,微信红包一个红包可以多人领吗
481EE46730FCAAED06CC7F86C9BA0535,2,苹果mac哪个颜色好看,喉咙痛耳朵里面也跟着痛,北方女王歌词含义,商务礼仪
E05D06E6D04CBCADC3D9DB98E671312C,2,cf2016八周年活动,邪恶漫画火影忍者鸣人和红豆,飞段,火影忍者新生代
8E3B4CE72DF22CADC7294686F58C8D76,1,会自由会自由是什么歌,歌词:感动的我把怀疑烧毁,光迁宽带,叶强
FB6291E0C090993B4EECA8810E8BC07D,3,铁的熔点,百度,合金弹头ol的平板电脑,云盘
B9F2CA62CB8508AB3EEE708878D03AC2,2,尤克里里指弹,孔雀蓝裤子搭配,尤克里里右手用几指,手臂
3FEDDE95496403E00A0DAC80D24D6B36,2,圆雕和浮雕的区别,林志颖,建筑史怎么背,小栗旬
96DFA2CF86DEF7BF222F0A54331E4811,2,固体废物污染控制特点,天天向上office二级第15套答案,1000度近视怎么办,酒店预入住时间规则
814692D5A56943E4A1305905C290FB42,1,我的小宝贝,爱尚瞳官网,军训怎么才不晕,感谢恩师的话
C72C49E6DF57CA3AA7D2D856CE396606,3,15天例假不来怎么回事,口袋助理定位破解,验孕棒多久能测出来怀孕,华硕
9E38AB7BDD8E8FD6B30B73A09C1B8840,2,初二的数学知识点,石榴籽能吃吗,人民检察官,社会实践取得成绩
86AC612949FE8A85EBBE9C0B91842AB6,2,取消信用卡,组装电脑,排卵期同房后小腹隐疼,三生三世十里桃花什么时候上映
BFAA40BBCE6C42AAE05E30D4072C37ED,1,十字路口没有让行公交车,有一说一,姜汤,宜宾五粮液38度多少钱一箱
90674F6AC78DEBE530C3D588F041F57B,2,i山西登录帐号,淄博悦高商贸有限公司太原分公司怎么样,太原共生商贸有限公司,李娜的艺术签名
DEBDD59DFE9F99A8C75799131A2B010A,2,两个人一个逆一个好,cookie,微信外卖货到付款怎么付钱,"一个人拿着棍子走在前面,两个人在后面跟着,"
8786776DE3559622E6DBD074D0B89523,1,闲鱼,华硕,邢台铭海,欧米茄星座皮带
5F728C75424F2D240FD644753B2DA654,2,呼市天气预报,痘痘肌适合什么面膜,康婷,乌拉特前旗消防大队
C93F04FA81278F9A2FC223BA54E300CC,0,广东新兴发生地震,最完美的离婚,夫子庙大市场失火,曹云金再讽郭德纲
7CAADD224B9EDECCE9F84E2600D72C2A,4,三星为什么不招回中国,汽车之家2016最新报价,彩色打印机激光的好还是喷墨的好,广州'品牌运动断码清货
163B2253D797FD0F89A6D14C2056D328,2,麟儿是什么意思,傅园慧吃小龙虾的地方在那,韩小点和王冕什么关系,蛆挂钩图片
C93998DCE82CCFEA0083F876E4608CB3,1,飞机燃油是什么油,导航和手机怎么互联,昂科拉,朗行
B198788D02810648C79F7E50E927CE3E,5,导数,高中必修二物理知识点,学物理的手机软件,物理高一必修二知识点
A71C1352C6E0331615D4E0AE0A65FCC5,3,泡宝网收关注涵,佳韵洗发水,艾滋英文,泡宝网收关注函
EE2AECAD4581CB11E2C2137EE28D12A4,2,贤者之爱小说在线阅读,ie浏览器官网,雪花秀与whoo睡眠面膜哪个好,石家庄空中花园好玩吗
CB58CEB4E55C33ED3EFA517BEF3F4239,1,诛仙手游周一仙任务,诛仙手游青云用什么法宝,诛仙手游青云红包任务,铲屎的什么意思
0994F2C24F4F883F61DED5B4FF54642E,2,微微一笑很倾城ko番外,微微一笑很倾城ko和美人师兄番外,逍遥txt,战恋雪
67798A3DD4FDF272A446127BB62A2417,1,西游记之三打白骨精微盘,增加胸肌厚度,西游记之三打白骨精,中秋节放几天假
46F988EBA4D572954BFE73B7FC8AC9F8,4,大小姐歌词,qq头像,123木头人歌词,白天不懂夜的黑
87D68EC83581A2D3F39FA974226A45EF,3,肺部感染,猪肺磷脂,中学生简单扎头发图解,杨幂图片
3B876DC0A23B4788DA7E72F8497CE29D,1,证人粤语迅雷下载,红日通讯,电子存款怎么用,暨南大学宿舍网线怎么接
C1AC18754CD2FAAB736718EE1BC868FA,1,兰博基尼,超碰97在线视频播放,养猪的利润与成本,超碰在线视频97
F5486E0A6351C509E89F91DDD6B9492C,2,amd显卡,羁绊6.4六神装,简报的特点,opfi
388BD420DF133640C5F4D82272F2EDB4,2,风流老师蚂蚁爬树,谜尚的面膜怎么样,风流教师第二部,2345贷款王怎么样
97330A1919FA519B276D472DE3DF42BD,1,道一裤子质量怎样,失眠药,达芙妮女鞋凉拖,夏季女装棉麻连衣裙
27ACCA584936A413746BDC1005E50BDA,3,干呕想吐怎么回事,怎样戒烟,割包皮痛吗,梦见自己父亲打架
026061DF3B207CFB4A0203890AD030C5,2,试婚老公用点力全文免费阅读,国美创始人,准新娘吸毒被抓,战略的定义
A41DBC76CD6A9F965C856B7F7961A40C,2,宏基官网首页,显卡跟内存的关系,建筑面积跟销售面积的的区别,笔记本电脑什么硬件最贵
E046238F6196023F6520E1FC5DE0C390,2,g20峰会有哪些国家,查理兹·塞隆,头文字电影豆瓣,卡梅隆·迪亚兹
EB182623C52717E51116F0762A78E527,1,衬衫胸部小了怎么办,ray面膜真假鉴别,少女射箭部,最近更新的韩剧
E8EB4444FA56AE47B142D8FDFA67AF90,2,手雷下载电影,宋仲基章子怡视频,满仓进城梁小龙,笔记本电脑开机黑屏
477328D9F34550C5995EB8FD1AA30190,2,西司夜市,十九岁可以纠正牙齿嘛,饮水机的水可以放多久,河南省地图高清全图
DA63A4C40D9506DCC206F90D14C8BCDA,3,姚贝娜死亡现场图片,用舒心宝一个星期后的反应,中国好声音纪念姚贝娜,杨洋的女朋友
D5A263DD3710B7B7A3AA37A7953CFB9B,1,彭泽,xieed.cc,语云的语,武器大师皮肤哪个好看
12088A743A998292D96F2FA3B6130C99,3,百雀羚甘油图片,那里有卖小学数学解决问题专项训练,小孩睾丸疝气怎么办,葡萄籽胶囊
8CE687BFD96F12D9978A40A615340ABF,1,南昌高楼顶楼起火,那里有海绵卖,南艺新生颜值爆表,纯天然美白面膜自己做
4F595D4E657D3DE8253FEA1C5194FC3B,2,如何看笔记本多少寸,海王金樽能解酒吗,东莞贵族学校有哪些,蓝牙pin码是什么
883249480B744829238A3F5C01F3DE5A,2,背叛曹格,找一小说女主角叫安洛,boss只婚不爱:天价弃妻,低血压吃什么食物好
CA7AABC60A70A77ACCECA995E48597A4,2,青铜峡五小,四年级体育上册教学计划,happy ending,华为荣耀畅玩5x
63DBB22370FD93912D8642C505175CCC,2,运城有没有星巴克,big fish影评,http://,联想手机zuk z2官网
1CFD78E497AF602CA92E9FD59AFD233B,2,艾灸棒,没有词是一座孤岛,负离子,傅园慧夺冠视频洪荒之力日期
D9A34B8E029C79F2CAB06C66C61E9C96,2,贇怎么读,囡,晏,适合手黑的人做的美甲
7F449903A9AB36F4FB8743AEEE715487,3,37周脐带绕颈一周胎盘成熟度2级,小梅沙,95511是什么电话,怀孕八个月肚子上长小痘痘而已很痒
B32A1138F31A5CBE28B310D2305A80D8,6,花生米怎么煮稀饭,宝宝是过敏体质可以吃螃蟹吗,核桃和什么一起吃有营养,夸奖女孩子漂亮的句子
E0BEC340C9A361F373DC6D649EFCA620,2,自考本科,代理小菲怎么做,广西职业技术学院从南宁东站坐哪辆公交车,王诗龄个人资料 近照
801B3104299C603E8EF9995F9E469E81,2,郁李仁,密封易拉罐,努比亚论坛,黄绪河
5D80E38181AA15D8F00768C10D27FB92,2,郭富城电影,匆匆那年电视剧第一部,苹果id密码忘了怎么办,赌侠1
B39F6782AD7704A1BFEB1373303D6223,4,护肤分几大类,早安励志语录正能量,生活启示录,三草两木祛斑霜多少钱
1DC95835A373146179A09D44B23C00C3,4,鬼步比赛舞曲,黑骑士 老师早上好电视剧,我的天空慕小柒,绅士联盟
3A2C738E424130156E518767BCEC3772,1,肝炎会传染吗,海棠,天秤座男配水瓶座女,戴尔电脑笔记本报价
702A10E3ED72B13BAB50566B71E4749F,1,谢杏芳,箪,百色高中实验班,中通快递改收货地址
B133E86A1E196FFAFAA86AAB85DC8CAC,1,大鸿图,三星a9,从黑龙江大学到花场街,哈尔滨 北京 高铁
BBF79F3EE764B530C4B6D99F5A285B0B,2,吃货星球,香山搬家公司,vr眼镜多少钱,dnf补丁怎么用
A3BEAA2B3C96AB69DD2B0448460A74A5,1,寒战2下载百度云,计算机二级vfp是什么,班委申请书,计算机二级考试内容
6D09D2425DA073B66F4CC75AE2F9D171,2,四级不考可以直接考六级吗,杜绝红尘诱惑考研,南京地铁路线,宁泽涛下面多大
DA9DF66C3CC3EDD54A3DEBB3864444B2,4,讲述空穴下集视频,洛神花茶有减肥功效吗,晚上心慌气短咋回事,减肥粥
7A29906ABC0206039EA6B045128A285A,3,爱格玛纸尿裤怎么样,多芬洗香皂的优缺点,腿膝盖弯曲疼痛,小细胞肺癌化疗方案
F800CFA85ED5A09F9BE94774F46BDC3C,2,秋葵可以生吃么,左手食指有疤,徐娇,食指比无名指长代表什么
2450BD3BF59CF8F00206946014D321F4,1,lol瑞文跳墙技巧视频,张芸京资料,你爱我吗 的套路,2016dnf气功师加点
D022BAE4B80B7DB09388276CDE8822DF,1,张静,山村老尸,小苹果桐乡卫校,讲课视频
55101B2322EAD596698DE4EFF658492D,2,兰州第一人民医院,雁滩骨科医院,锦绣缘华丽冒险,过程装备与控制工程的专业方向是
0B0D5106D18C72A3407F145CC05EF0AE,4,麦冬的功效与作用,金银花泡水喝的功效,欧派电动车20安要充电多久,红葱头图片
7363965080BC6AC9D151B606E1CBB129,4,物我两忘是什么意思,心中的苦向谁诉说图片,雪肌精适合什么年龄,美女拜拜图片
15980F6E31DBA6F9D43F28EF45557974,2,金刚菩提子怎么清洗,霞的旋风雾,苹果mini123的保护套通用吗1001苹果mini123,分期乐审核要多久
DD8A2F31866E49F32AD5B8F1615F75DF,1,纪元,李敏镐,猛龙过江演员表,建设银行个人网上银行
3A07C054AC6F7E7102A10AF8600D9023,2,酸菜鱼的做法,正常通气是胸膜腔,word中怎么删除空白页,本科护理考研
E7A59DE2821E73E8BC82C4B3A1204276,1,经常趴一字有什么好处,燕麦片哪款好,带有半字的歌词,愿我沉迷于学习日渐消瘦英文翻译1001愿我沉
BACEFE4AC50B8134B5E0366025651B65,1,李宗伟哪里人,我们的偶像第二季,爱情公寓5全集1到30集,优酷下载安装
6F2B7020590ED6F65068711933DA02B4,2,淮北教育局地址,汽车刹车总泵工作原理,香港小学一年级入学考试题停车位,寻仙
B87ACA2991333DE31F7F20320A0689AE,1,许巍写真高清图片,苏州旅游攻略 穷游,五菱宏光跑车多少钱,柜子效果图
012EA2EF7243AD4B7B04B17388FBD5FD,2,癞瓜的功效,北村韩屋村的攻略,延吉属于吉林哪个市,从韩国光州汽车站怎么去无等山
FCCF37D47785CBDA31D6268E9C26D014,1,夏威夷果的树,密室逃脱7第12关怎么过,拍照技巧,混合性皮肤用什么面膜
CAEB750D6CD1508545019DEDD1614829,1,不具名的悲伤 歌词,羞涩微小说,叱咤风云郑伊健,跑男鹿晗弹钢琴
81D39EF26DDDC920A0A3740D38ECE9A4,2,win8升级win10要多久,有杜鹃啼血声歌词的歌,刘浩龙,也许吧
D4FAA31702442E783185FFBA1D0BCCF7,1,小李飞刀,英语四六级考试时间,我的世界炼药锅用法,六年级四则运算
B6BCCC4E1DEE97278D0EA95786D67684,2,918先侵略的哪里,微信如何隐藏微信号,水切铁,秋江绿水
EE1286322542AA32AEA9883796686173,1,南昌教师工资待遇,大学开学一般要多少照片,百度,南笙
A1AEBDB743F4E0F602C2F1AFFE46675C,2,男胖子发型,什么精油减肥效果好,345战歌 天佑的伴奏,精油的功效与用法
7449A1ECEAAD2E2D1096C616DD3544EB,2,开封到郑州的城际公交,有效宫缩的标准,有效宫缩压的标准,中国女排
6257C167C6A681E73ABDBC02159C3B6B,3,兵役法,山东事业编考试信息网,利息怎么算,山东省人事考试信息网
F0EC01C7B7AA37207095C12F3930A50B,2,怎么查当年的高考成绩,特种人才培养技术,西宁火车站到曹家堡机场,高考成绩查询入口2013
991D38BC0B9128AC4C4468A06493E6BB,3,竞走怎么走,八哥电影,浩南鹰眼经常b包跳的那个点位,y51a vivo配置参数
19582480F0F423CA8304ABD62E26F217,1,毕十三,被遗忘的情人节,类似看片神器,择天记电视剧
B1C06FD2745AF3130696CD58D198D2FD,2,服务器地址是目标地址吗,刘家荣,服务器地址是什么,http://
89CEFB82420FBAF2644F524C41E6840E,2,黎明技术学院,一元夺宝是真的吗,老九门是爱奇艺独播吗,qq活跃天数表
94AB161D3B212365ECD4D28181471D0C,1,装完系统 卡的,英雄联盟快下载玩了 暂停后没了,usb hdd是什么意思,wind pe
53FB9E55C854970B954BC1EF71198972,1,沈阳建筑大学,传播学考研,西班牙语使用地区,1g流量等于多少兆
830FFA2B614A217E81BAF0E837EF68AF,4,语过无声,嫁个老公过日子,杨玉环和唐玄宗的爱情故事,120武器发光
6183ED2239B427C16CF006314560B4C0,1,淘宝里面那个关注商店领话费在哪里1001淘宝,大飞沙滩,珠海有个城轨珠海站和珠海北站吗,范冰冰的胸部有多大1001范冰冰的胸部有多大
B86F79688B2638CC1FF0D8D39192F800,1,孕早期,海边的猪图片,套路女生的段子,多少钱
8FBFEAD4B0B67D6E53404617B6E9E4E2,1,带字表情搞笑图片,怎么练行书,便秘好几年了肚子很大,裸妆洗面奶
E434F0A008454B4FC4A68A470ED07B53,1,吴建豪儿子,咽喉炎,一叶子面膜怎么样,来月经可以喝乌鸡汤吗
FB3CAB3D50A812B878AB85D09F929A4A,1,拉萨几月份开始下雪,黄家驹,设置朋友圈权限后看得到文字吗,猫育苗价格
15033E3251ECEEEC26B8E93AF4FB29DC,1,全民枪战生化打击有什么用,宿舍神器,什么是全职工作,暴走简笔画
444D3BEEE9CFE91ECE8A8F4C4743ACBA,2,黄金知识大全,饼干老师星星糖,孔孝真主演的电视剧,李冰冰好莱坞在拍电影
D0D10D4CFB0FE8FDC61E680C6FAD3AF7,1,先锋资源悠悠资源库,cf战队招人广告词大全,深层水平位移原始数据,巡视主体
628954CF6FD72F15E15F66B7CA0E5BAE,3,唐娜图片,刘雪倩,非法出国怎么举报,weawea星影传媒老总
85EB433FF2A52CF91BCF23C1342D42E9,2,苦瓜炒肉,鹤丸国永,活着就是恶心,成都
AD4BC0D4ECF7C79AE6A75F78A39E8B36,4,职场,whoo发热面膜,亚麻籽油的功效与作用,乌镇到上海怎么坐车
786CC2C3910D6C9BF7261EFA67EA84F6,2,新水浒传小李广花荣,比亚迪唐宋元明清图片,农行跨市取钱扣多少手续费,oppor9充电时呼吸灯不亮
726BD3BEB6CABDE6411F9012B35D5157,2,敷春雨面膜需要洗脸吗,铜陵学院学工系统,悦诗风吟黄金橄榄油,今年暑假民政部门对贫困户建档立户程序
547C8F1714EC1FC224150DC9E7BF160A,1,c语言,洗发水会造成脱发有哪些症妆,掉头发有哪些情况,熊猫tv
BD0704A79EA8DA01D4AF9820DFCE9BF3,3,琵琶多少钱一把,新浪集团怎么样,笔记本电脑为什么打开有时没声音呢,数字认证是什么
F5FFE4C31C743FAE4429139BE9A17BFA,2,扁桃体发炎 发烧 喝热水,百度,ios 10 5s用,张康贾旭明相声全集
F56B7D0B945333D893373732E473336E,3,电闸保险丝更换示意图,王美人,杨世桌,水银式血压表
D73F885BF27A5FC804E8C987B5691526,2,涤纶分子式,聚丁二烯结构式,准晶的性质,手机短信发不出去怎么办
5CBF7BE7BFCCA55B6EB08B03176EF0A7,2,文赋,马陆,优酷 广告,微信语音自动断开
B5DAE095FDE05A5A00387848D8701191,1,兰博基尼,青云志第二季,武汉市小学排名,教师节贺卡图片大全
B1562B9506F76F38ED0719A892952605,2,2016英语六级考试时间,莱斯壁,道奇贵不贵,学校教育的概念
EAD12A0D8414E8857BB11C030CBC11CA,1,善万物之得时 感吾生之行休,笔记本怎么连接wifi,百度,善万物之得时 感吾生之行休的
A10D16D53E94B7B59D1A676B17A78CAC,2,躺着迷糊起来就好了,百度云同步盘怎么用,古代家法,张铭恩家庭背景
FFDA2223ACCAD8309B5DC8651BC22042,1,游戏笔记本什么显卡好,lfare什么意思,唐寅小时候详细介绍,王者荣耀浙江城市赛
471D2E43300128EA54280CDA0E96AA05,1,联想笔记本wifi驱动下载,极品飞车怎么保存,华为哪个好,极品飞车17存档位置
EBFE89A6BFC4154200F7355A6659B9A1,3,锦羚羊奶粉介绍,顺丰快递电话,空调电机坏了多钱修理,月桂基三甲基氯化铵
F122522E0DD8ABB5DA3ED543631E4CFE,3,海信电视怎么不能下直播软件,微信做任务赚钱可信吗,腾讯视频tv版怎么不能看直播,腾讯视频tv
F97FAD0AE2F923D74CEFBD8BA4BB2052,2,安宫牛黄丸,mymilk,程丑夫 河西 同仁堂,华帝股份
72D1B999C5E5E2E1A76E22D1503D75C2,3,情侣年龄不符的诗句,神秘莫测的意思,描述钱塘江大潮的文章,中国零食网
B20AA72EDF1740AE11E93BC7A9B27DA3,2,顺丰快递电话,坐便器能站上去吗,罗夏恩,aftereffects
EBEDC1EB63F9EAF8E546C0651B77BF3E,5,漂流作文500字,渗水用什么材料好,单手洗牌教学视频,松柏树
78292A86E3AA2A130C4923512020A9D2,1,我眼中的世界,导航,电车没上牌怎么处理,翻墙vnp
132C422EF7FAC6AA9B574D06E3824FDC,3,乘风来袭,的士英文单词,九龙新城,蜂蜜治毒虫咬
960C549608E0041DF73AF8C5C290BD8D,1,微微一笑很倾城郝眉结局,建设银行个人网上银行,风弄,吾木提微博
F43E91EFC86E4E9FB7B4835F5487B876,3,92号汽油和95号汽油的区别,严肃党内政治生活最根本的是认真执行党的,爱人忘记自己的生日,英文翻译
EC1BA52E731000E5774532A91B1DE0A7,2,鱼刺 第三根,那英五强,nars,瘦脸针后可以吃水果吗
72CFE85985FE4F360A411A8397259D35,1,苹果醋冲水喝会拉肚子么,喜欢水吗,美容要做些什么,干柠檬片减肥
1753F66DBF5B1BE444AABE5C09CCF576,4,博白有高铁站吗,孩子发烧抽搐应急处理,顺卵汤,99166免费算命网
642404EB8F8E2D42741749640BECB7FA,1,幼师算什么职业者,早上好英语,外阴骚痒,王者荣耀超神装逼图片
AE2FBC98CA3F7F3F6E1C8D8F6BD72A9C,2,饥荒狗牙陷阱伤害,饥荒回旋镖怎么接,饥荒地上有个花苞,饥荒过冬准备
21F91CB683E263C4341FE15E26EF5192,4,身上痒是怎么回事,金泰焕个人资料,画桌子,金泰焕个人资料身高
2A34043A937C5AA3E5C4D61E8C3DC283,2,东亨物流指南,施工员,古天乐个人资料,徐迎美
C2B4E253E333E7E95A41B879ABFA894C,1,英雄联盟的狩猎任务是什么,qq头像,笔记本电脑什么牌子好,轮子妈出装
C7091D7CE5531B0D0A8E4EEB6A495D8A,1,魔古山宝库冷风杖对话,魔古山宝库单刷装等,魔兽后裔直播时说的什么话,森林
79F133A35BD54365A0CD43C695EB06B6,2,第二次世界大战起因,江门摩托车厂,陈百强,香港明星收入榜
4085A267B38F2125D1C5D3F61A7867AC,1,qq头像,极品小农场txt下载,魂帝觉醒,乡村小神医
B0C65F8E09AC737DFFD41F7F17B92515,4,屁多屁臭是什么原因,直行待行区怎么走,春都火腿肠多少钱一箱,门厅玄关
EDF811335C48E7BD500D476E38E43ECE,2,oppo每年什么时候产新手机,鹅蛋的营养价值,oppo r9 plus指纹解锁哪个快,牙齿贴面后遗症
61725B94EB130BB0939996D8433FF93B,2,南宁市三津小学图片,冰峰游戏,南宁市南乡小学教师待遇,吃木菠萝会上火吗
ED03C0372599C94E576FF24054E6BA6E,2,给我再去相信的勇气 越过谎言去拥抱你,康社,贺新婚歌词,"泰语歌是很胖的女的唱的,特别好听"
B6E8C8C6B936D7EBC904A51F1204BA92,2,科目二电脑显示车辆未入库,资料员施工日志,幸福的歌,拍得照片脸老是歪的
66EFEADCDE9DF71830A3CF04644A68F2,1,女汉子真爱公式,avenger,tfboys保镖,颜字图片大全
310FE53BAC648327C302B5724241155E,3,未来教育操作题答案,用了双唑泰栓很痒,科三停车点怎么看,30年茅台多少钱一瓶
542BA450FBF66DC5AEC390DF76147146,4,怎么截表链视频,沧州大人物儿童社会,reloome的读音,滚筒与波轮洗衣机优缺点
ADF9DF7A3F2C7985D9F8E60B395569AF,2,总胆红素偏低的原因,手机水膜,三星s7edge为什么自动黑屏,华硕
C584EC60BD6160D2E7AC34F49B50FF04,4,小尼,上海大众满意度回访,跟腱炎,人民检察官
A36BC2FC3D55F15C4531E2231FF7BF0F,1,大连老虎滩海洋公园,该选择的句子,爱一个人的句子,爱情的图片
73831855CDCD2DFF2FC45BF9FCAC2405,2,笔记本电脑滴滴滴响,教师编制,中国大陆禁止的app,新思路手机软件
3FCED0D9B49A405C8B90E5CF89F99CF7,5,金枝欲孽 开播12年,零失败芒果慕斯蛋糕,老翁徒手击退黑熊,朴槿惠提早回国
B27B92DA9F9A1A045F67E0D6A85CDE37,3,北京时间,乐视,电影,京娘湖在哪
BF8FF6ECC14FD4C87D247BF53EA657F7,3,请长假回家看父母申请书,如何委婉说上级安排的事自己做不来的事情,3969470024983,常平那里有锡片店铺
C6F8499B2C50C97FCB414757FAA0CA5C,2,跑步一个月能瘦几斤,成年土鸡一天吃几次,婴儿面膜真假分辨图,喂什么给土鸡吃下蛋快
F371B38DD42565D10E6B1C9AD24E1571,2,思维导图,小红花,诗阁,uber
6B64B5AC577C4DAC52F3F707CBFB50E1,1,六里桥东到905车站,六里桥东到昌平小汤山,美容院,小米手机怎么变回原来的系统
A2117947BCC23F06AE4A64A07C2D9B7A,1,威图,医学上cbd是什么意思,少林五步拳,葫芦侠游戏修改器ios
E2A3FE1DFABC42480CED4B3B3F177BFA,2,湖南可以种凯特芒果么,雅顺,怀孕前期腰痛正常吗,荷叶茶的功效与作用
6B65C9399DC55FAF263D6FE891BFD2F9,2,微微一笑很倾城txt,本宫在上,奥斯卡外语片奖,火车票学生优惠卡区间
6AB46BE080D3F0D1DC13DED2EB56B3DD,1,成本会计七大职能的联系,皮肤较黑适合什么颜色口红,淘宝账号限制登录了怎么办,怎么用邮箱注册淘宝账号
A32CD999CADD28BEF3635C40C3DC2886,3,嘉兴哪个驾校能弄体检,嘉兴大陆驾校,嘉兴学驾照条件,嘉兴学车驾校
11C7BF52CFA45FAB29158FA34ABF86AA,3,热带雨林,she歌曲,三星怎么关闭屏幕叠加层,跟狗狗有关的电影
8C560848BD98BBD9D0E9FE38E90134FE,0,21世纪大学英语应用型 综合教程 修订版3课?6907992511429,女生,电工学(中国水利水电出版)答案,兰州宾馆价格
C5966DFFF2488254E52B5777CFCE79E4,1,追求卓越,越南thpt考试,奥运会女排决赛,重生之弃妇的美好时光txt下载1001重生之弃?慢慢仙途txt
6C43857B54FAF7F279AA1B3E145E402F,2,阴茎的直茎一般对少,青春期过度手淫会影响发育吗,上海市浦东新区金海路2360号邮编邮编,康熙下一代皇帝是谁
94FF1F4E85F6EEFCA77CA659BAA67B22,1,泰能是顶级消炎药吗,配置容量部落冲突,百度,鼻塞嗓子疼是什么感冒
500EF98DC0AFA3B4EADC4A9FCC43831D,3,客易在线2元超市经营情况,2元超市美国品牌,苹果手机发信息怎么换行,set键
49DB925AE9AF46A127C5D78D0374478A,3,腰骶椎,鸡胸肉的做法大全,手工后多久能碰水,封神传奇票房
6D9CB3595CF3EB7D3A9610B71052D559,2,白咖啡苦不苦,基金买入待确认需多久,手机美图秀秀怎么换背景,去除白头粉刺的盐水比例
C05AA3A532CE48609A4D4DAEE462E43E,4,常州那里有卖糍耙,工口漫画h,宝宝在肚子里打嗝是什么感觉,福特皮卡猛禽f950价格
13C1BFE503D0375FC49808C7D50908A4,2,逆流成河原唱铃声下载,prefect,江湖 人心,蚕丝面膜贴反了
2692042C03B28EFB40FB9F773C7731BD,1,农村父母啃女儿贴儿子,篮球鞋算不算运动鞋,私人定制教师模式,呵呵是什么意思
8BBE330502FDA7BCCAE9863B00A1795A,1,微微一笑很倾城txt,手机写小说,名侦探柯南ova,婚纱摄影师
8710C2B24DB093F8A10D57D080DF2956,1,古力娜扎张翰吻戏图片,古力娜扎被睡多少次,定远中学教师资格证什么时候办,正颌手术
797696931B2A6ED38AAB8A2DC2B1E963,1,合场强怎么算,iphone7上市后降价,无水已醇提取剂,无水已醇
AFE76CCAEBB3D0968CC5FD2DC30EEBE7,2,本地违章可以异地处理吗,车辆提档案需要什么手续,辣椒精的危害,深圳车牌转让要多少钱
8FF18235CC7D91D0B0C6DAAF0990D42F,1,qq头像,杨洋非常静距离是哪期,六十三厘米是多少尺,刚买的苹果手机怎么下载软件
CE4D4EC0EFBCB4E714E0CE70F3B8BB18,3,一叶子面膜怎么样,一叶子面膜多少钱一盒,蛋炒饭怎么做好吃,学习机
8420A6393B4B4EE6251091FE44C8F277,4,教师节手工贺卡图片,1g流量等于多少兆,电脑开机后进不了系统,小孩上衣袖子长怎么办
3CAB3EC740F434AE465542D50CC15DA3,2,麦克侬口红怎么样,蔡少芬,我的家在东北松花江上歌曲,白糖洗脸的好处
C697A79BDAFFEE2A1EDA7CCC3A26F71D,4,儿童睡觉呼吸声音大,欲成欢,凹字用部首查字法先查,蜂胶口腔膜小孩能用吗
F98F78BDD3A330A5086CD8F0063DD3CD,4,奶妈吃冰淇淋,变电站施工组织设计,小宝宝吃米粉,毛肚的做法大全
905EF0A04AE9B84D0114DECA8ED32E8E,2,马鞍上双语学校,玉米有什么营养物质,表示初心的小组名字,代表初心的小组名字
6270CF2EAD1783EA7728C459D4F6107C,2,名副其实的意思是什么,《彼岸花》歌词,星际穿越,学习理论的脑图
5E651890A18A05D4F1A8FF78B4ACF6BD,3,宁夏旅游,网上换货如何跟踪物流,都市小说,诱惑十七岁
AA0DF753E89ED2FEBC4217458591D495,3,顶级老公诱妻成瘾全文,im46aaw3,四川板的猫和老鼠,我找不到理由忘记大雨里的别离
597BE5C317EDBBA6B4071F2E3F942EFA,0,求标量场的等值面,求下列标量场的梯度2xy,ppt加入背景音乐,func
07CC2EC0FE139EBCD70DF5F4158677DA,1,朴妮唛百度云,酷狗手机付费,gameloft,1990984781
DFC1CAAE97DD844344A12E3C2F98BCD2,3,荷塘有只小青蛙,挠,天亮以后胡歌,小粒豆叶子发黄是什么病传染吗
B77FA303E1C1B042169F2F141CCE1E94,1,金泫雅19禁,元满娘盛,村姑也疯狂百灵儿,汗汗
E7D2A72D8A5562777953090C5389A23B,3,基因遗传父母谁的,酸菜鱼的做法,怀孕两个月宝宝什么样,新款长安轿车
6FBC94B5F6443810A751E1D0FEE1D5EB,2,香河成都美食电话,powerpoint版本不同可以用吗,双安驾校电话,玩游戏多大的显示器合适
F2A872C53ACD3698130B8011D26B7E82,2,微微一笑很倾城插曲有哪些,无线宽带和有线宽带资费,tfboys王源住址,大理大学三自委
B9783B0334FA1255A01836B1540AC711,2,郭敬明,八年级政治上册成长也会有烦恼教案,倩碧cc霜的真假,91人人碰免费视频公开
9E151A1D5FFE6F665775A0636FE41929,2,吃补佳乐后多久来月经,半永久纹眉,护考2018年需要考英语吗,智齿旁边长了个小牙齿
F92D4BF6D6C89631389ACA116361945C,3,上幼儿园中班要买什么学习用品,360游览器官方下载,石井,所有者权益变动表
838ADB1176127A3EEEA60B208B957C48,4,形容医术高明带手的成语,"但求岁月不老,唯愿花者四季",爱也累恨也累,生命还原液害死多少人
0B68A9C16703ADC725DE75DF4F3C48B9,3,海邦轮胎,400-8轮胎,机型对比网,淄博宏伟浩泽润滑油''
1F41650B697B7202CFA19F54D62353BA,2,江西农大是青山湖区,江西农业大学官网,梦见被鼠咬,梦到蛇预示着什么
FB9B231B1D1DB7C7C16A198E8FEF8B70,1,格林百度云资源,七年之痒txt,梦落芳华txt下载,少狼第五季
72B11880A603585DFD2621781B58D493,2,vivox6s怎么设置白名单,应激反应,黑胡麻,k1229
74376A92EC06E9B1C784024F6A292C68,2,孙字开头的成语,铁板牛扒,分科什么时候,炸汤圆
567AC4B1024E20AD40A9266C9A347F7B,5,酷听,撒贝宁时间托梦寻尸,初中课程标准考试,方清平笑傲江湖
EC62AFA645D42F9585FE4B8A27E9C141,1,微博会员成长值查询,fire,为什么加入勤工部,勤工部是干什么的
ECA0DCE98C1018A8BFA307BF30440450,3,大乐透,长春中秋节去哪里溜达,梦见女鬼缠身,台式电脑配置
90C5A3F015DACEFE92246162495434F8,2,礼智义信,2016年幼儿教师资格证,圣米歇尔山,猎场
1D705AC257C7C402D476ED71F23976E4,2,关于货币资金管理的论文,关于某公司库存现金管理情况的专业调查报告,总会计师的职责,建设银行个人网上银行
49666E18E04EC27E11C391F143AA3718,2,蚂蚁聚宝安全吗,孙俪微博,花与蛇是什么,校园网会不会知道浏览过什么网站
2C436E5FA7D47E792BBB6107BFE9FF6E,3,谁的歌好听,文明手抄报图片大全,卡通背影图片女生唯美,插画带字图片
C557B275D1D52C60302B83FBA88B2DC6,1,曝黄海波低调复出,下一站巨星动漫,侠盗猎车手圣安地列斯秘籍,集结号的意思
A9E9B23322176E9BD54DC04CF4E396D3,2,盛开,离别的诗,我们的十年,株洲火车站到方特怎么坐车
639EC2A4314E2E1057BDFE467C2C0F4D,4,白冰冰,立即起步app,滴虫性阴炎能自愈吗,人要是没有理想
2C488B1E8C04BE3D38032D4C1B59C176,1,汇丰石化什么时候招人,恋爱吧怎么聊天,深墨蓝色头发,吖
3E965CDA6CBC1514A395826B37DD0BFC,4,2016雍正通宝价格,例假完一周同房会怀孕吗,南宁41路公交车路线图,例假完一周会怀孕吗
9ECEC253E2727C51364D645D1D2417B5,2,艾灸的作用和禁忌,统计学,割双眼皮,活蹦乱跳的近义词
C91CBA7793A12411833FC5A8D06EC4A8,2,浦东机场登机口平面图,类似心素如简的小说,y签注,良禽择木而栖韩脉脉
31A84067A6AF5A0083B49BE86A08ECD1,1,微信没有银行卡怎么实名验证,课代表应该y由人缘好的人来做,有过急性肠胃炎老了会得胃癌a吗,太阳的后裔轮椅医生
8F8A2598A666985B2AF4795700CDB613,4,泰达人才网招聘信息,好日子香烟价格,劳动仲裁免费律师,华律网
0D82C759C39D38F42B0BDADA259377E4,2,微信的通讯录怎么关,赵云图片,秦时明月之君临天下,韩服杂志社72期
BADAF21EE66F2CCC9A8CD2512E6AEE71,1,情慾超市最新章节列表,人寿保险100元意外险,少龙外转全文阅读小说,李云龙的原型是谁
EF5CD244D3974268C686B62F858834C2,1,mike演唱会,外卖小哥金城武,韩国炒年糕,适宜
97A2E357E32F2D08DC107C3FC0CB9544,2,客肴,innisfree,lv推荐款,innisfree orchid enriched cream
4709AB0E733806F2E06CB642546F0A72,2,夏桀,蚕丛,武则天历史资料,中国始祖是谁
17584E2956A1880694A16767F6AAEC40,2,家乐福卡余额查询,律动游戏,幼儿园中班室内小游戏,小班健康活动教案
E158EE9CA3CB6022E4DAA32F88807559,1,昂达891w,兔子陷阱怎么做,台电平板电脑,九年级物理全一册动手动脑学物理答案
0F27D4CB7D515241BAA05F66CFBF8667,1,上火喝什么茶好,齐家庄墓群,莒县县长电话,监控白天很好晚上就成了白色的
232DF41986DA60D077CB5EE1541FD68A,3,全民k歌加入黑名单还会收到私信吗,"2号来得月经,16号短暂同房,还有两天来月经,",还有一天来月经能测出怀孕,"8.2号来的月经,还没到日子来,怎么老是感觉?手机微信发不出语音了,怎么允许啊"
7BB803B24CDA3708AF2AC359C5B188E8,1,重生小保姆》,江西上饶信江书院,重生之宠后,一年级数学上册教学重难点
01E1F9F5C0570DFCC0FFB146AC71E20E,1,>重生之星际巨星,jy解说在哪里直播,电荷守恒物理,>国家制造
7FBC713957B94D48BD57324400456531,2,天下3家园任务声望25,汉中传销打死人,天下3英雄榜服部半藏,孔雀灵宫攻略
8D3CCDF41172B687FFFA3C5B9E75D330,1,仲裁圣骑亚托克斯多少钱,伤口化脓,天天酷跑官网,我的世界怎么去月球
FC4A1D67FE559CCFA108D936336F73C0,3,北京时间,儿童厕所设计图片,长鹿农庄门票多少钱,青菜炒过头了
15A23A3B8F1F1969485FAD9C229508A5,2,海底总动员,便宜又好吃的零食,wps office,潘之琳
230413DE56F94A3006B73C9E2DDCFB5C,1,男士必备物品,洛熙,美容冠,面部有褐色的斑
F369E8CF5678BF2191217DE77C6423FD,1,随笔100字,中译英,explain的读音,cpu是什么
6667284C82168C4BE21FBF5AD4F42FEB,2,妮妮妈妈,瑜伽球瘦肚子动作,瑜伽入门基本动作,疣怎么读
A2419DE242770F8FB4E25C180C931CEC,1,龙王传说,识图软件,安娜情欲史,九尾狐仙怎么搭配
8CE2C51D4F7DDA41A0D29B0452C5D3A9,2,天涯明月刀神威一地,兔子卡通,天涯明月刀怎么钓鱼,天涯明月刀神威连招
886E450146D5297451ADF3D0A0F2A023,1,eau precieuse珍贵水,生蚝吃多了有什么危害,支付宝趣店可以用吗,乐视超级电视怎么下载软件
40E7A43C1942AE2455E38BD333BCA0C5,3,唐山二手车百姓网,唐山小山批发市场在哪,唐山小山批发市场附近建行,唐山个人二手车
3B563C36B90DB80A33959786EF108508,3,亲子共成长,怎么计算排卵期,张歆艺,男的吃了知柏地黄丸可以怀孕吗
0F003F8C1729169FD716970DA84883D1,2,我的课余生活作文300字,点金胜手百度云,一岁多的宝宝突然抽搐是怎么了,怀孕了乳房一定会涨吗
2D4598460DD02F832B5C9DE1EC7605F8,2,怀孕可以用猪皮面膜吗,怀孕适合用什么面膜,没带身份证怎么住酒店,长方形格子的面积公式
408D8AECCB046785E261B0167BD6389F,4,杜若溪个人资料,王俊凯图片,百诺肯净水器滤芯怎样更换,1个时辰等于几个小时
64FCB62ADD8BF61C7C81EBB9D545E965,1,qq头像,一体机电脑和台式机电脑哪个好,忧伤qq头像男生,寂寞忧伤的男生头像
8D134D3F647BAFBB60C13D5BBBB56EDC,1,850w吹风机宿舍能用吗,南方医科大学自考本科专业,移动空调是大功率吗,从鱼斗路到西安北
842F355F8C4CAA345B1B688EF086EDEB,1,合肥4路公交车路线,支原体感染的症状,明珠广场东公交车,有性病白带是什么样子的
77EDA973A8EF8C2F89434BC377F8C87B,1,好人用英语怎么说,老人主动退还赔款,tfboys观察日记全集,qq说说大全带图片搞笑
A351AD15DA3ECF77653C949CD4278B12,3,easycon是什么牌子,esaycon,装系统时速度慢,湿度发生器
62BFEB7E9EA4A53636B736EAC23DAAF5,3,十比,能饮一杯无,午夜快播软件老自动下载,误开头的成语
4DFD3FB23D40EE35BE9089840F96BC12,3,十七姨太的男丫鬟,少爷对丫鬟用家法故事,绑架校花小说,老兵为马本斋守墓
8927E8A0423737ABF4D0AAC54D6A153A,1,什么果树适合北方种植,北京时间,ceo时代流量软件,复古电玩礼包除去英雄的价格
D6BAFF750FFA1F1934D787A1B127E228,2,宁夏银川能办理异地身份证,信用卡还款直接转账可以吗,医保28000报销百分之六十等于多少,自由者网络工作室
2F433BAB9DE0E2D4B06BA331A6B4111D,2,重庆市花,劫史诗皮肤价格表,为什么苹果手机分享不出热点在电脑上,吊缆
FE20C92F20C2BB25C6237350AE72D565,2,湛卢剑,虬,fire,羹
9699E0E5F73277CF4B41F6C915AE7CF5,2,怎么看手机号网龄,小学生,诛仙手游元宝怎么花,小金刚菩提
278291175ADA6553F92819F46A23FB80,2,中国经典,总裁的小妻子,湘潭基建营到长潭株易路口,长沙到伤害
E382E039672B82C54E568B6F3ED572B3,2,大鱼海棠结尾,"合唱指挥是在伴奏开始,还是唱这开始",朝九晚五恋上我的帅和尚,仰卧风车
CF164FA480E7CEA0DB7CD131039A1032,5,青汁,汉中做的什么广告,淘宝有的只能第7天发货怎么回事,海带的功效与作用
6A552EE14C2D47D6ADE4A69D94C51CE0,1,"由理想二极管组成的下图电路中,试确定各电?水瓶座配水瓶座",奇迹暖暖泰迪系列一共有,长沙未来15,稳压二极管并联
F524001C09F21F4450130CCAE623CDEC,0,乌龟怎么吃饭,女汉子真爱公式,郑恺,1000以下的手机
8805B5BA599CE28DEA77CCEC1009652D,2,百度手机助手,公办幼儿园有校长吗,2016年黑龙江省特岗教师小学语文考试真题,牡丹江服务员招聘
82D27E89704164230BA9DCC8B25F3681,5,历史北京人课件,苏幕遮 范仲淹,华东师范大学七年级历史课件,中考议论文阅读答题技巧
7FE29F67E82023B5C492B344D9D05FE8,3,千百块审核多久,拍拍贷借款筹集要多久,"哦,船长,我的船长",四氯醚唑
BD35F5F4F2C3DFB040EC2B4BB099D845,2,黑龙江大学校园网,考公务员中公好还是华图好,省考app哪个好,黑龙江省财政部会计局路线
80DEAC01CF0D93251DB9FE95CB00F6AA,1,连云港到扬州,2016年扬州职大新生开学时间,法医秦明什么时候播,建设银行
180B49659A72C582C3C7483984D7AC78,2,雁南归绝技,iphone5s吧,百度,扇形摆放图片
254B8A55405975915A0EE3688CC6A32B,2,华硕,林俊杰的老婆是谁,寓言故事大全,图片头像
A19B3C75F94B07BB37A42A5B48DD3072,2,圣罗兰橘色系口红推荐,武进人民医院招聘,常州钟楼卫生院护士招聘,迪奥口红橘色
50C3B87518A6C9743E744B52C4DA9697,5,公序良俗原则,大乐透,一挡换二挡,a证升b证怎么办理
5FC95DB51658E619C3493E0B21353249,2,毛色步枪,牛血怎么煮,鲸须,ant hal service是什么
8D2A7F81206696DE82B1A4DFBC791F25,2,怀念的意思,手机连不上无线网是怎么回事,跑酷类手机游戏,华硕
62A2B5FCDBD7E855461A0F86B5F2E49B,2,秦时明月之君临天下,百度,古装男子衣着描写,一般真的微商怎么搞
1AF9B5E4D933F1631420BDDB662640EB,1,北京时间,龙之谷启动游戏的界面出现一些框然后就报错,龙之谷戒指怎么弄,龙之谷三弦琴碎片活动
AEE7014EE4B871D71389D4323DF30FBB,4,谢贤演的射雕英雄传,不再犹豫,酸菜鱼的做法,小崔说事
C8AE12CA6516888A3E6688B605EECBE0,2,雷佳音饰演张萌的哥哥,不要恋爱要结婚,韩国电影排行榜前十名,韩剧网最新韩国电视剧
E4430C6B7E9215AF8A031C46378313C7,1,脸上冒白头的小痘是什么,微信群群号码,海报网,手抄报版面设计图
E6755864E9682334884C02650586AC5C,2,王仪涵,我在梦里想你,女孩几岁结婚比较好,大圩古镇
0693D8A7798739EF634F184B95B435DB,2,邮政物流,专用acmetea,中通快递丢失赔偿,田海蓉主演的电视剧
342392FC4D76705837C35C0FDCEBD0BF,3,哈尔滨爱莎公爵庄园,大悲咒歌词,沙巴,别克tl8
2C9F253044C104FCBB108305C1FD0A51,5,自来水净化器骗局,到苍南的动车,框架结构和砖混结构的区别,家用净水系统价格
1387BD81BD074832E02889F6C4EDB7CF,1,大学宿舍会断电吗,小米运动ios版怎么看心率,李准,英语
F65DDC72A9F5DC70F0D2F3A5101291E7,1,大冲锋光速风暴,什么英雄克制亚索,s5决赛视频,什么克制露娜
A93E29053D2B7D9D9E1274E13D9F61CA,1,英文翻译,哪些手机可以开空调,马尔代夫颜色,台州万达几点开门
2278DF85A13DD5E8C2C71CFE61A9B6D5,2,为什么软件用久了数据会很大,面膜机多少钱一台,3658商城是模仿钱宝吗,壮阳食物
FAD7D066427344D36DC2F4D4E44251F9,1,鸡候消,瘢痕疙瘩怎么去除,趾疣运动会加剧吗,胼胝
E188B7B86F0AAD51DF4588EBC51C4832,2,美团信息号,qq头像,白掌不开花什么原因,美铁芋属
45AE0EB06E2EFE3B8860AA8AA30CAFEE,2,写的是销售的伪装成一家人的外国电影,怎样截图电脑屏幕截图,南阳才子,赞美父亲的优美句子
CF302FB58D4DF53D519C46523884B2D9,1,喜马拉雅fm,windows10烦死了,tf,innisfree
2FF6AD442BDA297A97E67587A5FB087E,2,网游之绝色美女进化论 txt,英语,带着空间去修行txt,网游之千山游记
CEFEEBCF24D386496FF7806AD50374FC,2,纵向驰豫,公鸡标志的运动品牌叫什么,本科自考,袁家岗
8035D2FEE3B421410852D8E3E37C6560,1,吉他弹唱认真的雪,舆论,ket在哪考,兄妹恋黄文
C2217D76B6409734097B189DEAF36CE4,2,家有儿女键盘扮演者,深圳私家车去湖北多少钱,糖尿病酮症酸中毒护理,香港大学深圳医院护士招聘
22A1A91BC6AD9131EC7E627841F41127,4,2016齐肩发型图片,知趣,凉拌金针菇的做法,电影
C9F6C5B8A57418F37B82CBC29E0AF4C6,1,大乐透,晚托班兼职,手机连接电视的软件,干瞪眼规则
EBF3968A793740DBDE5FDFAB3E504DD9,1,腿上有疤痕怎么穿短裤,美宝莲cc霜好用吗,淘宝运营主要做什么,手机包挂脖
05DC55E99F751AD40D17933FA692033B,3,中国矿业大学,百度,中国矿业大学在河北省录取分数线,饭前刷牙好还是饭后刷牙好
22922D57A7A49824F07CAA9E079ED23E,1,资生堂发膜,vivo手机怎么样,一叶子面膜怎么样,苹果手机怎么样
DE51175CA16E49CAA7B6831B6BA8ADC3,2,2016年温江近期编外教师招聘,同程,maycreate怎么样,qq情侣头像
69A71651BBD1457EDD9B17BA54052DA9,2,快鹿,合约机是什么意思,皇家艾斯特利,六星上将
89433CFBA85CDD9FF2D992D7678AD963,1,刷到单正规流程可欣日结,jstv.3023.com,江苏卫视在线直播网,杨洋拍广告图片
25E993AC3623BD2F1FB3B0EC8CAAAAF8,1,离别的句子,英文翻译,最贵的鞋子品牌,丰田霸道报价
BCF1638D10DE648B79C1A7CACA962312,3,qq头像,好看的图案密码锁,密码图案大全,作文一个高尚的人
A544EAC8DCFA6DBF4B4599D3455E5904,1,无限极芯颜植物饮料介绍,140d的袜子有多厚,林允儿,闭合粉刺是什么原因
F7599D18CD8CAF298D0699174F16CEA3,3,做亲子鉴定需要多少钱,浩纳风尚版和舒适版,长春同济医院,老村长酒奖品剃须刀
5549D78CD3C172C6BE2CB59018C639F5,1,鹿晗入驻全民k歌,总裁文,二次元男生名字,二次元名字大全
8E343EADFBA7CCF65F8680B1B190F46A,1,演过叶问并和他较量过的演员,南艺新生颜值爆表,豪门联姻秦昊天,特战之王三棱军刺
39A8B7262A06A8DF462A301BB916062F,1,2个分组伤感,氧化物有哪些,童话二分之一电视剧,兄弟连培训
AC576867E3C0FBD7216AF5CCD585DEAB,2,女人经活不经老,并提 例子,小兔子乖乖,兔啾啾
B3DE86DA84498B82C12D7D8CC99E0252,3,冯梦龙字,优速快递,溴什么字,尚书
7CACC2AD363A1C13468AC09F325C0E04,3,男士用什么护肤品可以补水,饿了么平台加盟电话,旧车置换新车,100元建网站
B47FA042ED2D878254A32B767CD1AE2D,2,歌词我们终于走到,广西的简称是什么,新媒体发展中心简介,可爱打招呼表情图片
495FB031D93346B4B39F1C9140F86628,3,激荡三十年视频,微微一笑很倾城床戏,小李飞刀,昏前婚后
49FE6F88D0372818346AB7C1F8C3599F,3,罪红颜,将军媚,再嫁,复仇的古言
06E626854596C5F52F8AC021F0740A1D,3,2016中秋节祝福温暖短信,盐酸洛美沙星滴耳液,眼睛血管破裂能滴眼药水吗,秦皇岛的人长相如何
0002F9470CD7B833B3A2E2E36EED2630,1,如何调机械表时间,抹了唇彩怎么卸,经常画眼影的危害,舞蹈团面试自我介绍
00158B6D9CEB66A9C6B5E0716DFAC62D,2,企业所得税计算方法,多少岁考cma的最佳时机,智能证件照官网,我本将心向明月 奈何明月照沟渠
1130FB16A5EB1AE5D4162007BD6885B5,2,中国汽车机头排行榜,澳门金价,乱治病的医生叫什么,百度
4F342B417AB6EBB778BFB56279DBA67E,2,小孩后脑勺摔个大包,红色衣服配什么鞋子,星际萌夫,师范大学第十届大学生运动会
C2278F6132D801A15CF54A9123A87E48,0,来自二次元的你 权志龙,白洁传在线阅读,韩娱女主重生男主金钟国,韩娱之uhey的全胜时代
DE24F4083EA783A71DA47B2997478B01,1,秋霞电影总部,蓝砂石,蓝砂石的禁忌,卡卡西的须佐能乎
5390D48852C98173C05E63E11913F436,1,西南民族大学就业怎么,苏树林,金融专业就业前景女生,职教师资好吗
0CC91324C7450146909154402E954472,1,用什么洗脸会变白,秘密爱,男士洗液,陪我电影
15DF00E7A3239E51FA170F3E8B76D22B,2,佰草集赞助的相亲节目,女不强大天不容剧情,麻辣变形计小说,广州杨小驼电子商务有限公司
E8A5AFD453A589F38486893B075C7F19,2,吹牛,吃毓婷月经会推迟多久,血滴子,新浪微博注册
B0893AD3969B71D85814C25ABD60553E,1,古墓丽影崛起论坛,360电脑救援在哪里,大瓶易拉罐图片价格,rtt守望先锋
4D5BB724D617F373F88F43FD0F133A24,2,sum37泡泡面膜怎么样,虐恋情深 小说现代,指甲油的危害,灰姑娘与四骑士百度云
ADDAB985D525484D737919FE9661BC3E,2,为什么会精神病,用了去痘产品脸干很痒是怎么回事,耽美短文,腐剧吧
75F629AB6F4FD96B66C7A3C25A76EFCE,2,常贵田,皇家花园维也纳大厅济南,德国红点奖,大魔王
C8ED25BF5910B16B4D95B6E26E4BE9F3,1,周柏豪,谢杏芳,百香果的功效和禁忌,魏晨
4413992C9EC151121EB657E31FF39599,4,水果图,荣誉勋章先头部队攻略,杨如轩简历,梦到樱桃树上结满樱桃
2D0D2C5F09069A42C15084448EEAC2D7,2,侧边腰上有红点一片痒,乐视,ios10大家用着怎么样,苹果手机想换字体
2FD647D0A3EAF78E2C7A1089DAAB88F5,1,三人成狼,霸王别姬,刘亦菲骆驼趾,林小乐在末世类似微h
008408BD06753937E18260724DABC010,3,韩国whoo拱辰美粉饼,粉饼和散粉的区别,女生腋窝汗毛刮掉会长更多吗,内双怎么画眼线
D7190EB8268CACF9974BBC4C0AB45332,1,销售系统怎么补卡,yg新女团出道舞蹈,ariana grande ins,angelababy
4A91AA32DD9EA2B5F1F32521FE6C7E03,1,惠普电脑怎么样,oppor7s运行,一人我饮酒醉,微微一笑很倾城演员表电影
1A40BCA52893A11CEEE420FA47D8C595,3,在不同医院打水光针,用醋洗头发有什么好处,怎么区分润百颜小分子大分子,水光针复配是什么意思
D5D9F5CDA150EC0783605308BF026FD4,2,计时器下载,有种健身用的读数,微博登陆不了怎么办,陈赫微博
A0F34CCB0E6E1583C9A1862BCC4A0701,2,沉珂为何自杀,有时候拉的屎特别臭,淘宝延长收货时间可以延长多久,柠檬味汽水
5CB93982FEDDEAF50C33647FE3D7B80B,2,摩斯密码教程,巫山女神,腾讯公司,昆明移动短信中心号码
4EF1AE3CD588A7BEE289FDB5160939DB,1,哈尔滨应用职业技术学院报考代码,鹿晗 图片,地下城新手玩什么职业,黎明杀机
998FD700628611D41F4E9EC0977E7A99,1,大太监,大主宰,大太监小说,五年四班
F6C83ADCBDDA276F3CCF2CB6BD03459B,2,咽喉炎,补气血的方法有哪些,男生挑刺,爽肤水随时喷
C786153410DB8A060D76CB4C8CF9111A,1,重生日本小村风流,性斗士雅典娜,奈文莫尔的成长之路,唐唐big笑工坊
534F96460C7599F0FDCB3D3DFD1F0F52,2,荔枝签约主播怎么应聘,hyperdunk2015少系一格鞋带,领动,nike鞋换
AC13E57729E7E4943CB271BFAA48CADE,2,彩票机选5注,上火了吃什么降火最快,药的条码693,长沙南站到甘
81429866C6C293BC545C13F3F931EC37,3,没打预防针肝会有抗体嘛,临涣镇海孜中学,婚礼纪怎么写祝福,makina洗发水价格
0F7FB60F22BF484C7C93A4AC8BDD9F70,2,联想g40-70,搜狗阅读官网,windows7旗舰版界面,搜狗阅读网
FC46A5D6EAE62BF7CB47E96ADD72E5C7,1,帕芙欧珍肤膏用久了,激素药用了三天,帕芙欧珍肤膏真假难辨,青青陌上桑
758C89A2428378F22023A73263A05375,2,兽血沸腾小说,辽宁交通高等专科学校,横江技能,光之子
DA02AEA15140D783491BACD090709D89,1,戚薇,张云龙,angelababy,一元夺宝是真的吗
C76386DCEB4D49766E2B665499B8B789,3,陆小凤,黛美莱,腰间盘突出的治疗方法,北京汇盛商银
A6CD5E10FAF5B7ED4D46C702183DBE41,4,孩子生日小老师让多上一年幼儿园中班好吗,公积金账号如何查询,经济师考试,经济师报名时间2016
8B413039B6D3AB0A268D30A6361B2470,1,前颌图片,美甲初学者简单教程图样,李易峰妈妈照片,一半脸向上一半脸向下
A7AC51EC8F0DE1FBF029468BB8165F86,2,2016教师资格证考试时间,南昌大学研究生宿舍,http://universitv.ccb.com,anello
B52DEC26AEDC3495D72EE422BEC2FF24,3,psp游戏机,三八线地雷,1986年 5月19日 国足 519惨案,阎世铎
33A6492DCF99F2C93F26385495784139,3,墙纸,兰芝和赫拉气垫哪个好,每天骑车20公里能减肥吗,月经误差多久正常
32999974F5B4A81F9F4E012CC7FB2B79,2,兰博基尼,aahland公司招聘信息,鹤山碧水湾,卡宴2016款
E358C89FAD54BCE7458956ABD93FE29C,3,墨鱼粉美白牙齿,水瓶男对婚外恋女人,肾阳虚的人可以服用百消丹吗,番泻叶的正确服用方法
538D4A15308BB99755AAF3B21875C493,4,英雄联盟费用,广州火车站送人进站,玩游戏cpui5 6500,恐龙图片
3002BBF3CC6E51A2F56D00E4D11C78D2,3,蝴蝶结的折法,马怎么折纸图解,折纸大全简单又漂亮盒子,梦魇之月宇宙公主图片大全 - 搜狗搜索
2EF906F5723C21389171AB1AD131125F,2,惠州三星电子厂招聘,使唤,使命召唤ol,沃尔玛
C6CDC3F36B7E7C41B3413BB5D26CF4D6,2,侯梦莎一年能挣多少,何炅的母校在哪儿,中国矿业大学,郑恺
B456A17281A121BCD3675C96FBE651B1,4,我穿蓝色衣服好看代表我肤色是什么色系,好人推荐平台,热水器脉冲点火器,中原油田三厂好人好事
A9C305D2681D6D3747905A57B7F84837,1,永恒纪元戒满级,快递查询单号查询追踪,永恒纪元戒满级多少,爆裂陀螺怎么操控
1122ED4F52CFC06540202664B79EF853,1,微博怎样增加粉丝,龙腾小说,15万的越野车,纪晓岚和珅重聚 资讯
DFD3CED39F36E645C0D836ADBB372F46,2,地衣芽孢杆菌活菌胶囊,健胃消食片饭前吃还是饭后吃,梁君诺,我们的十年
88231D750086154021D9A5B8966618F9,2,星际育儿师,清穿每天都很病娇的娘娘,同桌的你蜜雨恬言,囧之穿越
2B862A4D9FCD20B143821D564CA2C7EC,3,重生南明当皇帝,华硕,超威黑金电池,绿源
CAB32D68800FE1261B406241281E8B9A,2,18岁中专毕业可以读大专吗,支付宝没网络该怎么办,武警老兵退伍卸衔,农业银行一年的短信费
69F410729CA91D0D5C3F94DFEA764DB7,3,催乳师,魔力视频ios,iphone epub怎么打开,醋酸氯己定是激素吗
5995058654777020A82D2FEAF5153BFC,3,游戏倩女幽魂刀女装备,晚上做梦睡不好浑身疼,polo2016款碰撞试验,移动8元月租30分钟
19BE4974F24DCD4EB2DA0930844DA12B,4,墙边框安装视频,桌面拨号键下载安装,美图秀秀,双人褥子几斤棉花
505666671FA386B8CE16B56E59767631,1,我的眼里只有你歌词,圆通快递从河南发到忻州多久,word怎么删除空白页,海拉尔有什么湖
AE00F28856A5080EBEB973ECAF5A5013,2,坛九,brs,东方project中不死组,大列巴
BA7CBA73BC844149B4A04BDF99378A93,2,朵唯手机,腾讯拼音,为什么魅蓝3s这么丑,微信小米
CFDA6964F2722236046F5909681312BD,2,掌上公交官方下载,额头较宽适合什么发型,短信手机铃声,遥控器软件
D37CCAE7E76DAE3BCEDC78BEDC625667,1,耐克篮球,彪马卫衣男红,好看的英文名,taobao
9105E88B0BEBA223B102119382BEE02C,1,液溴,耳挂式耳机戴法图解,cf手游夜玫瑰和兰,山西筱面烤佬佬
BB069DBEE8731B0A20E064435AF68238,2,windows10怎么设置开机密码,上火了吃什么降火最快,平时怎么养发,苹果拉黑了可以取消
857B070DF9D9E1AEDDBE6CDAFE71724F,5,一气周流 四君子,真武汤,百度文库 20 15,柴胡桂枝汤
3646F1C8C05F34810140E06F3706E77F,3,翡翠十字架吊坠图片,餐饮营业执照办理流程,遮瑕膏,四季美人粉底液怎么样
B888352C2525D2DF182C5D81BB8DD0D2,3,塔利班绞死阿富汗总统,最完美的离婚,西安警方发布通缉令,追凶者也
86649B23A9F83ACECA3A7F80F0629FD9,1,手机赚钱方法,港版水货是什么意思,三星s7edge水货报价,三星s7edge开机视频
AE55C75F949DAC7239E4285DE74B1E24,2,山东那些城市著名,泰安最冷零下多少,经期肚子胀痛是怎办,两世欢高门女捕
1A820E040F696212C7E9EADC5FC8A47F,1,华为p9移动版可装两张移动4g卡吗,"凡兵,制必先定",大学生买什么电脑合适,华南理工大学位置
35CEAEE07E988C7B432F7FDDA327F7AF,1,他,怎么让手机开一下屏幕换一个壁纸,作曲家下载百度云,怎么让脸色变好
931F9755E60AE8168CA208E31605F43A,2,时空猎人视频爱拍,酸菜鱼,1斤等于多少克多少两,蛏子
E3198E7B48C5F705169ACB1E111C4962,2,给山药削皮之后痒怎么办,嘴唇颜色深怎么选口红,鱿鱼的做法,让我想想用英语怎么说
C214E19E6BB923A283098E360D72BD87,3,脸上过敏红肿怎么消肿,谢杏芳,王颖,王妤娴年龄
721120F807CF1C1011E309879CC2E873,3,邢台市三院顺生有导乐陪同吗,邢台顺产哪家强,导乐分娩,早晨卖的现磨豆浆制作方法
ACA965803298651091CB870939C11A71,2,电话礼仪情景对话,电话礼仪,怎样使用电脑录音,新人怎么才能做好保险
5DF55380B098DEEB4C4A8A01DC9A45AD,2,陆小凤与花满楼,李敏镐,优酷步步惊心丽为什么更新了三集,冰雪奇迹
22AB8233D33F24667F0C2C2802809232,1,掌上周报怎么查答案,耐克吕布,克罗心卫衣,办银行卡需要什么
C60D6383ADCD3E55999607092F13AB2C,1,惠州西湖,惠州冰雪世界门票价格,五股辫图片,福睿斯怎么样
EFCD81DAA1CE1C50D0896019C6A085DA,3,疱疹女人怎么预防,刀豆可以生着腌制方法,赶面杖吹火,39.3度算高烧吗
5CE3180C28B5C8CCAFCAE3AD3A246F24,5,自动养鸡上料机,养鸡分料器,阶梯式养鸡设备,君越2016款最新消息
670D8FFA26031C983D141EF4E19D1DB1,1,没有星星的月亮歌,笑的特别夸张的图片,三个女叫选其中一个图片,feded纯音乐下载
8B4ABAA5AE52DD0A7AAE2D07E0680CEC,2,2016年交通事故人身损害赔偿标准,电脑主板qiqy2多少钱,罗湖凤凰区到福田下梅林座地铁,汪峰徐歌阳视频
B89674D11D008ABFCCF3D6D7CC00CCD6,1,电工电子学第四版答案,四六级,秦时明月之君临天下,聚会的目的西瓜影院
D368C8262DAA707423885219B49284B7,4,四味脾味舒成年人可以吃不,英文翻译,小区停车库日光灯的工作原理,手机app是什么意思
365503E6E7F273CE190316D8F5A26CF9,2,傻白甜是什么意思,dnf42到50级要几天,龙王传说,渡凡尘
989C2B7CDE163DA72F2ED23F870D7927,3,衣服都有什么面料,孙艺洲,麻辣变形计演员表,蔡阳皇帝
E344771F99B063AA6CA57B1282854B81,2,松枝记,活色生仙txt下载,k8288座位,胆囊炎
C94694D83C03624003C4830E1CFFB1CC,2,潮州达濠有什么地方好玩,1g流量等于多少兆,朴宝剑,能几日 又中秋
DA95E27881CA11F0184D35A07FD652B1,1,梦见亲人被车撞了,初中奥数,spread是什么意思,海猪
58948171ECC0514E42D6D6384AF53599,4,泛亚,脱发是缺少什么,名人格言,雇佣兵招女的么
D8AB90DCFDC22019CF94AFBF4C432F15,2,语文预习方法,特价房与普通房区别,买房注意事项风水,硒尔康北大科技真假
F54046E34B513640809AF02BF4F7864C,2,宋祖英 《长城谣》,于文华身高多少,残奥会运动员身亡,42座城市修地铁
7AF95C28C6B8E4C508B9FB4AAAA8BAE6,2,冯凡的个人资料,广东财政厅,进制转换方法的口诀,哪个牌子的气垫cc霜好用
B484B18569A455420CF72734FDA252C1,3,无锡到南宁,五仁月饼,胖人的裙子怎么穿,开业典礼怎么穿
3775113CAA204506FAC3841B3CA51C22,1,现代领动,陈赓,好伙伴帮助的例子,伙伴 百度百科
2B3D85734394B4625E19AC174CF6453B,2,信用卡收手续费,少年阿宾全文,少年阿兵宾小说阅读70,羊城通
70005A60CA50FD5F02A841D4C0720A42,4,新宁宏基华天大酒店是几星级,大龄剩女担心第一次,集体户口结婚要单位盖章吗,长沙凯旋门照相馆
C7D2545273B63F22270B11C3C7CC555E,4,古代什么人招摇撞骗,武大郎烧饼图片,囿,后羿
6D10788A5C57CF3445FB89CFB6449F19,1,贫血可以喝红糖水吗,下奶食谱,微信红包群,宝宝拉肚子可以打预防针吗
DC22638C8B3C5300058624BD70E1D99A,1,一元夺宝是真的吗,武警老兵退伍卸衔,空气能汽车原理图解,空气能汽车什么时候上市
89C6D72090FDA7FBE6856FAF2D4C5BC2,1,瑶族语言,李云龙的原型是谁,孙中界,同济大学德语强化班贴吧
A3072D55940FC69DD3480B4C7216A830,2,菏泽医专附近的建设银行,密室逃脱6第9关怎么过,关于双向说话 下列表述错误的是,手机音响怎么使用
555CF8DD3671AEC5336F7097E8D5B963,2,两场婚礼变一遍举行 另一位新娘生下男孩是?八棱海棠,梦见癞蛤蟆是什么意思,梦见一条大蛇和一条小蛇,怀孕可以用吹风机吗
DF6818B95AB30E932E568D1A41FDDC39,1,三星g935k跑分,hcg值多少是怀孕,暑假总结,法国斗牛犬多少钱一只
B346950D3B953CBC61032866A3A91824,2,上海华东政法大学,m2梦幻三部曲,正确的刀叉使用方法,滚梳哪种好
EA95EED661CEBDBC5BC10C2F3EC48AB8,1,大连学习网,沈阳市小河沿路146号,充值卡微商,大连市沙河口区邮编
B4609861E7C4372DDCC0B5AAFB42328C,3,柴油机有一个缸不工作,陨铜芥子,交流发电机接线图,搬板凳吃瓜去
1D6BAC0ADB7DB372491CCD64C26A7A2F,2,哪里有完结的小说啊,天蚕土豆,dnf如何快速升级,dnf光剑排行榜2016
3009560C17EECF3CB05539005B45C48E,5,最便宜的狗狗多少钱一只,3366 小游戏大全,最便宜的狗狗品种,茶杯犬多少钱一只
3F9C976D6A6E5F12B4F18FA4AAC0D351,1,chairman的音标,星奇异蛋糕店,弟子规全文,军训心得体会
1843C9C44E8DACD1F50FB8214A7268B4,3,简字拼音,美丽小员工与老板的故事小说,金炉小篆香断尽,海带的功效与作用
ADEBA9D3A866C3E7D9F882FD89813B3F,1,元素周期表高清大图,普罗旺斯,陈涉世家翻译,七律 忆重庆谈判 毛泽东
4728672F3971577F98E5F480452647FB,2,王牌军医重生十六岁,重要不等式,考研英语分值,龙泽书院地址
8C59CA867D11DD37B198E812E11375C5,4,拔尿管后尿道刺痛,哺乳期能吃葱吗,中国 伊朗,大连徐长元近况
0F458F10ECAA08DAD9ED7DBC68C601E5,1,李宗伟是华人吗,海马s5最高时速,养老金,绿源电动车
C1E25CB88F936706093BEDBF118556FC,2,同城,移动物联卡办理,供应军酒批发,安能物流单号查询
0486D7AEE94EB84F33573F85BE763516,1,中性细胞绝对值偏低是怎么回事,多磨钛消融,冷消融热消融,肝肿瘤
2F2465956AA5D034EC597E725749DE30,1,罗德曼麦当娜一天十次,只爱自己的男人会有多爱你,张译,百合补水睡后新生面膜
F84668AD7F16CF5BC90F8116A64AFEA6,2,攸县云升东方大院,孕妇可以吃墨鱼吗,乌兹别克总统去世,醉汉驾车连撞多车
16D6879E608510C4AB427F8248C85D01,1,鞋带的系法图解,qq怎么群发消息不建群,和我信五百卡一万金币,初中女生背心
C95736466F9A030A941940D500B760CE,3,紫藤花,饕餮怎么读,关于经纬线的说法正确的是()1005关于经纬线,思品是什么课程
53A007A3467926552BBBD84A162503AA,2,移动流量包价格,急性扁桃体发炎,大额头女生适合发型,min
BB2DE478A4D6A428B5543647603BC146,2,你走后我没有再触碰爱的甜果,"云南省邵通市邵阳区盘河乡邮政编码,",上海市奉贤区贤通机械,oppo手机的卖点是什么
0D9EFD453E1646986CC01DA03CA1B861,2,石家庄灵芝,百度,头发薄还掉头发怎么办,张柏芝和陈冠希的故事
315BF37491E7657A7B797B577D42C8DE,1,qq头像,好听的qq个性签名男生,膝盖疼是怎么回事,最潮流的照片
66E650F4857B60FC5D31AB277AF93D89,2,头剖层移膜皮革是真皮吗,公积金卡,天津社会保险最新规定,天津周边旅游景点自驾游
715B2D71C5742D710F520469A1BCDC81,2,华为高配和标配区别,三星c5,iot.weixin.qq.com,江西玉山县属于哪个市
0B456013F80FDA1F14E9F38FA1120E27,5,骑马与砍杀无双三国属性,少妇白洁txt下载,如何找电脑中的驱动,花生用戊唑醇有效成分
3700E4748245EBA76427928B189BB89B,4,豆蔻,期货,最后,修仙系统
E6EBE1BB65C80C3915B565A8A27AE8D2,1,中秋绘画图片大全,电脑光驱不读盘,什么是量子卫星,二年级英语单机网络教材可以下载吗
9615987844E0BB7E9E6EC20CF4675DDB,4,中国政法大学有哪些专业,朴翔把悲伤留给自己,奥德赛2016款,推拉门如何固定
4E4E2BB0055E8107C1E439D56832AA48,1,欧珀莱粉底液价格,什么万能钥匙能破解最难的密码,gopas是什么牌子,俄罗斯日霜
D9CB079DF4236DAC3ED7A0C277772192,2,人有多少牙齿,粉底液属于彩妆吗,探探和qq号有关不,移动联通取消漫游费
95BC7DEABF097C08DD08F57BCEAA489A,1,千禧教堂分析,怎么可以把手机卡销售给新生,什么东西养胃,健胃消食片
71942A9B5FB98A33597752C794A39D83,2,复仇者裂地锤不能用,扫弦怎么扫,俄罗斯女排14号费蒂索娃,同桌的你吉他谱简单版
395F7F0550DC9FA41D220F61D24FBA6E,1,刘丹车祸现场真实尸照,土豆泥,小姑娘月经来前几天乳房胀痛,映客提现红包秒到的吗
1EACB6A6477D5F6CE358C004F266FC2D,4,侨亚爱家养老,跨界歌王,月经期间吃什么水果好,咳嗽可以喝咖啡吗
B1E1F4509E200B6B92F2D4DC4E85B1D8,3,减肥的最佳方法,蒙牛早餐奶有营养吗,每天少吃饭能减肥吗,水煮鱼片
5137C1A5D466E11E5D24B3F7B063ACE3,1,七日杀14.6地图全开,斗鱼,刷马桶的ceo,穿越火线如何在文件中打开
57376EAAC3C71FC2A169D12DE2318D2C,1,鸽子汤禁忌放什么,孕妇可以喝黄芪鸽子汤吗,全民k歌怎么唱sss,大姨妈推迟十几天啪啪啪完肚子痛是怎么回事
5032665D06BFC38578F7FD95036D7D5A,3,美宝莲的好气色口红的樱桃红05怎么样,写给未来老公的一封信,2016年燃气价格是多少,等待候鸟 珍爱网南宁
1FE6970605172694E86BF7EE6A21D775,2,心情好的网名大全,白带发青是什么原因引起的,一到晚上就头痛是怎么回事,王宝强结婚现场视频
FE8CF6B87729E12CF9F5DC52F7B6A32D,0,醋溜土豆丝视频,倩女幽魂盗墓者笔记坐标,封神传奇票房,常熟恒泰
D6413121BD7E7A890D28F893A8E28109,1,还不是我宠的,婚后日常搜狗阅读,重生之再许芳华,星际时代
E1771597B7D648DC0BDC5B282676A315,2,衬衫的英文,lost rivers什么意思,衣服大体分类,1080 1920手机壁纸
1EF062E384C40D928E1A096F2CA1285F,1,六眼魔神摩托车,美图秀秀,珠峰天狼250极速,如何从手机上看qq删除的好友
4744EC21466BE782D8B9C36E8BC2CFCB,1,脑血管痉挛,阴凉处 英语,奔驰手表,沈阳工业大学到沈阳药科大学
6223BC3E6B14F2D2625A631235AE4C2E,2,奥黛丽赫本,斗罗大陆之斗神,斗破同人小说排行榜,鬼月
3E592FA18A3341E29352D299CD9BB67C,3,一品皇妃,百度,什么水果吃了会美白,葱油面
587FF92349CBD4F16F36603CC35F6E7B,1,深圳古城,m-210,swiss m210,深圳东山寺
48B640A5B640B8DEBB355B155B6F0F77,4,兰博基尼变形金刚五图片,兰博基尼,淇滨区住房管理中心,abb式的词语肥什么
F8CE7692CD2606AC7B8BCAFC08F69309,1,"为什么下了snow之后,手机自动下了好多软件",苹果6app store为什么是英文版,乐视1s手机屏幕多少钱,猫咪下巴有黑色的东西
3F4B2656440020BCF0DEDFAD58423B9C,3,toshiba笔记本开机后昨面就发烫是怎么回事,太原市山西大医院到康乐幼儿园,大乐透,微信
81AF56D74F9D0AD3620A241FBE080EAC,2,试纸多久可以测出来怀孕,上海滩,徐娇,百度图片
3AD5BC9345629940AB3050A610AFF26E,2,猴子lol连招技巧,lol波比怎么玩,高端局为什么不用亚索,lol装备大全
313367506DAD028D4956853172064260,1,电动车图片大全图片,胃疼可以喝苏打水吗1005胃疼可以喝苏打水吗,胃疼吃药最好 也不贵,电动车图片大全图片201款
AFE031BE7D0E0E37B236A645E62D5ED2,1,鹿鸣,月经后有褐色分泌物怎么回事,门牙牙龈肿痛怎么办,白带拉丝说明什么
DAD9A24EA2991EE3B19D2022EB2EA85E,1,热水加冰块,北京体育大学的明星,阜阳到达淮滨的火车票,马可波罗
EE0E8E3FF2F6828D7B94644F83606667,4,蚜虫怎么治,爱狗网论坛,海口定做沙发,殷桃近期状况
F5C5F904858C07FD5FB435B414D85B5A,2,聊人生的话题,顾兮兮尹司宸闪婚总裁契约妻,西南民族大学选网球课要自带球拍,避孕药对植物有用吗
66163EAAFEEFAB7FCA254A01CE2BF50B,1,圣诞节蛋糕双层,爱丽小屋的口红有没有毒,微信解封兼职,英语感谢信模板
7EDC454E3583F725BD1D64D7360D1467,4,秉公执法,2015年度食品药品监管干部个人工作总结,药店保健食品管理制度,药品广告审批
CBE89B1C7746CC8D6832E22C80BF353E,3,月经周期四十天哪一天开始做卵泡监测,吃猪蹄丰胸吗,用蒸脸器之前要卸妆吗,聚美优品的东西是正品吗
C21FDD6EF71FDDD4752F89C152C023D9,2,努比亚和魅族哪个好,某新建公路经过吉林省辽源,某告诉公路配套设施,建筑八大员哪个比较好
7EE9FF37F975A301279479C163A6CE9B,1,血小板遗传吗,章丘三路公交车行走路线,济南宽厚里在哪,六块钱的麻辣烫什么意思
1D0CF698F6F25F434A7F997C02DB8899,1,班会自我介绍,联想轻薄,八人遇害案,白银连环杀人案图片
FE4BB29A436894F1887CD341CF6FA50D,2,漂亮爸爸动漫,古代文学常识汇总,温今朝和原柯,风景静物图片
2E75BAB168892F804052D4A0EA0D44BB,3,布袋馍的做法,信用卡一体机app,大专证多少钱能办,办理信用卡
8F64C7BEE279EC87AE9347E13C0A6A92,1,快穿男主他总会弯,快穿原配逆袭指南txt,快穿花式攻略男神方案,花式快穿逆袭男神txt
C9233AB5BCF1D86CD03F648D0C451481,1,圆形插座价格,微微一笑很倾城 电影演员,灰姑娘与四骑士百度云,范冰冰佟大为苹果吻戏
595070A3DB93449E67BF9650DB063E3A,1,牙疼厦门牙科,载拿奥特曼第三十五集,迷你特工队动画片全集,镜子超人国语全集
F543135F80EDB5721F5A0F3BF7A35B5D,3,电视墙墙砖装修效果图,美人心计,机器灵砍菜刀,南阳丝织厂后街
CC25FE85D605E60737F3BA9BC02B077C,0,顾兮兮尹司宸闪婚总裁契约妻,商场防水多钱,属羊的和什么属相最配,魔兽世界多少级可以骑坐骑
AA323FE76DFC12BD6A024DE0861E6A97,1,盗墓笔记我们等你,呵呵是什么意思,龙族全集txt免费下载,三叔不要放弃
8C3E207A75946DDC14F6C55EA058A276,2,赛博袒星球,英语四六级口语考试有用吗,英雄联盟怎么玩,电脑为什么插上耳机没反应
8A59001555F606887FA9D6C4F10F9200,2,qq位置什么意思,提出争议现象话题或观点 并阐述人们对其具?激光点痣有坑会长平么,分析影响或危害 英文,怎么关闭悄悄话功能
94D1A843E4BC20A60242693DDD9AFD37,2,粉刺皮肤用什么护肤品,李焕英,汪俊老婆,sum37有面膜吗
FEFC462222BDD232EF91F095235FF1E4,4,wifi满格老司机,聊天背景图,狐臭会传染吗,针孔无线wifi监控摄像头
2EC3C409183F5D929E586506E721318A,1,爱一个不爱你的人是什么感觉,性格懦弱是怎样形成的,昏暗的太阳翻译,颖州西湖
144EA532128BD2416DA3EFAED5D6B80C,3,中国马拉松,看片软件,佛山星星女视频,怎么用智美报马拉松
78F898445D8ED69ADD80A7F3C6128941,1,我乐学习app,雷克斯官网,n的读音,魅族3 16g和32g区别
D5E8DB0B6414FE684D601F8C1CF23532,2,电风扇一下转一下不转,生日时有什么好玩的,30度穿什么衣服,电风扇一会转一会不转
EDADDC0F6A4946CD3483DC6C54DA9FA2,1,新倩女幽魂大三环什么意思,宾补表动作结束状态,19禁韩国电影推荐,开学祝福语大全
A29E3131B3D33F50D2D03B5B96897E9B,2,性激素六项检查时间,性激素六项是抽血检查吗,桂圆红枣枸杞茶,手机4k和2k的区别
5CC769B042F5034414AA00F3D76D1EF5,3,宫腔积血是什么引起的,怀孕14周还吃维生素e吗,怀孕13周宫腔积液不用紧张,三只松鼠什么最好吃
61B0A1EDC7F0708B7DAC6BCCDC8342E7,2,微微一笑很倾城txt,一叶子面膜怎么样,配制feso4溶液的步骤,闲鱼
F6DA152A5441E7713A14FA343E609F92,1,翡翠和玉的区别,佩戴貔貅什么属相最好,中秋红包图片,树化玉对人有害健康
2D53C590321214236F023F02DF756B89,4,大出血孩子还能要吗,甲亢会不会引起甲状腺肿块,癌症病理报告多少钱,甲状腺肿瘤能治好吗
18418D0902222020E60DC648F70FE877,3,白云机场安检升级,鼻炎流鼻涕不通气怎么办,私家车超载怎么处罚,巴西龟什么时候吃东西
903485ED4DA111F2FEE96BEB9B74B449,1,lol扇子妈皮肤特效,龙王传说,机械键盘声音视频,日女神圣守卫皮肤绝版
5CC80A83466BC8669A9158D0C8877941,3,脸太瘦咋办,打完瘦脸针脸部僵硬,蚂蚁花呗关闭自动还款,瘦长脸适合什么发型
268FE0256A38388558C23E621221E285,3,雪花秀滋阴系列,常州天目湖路是哪个区,韩孝珠,骄阳
CD730217B3DC2562C6E940868BD6BA9A,2,幼儿五大领域在那一本书,笔记本电脑接口不了键盘,奇迹暖暖三元购有算在会员等级上吗,普通disco背景音乐
BCDA9B03C3A9C4B13309F0692BFFC8AA,1,男生洗面奶排行,学物理的手机软件,杜记独角膏怎么加温,祛痘的中药配方药膏
F49347A3559AEC567C1779B1DF28C73B,1,图片里的字变成文档,燕麦片的配料表,好大喜功,提子皮可以吃吗
6FEB944B741EE1AC5386E0C2C83D909A,2,大宝sod蜜可以擦脸吗,毛绒娃娃怎么清洗,宝宝着凉拉肚子吃什么好的最快,一岁宝宝每天早上起床就看电视看半个小时小
EA458A9D2F4CC21BB5A229473F88AAE6,3,秦国历代国君,卡塔尔,qq至尊铭牌,taobao
1E0F70627E873EC2CD4EF85B4D4A856D,3,善良的小yi子在线观看影视之家,麻婆豆腐的家常做法,光棍,韩姨
FE29A4F1743FBAA2CE8B135868BAD11C,1,修真界败类,龙王传说,秦时明月之君临天下,蛟龙图片
A8E7862B693DED75E608126CED2C12C0,4,本田冠道,dior衣服图片,玛莎丽娜面膜,安妮宝贝
E77EB262A016601450DAA27966D1D2F5,2,公共营养师就业前景,图片头像,坚果热量高吗,公共营养师补考费
59A6959C78ED4F64D8F710A9D6899F52,1,男童穿人字拖,"机械效率和有用功成正比,和总功成反比",宣城到淮南的汽车,你跟喽low
1D3EBDB9F6DE6B4B4674936263E5E763,4,重庆黔江区到重庆有多远,买个电脑大显示器看电影效果怎样,新加坡什么语言为主,登封塔沟武校初中班一年多少钱
5DF405D41DB0F26E63391D1A5F9241D3,2,苦瓜炒肉,现在退票要手续费吗2016年,苦瓜炒鸡蛋,石榴的功效与作用
F2DE0A4FD2B386CB463BDDC5AC996411,1,不会拼音打字怎么学,迈锐宝,苹果平板电脑,2016考大车驾照要几岁
25122908D8DB604F07769E3CFF223E82,1,洛克王国狼王穆图视频,近视眼怎么恢复视力,"电脑开机应用程序错误,然后就没有",电脑声音老是自动静音
DA07ACCC3175A4065371D15539B7BD22,3,打麻将装逼后果,彩票星期一开什么奖,分果果教案,向华强
7611A186122E3AA66C7507AC7C63A3E6,3,鸡蛋能和什么做面膜,什么是补血圣药,什么油最适合炒菜,赵丽颖会做饭吗
61A85174FAC8C5AADC599DB11B360BA7,2,酸菜鱼,创业大厦,清远市发展,痉挛怎么读音
9A23EE8B83010A497D094B856122E6D3,3,上火了吃什么降火最快,富春紫光襄阳污水处理厂,乡村艳福,fr是什么电气符号
12EE721CDFD293297CA641470CC9C313,3,福禄娃,生日测试两个人的姻缘,沈腾老婆王琪,雾眉反色期是什么意思
85B98BA644D1568B3A9B44BB0A7C145D,2,胃出血能吃鱼嘛,马自达929图片,三星note7召回,顺丰快递电话
2E3EDD86C658645EBD0B23D8C554CB2B,1,巴普洛夫,2016年浙江北京电影学院分数线10012016年浙,杭州万向职业技术学院宿舍,侠盗猎车手圣安地列斯秘籍
BB8B5C629224F2B4E8AAAEF54F4AEE8D,1,仙方活命饮,黑豆绿豆加甘草金银花,杀人最好的慢性毒药,安定片
26CA3D2B6CE1C759E917E9B31B5DEBC2,2,肉文女配真可怕百度云,欲成欢,angelababy,娇宠宝贝
34B760099D3F53C62E1B9F09E3CC1878,1,百鬼夜行,hppt:,有个小孩儿叫小兰儿,东野圭吾
CC187999BDBCC2D633B1DC3D4CB88C1A,1,mx3线刷教程,剑灵宫华时装,狂犬病发病时间,中秋医院能打狂犬疫苗吗
90117D17852C715F2D7E8D703938D0DD,2,涂磊生气离场,长痘痘用什么护肤品好,陈赫陈凯歌什么关系,杜淳的父亲
3439BAA2612954B993025600E05CFBC5,4,百度,不知道心 歌曲,人山人海的意思,八上语文第三课蜡烛中老妇人的神态描写
EE6C62F76738E8E631763F8EE49A99FA,2,费玉清嘿嘿嘿视频,尿感宁颗粒,联强国际怎么样,平性食物
62DE915E6744EBD8A656A00E3CB4D969,1,江油到青龙峡周围有住的酒店吗,名校贷怎么样,百度,交大的由来
A721ACF5D63D8C4364E3B989D5B9A9AD,1,dnf追星逐月武器属性,女子持40米长刀当街砍人,页面访问已升级,邮政卡一天能给支付宝充值多少钱
5C910F0FDFE141E8E42A46CB5306154F,3,潮涯,文强,正点闹钟,大话西游3
B38FDB784033947CB6CA0DD0ED685950,2,王者荣耀女娲视频,舒淇3极电影片,一看就知道是做什么的名片设计,fategrandorder
A8A32BA0F34D5FF7CD209DFBC750C081,2,琪琪电影,韵母表图片,honeycc个人资料,妈妈的朋友电影在线good
99D4E7827AC88E6590ABFDEA2CDCCD89,2,王者荣耀高渐离死亡摇滚,重庆市育才职业教育中心有几个部1005重庆市,王者荣耀5v5英雄如何搭配,魔法高校的劣等生
51F32171FCCD2843EDEBE55D8420FAAA,1,一人之下片尾曲国语版叫啥,要打lol和cf该怎么买笔记本,买个玩lol和cf不卡的笔记本要什么配置,微信
02003CEDF84C3C555B93E421459E577D,1,会长的玩具腐书网,my family作文,神奇宝贝第一部目录,不要不要放开我书包网
4D3CD82AA138B90CFEE1AE744D5FD24D,2,天蚕土豆,综主角生存计划,boss作死指南,反派有话说[重生
E868CAA8AACA0664F559A4A3BA1BB9FE,4,快递公司电话,训犬师招聘,戚薇,辛集养鸡
A5EC989F550D43D51C756B1DA7A05BF3,1,cool手机官网,高通骁龙820,一加3手机安全吗,僵尸道长2
0F7A0ADF54A50E0C9F4A2E7B83C0701E,2,同程买的火车票可以刷身份证吗,福州303路公交车路线,膝盖太黑怎么办,飞机杯怎么用
E062A6F8B46F28788CB836E0EE395EAE,4,百度,一菩提佛珠工艺厂,什么时候星月便宜,鼻炎怎么办
DFC9C0EF97B140ED6C481547EBE3D089,4,奚梦瑶窦骁,李彩桦与张家辉吻戏视频,张嘉倪床戏,集合内元素可以一样吗
A8664A6A55B46D46FC9F094E99B685B7,1,恐惧英文,蜈蚣辫,install,人文情怀英文
241CEC02B50E75D5E9D76C9076C92A1C,2,大学生写稿赚钱,defy,格式化把手机联系人清了,有五分喜欢 恨不得 知乎
BDC519DF0E3C19C40A5BCB5EE81EE8B5,4,金种子徽蕴6年价格,巢湖会有直达上海,中国电影股票600977,fastboot mode是什么意思
FC64CFBC97C88C666FE688D01F7F118B,4,血红蛋白浓度偏低,面条怎么做好吃,北京城环城国际汽配城,杨丹个人资料
86C8E6C260DD3AEE1EB4EED0D6DB8B71,1,魔王神官和勇者美少女,八本冲杯配兵,九本初期怎么打钱,部落冲突八本打资源配兵
1033669359D0EDCE83656104BB3C0CE7,2,dnf为什么会被制裁,"cf手游,充值过后,首充标志还在不",太白门派服装店的坐标,固态硬盘影响游戏吗
986B5F2AB69C354661F2E2089A36AAB2,2,尼古丁的危害,表格软件,excel单元格里为何输入0进去会消失不见,侠盗飞车罪恶都市火箭筒
00BD33190091FC028E9A1D9750FCA034,1,灯塔,下巴偏右,上鄂痒是怎么回事,盛开
13201DD5C29BC4BB20357BB809544E77,1,阿圭罗遭禁赛3场,与妹妹,西甲出最牛升班马,幽灵餐馆频现
8C2FCAFF9B31A42CED5E91143743A331,1,公章图片,现代高干耽美,天天富翁的玩法,鬼父百度云
D5ADF93720016941DA7C8970742D4E95,2,wifi上不了网是怎么回事,逗指纹表情包,韵达快递查询跟踪,尾骨疼怎么缓解
3AD0148B7919FF534381B426466DAB9A,1,戴小楼,vivo操作系统版本x7,逍遥txt,二十万左右的车排行榜
A0AE1B1FF55E66BFF412CB3BDBBF34A2,2,风行者防风衣,军对级别,三星note4哪个版本好,报考六级的条件
6D3ED3E23908047BB4DEB327F1D0676C,1,封门村,有些东西该断就断了吧,主机再好但是显示屏不好用关系吗,qq亲密度排行
73FD4E9248B3E6CBFDFF9DB3BFE24168,3,好奇金装和铂金装的区别,魅族mx4pro换屏幕多少钱,孕妇血糖高的症状,怀孕30周阴道前壁膨出
2231E72E361299A28D59BA136FA027E5,3,欧意充电宝,六间房,洪名宝忏,那些热血飞扬的日子
A32C1013544D36E4FCF1E681CD872090,3,宫外孕有什么症状,怀孕一个月hcg值翻倍增长说明了什么,多久后可以查出来是否是宫外孕,孕妇可以吃韭菜吗
0F83CBD0EFF909703D9B99504773B3D8,1,带寂的词语,qq名字带人名字大全,英文翻译,fir.im/xuanzqj
3D9F87D83C716ECEBE14F63511A0AD6D,3,麻婆豆腐的家常做法,蔬菜沙拉的做法,沙拉用什么酱,维生素b6可以回奶吗
9C5BDCA77FB75918390A5595586E70BA,1,才学成语,死于饥饿英语,一起作业,人们以含有蛔虫的虫卵的粪便做肥料
E738A3CC982CB31D8DB487D28F8493C0,2,人皮衣裳第二季,大理寺,爆笑尸妃萌萌哒免费阅读,摄政王的冷妃
7E8123CDC32357762E2B047D5BAC7FD2,0,关于初中生活的作文,以学习设计一条宣传口号,彩铅画蝴蝶,电视的英文怎么拼
02092D3A9EE6EAE617ABE9BA6C6CBC1E,1,"豪门顶级宠婚:夜帝,轻点爱",爱情的图片,主动久了会很累 在乎久了会崩溃,帮你看清已婚男人
980E4148DD612B87418D23C4471329C7,4,一座城在等你全文阅读,破脑袋,明月珰的小说哪些好看,开快递公司赚钱吗
CA1C105A260A9700E2DB3E9B8CDBAFA1,2,咸嘉新村蓝色公寓怎么样,新买的笔记本电池比原来电压小有关系吗,做梦梦到身体里有虫子,笔记本显示已接通电源未充电怎么弄
9AAB6995911515A7C32E34FD95C6A418,5,幽默笑话笑破你的肚子,月经不调排卵期出血,非月经期出血的原因,梦见热天下雪
D70AACD544C8D6ECBCC73C717825E920,1,韩国密训,刷卡什么意思,狂风暴雨,旋风少女2一共多少集
AF05731260990ABB04CEBE016DF7DD0F,2,感觉胃肿了,宋欣佳怡,胃胀气怎么办快速排气,身上有很多像针眼一样的红点
BA64544AF1C5FB2F807956DC47C5D44F,2,看片软件,天津衣服街,起床后头很痛,柴犬
7C464A5D1181663231B45029AADEA2D5,4,qq头像,余额宝提现要手续费吗,唐嫣男朋友是谁,油菜人
F68512D815EE73B4664F4585481DCA57,1,18梦境异闻录怎么玩,摩尔,蛋疼怎么疼,瞬时经历英文
7F3E7120F34F2ADAA66C3FDD7DBBC010,2,贫困家庭经济状况简述,脚底茧子怎么去掉,为什么不用保温杯泡茶,大连瑜伽教练培训
00DDF7E3A2FE462B721D3C7E9DAC26D9,1,浅表性胃炎症状及表现,花生米的做法大全,"两个月前做过血液检查甲状腺没什么,现在喉?c3-5椎体前角在颈椎的什么地方",感恩节是几月几号
0E74E0E110A1C1009BEED57E333D6299,4,杨洋演过的电影主演,福州至武夷山国庆节旅游,郭敬明,福州东街口房价
D50ED47CA68E90650106C705E528E574,1,家庭,复旦大学宿舍,刘嘉玲,厦门大学嘉庚学院
9857A31D056BA1ED789DC87C5225E09E,1,人民网评,2013南昌事业单位历年面试真题及答案,上饶到景德镇火车时刻表,火星
A3FB3205DB95B73ED6D05565FA9F8434,1,qq头像,带谢字的诗句,带方字的诗句,五河县浍南镇政府
EF474BCAFED63268A58FADD66D7F62CB,1,滴虫是长在外阴还是阴道内的,mimimi什么时候的歌曲,引产一个月后阴道流血带酸臭味,ons是什么游戏
BEE75E73707FE2F5B94EF9CD882812F2,2,金庸小说顺序,百度,乐视,可以检测出来屏幕是什么时候摔烂的
231C0CBAE7E43FB6C90AFF961CB15CB6,1,洛阳在哪个省,东莞虎门有什么医院可以实习的,北京时间,广州高铁到开封是哪辆
D6E37E4E9DAD6933C293381F505F1BFF,3,赤芍和芍药一样吗,女排金牌赛视频,中国女排,手机淘宝为什么安装不上
3601FE5F84FDE42F1DE77908103AC378,1,乐max2手机怎么样,6100加750ti能玩守望先锋吗,宏基t5000评测,毁灭者dci5
3F457377124F37D8F700FB23A3DED665,1,闲鱼,黑色晶状体,有点甜吉他谱,最初的梦想吉他谱c调
C2B17B0544E679A019300F6918B8CA0B,1,28适合用什么牌子的护肤品,河南浚县夜景图片,粉刺能挤吗,左脸起了密密麻麻的小疙瘩
BD45947676FCD6F452285966B3B48001,2,焚寂煞气,天刀为什么老是在开新服,电脑固件设置中文,灵刃电源适配器质保内坏了
C1FDCF9B950EAAE0A1C0723DFA52D9B6,1,语文素养作文800,小辣椒,lg手表手机,重庆大学
64BF818F1DCB9D2DFB7402F229C78A88,3,顺丰快递电话,新版人民币100跟旧版的有几处不同,喜欢江一燕,做眼线后注意事项
361D76C5C36FE1588BFAF3E655A49AF4,2,"应收账款坏账,予以销账",我们的十年,bind,十五年等待候鸟 小时候的韩以晨
E2981883B7D0024DBCE442E0C58470C1,2,一叶子面膜怎么样,以f.fe结尾加s的有,中国最大的薰衣草基地在哪,早教师资格证怎样报考
5865EB94912CF1FFD2968B026CC06780,2,歌词:你只是调皮的小孩,大乐透,美拓手表专营店怎么样,寻乌医院
55ACE3C6B32F947C68B4E8A2ACEC7844,1,不喜欢一个人的时候是怎么都不会喜欢的,黄色染黑容易褪色吗,生红薯吃了会长胖吗,重庆市白马凼彩虹幼儿园怎么样
E6B3E63365731AB689EA528DFC4E9CA3,1,神马小说,龙王传说,就拿我的假期拜托了20160702,林允儿
F8627A3AD60D4CEA46353E9DC6938F88,1,吃胶囊药可以把外面的去掉吃吗,韩式半永久眉毛,浙江台州离周口项城有多远,愚公移山译文
220F76A03A3D4C3DFBEE2496F4B4FE05,1,重生之正室手册,长脸剪短发好看吗,全美善,如何去掉肚子上的赘肉
D0792BE00B1084D653FD2E838F6DDCE2,2,背叛曹格,大学数学公式定理手册,红豆薏米粉的功效与作用,cea癌胚抗原
FE448FB022727FFD49046EBF24AB357D,1,炫星星星打比赛叫啥,石家庄海洋公园,oppo手机的秘密功能,炒什么菜简单又好吃
3BDD79873C3427745009D1BB1FE2F510,1,邪恶教师小说全集,常州到南京高铁,王梦瑶,爱微影
13BCAC4A31E71AB9658FB1600DFCDB27,1,motherfuker什么意思,恩海大战安然,橙光游戏中心,智利是哪个国家
DFC63AB657FC9C0EB47EECA89994C489,1,全智贤为什么不总拍电视剧,玛丽莲曼森,手机上的固定套餐能退吗,"我现在初二,手小"
5B999EECA9BC8D20998F9BE9704C4C6B,1,北京信息科技大学,大学生参军名额,好花红山歌,动车
82E73A91AE2E25CB4FBD7AB12B4C3AC0,2,凤阳中医院,我们去大草原的湖边等候鸟飞回来,买卡,安徽省内旅游景点推荐
03221496F41AF5FA50AD63D4ECA0E2CE,1,一斤等于多少两,太平洋保险的人工服务,雪花蛋怎么做,通过四级等级考试的英文
B347B28E81597522B4EB1E69B669010F,2,长寿驾校,长寿北城中学,重庆长寿区公租房租金多少,苦化过水
7E87012ED18A50895D5D2E50B5A35BFC,2,有一部选美女子为画扇面的电视剧,天宫二号发射现场总指挥29岁,计算机二级报名时间,玲珑女第一集
F453F57A9A09719E6D51020E37F93FB4,1,耽美冤罪漫画图解,水豚,escape3d攻略,土豚
8DBD4DF8C4EAF9B8E9AA738DF13BCC4D,2,兰博基尼,金泰内存条,pu,midea/美的 mb-wrs4001b怎么样
BA01D54EEB7D239B58D27CFF30D120A0,3,天上有神仙吗,微微一笑很倾城插曲有哪些,骨癌能活多久,泡椒怎么做
55EAE759C879ED0F364FB26732D116A1,4,破伤风症状,intervention,怎样模仿像tyler一样声音,我从未放弃过爱你英文
7010D1E8073BD32C131CF5166EA3156A,1,小花仙9.4最新活动预告,对联大全带横批,"五年级不少于十五场,并能简单写出比赛项目?小花仙8.25最新活动预告",鹿晗图片
D7B43216C300E5C795A45A7FA47B7809,1,食品安全图片,汕大宿舍事务管理系统,小灰灰图片,yovela
174E23EEDD165C12DC3140130CDE705C,3,bigbang钢琴曲,蛋黄呕吐君,两个世界韩剧,水瓶座之歌
DB7705FB71B06AFB29BEE123CAB4AC85,4,孙丽大染房,什么德高中私立,郑雅文,青檬净水器
FA0D931A473C1396EE1F34D7E5B1010D,1,lephone是什么牌子的手机,宽恕的理解,开学2周初中生活作文500字,帆布鞋
4874EED83CBF0E31C30CF2D0C1BC920A,2,麦克劳林公式tanx,法定假日多少天,哈工大工程管理硕士,节拍
1F89EA7C372E4F436C8A182C934C1051,2,晓梦大师说过的话,pvp和pve是什么意思,电影,天涯明月刀游戏剧情共有多少回
EB19BF5B6B94E880E43F3DFA74B5981C,2,天才医师重生十八岁,涧西区绿桥城区,空间重生之大牌灵医,bec
A0A194573E895CD1E47FF7329B149B13,1,益气养血口服液,三星4010,拖欠工资多久算违法,全胸纹身
2AD523022C1AE8B09BAAA7BF9F17D162,2,学画画的软件,甲类传染病有哪些,曹光扮演者的照片,降心火应该怎么相生相克
F7177F06131B595D2ED4ABA5AA0666DD,1,立领连衣裙裁剪图,我们来了谢娜穿的衣服,雨刷器,阔脚高腰裤女夏短裤
6B47B06CAF93F9D827F9A88A1601E0AE,2,怎样用excel排序,哈林老婆,控制面板在哪,餐饮行业
D106F8A74149FAF6F66C061ABC474A5D,1,闭月之颜貂蝉特效,考上英语怎么说,安妮 安妮与提伯斯,漠然置之
65577D591CF0D6730E9A1DBDC8C33B30,3,黄瓜面膜的功效,黄瓜面膜能天天做吗,熟悉的味道,层压
0866DE567862C7BB710EAD67CF477E31,4,王迅,参加婚礼穿黑色衣服可以吗,嘉林花园,东华门夜市
CD6CDA893DD73860A257BFFA69644CC3,1,球球熊猫,闪电侠,德云色在哪直播,白网鞋怎么洗
B9ACBD14A4EDB5604BED0958F385AE43,1,12路公交车几点一趟,媚媚的性幸福生活目录,锦绣重生天价豪门千金,12路公交车几点一趟南阳
65952D4EE0DC8B46501DBA1B16EE06D0,2,电脑自动输入字符,fertilizer,半城繁华,来不及说我爱你番外篇
EFC5B86D7402F79A658525953970443A,3,心肌梗塞,南阳房子均价,番茄酱,父母房子过户给子女要过户费吗
25F20D65387952ACC339F071FFC73B13,1,六本部落战阵型,兄弟情义的诗句,初恋,感受是主题作文
B1012DC3A04758AD5199166829F8759D,2,兰博基尼,一又二分之一是多大管,美图秀秀,奥运会有中国香港
12678FE67B8F16E926D0CB8487AC7688,3,一叶子面膜怎么样,什么牌子的粉底比较保湿,于小光个人资料照片,周星驰导的电影有哪些
5EDBDC330A5C32202F5C2B02BB7EED08,5,长沙算几线城市,心里想着一个人的句子,向一个人表白的句子,今日君已陌路
4AC85B6A7772A3A114C9AEEA9B1533EB,2,荨麻疹会传染吗,豪门冷妻,pvc是什么材料,厉害日语谐音
02BD8EAC9E8CF7A08D8C8D60B699D3AB,2,公序良俗原则,2016江西省事业单位招聘,无因管理,大姨妈来的时候可以吃鸡蛋
B12B99B6FFBFBE8D0E107061AB7E9391,1,面膜泥怎么涂,三盛集团董事长杨年华,火影忍者中那些人是上忍,6943750066152
83F61911139D52AE730B25511490B48A,2,寸拳,咸鸭蛋的营养价值,擒拿术,五险有什么用
B319BA31E0C41B4F7AF2E324F491F1E9,2,进门鞋柜内部结构,win10蓝牙不见了,衣柜内部合理设计图,微信发照片怎么会icloud同步
CBF795B733204979917B3214E5D47D54,2,第一次电影完整版,交换温柔,尹珍熙,好看的爱情电影尺度大
580027B8AA9AC36D05D6F2C96BF14C42,4,马荣性感,妍依然全集,柳岩透视,唐嫣性感
346E39BC7B271DB9BE8D0623F56E19D6,3,儿童沐浴露排行榜,陈百强,南昌高楼顶楼起火,儿童沐浴露排行榜2015
8AD403DCB726BA3C8CBE5DAAEFEA020B,4,狼牙土豆,太谷县村庄一览表,德云一哥 欢乐喜剧人,小儿七珍丸
8CEEE15050004767D1EB86C943DFF3E8,4,读之思付,文昌籍开国将军,形象设计师,建行白金卡最低额度
B48FDE13513F0DA2326F60FE25870917,1,男生发型韩版,血狼,二胡有几根弦,围棋有多少线
9B12A8AECD8276650723610B48ECC007,2,赵雨菲,天天向上赵雨菲一期,cool1支持分屏,cool1
43F42344FC7D2C9496024029B00760D4,2,广式腊味煲仔饭,大乐透,好想你,抑郁症
A3A5BC7D62E074EFC4AD2450CB74E549,3,湖北宜昌机电工程学校有哪些专业,药流清宫后可以待在空调房吗,恋舞怎么使用脚本精灵,湖北省宜昌市机电工程学校
99B8592EA5CC93492CF54A1E455F9C09,3,"相亲对象,见一面就说领证",工作后如何提高自己的论文写作能力,月经期间会上火,"一个男的如果喜欢你,就不会不联系你"
909A3C4042D77377F67C293B5E7664FE,2,学号不好辱骂老师,胡杏儿着急要小孩,曹云金再讽郭德纲,天津2台电视剧
2E8FDAFBE0D12C5181EB31378412509E,1,盐酸米诺环素胶囊,动漫的英文,海藻面膜,李先生去黑头
074B29253AC4B3C3EFA7ABC343C8C617,2,河南工业大学校园网,surround,dior口红,specialist
F4E368F61BBED059E6C72F72AF418718,2,purchase中文什么意思,岑,羽毛球多少根羽毛,a级通缉令
8FEE0460005B15C05951D6FFB810CFC9,2,上海口译考试,户部巷在武汉哪个区,怎么从武唱火车站去户部巷,二胎政策对房地产的影响
7BA5EE71E11090FFB504803C5D720240,1,战神k540d和k610d,常德历史名人,全民k歌怎么唱sss,百度
80BE676B7284C44384CD5E6D112C9B45,1,工口漫画h,神级作死兑换系统,极品滛乱合集txt下载,一起两次的药我中午下午吃可以不
C14AEF1A9A8365130AC0ED5A37B6DDB5,2,高桥努,新宿二星有多大,百度,芙蓉王两侧图片
3F3A4F128C5751379991F4B4BD15368B,1,o型血,石榴籽能吃吗,雪纺和聚酯纤维的区别,长乐司法局上班时间
C4761E41F340A7343780A45E7EADD736,1,2016农业银行卡图片,中通快递预单什么时候到,申通快递,银行前台柜员
94F597992E3D4DA08EA527E5683F7B81,1,"一拿重东西胳膊酸,为什么",好人做好事手抄报,韩东君金晨,化妆师一套化妆工具
452A626B18FC607A22C2D240269C5ADA,2,往返机票比单程便宜,乌龟可以吃金钱草吗,成都海昌极地海洋世界,成都周边古镇排名
152B44FD4656605DEEB9EFAD01157AE1,1,智力测试题,硝化细菌,时刻指的是什么,ua星级电影会
6575CE2774AB5AB52254614DF7BE49D9,1,塑料普通话,怀孕多少周才能流,弹弹堂龙巢之战第二关打死两个,早孕试纸两条杠一定怀孕吗
D0144534F69809BB1FD88BA9F71F3B85,1,涟漪,男的卖艾芙洛怎么样,王侯将相宁有种乎下一句1001王侯将相宁有种,校园叛徒免费阅读
CF788088C91F355CE0742B2C5868AA11,1,赵丽颖和韩国,芭莎明星慈善夜赵丽颖,赵丽颖牵手exo吴世勋,芭莎明星慈善夜赵丽颖和男星合照
B6A14A7019D523D8841294985FA2DD4E,2,怎么看一个人适不适合你,他不适合我,十九三四年,我的霸道男友
D5E2B534655B9AF14E0D44C01043EB30,4,"十堰西坪中心幼儿园发生特大交通事故,货车?十堰西坪车祸",黑糖,ahc b5精华,airbnb
54D014F562B9A7555059DCFCB3233BE5,1,小米手机在哪升级系统,小米在哪里恢复出厂设置,死神一护打蓝染shi哪集,小米手机权限管理在哪
B473FAEA894BA51E897922F7E9F37298,1,佳能70d怎么用傻瓜相机,tf,裕腾数码,钱塘江大潮时间
122BA516C9A3F8E11ABEA4926B184822,2,老中医专业祛斑,沃尔玛,福州到海口的飞机票,金和银的导电性哪个更好
47A7782D65AF224147759B21196346DA,2,短信中心号码在哪里设置,丁家岭位置,蛋炒饭怎么做好吃,大衣配什么鞋子
D9D213ADBA874F73F7617E12A0308219,4,油菜鸡肉丸子汤的做法,病毒性感冒用药,周生生官方旗舰店,励志视频
41FEFDA6B388A42C48CDC4FADC290DD8,1,淘宝客服应聘流程,5.5寸的页面设置的页边距,叶兴静字的繁体字怎么写,鸡蛋和胡萝卜能放在一起炒吗
789E32B6597FA46734FC87432A484BBF,3,李慧文,阿荣英文,郭圣通,三一重工
246E5B33ED641E8FA6C29860034D7A84,1,喝什么最容易减肥,影视演员黄子韬简历,豆瓣酱欣和,韩版港风运动鞋
1A256690D303216D296F1AB79D7E99FF,4,神犬小七歌曲大全试听,怎么给芭比娃娃做婚纱,做芭比娃娃的鞋材料,怎么冶流鼻涕
A3D3402C8EE168BB0E5DD948CA461D61,1,亚索怎么e野怪穿墙,华硕,验孕棒多久能测出来怀孕,信用卡怎么取现
24BCD430042B38D3805C3A05336AFD7F,4,汝女不识丁,轻盈依梦,青云志金瓶儿是谁,westlife
806A7BFAFA637F2EC7B67BA95E55474F,2,饥荒攻略,天地桥之战剧情简介,限制电影微信公众号大全,千手柱间
23A1A9F2AB138B9002B0AA472C7674E4,4,转朱阁低绮户照无眠是什么歌,"那个执事,永恒",密室困游鱼番外婚后篇,穿越之恶魔执事俏女仆
4520C3F8A0DB52B830C9A769CC6DB4E4,2,排激素脸要多久能恢复,"狗狗不欢实,还懒洋洋的",脓包型痘痘,呋喃西林
69FA3D42BC7F7E93A31D97A9017ABE5F,1,鱼籽排毒酶,姣妃六宝鱼籽祛痘,额头上长白色的小痘痘是什么,皮肤医生
FD5CDD89D80B95F794AD5E4B7AD6CBD2,1,不再犹豫,脸上长痘痘还会下去么,高乐高还有买的么,宠物王国4白金破解版
20BCE8B88C72D32E519C86180CD913DB,1,山村老尸,动漫搏击玫瑰,雨的四季表达了作者怎样的情感,cos伊丽莎白
CC0D8D540C2622E5486AF54B2B865F86,1,便秘吃什么最快排便1002便秘吃什么最快排便,wwe女子摔角怎么看不了,眼霜多少岁开始用比较好1001眼霜多少岁开始,取耳软骨隆鼻
85D4362A8A1A2C8F018DB04A932EDB5E,1,老司机开车什么意思,依兰爱情故事歌词是什么意思,安徽中澳科技职业学院官网,呈坎
388362AE36883556817D7B06AE70AFD6,2,名爵锐行,卡宴2016款,衡阳师范学院教务处外网,xnbr-zno是什么意思
CE9A787A4417670C6CF12DEA7938D816,1,匡威101010真假,左炔诺孕酮滴丸,姓氏笔画排序,在阴道口会不会怀孕
7BF85DBEFEB2BBE608761FFF71F83D88,2,2016中秋节观看澳门烟花节几点开始,贤人之爱,珠海观看澳门烟花节在哪里看,平板电脑有能插usb的吗
668003A8EFE1E117A724C005C95065AA,3,朝阳到建平火车时刻表,剪力墙浇筑后砂眼是什么问题,福特rs报价,云l
4A209B1BEE5C763A5F4A169D49AF09F6,2,金源一品,万达王健林是谁的女婿,英语,南宁写字楼出租信息
BC00BC5ACAC56D1F0FA4A3DB25E7342A,2,梅西湖沙滩公园,手机号码跟银行卡解除绑定,苹果6plus64g官方报价,大汶口文化遗址在我国的哪个省
107C0C54E70C47273C16D970498AFB93,2,好雨时节,微信红包图片整人的,手机不能接打电话,无限恐怖结局
4AAFA004927F059DB2210FFBC2E4286C,2,雪莉,绿豆发芽还能拿来煮嘛,发烧跑步可以退烧吗,2016年上的韩剧
E4971285F22F8A73D604E2B45ED0F8EB,5,矿棉板,坡道坡度如何计算,lya nature,东北大学 华南理工
FEB1D6B048E05011E63EC89FE20D3608,1,根号3920化简,婴儿喉咙后面有白点,血液病有哪些症状,推荐词的范文200字
512568A64AAB44B8CB4528B8AE3B8EF2,2,忘记微信号怎么找回,郑州凯隆广场有卖衣服的,那个网站可以看青云志全集,郑州凯隆广场是
AF4FABB1688E3DC7C2383663ED156DA0,1,朋友群名称大全霸气,亳州万达招聘,烤箱烤红薯,风流老师后宫
29B5A84295BA9259575C7E2B46FCC639,1,趣味测试题及答案,单纯的女孩好吗,错过短文,丹凤眼的人怎么样
6169074C29330EE8D17BE7DFE72DBDA9,5,无痛人流手术时间,张亮忠开的什么车,人流后多久可以出门上班,牧马人越野车
C1919BB0631FC410FFD10BAD30232DB9,3,加湿器达到一定湿度,2016短发最新发型女,微店怎么开,21克手机官网
20C322A2029AE916E4E74A972241CB84,2,虹领巾,成都,关于柠檬免流问题大全,成都上扬软件
7F2941004AD36EF23581B70D39E79052,3,网络电影怎么赚钱,爱如潮水大张伟视频,淘宝刷好评兼职靠谱吗,大话西游3
D8FC0695E3A0CFB764F4A7AEE0338F21,4,皂质芦荟,噶伦是什么意思,动车几号靠窗,扎西格勒是什么意思
2F05CB95E9CC8B9BD2C092BB4A63B026,3,梳理行政执法依据说法正确的是,冷漠毛主席语录听不了,杨绛眼睛度数,迎客广场大连银行
9BF8787D2F642187CC48D19DB4DA5BD9,1,【直播】楼主今天去相了个亲!!!!捂脸跑 >//,女生很容易感动流泪,扎克伯格,这样一直暧昧着也不错~~
201AACBAEA549DB6A27ACB20174D42B2,1,干粉灭火器原理,正步走脚怎么发力,太原南站到东客站坐几路车,包皮手术
EAA87FCD69A42D000CAF8C681AC55F48,2,美图秀秀,短发,猪蹄汤的做法,大脑银行
B8D1024BA2FB12B8C8A46829480E954C,3,爱奇艺客服电话是多少,铁血剑豪易图片,汽车eco什么意思,鲲鱼
4057B767C67FC8E3EFE077107F39769D,3,男士裤子尺码对照表,正甲贴有用吗,欧洲向美洲移民的过程,刹帝利怎么读
59E0CC20880B5FE2E1ECF896E8A038AC,4,帕金森病的症状,卡地亚官网,"9只朝上放着的杯,每4只",初中开学感想
618FE1F3B04FBDD19E2530DFA94B64D8,1,笔记本电脑什么牌子好,盖世英雄中的美女,三星s6edge十,越野驾驶沙漠中文版
87C55B98F8E3F64ADA89179CCB8ADA38,2,简单的歌谱,苹果玫瑰花的切法,非月经期出血的原因,蒸大包子的花样
E6071135815709879D9AE5E7D523F6AF,1,轮子妈哪个皮肤好看,何苦将将离别看的那么重,成武一中耿鹏,去成为想成为的那个人 永远都不会晚
4744ED170F40ACCDBCBFF07CE29ED77B,1,面膜几天敷一次最好,满腔热血的碰壁,成都机场附近有地铁吗,哥诗达
1C4DEA9459A1DE644C093093861F4155,2,张译,猕猴桃和香蕉能一起吃吗,韩姨,沭阳中新幼儿园
DF200289AB6780690C2DB3E2DB46EF25,2,"要结婚了,男朋友明显冷淡,对我特别不好",梦见吃酸萝卜,梦见家里黄色牛,"穿胸贴显小,可以垫胸贴吗"
8322A33EE169DBED8FA443115DD76ECD,1,韩信背水一战,哈利波特被诅咒的孩子中文版,百度云vip账号,adidas
4C6230A4B350EF155D0AC5AE7AC3034E,3,botox瘦脸针价格,杨宗纬得歌里面有喵,婚房气球心形教程图解,小宋佳长裙搭体恤
6C861FDBF1F731CD9C633D2B970BAB74,1,彦,恋爱循环罗马音,明月何皎皎,活着就是恶心
3B399D7B3ABE6DA2185248E22F76D94B,1,龙虾肉怎么做好吃,违反信号灯规定扣几分,电脑系统瘫痪图片,葛根图片
1EC6BFB1D2F338E33E4A57AF103C2379,1,java硬件思想,南通大学物流管理,cf人机模式进不去,百度图片
0D62353EE36CD6FCFD8F157FA5A81B0D,3,艾灸的作用和禁忌,道而丁,南昌湾里保利半山国际,刮痧
60FF8425CB84D1AF932B7BBDF5F5D069,5,师娘双修小说,视频播放,威海天气,瓜蒌薤白半夏汤
D1C41D110B227936D0C5DEA641156133,5,毛泽东诗词,"宫少,来床咚",蜂蜜蒸南瓜的做法大全,适合朗诵的有气势的诗词
9AD06154FCC1D8A6B5E174243E22C044,2,紫外线不强的天气要用防晒吗,连续函数包括多项式函数和什么,"0,1闭区间上多项式的含义",举出不是多项式是例子
84FCDD8133E4541755AEA712383F64B6,1,内蒙谚语抱着火炉吃西瓜,弓形虫检查一个阳性一个阴性,引产,怀安县仁济医院
CC08DE861EBA932ABA684B9DACA1C1C3,1,盐城金鹰mac专柜,无心插柳柳成荫的上一句,徐娇,plumful
DC1C1D82BBEB96B70FAA04678AD07E62,2,彷徨的脚步我不醉不归,鸠山,苍茫的脚步我不醉不归,饸烙面
D1B3B2EA0BEC2CC5DA158319708C95C2,1,人流后有淤血怎么办,广州北京路有什么逛的,啤酒过敏吃什么保健品,广州哪里比较好逛
2161A37C567FCDED47BDEB7F1B52D0ED,5,工民建,960m,大乐透,天才在左疯子在右
2C4C1AF488A0D4E7A7741F8A2F7411AC,1,奥林匹斯星传人物介绍,买macbookpro还是air,番禺广场哪个出口站,有关鲤鱼的词语
E309851C9980DB323BB0C8A0DB3DC8C1,2,人民大学到颐和园,既成事实,无线路由器wi-fi,jm02
D4D12DCC0027E1546192F3731C430431,2,电动车撑脚怎么使用,韩国美妆节目,重生之士兵突击兵王系统下载,另一个故事 (士兵突击同人
5423A09003794D70523D6A813C89E6EA,2,蒙娜丽莎卫浴坐便器,徐守省委书记简历,北京新天地房价走势,朴槿惠提早回国
913F2DE903A653A2B229D2827706EA44,2,验孕棒多久能测出来怀孕,验孕棒一定要用晨尿吗,乖摸头经典句子,口腔溃疡痛吃止痛药有用吗
85BEE03ADE5CE4C59DFEAA64FD058C0F,3,生姜怎么熬汁,"小米4手机屏幕成白色,看不清怎么回事","一个明星因为老婆生的孩子太丑,要离婚",个性霸气网名
9D80A4167149D97D4B337E958CDCDC9E,3,来例假不下血怎么回事,太原山西大学地址,七八猜成语,太原山西大学是最好的学校
872DCEDB656CFA1AF504D5361A7CC2F8,3,薛占海,工商银行卡补办要多久,脚踝侧面疼怎么回事,营养品品牌排行榜
C86BFF6F80A3C4E3313F01831D773082,1,构,你曾是我唯一,带点色色的穿越小说,first love音译歌词
B180C51371475B5CC11B73F9CD47396C,2,马堵山,前世五百次回眸换来今生一次擦肩,手机腾讯视频缓存文件在哪,eva
14CBCB84F2F29BC2175943977FB96282,2,博爱是什么意思,青鸟,外疮,优盘插电脑上不显示
91A68EEE5A3B6774AF6B0105AD5E3932,2,孙中山,学霸考研书店,华为在沈阳有售后服务那,喝西红柿炖牛腩的好处
E15FFCB0BFD92A9E55895D21A77FE37D,2,死亡邮件,电视剧致青春的朱小北,优速快递,maksim
311DB68E2492C395C3A75C55D6FF95D3,2,微微哪个播放器可以看,教堂的英文,三年之痛七年之痒是什么意思,定期理财到期后会自动转入余额宝吗
844B7EEE54DA1063666E2B922D69FE31,2,陈赫,节奏大师歌曲大全,我的世界可以把建筑移到另一个,笔记本电脑失灵了
F7F41C88B5DE61B168CC79681ECD802C,1,看书有啥用,三毛笔下的撒哈拉,果5换屏多少钱,撒哈拉 三毛
A7BA680F8E24E5FEF5B160F4743F68FA,2,罗技 m336 检测不到,农村公安部宿舍,在家点点,龙柏
ACA60529810ECEC1890AB91BC325B764,2,南京的免费旅游景点,暗黑复仇者2卡维利特打法,闲鱼,ps4光盘游戏记录会自动存储吗
5577DD19803374E42C089D5CCFED864D,1,从a读到最后英语,疣壮痣图片,千变万化的意思,夜来香
7EEB0997F3556409E3F5DEE5D47BCFFA,1,人中之龙0,人中之龙0誓约的场所,大话西游2,"好像见你一面,往事重来一遍,我想偷偷的出现"
AE9F4F82F5D946F794C26A06B2A86026,1,龙川有没有房子,开心果,儿童外套,薯条薯片虾条淘宝
8DE219A48EB1826B99D13B26682A15B7,4,吃绿枣的好处和坏处,炒什么菜简单又好吃,哺乳期能不能吃韭菜,两个多月宝宝眼屎多
E7D11CD8DC6B634C8F0EC3D5E25C31E2,3,毛衣编织款式,映客直播怎么兑换钱,蝴蝶飞呀简谱,毛衣编织款式花样图解
27F1E1A2194B25A8A65A1F52AB7C27E3,3,头孢克肟片,制霉素栓,荨麻疹打吊针效果如何,凑十法口诀
E0B633ADCFD223102FC6FF9B1950DCC3,1,喜马拉雅fm,201r,sgnsinx是什么,中博物流
6B51C79197DEE7AAA8A8513F50D5B842,1,龙珠超宇宙100倍龟派气功怎么刷,惠普笔记本电脑电池怎么拆,龙珠超宇宙悟空师傅,虚度年华图片
B86E47C0C1CD39C6396C474A099476DF,1,老奶奶发型,adidas originals nmd r1粉色,adidas originals nmd官网,肯德基
F559BD4A4E59D8C41693241DF781F910,1,清华大学专业介绍,精美风景壁纸,runningman之白雪公主特辑,血滴子
284B67A260D58E7DF1292DE14395564A,4,虫洞,最近看二十米远的东东模糊看不清楚,网银怎么用,广州芳村
7829FB06B9A63552A6C68BB9A12AD056,3,男生射的慢怎么回事,怎么推家理发店,私处有点痒怎么办,怎么吸引人加群
55B97EFE478B7DDE650688C9B4B311B0,4,周柏豪,mirosoft powerpoint2010怎么设置底片,这个杀手不太冷英文名,国内怎么用voco
454F06144BACEC36B31A31C037FAC7EC,1,额尔德尼·确吉杰布,小米石斛图片,普京保镖获金牌,李思思
30EB4E240961FD0B08A756E081DF8BA7,3,瘦肚子的瑜伽动作视频,二手平台app,瑜伽入门基本动作,天津之眼摩天轮
CDF275B41489236D554BCB1A33C566DA,3,水光面膜多少钱一盒,青云志白雪,梅毒图片,港币跟人民币的汇率
AFA109A032844228EA606EF145084D93,1,你还要我多难堪歌词,心肌梗塞,清一藏红花面膜怎么样,安庆天气
933B2C06B1CC7C98A29016015339F28E,3,李云龙的原型是谁,马丽整容,槟榔为什么那么凉,河南濮阳小伙火了
6F96889257816FFCDAE7D668AE8608C1,2,紧急页面访问升级,西苑魅影未删全本,山西有机场吗,上古卷轴5有没有坐骑
A002BFE85A1A3BF4431A712C9819242A,1,江西现代职业技术学院,好听英文名,王俊凯图片,朱小琴英文名
F4C30FFDD049852CE34065CE25CC4866,1,移动初高中18g,密室逃脱1第13关图解,百度云下载,电脑开不了机一直滴滴响
06ADCFE391856794D8F400300DAF5DBE,3,可莱丝卡通面膜,廊坊环境好的咖啡厅,繁体字文章,廊坊商业银行介绍
B1082D1D2244C0B37D5C230A71CCEC3D,1,intel(r)celeron(r)3205u的电脑,飘飘欲仙灰太狼txt下载,华硕a455l,宏基acer
9D5A5838E8EA1DC9D0ECB678CE93573E,1,美少女战士,幽灵学院电影完整版,白色头发红色眼睛的动漫人物,女生头像唯美
1C7CF2A6834435D63F5C32DAD9CA6155,1,ifyou音译歌词,捷豹xe,皎月女神怎么玩,租号玩app
1D0DB21DE2ACCDF25F4D3D884DF3E77A,2,键盘上调亮度的坏了怎么办,微店怎么开,柿子的功效与作用,加盟店排行榜
234A63465C0FB0D2F9F366C7FF5055B2,2,雅鹿男装招聘,中国企业排名2016,费玉清荤段子,白羊座性格
854EE688609A5E95AD3EFD95C7E3B49A,1,烟熏火燎的燎是什么意思,雷琪化妆品怎么样,加菲猫破解版,凯特芒果怎么算熟
C58CEA3FB22ECB81BEFD1777FA9659DB,3,oppor9原机膜是什么膜,白玉歌,秦时明月之君临天下,气血衰退怎么调理
C97342DB0B3C7563DDC4730F53524D2A,2,age20s粉韩国专柜价格,上班哪种口红,ysl202唇釉,阿玛尼401和402
ACD092CFDF4E121D50FE4A987F93C70C,2,死亡邮件,武警老兵退伍卸衔,美满霉素口服液,金希澈
6D0142656D1F6092D10D122F55E9B4A6,3,北京到贵阳高铁,吃完达英一个月,k471次列车时刻表,百度
9D6FA27535C1D9C991F99990F62E340D,1,制作软件,蜂巢轮胎价格,红米note2怎么root,散打带的绑法图
5F3A20D2DB1E398D9199B5AB8251F1AA,3,肝炎会传染吗,尤卓尔和艾洛松,arb类降压药,冰糖银耳汤
08006F0299996131DBFB922B2AB878A6,5,midi键盘和midi制作编曲的区别,蓬安县一中招聘,莞怎么读,第一交响曲第二乐章
68EA04A3A248B2BD29263038331AB49D,3,工程施工属于什么科目,k710次列车时刻表,秋季嗓子疼怎么办,悦跑圈什么用
40F375CD84A25F5B3D3873402297F1D4,3,真石漆每平方多少钱,东京食尸鬼第三季网盘,静吧装修效果图,lol海底世界皮肤
158016D76DE20188BC3D5B028CD97E0D,2,微微一笑很倾城床戏,新注册的支付宝账户不能绑定银行卡,vivoa3,厉爵风顾小艾全文阅读
04A70E947D70BBCE96F07F04A0941769,3,夏天巧克力化了怎么办,禾木蛋糕,十个月宝宝可以吃蓝莓吗,墙纸
B1B8CBBCC8F14A7306628A8CF612DE18,1,海神号,欲成欢,我的监护人老公txt,百度云下载
B037526C8D74E6F1B31C2AADD885E880,1,wap免流,龙王传说,小霸王游戏合集手机版,电影
73BFEF86B6247406EC095E181696763D,3,卷寿司,石榴籽能吃吗,室内婚纱照图片,珀薇原液的使用方法
BBC1BF08751350234C8F5601238B98CC,1,亲爱的阿基米德结局,龙星凉 ins,河北科技师范学院的舞蹈社团,海军迷彩服图片
B6B38EF790745FFE0CF6CE5738E80365,1,汉族学生和藏族学生,成都航职业技术学院,关于西藏的电影,温江农业大学
895470F748B13E8A77A91B9B8A32971C,2,李运才,接受现金捐赠,孕妇不能吃美好时光海苔,白带稠成浆糊怎么回事
CDD567D6087D4C2C0ADF54988B2C0072,4,德州天气,鲍曼不动杆菌能治好吗,童女长相,吃枸杞有什么好处
DFF8E7700B534FE3E620A20EE44DEE3E,2,蓝牙耳机充满电有什么提示,北京有几个长途客运站,哈佛h9,c证能直接增加什么证1001c证能直接增加什么
0E0E213F2B001776AB4562CAFED1A67B,2,清华平板电脑,乐视手机充电就关机,法国第戎发生爆炸,monster是什么意思
F691CBDE48F6AEA94646E165CFE29396,1,床上的泥娃娃,游戏王之冉冉,",长生狱",一品废妻书包网
DAE07E1AD257C286925C8EA5F3797A21,2,win8开机画面修改要求,"目不能两视而明,耳不能两听而聪 道虽迩,不?尧",u盘装系统教程win7,瓦伦达心态
C9698FA7FFBCD3899DCB3133C2DD4741,2,九个月婴儿低烧怎么办,丹东旅游,vivo日历停止运行,张纪中妻子出轨
8E0EC356E43279A836A902F656A12F0C,2,百里xiang种子,第一个是白的成语,thisis是什么意思,胡波核桃仁的做法
D75CA32B4D21A2F397BE3F20E1398DE6,1,剥石榴最快的方法,听音乐的英文,李学航,石榴怎么剥
3D12F7FA754311E21B49A5CC4459F3A2,1,泉水激石 泠泠作响,边伯贤同款卫衣,步步惊心若曦赛马,芙蓉·德拉库尔
4485AFAD91E887306F55218457267983,1,邵崇柏微博,k.0 3anguo+原创】、《天 的 彼 岸1009k.0,歌之王子废柴女神,狐妖诱惑小说
C166572FB543643BF0E6819920ECDEB5,1,什么粉底液好用,lachapelle是什么牌子,杭州g20是什么意思,贝德玛卸妆水怎么样
5B085B09EED2D2857A0AAC7653FF2BA0,2,教育部推免系统开放时间2017年,offer,考研真相和黄皮书模拟试题哪个好,贵金属催化前景
6439E49AF98AAF87347A794681846610,4,西安西高新楼盘,"我有4000斤核桃,应该在西安哪个市场去出售",西安土门三环那有个蔬果市场,高加索犬颜色
BBF304B9B6DBDC67875C2691F59C7AF5,1,沈阳建筑大学,沈阳的二本大学有哪些,篮球火第二部,杨幂上快乐大本营是哪一期
0C95E99FFDA2290564E0D2E840C33E1D,3,newgame手柄怎么用,小黄蜂250大概几个油,重型机车,倒置减震和正置减震的区别
0319D8BC20281ED1E9C521B6F5F3F72C,1,手游cf群公告大全,应用宝典,192.168.1.1登陆官网1002192.168.1.1登陆官,手游cf雷跳教学
B49DEB9D29A2F3738EC67E29FB7DB066,2,欲望之花,优购,台剧偶像剧大全,准新娘吸毒被抓
17214E819EE3343366717909463D13B0,1,qq邮箱网页版,邮箱登陆,理发店剪刀怎么拿,倍赏千惠子
A953F6A0A7549C80E29CB5AAF6DEC613,1,咽喉痛偏方,兰博基尼,zenyangchaorouweitudou,金芦荟套盒多少钱
13BC8E54EA93A98262318BB0A09ED273,3,调理便秘的方法,柚子可祛痘么,单位同事过生日礼物,朋友过生日送什么礼物
DBE39F1A9F0BF66B1371742E8CCFEB6C,2,天蝎男不是真喜欢射手女,怎么知道别人有艾滋病,贤者之爱小说在线阅读,天蝎男的爱情套路
7F01566A12425C7C42FEE223D28DCC11,1,龙王英雄联盟,miss 在直播时旁边坐的人,英雄联盟明星对抗赛,金星评王宝强离婚
0297B730A193911FF15052577BCAAF6E,1,尾音,qq头像,静夜郭沫若,my favourite subject 的作文
BDD757124373D39EA80F4DAF86A27829,1,一加新品,mlgb图片,angelababy,百度
B7516091D379BD819FD0B8A03EC9927C,3,佛祖保佑图片,免费小说,长方脸纹理烫,"每天给女孩发短信,女孩烦了"
4CAC8EB3DB7A3299D873F7F3820E11A9,2,叶莉 出生日期,军训广播稿100字,联想笔记本电脑开不了机怎么办,教师节贺卡图片大全
B3385B344458E834D5695CEE41B3F072,1,女孩子突然肚子痛,斗破苍穹小说全集下载,70kg直播,我们来了大连站下车的插曲
B76AACB63158736077FA2CAFA3092685,3,孕妇不容易,黄蓉外传,早产的原因及迹象,阿爽有没有背叛肖奈
6202763B66B250480567A52E4E0F5A62,3,顺丰速运,伊诗露化妆水怎么样,德国essence,黑莓手机插卡没信号
2D599CD1DAEFAF623EA35EA8D1CBB153,3,魔兽世界小说,美女纹身纹在逼上图片,群发的我不回,枪膛小说
7F2A5F8B0047B10C3342EDC82F69B021,1,海绵宝宝第一部央视配音版,口红颜色大全图片,那些年我们一起追的女孩剧照,网络兼职
F19E348DAE91DAAF4478A79315E6A856,2,美白沐浴乳,瘦脂肪小腿,减肥瘦腿瑜伽,独立日卷土重来剧情
2B2562DFFDE856C081A35B9AAE7ABA3F,3,红米note3高配版支持otg吗,kkkkav在线观看,青云志陆雪琪谁演,空调压缩机接线图视频
203103627DB472D58D44274438B86561,5,错爱一生小说免费阅读,赌圣2,霁,教师行为规范准则
BB2E9E4A114C98C5D36B867FE90E1327,3,挤奶器牌子,死亡邮件,谢杏芳,郑雅文
314154C80443C32301905CBB77771224,2,毕业选题,ai中如何把人物扣下来,vi封面应该做什么,安全提示图标
66B91550BE1F8031FE002D67EC026CAD,3,废旧材料做灯笼,汽车发车怎么弄,坂田万科第五园这边有没有作文辅导班,儿童电话手表哪个牌子好吗
2CA31FF125C63017C22D3F75F59CBFE5,1,按221号永康2016年满15年领养老保险金该多?腾讯微博,龙王传说,加盟店排行榜,蒸馒头
FF373A97096ABD6D45D8464977EF6431,0,宋欣佳怡,snh48又出个4千年美女,"缔造 ""星梦神话"" 星梦剧院三周年中秋盛典视",迪拜乞丐刷卡拿什么
C091A099490B2D749E372D9EF62AD79B,3,2018建成通车高铁,qq图片小孩子可爱头像,男生醉酒伤感图片,g1897高铁
1AB54C70BD18FE0107D27EAB13BB9458,3,好听的英文网名 女孩,英文女孩网名,大年初一立春潘长江开的车,怎样注册支付宝账户
F7D65231DBD36DB6A20EEB90EBA4324B,2,专插本要考什么科目,为什么电脑关机时老是要更新,职业套装,虐缘囚情
84239250259E3EAD54DA29111D303180,2,临沂尹琳,安利产品,五大行离职,临沂常昊
2A031C6A21DEDB440BC8F6B25CC31820,3,杨幂2017年再拍什么剧,杨洋电话能打通,杨洋郑爽发布会视频,郑元畅现任女友
C8A89708C1599FC042F9A098ED9F0570,3,扁平疣擦药后脸肿图片,激光去扁平疣后效果图,速达软件,孩子斜视手术40后看远处有斜视看近处没斜视
BD30F9D9C8C4DE0C27BE7112FFBB5D5C,1,无法加载 system.core.dll,巴音布鲁克草原,第七代i5与第六代m7 哪个性能好,上海大众nw202
B4C340B130A1FFE64368DDD6DAE140B2,2,聂灵珊聂灵雨全文阅读,魔域官网,红犬,学电脑维修
A4FDEFE17F11DD23E8224CF838705F6D,2,红楼梦赏析,日本有名的歌手名字,2016英语六级考试时间,荒木球菜日语片假名
BFA54B75B8A08EAA099781B214A694EE,2,康熙微服私访记,新水浒传搜狐,2016斯诺克大师赛,qq头像
BA9565922E0A9A31629EE6D86FDFD5D5,1,中国政法大学照片,个性微名,有解压包的网游,北京大学法学院
C91748850954429B79D15C3E10533D95,3,小米手环怎么连接iphone,日本60hz的电饭锅中国能用吗,备的繁体字,波力黑大师是什么型号
1ACB0FC97E0A23A795E77447F1A9A7D9,1,男主重生悔改的文,笨蛋!你不是我妹,我的竹马是男配,传奇纨绔少爷
368B59BFB8DE59BB25B5F6918FC6A011,3,青岛方特,昵图网官网,韩进破产,诗句
F9DAB06C1B9F91533952DCEC85022E51,2,不收年费的银行卡,o型血,如何删除微信小视频,利息怎么算
171FA75C0570C906236A51471BABE00A,3,黑狐,长沙会战,胆囊炎,孕妇可以吃香菜吗
ECF411E0C23B305F38C624DFB397D2EA,1,nvidia geforce 820m能玩gta5吗,斯沃琪2012touch,胃粘膜脱落吃什么好,港版2014是什么型号
E05E3A8AA13D3C2D80873406992F11E2,3,好奇金装和铂金装的区别,逸轩的含义,俊男坊,天津17公里打车多少钱
EDB7BFC27870ACBF79030E3E64AD196B,3,郭敬明,三洋电视,个人征信办理,赤峰标准件小区
318182EA5124FE46FF58F77B3529E1B5,1,微信上买的学生票可以退么,天天酷跑糖果恶魔视频,一念魔一念佛纹身图片,一念成佛一念成魔
95B18819EC60AED2419B47A47E60787F,3,阿吉豆,k401晚点查询,最经典的一场维密秀,网络大电影情义无悔在yy能
13999E3417B420CD88E56473F3D55792,1,芝麻信用分600多了 为什么没有花呗,冷光美白牙齿的危害,卡尔文克莱恩,机器磨得红豆薏仁粉怎么保存
95A650F2A4423BCDCC4C5AD0F83FBF5B,1,视吧官网,怎么赚q币,申请身份证照片维护,视吧怎么赚钱
05381F51E586019626327DCEFD2B02BB,3,猪肝粥的做法,自制口红,排卵太早医生让吃来曲唑,月经第三天多少卵泡正常
5DDF305CCFE0EBE672CE63C02D9A1ED0,2,明朝陈野,威海郭斌,竞走怎么走,新浪
B5F56FFC3F8EED7E105E40F435BE89A4,2,老干妈,文武,秒杀怎么才能抢到,雪莉
5E3AE0F9826E7D2B83D8118F3702F64F,2,韩国电影朋友2结局,比值带不带单位,中国移动集团小号,硅水凝胶韩语
E271398E90F325D398DFE70B653768C7,3,佰草集官网,孩子的脚总是冰凉的,武汉今年什么时候降温,炒货机炒板栗的做法
C2A4697323CF71F9CDA8867B0E8533C1,2,霍建华微信头像,新华网,精神分裂测试,好看的师生恋电影
38A45D0C189861F97E826FF42B3AF9A3,1,英语,fategrandorder,无锡到南通的汽车是到哪个站,e江南
9A0AA0D16451E7F49AE8052A80B5C7AC,1,小米九号脚垫怎么安装,睡眠中有用的是深睡眠,鼻中隔弯曲出血,12月大连天气
0301A2EF198A3357B5F35122A57B9261,1,重庆第二师范学院新校区地址,跑步会瘦吗,达芬奇的故事 简短,电信诈骗引言
6D4F62A7A57872543842A3285F13C24B,2,dnf关于黑雾截图,电脑连接错误691,安图妮1-5攻略,17173dnf
E047BCC795D75CCB36F8A331A0182683,3,喜欢你 在一起,尸玄姬,狼与香辛料赫萝怀孕,魔兽净化少女
40A1E48F0527D8694705EE1F53ED28DF,5,有没有擦药膏可以慢慢淡化去痣的,人生语录,手机银行上能不能查银行卡余额,医学检验
D0220A36F38608528B83789E9E5A5576,0,煮水饺的方法,手机怎么可以改图标,智能手表开机键坏了,六安实验中学宿舍
6F72C969CDCB7A3BE7A40C149015AD34,4,怎样能让宫颈管血块快速拍出,宫颈管积血伴凝血块怎么办,鼻炎能吃牛肉吗,盆腔炎会影响痛经吗
CF7C5BB31492FB3D86AEC33035767660,1,张云龙,有诗意的卷首语,宋欣佳怡,家让我们感受到哪些方面的温暖
62367CDD1EDFF0D6012729E8C92850BE,2,恐婚症,异位妊娠保守手术,军对级别,王祖蓝家有
D04DD547E8314B1F5499EA31C128B424,1,乐视电量多大,青大教务处,敷面膜脸上出了颗粒,炸冰激凌
BD85C0230B8366109A9E49E8E05DE203,2,青春年华健身会,怎样让自己笑点高,极品飞车15手柄漂移,玉林实验中学好吗
D48A99BAC41C8439F39145307FC55782,4,海口百果园加盟,中秋节的诗句 古诗,正弘春晓,孩子总是定时咳嗽
984E1CBFA414FB776EF117B741EFB606,1,工行卡可以修改密码但是取款时密码错误次数,护肤品能带上高铁吗,笔记本一直显示正在启动,小熊防晒霜军训用哪个
677D96C82669C1D5881A2A5AF4FA9914,1,十年戎马心孤单,大学综合英语1答案,形式与政策,魅蓝note3关闭qq
45740B2DD6CA827ABA52A3BBFE28FC3C,4,美女与茶的图片,长临河古镇网,长临河社区网,包河区人民法院陈美琴
132DD299D0F929DDF95B00325C575A5D,1,怎么才能把微信封了,2016微信解封软件,微微一笑很倾城插曲有哪些,"最佳萌妻:大boss,跳个舞"
B2E8A8F22D3B46C12A45B8016FFB5196,1,催乳师,天虚戒,男主低调厉害的小说,高中物理课本有几本
2CDBFFF39A649DBF905E21EDFFEB3E43,1,母心佛心推荐理由,阿sue做面膜,快穿之精益求精,神奇宝贝第二季 小说小遥
2E6C2D1D22D8115418393F2D059CA646,1,江苏大学,操练吧教官微盘,蒋,末世掌上七星
0863A9AEAD1F343043659D34D54BFB86,1,白狮子,希尔薇,傲之追猎者q版,oppohia3
7A99021D50A35105A35D8DEFA9E9EE80,1,龙腾小说,河北机电职业技术学院行政班级课程,上大学,吞噬星空的同人小说
407E922CDE5467ECBCE07C0EEE1621F2,2,速度3d 彩票,超速3d,持,iphone7图片
5FE28EA94319EED632D8FAC70E1EFC4B,3,男朋友不爱你的表现有哪些,傅国生结局,郑州西郊有什么公园,天津最富有的县城
761D6447F83B0E7C2F30A5B9DD5BB0B8,2,陆虎越野车价格,田阳婚纱摄影,真的有丰胸产品吗,cf玩什么模式升级最快
A0CC81A9A9DBCF37FAB606DD956CBEC2,1,技嘉主板关闭usb供电,怀孕期间可以剪指甲吗,显卡问题导致黑屏,戴尔主板bios设置u盘启动
417EBFBE7088E6575CBE483D9F00E800,1,怎么解不等式,高中校舞蹈队要求,无刘海蓬松马尾辫扎法,啦啦队舞蹈视频
6BEC5FEC6ADE7ED1E426920E6FC10851,3,衣服批发网,"有没我什么卖衣服的淘宝店,质量好又便宜的1",名侦探柯南剧场版1到19百度云,血清钙降低所致什么病
D41CFCF11190E863C9E74A44521E3644,1,有卧蚕好不好,总是梦到自己怀孕怎么回事,刮痧的作用,奇瑞
2335762D828A52CEDD1330A00C17F072,2,奥运会篮球,柠檬和香蕉能一起吃吗,三星s4内外屏是一体的吗,少年啊宾在线阅读
05BB66913F2F51EC77C8AC075603AB89,1,m8更新后微语双开,中国房产证已规定成为永久产权,噪声排放标准,固齿
540AF838D193652C93A5E4DA4A55417E,2,膝盖经常疼是怎么回事,笔记本电脑没有运行无线服务,爬山之后膝盖疼怎么办,杜丽
2BFF806E6179E7FFF0ED5DCB059A8D33,1,护理专业研究课题,新倩女幽魂怎么增加活力,诺言都兑现万人欢呼的场面,和bl同人漫吧类似的贴吧
3B4233D33A7785E9668765A6DD93B2A7,2,对孙中山的评价,百度,海贼王天空岛是第几集,御龙在天app
2B814E23A9BAA686382338B91C6EEB77,1,菊花古剑和酒,豪门重生之妇贵逼人微盘,豪门重生之妇贵逼人猫扑网,菊花古剑和酒by猫合txt下载
64F710ADF699BD6E3C858B19FAEFCEA1,2,综英美]店主不好吃,>重生之星际宠婚[娱乐圈],火焰原子分光光度计测cr狭缝宽度,教授他爹开饭馆
B47D0B5A7C28B3284606139EC105FF76,1,老是胡思乱想怎么控制,摩托车种类介绍,朴孝真哟微博,向左
E0A766CBEF42B9A63453028F51858BD3,2,酷睿m3和i5的区别,天宫二号发射升空,李宁官方旗舰店,电路第五版邱关源课后答案详解
101D0D56F2F8DA5313301F2B26A29D06,2,常州39路公交车路线,一个手机能上两个微信吗,医馆笑传2,实习生电影简介
4EE0354A7A3BE9B51DF0FB2CEB7B55D9,1,遮瑕膏,蛇蛇大作战手机版,佟丽娅老公,2 4 8 16什么意思
6550B75BA315FAD5FBBDDE83E4B480B9,1,高迪香奈儿纹身图片,人物郭德纲,雷石点歌台绑定房台,上火了吃什么降火最快
C7A5CAF41A2639CA0559961C8310827B,2,酸菜鱼,麻婆豆腐的家常做法,小清新网名,烤肉串
696127EEBACCDAEB4802FF33ABB75D0F,2,不曾的实奈,社会主义,eva,秦时明月之君临天下
7135DECFC0A9031A391569294CE5E7D5,1,qq头像,平均血红蛋白量,白日梦晚安,大胃王密子君
9049F34748EE1D59091D30F140DD3622,1,招商银行信用卡中心,苹果官网怎么查序列号,乡村小神医,笔记本电脑什么牌子好
9FF7762870C3283F0D8E0A8A5B1FDF40,3,我去哪里找像你这么好,脆香饼麦当劳,百世汇通总部电话,运单号查询圆通快递
18B6E2FD7A5A500838163A0915773B2B,1,盖奇骑士包,"2014,4月音乐会",华佗此人,奇异人生
518F42BBA2BD0D42F3C8D5BF310BA6DA,2,本宫在上,废金属,就好高能量超滤直饮机,傻妞复活是哪集
C1EF0573F4FAC461B1441270A3031072,2,乔任梁怎么就死了呢,怎样理解营业成本存货中的非付现费用,会计论文题目关于会计报表分析的好写吗,红桃k价格
7720A645C0A44AAF171B6DC163673F2C,4,吃得苦中苦方为人上人是什么意思,为什么云相册显示不出来,脑瘫分几种,驾驭什么意思
498BBF9A3143C46E7C7E9B9BBFF836BE,1,厦门旅游攻略,qq聊天记录查询器,转学联系教务处吗,检讨书开头怎么写
D9D8E32BC2F583F43C615C0BDB4926D1,1,什么零食最好吃,北京传媒公司,北京地铁图2016最新版,剪辑师
7E5201ED9152F45A5F0EE7B3E5B67C7A,3,大同到平鲁的大巴,八月十五红包语,qq群规章制度,笔记本网络设置还原
07405C53AA9ADBD78F3ED320E8255E2D,2,纹眉价格,陕西移动套餐介绍2016,药窕淑女,个人兴趣爱好怎么写
EE269C93D072E4FCC25D5038CE4FDA11,4,大宋提刑官经典台词,生理期可以喝酸奶吗,刘赙,怎样找回误删的照片
19E675481459D674EFA9511535BE93D4,1,白血病会贫血吗,容易生气是什么原因,历史上有薛平贵这个人吗,大润发
E7871648183B7DD0B1B94E44108A77B7,1,里约奥运中国女排名单,2017年春节是几月几号,搞怪头像,美国女排
360E1008DF8F0F16E559FA4BD671B500,2,催乳师,老公集散地,结痂会留疤吗,百度
0BF07E5B36E96B24E4EE6D07EB3FE4EE,2,郑州有没有类似二七广场,校园网不能下载东西,自动控制第三版第二章胡寿松,郑州那个地方好玩
F8DB53FEFF85E585F7961E7B09539CA1,6,订婚戒指戴哪个手指,卡地亚官网,pommele,阿玛尼唇釉红管真假
74073E745D1E3AA15D1880128A25A7D0,2,形成和确立阶段,孟母三迁,湖大新闻学考研复习计划,蔚然成风
E75C09417C92C77BED770BA23311BCE4,1,贇怎么读,情侣个性头像,卡祖笛怎么吹,猜歌王第九关
643D45D02F8AA5E1FFF07C83370FFF34,3,宫禁糜烂可以怀孕吗,怎么登录路由器,豆腐夹肉馅的做法大全,多角度分类大班教案
310F1A75E2C6BD89A3AE3D02185E099A,4,感冒无力怎么办,饭后喝水好吗,慢性肠胃炎,电饭煲提前跳闸
B904C1CDA745CE83BEB2300BA7CEC227,4,非你莫属最新一期,昆明85公交车,净空法师淡过中秋,王宝强父亲说什么
F2C880A18EF7430833298DC6E4333B81,4,孙骁骁,数学中的各种体积公式,产后月经量为何忽多忽少,宝宝夜里睡觉不踏实 伴有哭闹
026EFB4DB93961DAD39B8B3E2D53D83D,2,小园化妆品,d杏仁酸,外贸服装店武汉,链球菌图片
55E2668C5B0C4770B368503016B9DF68,3,三十五度蓝,风疹,乐文,闪婚豪门 乐文
398DCBF09BC96EDE9887107A0FB580FB,3,神龙荒帝,郭德纲 德字辈,海南强拆事件处理结果,百度
4919AB2D237443A137795DE386344106,2,剑姬源计划皮肤视频,图腾古树茂凯,乐视,华硕x555lf
D6295F9B34F24BD6FD2A4DF401D9237F,2,真哥斯拉,美国汽车品牌,托森式差速器,颜宇鹏
7D5D5693290288ED3DD80D07F95AC7B0,1,乱世繁华外传,穆卿衣,谍影重重在哪个app可以不用会员下载,邵阳县的邮政编码是多少
EDD401E2FE7B4EE3A05E519DE3548DAB,1,电脑图片,家里除了书房还可以有什么房间,口罩宝强,酒店无早是什么意思
EE9E95A897DDF232CA314D639859857A,2,顺丰快递电话,微信二维码怎么弄成图片,涵曦瘦身乳多少钱,消肿怎么快
8D6D757C96AF9A337A9A2AA3E2C63096,2,i/o是什么意思,k82,flash cs6 闪光文字教程,flash闪光字
85846C58DC66FA3B7552D58782433C2E,1,h桥驱动电路原理,超级黑科技,上海虹桥到外滩怎么坐地铁,姿态角控制pwm
F4EB2255B835A26EA254FD9D8836AF86,2,盛开,http://xscw.hznu.edu.cn,奥运精英约定你视频,中国冠军范
CDE93D11A226258FE0C33E731A6F7FF7,1,顺丰快递电话,韩国mcm免税店多少钱,雁荡路58弄,世纪公园地铁几号线
0F5F6E571C25C16AA4B003A053A5C3FC,2,暌违,江祖平,凤错美人深宫谋,古装剧中那些舞蹈片段
55E6E525AB71C81BBBD0925806A03C3C,1,结婚彩礼钱多少合适,野心家林遇,女生当兵到部队要做什么,alpha是什么意思
16244D4DFB15DE0562E918DA8FE0A3F5,1,李婧磁,kimi图片,怎么用手机把两个视频剪在一起,没来月经的时候吃冰的
46FF665AE37F1C4861B564B96A00560C,5,大华dvr,海康威视4200客户端和萤石云有什么区别,摄像头自己老闪自己就没有了,华为比苹果好吗
9DCB3FD64C965440678ACB30A0339AE8,3,为什么男人喜欢苹果手机,苹果6什么时候降价,易亲亲手机电影,净水器有用吗
7FBC0BEA694F390BE1ED8A9B7A7AEC86,1,沈阳职业技术学院,巴西气候,胖哲兄弟,到沈阳当兵坐哪躺车
EA4D28A12872A8F634F0361100AF0B52,1,大二新生开学物品,李晨,李晓霞男友张继科,郡怎么读
8B4A91A748B0423FEED1863B61381C34,3,三伏天2016,欲望都市拍拍拍,唯一男性精灵使,大话西游2
3E99E64A9B47F018B49DA6B863360EAE,4,昊五行属什么,沈阳二手房,哺乳期喝什么汤下奶快,沈阳零首付楼盘
4755A73F7D3DD4F5509BC9E2267EBD0F,3,怀孕初期有褐色分泌物,真爱,小三勾引的电视剧,有小三的电视剧大全
2FE95B4AD7BDBA563C4F20DC52D9F945,1,c语言,华硕,红红火火歌唱我的生活,歌唱这生活舞曲
701F05485909463CDD26AFA2925AF071,1,那声音常在我心田600字,九年级上册历史课堂精练精英家教网,死于翻译,实现英文
3A41A8F781B7EEB08305AA6ECE70A03C,4,7.0cjq加点怎么加,网卡没有了怎么办,打雷可以用电脑吗,大便出血 便血分离
E8AF61D0C9A9B2EC765403F94748B91A,3,山东魏桥创业集团有限公司,福贵主演,瑞声科技,歌尔组织旅游
EA2B9730453CDB68022D36F59D15AA45,1,梦见渔网,用面包粉怎么做面包,梦见眼前一座山,鸭腿的家常做法酱鸭腿
B25ADE057F385FF64844D4AC1163273B,1,诛仙2小说,天空城,哈萨克斯坦北部地区,萧逸才是否到了太清境界
E82B4CEBD6133F517BA7313A5C4B9432,2,五分袖连衣裙,榆次一路车公交路线,寿阳县地图,2009年入团时间
DC8B25CD4DB27B40B9762AE57755E87F,4,中秋节哪里好玩,人生何处不相逢,走下去就会有意想不到的风景,手太滑了
F4A098B40BD8704F0FB599BF0236955C,1,lol金牌主播德莱文,深圳松岗,广州哪里有卖电脑的,手机拍身份证打印出来可以打印出来吗
4EB43C710A444FF0D1AE14CD8DF44911,3,文革怪谈,白羊座性格,破伤风症状,w motors
4CCEF7CE9FF25DE77212C2DDE0D1CFB0,2,玉田到唐山西站车票,玉田招工最新信息,玉田县,玉田到秦皇岛市火车时刻表
D2CA660680BB6D025281EE64472058E8,2,十月什么时候去上海迪士尼,华山,男闺,国内机械制造厂
7268B764EAEAEDC45A431BA4D837869B,1,开车前一个小时可以退票吗,河南工学院有农村信用社,龙珠超58动漫网全集,火车没赶上可以退票吗
13A8161A2DF97194037161A6466E1931,1,乳腺纤维瘤能吃蜂蜜吗,艾灸盒,vivox#,青云志陆雪琪谁演
37D3CE70C9568BD9DEA0E0185E2B6698,2,河北普通话考试成绩查询,雅居乐御龙山房价,平遥动车站到平遥古城,邦荟网太原分公司
1B061C7157F34A8CCFFBBA313C78419E,1,霍思燕吻戏,"模特的身高,体重",央视中秋之夜节目表,8年级上册英语课本仁爱版
3D647FDD73D01EA993D885E06858EEDB,1,increase反义词,快乐大本营爱奇艺,多长时间拉一次屎正常,柯基文
7D384581AA78C5C27B9196B97A911565,4,脚上有鸡眼怎么去除,蛙趣视频,感恩老师手抄报漂亮的,女运动鞋
CD7FD5D939901515961406526D91BB09,3,美甲图片2016款式红色,竹醋牛奶去死皮足膜,足膜去死皮的危害,支气管哮喘可以吃什么水果
AA711B37F095E221AC1E4A804001DC40,2,华为荣耀v8r9,华为matev8和p9比较,华佗膏副作用很大,百度
618A39A0EC982EA9D1C1CBE0780B0F7D,1,长城建材市场到基建营,中华会计网校我的网校我的家梦想成真专区手,深圳代理记账公司,韩后一盒面膜在店里大概多少钱
4D6CB20A683CA872CA260DE6F44EC6BE,1,厂督大人惊呆了好看吗讲的啥,写信格式范文图,大学迎新海报设计,唐七公子
CB60688EC218752A6FA7FCF347A71672,2,百度,干皮什么补水好,innisfree火山泥面膜,正常女生的白带
14B8453CCF0AD30287B3E925D0ECA51E,2,韩国水光樱花面膜味道,烧仙草的热量,寿司可以隔夜吃吗,丽得姿面膜新包装
97836C9885091302B9B0B1545D2CA42D,3,朗行,如何用豆豉做鸡翅,斯柯达野帝,胜利哥
3F164693D49C7DC0B2352C5D648A79BB,3,大同政府12345,es80h-a6,深渊电影,赵蕊蕊
08C2DBEDBEAD9C2455B07409AF0DD00B,2,吉林农业科技学院教务科在哪,微微一笑很倾城中学校在哪,微微一笑很倾城中的大学,手机怎么改图片的大小
DE6F190BE08691F6877B94EB65418920,3,精装修后怎么办,"王思聪: ""爸,有个问题我思考很久了一直没有",衣柜内部合理设计图,怀孕什么都不想吃怎么办
F485F68410DEDF2F3AD1A047F651309B,2,咽喉炎,外汇核销管理,都江堰的作业,出口买方信贷
5266868C79BE73D786674685480B7952,1,"很多洗发水都很好用,没有头屑 英语",某国有酿造厂,第二代身份证,中国现代有哪些商人他们的经营之道
BC0376470AE4BEAB764F967314D83F1F,1,吴泉锡,破伤风症状,桔钓沙,浅水湾在哪
54E2E8521F3DB11C3ADF8ACB4A73A898,1,实验室可用如图装置模拟制备笨甲醛,超过多少人算公众平台,"如图所示,质量为m",qq帐号忘了怎么找回
C4E4867B647E2B5BE027F6825B337F24,1,2016云南高考550分能上一本吗,iphone6plus报价,昆明版筑,美白小偏方 一天变白
6A40B1CEE532D9649841C235EA09847B,4,上海华东政法大学,飘窗窗帘效果图,米昔是的功效,预产期计算器
7638A9059F5DCBC8C90CB54CBD8FAB03,1,电跑,吊丝女士,电动摩托车驾驶证多大岁数能办,百度
AF65438FADED0B5BE8F2BEE5D8D3FE50,3,棯怎么读,琼字的拼音,微信能查银行卡余额吗,虫草花的功效与作用
BD06A4931B53A2F2A9BBC6A3AB25765C,3,水光面膜多少钱一盒,北京南站,死无葬身之地,著名外国剧作家
4C4C7C15B4A71FCFBB21A0CFF57B4CAF,2,怎样安装适配器设置,计算机二级考试英语,翻天覆地孙悟空全集,毕节北安置区属于哪个街道
1D5AE4A5E1D009B383D0431624E25674,1,echo回声,金木研cosplay美图,太阳部落组合,龙之谷2精灵王座电影
8B933C0BA178911B5B7201C4AF23CE92,3,椰汁西米露,炸鸡块,老南瓜怎么做好吃,宁阳万佳房产和齐鲁房产哪个好
973607137ADF2111B26B433D17F5F0EE,1,补银行卡需要什么条件,黑贝狗图片,小说亭,喉咙发痒咳嗽是怎么回事
51DFABFDE5E62C5B45D63E27EE8C5E16,2,龙擎天上面出现叫姓聿的司令的小说,一笑清国,支付宝注册,重生之康熙元后
EF2A4015137B9EAE16393010E18E3CE1,1,维生素可以敷脸吗,戚薇,防晒霜度数高伤害大吗,艳鬼发狂
97E3A5E25E4AE28997966AF03A54B14E,4,严师出高徒下一句,火影忍者哦了,笔记本输入法不出汉字,笔记本打不出汉字点个东西闪退
AB2DE10D40C9BB44C1444C3505F2C76B,1,ipad死循环,近视眼激光手术,浅色牛仔裤搭配图,红米手机亮度怎么调
B41A0CEF90232E384334AFC1C0B78838,3,6()十10()=1(人)求答案,"女主重生,女二穿越,上一世是官家小姐,这世?十年之久",朴宝剑,寒门
81843CC7A4830AC146A3C99DA3D7BFF1,2,let美人怎么加盟,香港3861国际母婴生活馆开店图片,淳优名品是不是正品,二个月小孩拉绿色大便
29D7D5E638B304510ADAED0C539EA6F3,3,兰花怎么修剪,t额,南通长青沙射击,找一个黄磊一样的男朋友
AF4BA9F0524E796E302AF8ABD5F22F3D,1,小孩感冒嗓子疼怎么办,走向高考高中物理必修1人教实验版14.15页答,丰胸的穴位,怎么快速丰胸不吃药
ECF21E0900306028C0310E9EB702FD73,1,乔抑郁自杀,微信红包群,红楼梦茜雪,佐鸣大战
9EFF440D12EA50206E98E120A076B50A,2,小红帽歌词,碾怎么读,蒙多音字,长征胜利80周年在几月几日
8673CCE49E8977090CA3F0DC8DD33B55,2,赵海燕,"大学物理,已知煤粉从0.5米高落下",茅屋为秋风所破歌,与母亲同居的日子txt
7B24FD1FAD7FF7F0577E8E54AE896542,2,为什么说细胞是一个有机体,海藻面膜千万别买,糖类鉴定应该先讲步骤还是原理,石柏草图片
0985943228E7F978AB2F1AB94681457D,2,得得爱在线观看,"要使自凝树脂在常温下就能聚合,需要有1002?悬疑小说 暗黑者",胸腔穿刺术的适应症,要使自凝树脂
D36915850E0E8730E6327D4BDF80494D,1,vivoxplay5的屏幕是什么屏幕,男生多高才算标准身高,魅蓝note3换屏幕多少钱,张良是如何死的
32BBBDC313F08D9ED0BFF74E06D6C460,3,虾能和红薯一起吃吗,孕妇可以吃哈米瓜吗,孕妇吃黑芝麻糊好吗,婴儿黄旦高怎么办
8F91C506FABB813332571DCCAFE7494D,1,华为p9还是荣耀v8好,网上兼职真的能赚钱吗,"顺丰快递快吗,",西安市长安区培华学院17号楼与16号楼离的远
D09CA46E7E8EEF687726779B0AC7933E,1,天下手游官网,亡灵杀手外传破解版,微信红包群,夺帅国语高清完整版
6E55D141EC4B718B367ABA77214F750D,2,便检怎么检查,ones是什么意思,古北水镇攻略,电脑强制关机按什么键
87FBF3772660D0C7C317296962DDC2E2,4,手机定位找人系统,阜宁县宋海英个人资料,宋海英吴明宇,手机定位找人系统免费
DD6182A2BC7D2797C7648B73980A0C2D,3,扑翼样震颤,工资指导线制度,匙状指见于什么病,peggy
04C08CBF8DE4F7738AC15C5890B337DF,2,沈阳站到沈阳北站公交,翡翠谷,g20苏州有免费,舟山普陀游玩攻略
53A7C786814B6F0FDDA82CB67A7F9A46,2,tr500好吗,纯牛奶泡黑咖啡能提神吗,上眼皮松弛手术价格,南山南容易跑调吗
15735FCCAB01E8C8F43871472536CBCA,1,清蒸南瓜,缺乏维生素c,同道中人是什么意思,王祖蓝老婆
E86182EC4E0E9C5BDC896BAE81980FE3,2,四轮摩托车,苹果8比7强在哪,北京北京歌词,阴模
667B0838D05A2C403192E1E1CCD533D1,3,我微信删除了怎么恢复手机,有信电话怎么隐藏号码,爱玩4g定向流量包怎么用,网络电话显示什么号码
D2F08CDAE2F57A6F06A49E9C2ABAB6C4,1,怎么看悄悄话是谁发的,饥荒攻略,毓璜顶医院,百度
680B1744810CB022CEF3C0456C00158A,1,倩女游戏是怎么点击使用装备,村委会算政府部门吗,新倩女方士,郭晶晶
BBCDC91D7208812A520AAA8E919A769F,3,交际舞,左楼右抱达令,沉醉东风,尼坤
F5D06549F4D66C94912253B6E750E28D,3,超载超限2016新规定,谷歌卫星地图高清2016手机版下载,换季节时候胸口疼,燃油计量单元大小一样吗
1B0B4D6113CB70E9C9EF26D8C1DE54E6,1,嘉兴人才人事网,乐视,平湖2路,螺旋烫
B76B449456DC2F9106B72A3D97AFC105,2,密室机关,东港市港口,狐臭是臭味么,最终兵器英雄介绍
4FAFBD1066DFAAC9103887685AADD4CE,2,中国地质大学武汉研究生院,马克思主义基本原理概论,爱生活爱自己下一句,现代思想政治教育学原理 旧书店
BA7582DA6361592B11C6D86C494A1198,2,中科大附近的医学院校1002中科大附近的医学,ipad pro 32g够用吗,枸杞子的作用与功效1001枸杞子的作用与功效,新买的ipad怎么开机啊
5F213A358BB1645B1508696922018755,2,usb hdd是什么意思,qq头像,电脑主机如何连接,计算机二级报名时间
7B9117E348CC42ED02394F1E2EAEBA2A,1,里番绅士本子库,无精症表现,具惠善,郑爽胡彦斌
6DF37DA06F3FE342671B0C2CC092CD00,1,搞笑囧图,peggy,dnf27级双刀,厨师做海鲜往外爬
82A6E121367BDAA8BEB674618839E856,4,十个月宝宝几个小时吃一次,梦见算命,广州飞机事故是真的吗,梦见吃糖
80099AC72D670E61611557903F514BD0,1,鼠标速度cf,周末提高仓位,意外险最高保额多少,中国平安保险官网
0A00587CF6530D87D62F9E673435EE02,1,博威尔健身,李旭升新浪博客,盛世军婚,回来吧大叔
5985E4119EAEAB7283EEFAE006B09AA7,3,墙纸,芦笋图片,时时彩平台哪个好,老时时彩360走势图表
382450EF145A32D07FFF89CFEEFFF646,3,优速快递,福鼎快递,"三分全进,中投不进nba球星",文具代理加盟
6BE3710E22618474EB2C44EB6C687C8F,5,vx气,芦笋焯水多久,千灯,襄阳银兴天下国际电影城影讯
1F1F96FE5E793D77DA7DFE3DB3281D74,2,河南师范大学教务管理系统,撒空空的小说,东岑西舅,移动专项使用费是什么
8CE4B0A27FA1BAE0DB7FC2B6CA52115A,1,梦到蛇预示着什么,完美产品,打鱼机漏洞打法,瑞典鲱鱼罐头超市专供
35DC0BCB6E0DF634D72F41A01AB7E721,2,一叶子面膜怎么样,惠州西湖,雅诗兰黛好油,螺旋烫
C8B3201FA98E1D6C5CB5836DA8A18958,3,华佗古皂功效,民族围巾引流广告词,冷雨夜,用什么字表示很爱一个人
07A6CA646CA4F8F3B96685C57721C5F0,1,检查过敏源需要空腹吗,易到打车,中国建设银行个人网上银行,洪辰
120C8E88F73CBB5F97EB1F43A8B57605,2,连花清瘟片,郎的诱惑歌词,唐七公子,你是我最爱的女人
F2ABBC7F26E07D639390CABFEC34EC8B,2,贯彻是什么意思,黔东南第一漂,电气工程证件管几年,转弯塘家具商场
1ECF188B9314C2A4588E48B078E90FB7,3,如何训练宝宝爬行,猴年宝宝几月出生好,熟悉的味道,一奶粉勺米粉兑多少水
CC2AE9258E4365EC9A45DF288ADE860E,3,我没有车我没有房是什么歌,边关,幸运魔剑士,葫芦娃游戏攻略
BB46F39EDF113692A949D2CF99F5EFD8,3,酱好的牛肉怎么吃,六度地狱在线观看,一年中国死多少人,川主寺
00FE3C8E6C38CE05EB01975C15DCCBDC,1,自考本科,x7和r9哪个好,我们的十年,青龙街到九中的大方向书店怎么走
FA34093133D8E6AF2B4F6D6D7B4C84A3,1,牛奶蜂蜜可以一起喝吗,月歌,七匹狼和柒牌,如何清洗手表
9CBD8B5E48DB450EA3E88394B32F9957,2,卫星周期和轨道高度,实习前准备工作,吃什么养生,设置fly文件相对路径
659AAB15F2341A7F9B80D0DDAB58EA53,2,无双大蛇2全人物图片,皮蛋的做法,天降之物,万书网
25113852BE57FF5B68A41498837A5169,2,疱疹严重吗,网上订票客服电话,宝马x1,科技每日推送
0858C5F519B15F1B906097AA50EE2CA7,2,dnf安全模式,dnf安装包下载,win10系统玩游戏为什么老是网络连接中断,快递查询单号查询追踪
8C191BCF4422E8A139F6882A62722559,3,农村转型发展方向,鸡苗,电子提炼黄金技术,土鸡苗合作
B5B02D8455C78EC522720CFAB7D603EA,2,大乐透,别人问起我你会怎么称呼,钟楼到楼观台做什么车,目前版本dnf谁上海最高
EBF31A603F54C2B106E4AE2AA3BA1C91,1,形容人有志气的二字词,苹果对菠萝说哎呦,形容人有志气的词,呼吸道感染吃什么药
6AAAE5FE0A74832056A016D49EF56B7E,3,巳怎么读,蕾哈娜,乐玛摄影好吗,余姚婚纱摄影店排名
3F3BEB54629CB2A209E1F5595A0B14AF,2,刺客信条4藏宝图333.650,刺客信条4怎么联机,abc小说网,龙王传说
57966FF47760D0FAB697EF2A9DE5A39A,4,街道上乞讨的,柠檬搽脸的好处,眉豆可以打豆浆吗,长沙保利创客国际房价
FD17431114E8794E98D25F4B0C3F78B3,4,高敏,卫生间有蜈蚣怎么办,i5 6500,三炮台茶
DEFC7E8BA54C17F7C1E79547ED718A43,4,醉枕江山,寂寞梧桐深院锁清秋,湖北省中医院光谷院区皮肤科,非那雄胺片
971E8B57A99C23A446F9D677807810FC,3,描写愁的诗句,枝野椿木,十个月宝宝辅食食谱,地贫
065E210A4BD9181554892908FB01D64B,5,奥黛丽赫本,张学良,邮政储蓄银行扣费标准,商场购物水上乐园 钓鱼
B2DD5E2CB59B11834C931325B5DE036B,3,黄鹤,啥方法能让油不溅,西安方言大全,足球俱乐部人员考勤表
058F7D08E55155436962A7E5C4489EF4,4,"艹加个部首,变成新字",斗龙战士游戏,检查眼睛要多少钱,上传照片到空间怎样不会让人看到
B522551E9DE39D215AE59345BA63AC09,2,处刑人经典台词,沈阳一电梯故障,预售是什么意思,百度
E7B51858E3D83FD2FBDA3CA21AC714A5,1,陈晓赵丽颖为什么分手,一叶子面膜怎么样,安娜 金视频,手机收不到短信怎么回事
F9D9AC056FA3F9ABF39CC7F4C393A7C5,2,民族文化冲突,全球化优势图片,长沙会计证报名时间2016年,如何取消总是打开方式win10
3ABBA6321B5A73A02C4630F6B27E5D17,3,白胡椒和黑胡椒的区别,高丽历代王,奇皇后,南宁琅东汽车站
917813066BB06F47F079DB34AF87AA21,1,买齐胸襦裙需要提供什么尺寸,闲鱼,一个男生不爱你的表现,够婊什么意思
6CEC6FE5E9F13EB8501065B9144EE7EF,4,flyme是什么意思,郭沫若女神赏析,梁镜珂摔倒,四岁孩子打鼾怎么回事
7C6E6E9173E8D6AF9550EEFC14C11AB1,3,胃胀是怀孕的征兆么,余额宝转出到银行卡是提现吗,红房子特需门诊,伐昔洛韦药膏和复方片仔癀的区别
ACA1F2C37FBC83FEEF91B31A307C580C,2,七场十字地图,如何查看wifi使用天数,太乙仙魔录之灵飞纪配音演员,淘宝正品清扬店铺
8A8949F259D72C5E1177851EC584DC4E,2,ipod5压弯了怎么办,百度,博士伦纯视2代,强生隐形眼镜哪款好
1D7E3754D01FF4811123366989C61EE4,1,qq头像,红米note3左下角的按键是什么,水浒传起义失败后是不是兄弟们全死了1004水,dnf为什么买东西只能一个一个买
909B7F4B00BA252966B4A0872DBA22EA,3,跑车,抱抱钻石,yolo福利号大全,直播去哪个平台好
42510530DF74A83A2AE080701DAADAA1,3,小李飞刀,angelababy,孙艺洲,百花错
490582DE127EC938A433CA3D58073680,1,少量杀虫剂喷雾会引发疾病吗,百越族,安225能载多少人,火箭军军装图片
D1F6EE04122A34E386C459C0ABEC35C6,2,玲珑剔透 吴莉百度云,美丽人生简介,穿条纹睡衣的男孩百度云,α的中子数
106BA728127B8F423E6EBD9CA3B0DD1B,1,qq头像,这周五的足球赛你们班和那个办比赛啊,可爱动漫图片,x型腿是怎么形成的
754407FD21E76FA7852D51DB75DF65F0,1,盛开,怎么写实践单位或教师指导意见,眉间雪简谱,甜宠72变竹马速速接招
A578DC2FEB28A0A1FA8E4EA878841223,3,苦姑娘的功效与作用,花椒直播当主播审核多久,now直播可以用电脑吗,蒙娜丽莎猫图片
E08E664BB2D94094120215CD1C4E6971,1,整形医生说话太难听,泥土团,眼睛怎么消肿,五角星的水果是什么
7E6FE2EA48986A5BB574254586D8636B,2,魅蓝出现黑条,利德凉茶,超薄笔记本电脑哪款好,美图秀秀
1FE06A85241A27115E083C8DC7BCF3CA,2,专升本和本科的区别,海思处理器,刘同的照片大全,天一专升本送的视频课程
52F13358424F6C513387833A8EA6E621,2,电脑ie浏览器没有响应,更年期秋天,电脑开机黑屏有鼠标箭头,南财教务处
E4147AA73D422B5387F19AE955383A08,2,1000元以下的智能手机推荐,割包皮的好处是什么,华为p9 plus装多大的卡,急性前列腺炎症状表现
60CB9A87B32D648FF563E05E95E3B0FC,1,如何装饰自己的房间,百度,高冷的英文网名,请工人贴墙纸多少钱
13C553606530C8E55BF8747632E3423E,2,功率电阻线圈,钢琴曲欣赏100首,定陶,三岁小孩的记忆力
209ADDF9B1DD2DDC34A384862F6E8B8F,0,什么脸型最好看,姜涞家庭背景,小米2s,升降椅子怎么放气
2A3E4A7C0BE99CA91C8614CD0DEFCDDC,2,杭州医学院,杭州it工资水平,恒生,java 可以设计cs结构嘛
82D424F5552303E06961D772730792E3,1,"深圳,香港图片",刘嘉玲,韩孝珠,百度
9AD0E12A1FD04068E3B0988D956D0AC3,2,一叶子面膜怎么样,厦门大学嘉庚学院,痛经会怎样,张杰2016演唱会
939BB91F5698DE0F2A5077C271CB78C1,2,小蛮腰的尺寸,便秘吃什么水果最有效,土家掉渣烧饼,自己做的蛋黄酥包装好保质期多久
866D42933D5F8BBDFF27F35189CDFE72,1,范冰冰裸照,英雄联盟阿狸头像领取,王者荣耀最多能起几个字的名,类似次元社的软件
6438B42D0B7EB18AB349A162B15DA0D3,2,汽车上dest是什么意思,02752239891,宝马320,宝骏
4AA8AF38BCDBD600C5BBB2337F57B30D,4,租女友价格表和照片,苹果平板怎么查询真伪,ipad air,苹果id密码忘了怎么办
172B94C9AB2B639DC50697AE084DEE67,3,excel2010的工作界面,报到报道区别,如法网登陆,计算机应用专业excel2010教案
24AAC2716D9D61C38400913AE42E4E40,2,复印照相一般几点开门 南充,找服务员压身份证正常吗,个人技能简介怎么写,伊格尔纺织厂南充
3A17F005B89626D80DBE1F1D54B27541,3,丰城中国长寿之乡,柑橘黄斑病用什么药好,丁硫克百威防什么虫,92年属什么生肖
9BD39035971EA819DF5EADB1513E5B7B,3,雪莉,apink组合,"上午做的糖醋鱼,家里到现在还有鱼腥味怎么?映客阳光男神排行榜",脸部皮肤缺水会怎么样
5A42704CDDC4E502D5289799A935E88C,1,南昌高楼顶楼起火,外国人酒吧视频,etude是什么牌子,iphone7图片
6D8F01A71EA377FB5C53064FE68080DA,1,坏人教会你成长,怎样贴假睫毛,陈涉世家翻译,优思明
172CBF9B959455AD6D3B11889F0B3549,3,疯狂猜成语凭空猜测,桂林山水甲天下图片,疯狂猜成语皓首老者,鼓励人的经典语句
2FEDC694C929B79D4B9F7F36518D5B6C,3,k435次列车时刻表,老光驱 ide接口转sata,华硕(asus) x450jb 14英寸笔记本电脑可以升,华硕(asus) x450jb 14英寸笔记本电脑(i5-42
8DF2D58E0A57BAEF399E8DE06194A7A5,2,电脑一直在hp界面,顺丰速运,奇宝斋手机版下载,乾坤锁
1CC7397DD8268B86DDD8674BD66BC636,3,麻婆豆腐的家常做法,韩国洗发水什么牌子好,韩国购物必买清单攻略,韩国必买化妆品攻略
E0F666962B3115BF6B74AFD71395BCA2,1,天蚕土豆,郭敬明,老干妈,喉咙痛会引起发烧吗
FE89182544A11C5DFEAC0E99C5B6EC13,3,大连一方城堡酒店,大连天气预报,fancl的汽垫bb霜跟美宝莲的比哪个好,东北财经大学的床多大
5AC377A9082258BC033FEEE1BD17F7C9,2,黄岛区五台山路,脱发原因及治疗,陈拥军医生,发泥
DDB3DCD09F1603C2C5F3712169F42648,1,残奥会运动员身亡,贾静雯祝福前夫,零售企业人力资源部职责 英文,女保镖舒心走红
90572441C203D2A0BED08986DCE38B8A,2,消除量纲是什么意思,孙少爷,一刀黄泉,不穿越不重生的主攻文
685A38FF5CD921BE50C98DA941EBB072,3,如何发面,xoom骗局 新华网,黑木耳要炖多久,航旅纵横安卓版下载
AD06B622467B058428D1F7B2BE75A36E,1,旧护照过期换新还叫吗,qq头像,only红瓶代言人,一个手机能下两个qq吗
221D199884A7F890A58EB0653E984E02,2,ios开发语面试,松谷家具,厨师学校,古北水镇攻略
7E2198AA5243AAF71FC9C8A7F0F9FB49,2,太原学院官网,王中山,寒鸦戏水林玲,新视野大学英语3第三版翻译
05292D0D6628D0895C260DC8C243FA39,1,galaxy曲面,欢乐颂曲筱绡用的手机,加速度与角速度的关系,北京医学院录取分数线
334C8F49ACA6F3C4E938671B016EDB72,1,电子商务就业前景女生,茄子加面包糠,英标,意犹未尽什么意思
9F2999CD2572A9A03F26507113788D85,1,网上第一次买票需要开通,农村低保什么时候取消,商业险出险还打折吗,非会计专业考会计证
CEE277B40C2C981626A058A1B12FD264,1,箭牌洗发水好用吗,leonor greyl,能离线查单词的软件,右手手心有痣的女人
57E09CA27CD39A397E8ECCECAD5847C8,3,吃叶酸可以吃感冒药吗,太原到原平汽车时刻表,蒙奇奇的脑袋是软的吗,山阴回太原的客车
BE1964476B9F0C147F16ED28507FDB00,1,独自等待,黄磊接受的采访关于早恋视频,0pp0r9,咄怎么读
4C901E01337D4FFA9A15F6CBF3C4D1C1,3,阿归养血颗粒孕妇可以吃吗,面膜含有荧光剂的危害,怀孕7个月胎儿图,不沾杯的口红怎么卸妆不伤嘴唇
7003CEA4E193DD4F21CEA1D1E76E785C,3,纶,百度,传注,颦蹙的读音
454F41475FEBDAF3ADE70438F819C65C,1,river flows in you钢琴谱简谱,永州市,http://,999足银怎么辨别真假
64338736A1E2F6AF0787104AC110DA3B,2,二手书交易网站,悟空租车官网,教师节祝福词,过安检 带头戴式耳机
DBBDBC8CDB83BC7A4B5DFE6AEEA729CA,4,唐唐big笑工坊,丫鬟也修仙,山根有横纹,腿老是感觉累和酸
36C478EB146A05AA43FDBA1DD3450F98,1,顺丰快递电话,韩国乐丁酷,广州美人帮,韩国的snp
2CD1368CB799A444033BFF8E2558CE5C,2,老干妈,辛辣的辛是什么意思,割双眼皮后多久可以戴隐形,夏天常见的病有哪些
324D1A841A68966533CA26EA9CC1F7F4,2,华硕,片仔癀珍珠膏和珍珠霜的区别,聚美优品如何发起团购,国家电网
4C50298612FB3AF8E054DF1DB7994733,1,黑t恤牛仔裤 配什么鞋,天刀延迟解决办法,睡眠模式怎么解除,蜗牛新生原液什么时候用
3A1930A473527855A6F456B7004BE8BB,2,苹果id密码忘了怎么办,夫妻双方都有乙肝生孩子,肝郁乘脾,白色的鞋子变黄怎么办
D0CC511A1D4BE8BA787EEB34CD28EBFC,3,月经腹痛恶心怎么回事,草字识别,微微一笑很倾城更新时间优酷,免费小说
55A001001131B99FEA08AB59C8344A10,1,蛏子,超极本,爱情公寓4第21集悠悠看到了什么,笔记本电脑什么牌子好
649C3D54A98DCFBBC3E658EBD60B1A19,2,贺敏,逸然,翡翠恋人什么时候上映,建设银行
1CA2A7CA80993F506BE9067996AFD14F,1,老司机开车什么意思,"扑倒小甜妻老公,请亲亲",酸菜豆腐汤的做法,飞享套餐58
656BC13DDEE3B5A96B41A49804C0D418,4,戚薇,王者荣耀名字大全女生,兰博基尼,2015款北京bj2023ch
01DEC4DB4A8E7CF6E838565B2D4286ED,4,四川九仟客 招聘信息,妈米宝贝加盟费多少,云和天气,母婴店加盟
DC157BFE0D1011244FA07628087A9F35,2,上海师范大学重修是否补学分,陈赫,香菇发霉,中国新歌声
221851DC3764CDDB75FB1A9AF9D74784,3,秘密英语怎么写,美图秀秀分割字加背景,孩子两岁晚上无缘无故的哭闹,微信聊天背景图片制作
595DFB216AE1FF9D9B0A44784D45483B,2,玫瑰手斧,四驱车四线马达,最污的动漫,马达绕线教程
1654C57D0500E50B763066F8F3FBBB1C,2,药流后出汗好还是不好,全民k歌怎么唱sss,吃醋酸甲羟孕酮片多久来月经,吃了药流药还没流出来用忌口吗
7E72D64B3B9CB73FA98B7420BFBF45A4,1,用支付宝充话费充错了,军训心得体会300,入党后的限制,入党进外企
50618921EB0B69DD53792B4D7F0AFA82,2,连云港有什么好玩的,空格键回不到自己镜头,连云港有什么好吃的地方,后脖子纹身图案大全女
97994DC09CAC2A04036AE01145F810CF,3,床上的泥娃娃,青春之纵欲,100ml瓶多少钱,华为和小米哪个好
99AB5AB81A84DEB67670497A8072BBCB,1,工行网上能转外币吗,南洋理工商学院排名,360云盘,跪的颜文字
AD488623B4CABDCEF160C6ED4EC359D0,3,铁锅里面有一层黑色油漆好吗,c1照,窃读中的暗喜是什么意思,一千个读者有一千个哈姆雷特理解
E30713DB4351B6837A582CB8C4035F22,1,台电平板电脑,惠普打印机laserjet pro 400,河南城建,阿迪达斯熊猫壁纸
F49942998848C4BE26340838993768C2,1,蘑菇头短发发型图片,计生办上班时间,电白一票否决审批表,密集物体恐惧症
9E997F1FD2A1FE149805B64E52B60388,2,solidworks突然打不开了,卡宴2016款,try是哪部电影里的歌,校外住宿申请书
913DB33A2E1B55A517A15FF8725D2DAE,3,5068儿童网故事,东方有线电话,上海玻璃博物馆地址,做月饼
674AE2A88EA02E5A69E64C5D2E242C95,1,戚薇,红肿硬大痘痘怎么回事,京东购物评论评论很少,小个子女生搭配
CA7DB5DEF4D0680915711FEFD71B771A,1,吉尼斯纪录有奖金吗,张筱雨,有能看片的百度云盘,七年级上册英语单词表朗读
0494260BF41FE8CB6A9C681F2F253F63,1,幻灯片如何选择一种主题,好看的韩国电影,出国留学流程,激光去痘印的危害
9248FBC418AA9E9E4E138F4EC6EE46AC,2,倚天屠龙记苏有朋版杨过后人谁演的,原子拼地图,死神之奔雷若电,画出平行六面体中节点分布的四种类型
DACC44D1C19553A29C5E0DE760D48FDE,1,美少女战士,一人我饮酒醉,音频怪物风骨霸刀,百变小樱op
1B546009CF1AD7D7C2B1E01466D0E43D,1,适合长期佩戴的宝石,东北大学四级报名,回归直线,era
B90120889D025D964BC90C8AD902A7E9,4,手机定时录音,穿刺打麻药吗,一次耳朵穿刺后再间隔几天可以再穿刺,睡半夜腿抽筋怎么回事
198637E0DA66E2CCFCA8D87AFFFC4795,2,鬼彻三代,破产姐妹,港奥通行证多能下来,美心西饼大学城北在哪个出口
A0BB58AC1C139A7D7AA7EB136B5156A2,4,芦笋图片,远古鱼龙,孕妇可以吃韭菜吗,阿尔宙斯怎么抓
FAA2349BB4A173AD60247842E4B75544,3,32g内存卡价格,shenshulingyonzi,起名平仄,淮
F2BC3952219BB5F1F38F09B117CB568C,3,沉默卓别林,无醇啤酒,刘亦菲宋承宪,知己难求的上一句
F22D83C8EDE7616454EC4D945FBC227A,2,黄明,女汉子完美恋人,宋欣佳怡,2016超长英文网名
DACE3DD0480FD91D83A1E337BA5C2050,2,家具美容培训学校,肌肤宝藏产品价格表,乌鲁木齐丰胸公司,肌肤宝藏
AA99227C110F22A1983850B26881CBE0,1,龙王传说,天魔神谭,洪荒之,穿越之奥特曼系统
76F7F2F582709B3E6FF86E65BFE07E15,1,中国写手论坛,qq搜索失败请稍后再试,崔颢,b站手机直播
AFB87E5D33C7D9BE1CBCBD8BB9D50C7C,3,2011现代瑞拉新车多少钱,2011北京现代瑞拉,而且必须,袁小田
52FAE4AD48ABF9EA9F9A94EAA574AADA,2,如何评幼儿职称,欢迎孩子回幼儿园的班报,山无棱天地合意思,屁股刺痛怎么回事
57271D498D68F275C258FE9D1F081D0A,2,加法和感法表,怎么才不要小孩肚子痛,草莓生长时间,英文翻译
DD17EE76F40B94A239DD32C38024FFEA,1,泪,挠,vivox7和popr9哪个好,车胎被扎
47E40628FADBB12BD5466E81E3697200,2,什么食物钙含量高,鲜奶油,待产妇需要准备哪些东西,如何用电饭煲蒸饺子
4CB6EF11F3B8C247C9E43E3840DF7B54,4,新西兰纽麦福全脂牛奶,厦门翔安区政府网,第二代身份证,帮忙转:实验小学的学生家长在步行街捡到一?驾驶证降级需要什么手续
CE7425246B59F62DAC4F90BED3AB99EF,2,相门庶女 皇的弃妃,自己送自己礼物,"有生之年,狭路相逢",中国足球为什么这么差
AC140519B39B1111BDC18864705A8325,3,贝特令,榕树图片,非月经期出血的原因,ahc乳液怎么样
AFAEFE94ED459C80AF6F40C41817D9F2,1,百威总部在哪里,金沙到昆山汽车时刻表,苏州到温州多少时间,苏州站到苏州汽车北站有多远
7CB2387B3EFA102080249FC2511AC06F,3,怀孕上火吃什么降火,国学故事大全,个性微信头像图片大全,孕妇吃复合维生素好吗
23B635626E305522F997F36A36E623F5,1,总裁言情小说缠绵片段,小说里的吻,生命中的惊喜素材,男女暧昧的话
BDE2543AECD925A9398848E35974E78B,1,华硕fx50vx6700,鲨鱼图形壁纸,烨,大连大学
0D59B90467C9D137FB11721EF05460BF,3,座位前,交际舞,玻璃种翡翠,釉里红笔筒
9C9892B993633C700AAA9F1333846A98,2,银动漫人物,斯卡哈,穿越火线配置要求2016,支付宝该卡暂不能开通快捷支付
1B7EDF0A9C8ECDA07CD246EDA4C8379E,3,皮卷网评,姜力洗发水怎么样,鱿鱼饺子馅的做法,巧去干莲子壳
4FA2E87A8A3046F79DCBB87E3B5370AC,1,兰博基尼,qq克隆好友网址,百度,qq表情怎么发字
9831943C85D2F5BA7B6E2A75479F6E02,1,泰安,enid钻石,异地恋,vc
478D95631E387721815A7A74751F5539,4,贇怎么读,超极本,2016申秋晚会,一体机好还是笔记本电脑好
C4D43C6FC326A68EBA5484A1AAD90AEE,2,离合压盘三件套维修步骤,vm510l华硕怎么样,英特4000,hd8670m显卡怎么样
3AD38E8B800E6C83A41B4208F16F445B,2,先涂bb霜还是防晒霜,隐形眼镜一般价格,痛苦面膜是齐根把毛拔掉吗,无锡中山路哪里有超市
B66F66A7E4BFE2B60B4EF14539C2420C,4,安顺有高铁站吗,柿饼,石榴的功效与作用,恭城
11954D6CF39BDCFE70D7618F40F8C5A0,1,电子云是什么,雪怪的故事最后一张,眼睛里有透明色粘稠物,德国润唇膏哪个牌子好
F0182F1C14DA747372688F1488587669,1,去黑头收缩毛孔小妙招,甩葱歌原版,馆陶黑陶,韦正汪远
EA8FB33BA69F3FEA624E798DD0437034,2,漳州城厢区,大麦若叶的功效与作用,给旅游相册取个名字,蓝胖子横屏
9F25F08634189700546D6F4D5EDC0BB6,1,ut58a数字万用表说明书,北上广不相信眼泪,维修电子围栏安装,2.5平方铜线价格
6D7A7E8F31B7D71F53080692CC8DD1F1,1,娱之我为搞笑狂,疯火兵痞,韩孝珠,香江枭雄1009无标题
04C0201122FEE8433D6277EF46D7E96A,1,烫完内扣怎么扎马尾,朋友圈封面图片创意,钢化膜上面都是小点点,朋友圈封面图片李易峰
3FEA00478702AD13CD2E41731EA86CD2,2,中华m3,tf,英朗xt,属猴8月婚配
480597D06CD94A870562832BE9C286F0,2,龙腾小说,决战武林弩炮5升6要多少石头,易烊千玺 大张伟,王祖蓝
02CCA5D37870F4FA900AE0FDE7D8411A,2,qq头像,神剑闯江湖 魔魔,百度,中华田园猫
694875B585C2E9AD9181DDE102A2DA70,1,屈臂伸,老翁徒手击退黑熊,肘关节锁死,lols1是什么时候
E5A6FE2AF8D0C44D1727B6BA634BADA1,2,无法使用内置管理员账户打开micros edge,bancobicentenario,安卓女装山脉下载,无法使用内置管理员账户打开
5AB1BA45165C6A1E938DEC6D6B19637E,2,精准扶贫2016年,qq头像,幽默的自我介绍,信息处理技术员读书笔记
8FC5ED2DEAA99658AB0C2B33D9C5F79E,3,墙纸,墙纸有毒,甲肝减毒活疫苗,大乐透
E2F7437B8490096158402C5229D3E431,2,邪王真眼,南京cos服装定制,南京吃喝玩乐,横店三线明星多少钱
CC286118B1D35A0CE5F6AD5A7DEF3ED3,2,妇安婷银离子妇用抗菌凝胶是什么颜色的,计划文员的工作流程,金克丝皮肤,妇安婷银离子妇用抗菌凝胶过期了怎么看
33543801FC13E106354A525C215104D5,1,充电不能玩手机吗,光阴似箭日月如梭的意思,军训日记600字,学校车子图片
B627698DD707FA8FAE057948293A217A,1,橙光宫斗游戏当皇上,橙光游戏当皇上,鼻翼上的肉痣能点掉么,建设银行
C19A99E028F07A0FABD32F2B3A6E14BD,1,cad填充印刷,沙发一般多长多宽,我们不该这样的,梦想小镇
FB765383DBB1683AB337CBCD9B7E40FD,1,动车,"湿气重,胃涨吃什么水果",私立华联地址,可以很强势
AE77C9811ECF5B84775DFF40A1146366,2,安全标识图,贵阳馨苑美容院,离婚赔偿女方多少钱,范冰冰李晨结婚照
A1A745D93C03A3B97D410FD82310D7C1,2,手机赚钱方法,哪里充话费可以用花呗,瘦小腹,布洛芬缓释胶囊吃多了会怎么样
28D9C2D0F6ABBEFE7955A165E5889FFD,2,flag是什么意思,于半珊,男性朋友过生日送什么好,都市小说
D58E57F945D92FE19B94E676FF42FDD1,3,临沂汽车总站电话,沈阳手工活拿回家做,用钱宝审核多久,塔湾兴顺夜市公交车
9C311B74A63F716869AF470253BB053F,3,蒋欣男友宁泽涛,唐嫣2016 新闻,唐嫣2016,上眼皮肿块 隔天消失
02383F18301BF41F291C42E974F57012,2,!为什么联想昭阳系列只有黑色,华硕,惠普 spectre x360,家风家训一年级
5F6EBC9DD1CE26EDE49EA8D81FD6EC5F,4,如何查汽车保险到期,接机视频,欧式沙发图片,中央书记处
3967BE74CFBD09806BB3C64E0B61322F,4,黑鱼,王仪涵,"没有圆月,只有轻风",我愿为你化蝶是什么歌
3027D799F4FE79798194A87559D18B76,3,湘潭到苏州怎么坐火车,肾结石能拿到出国健康证吗,奥巴马演讲摔讲台,星际旅行
88D121B5F86B32F32A61B5FDD4C2612E,1,a4yy com首播影院,白色照片,cf,胎儿偏小两周怎么办
C4ACFA23BC6730F3BBB8963E91A7A43A,2,端木蕻良,初一语文下册19课生字拼音,泸州客运站电话,从合江到五通镇要坐多久的车
906A5941B73EC7CE8DF772E638C532D1,3,重击太阳穴,西安咸阳机场大巴时刻,蓖麻油有什么作用,德云社风波
F236FCFACB41B95C2B77A163FABE7ED1,1,江苏师范大学泊客街,buridan不是 的先驱,古希腊哲学发展的第三个阶段是,倩女幽魂
955079C9478F08190346525E6BF93AE4,2,冰糖食醋治疗高血压,社区医院实践报告,鬼针草,绵阳医专食堂三楼
9578099C9FB40685D85070A08F7845C5,3,刺客信条泰隆多少钱,隐藏我的游戏25关怎么过,"那一刻你心里有场海啸,可你静静地,没有让任",女票好爱lol
B5E0B9C563FA0F08E9255BD73CB0057C,2,拖鞋泡过水会怎样,关于中秋的诗句,欧莱雅洗发水含硅油吗,阴部瘙痒白带褐色
1E439B4310335EA57CAE5279F3FEA64A,2,物联网的内涵及特点,"efs加密时,打开加密文件会产生临时文件吗;",花痴复活:首席特工王妃,"4,6级改革2016"
5C8F6A9E51B1F10CC10E01BA5B9DEA78,1,属龙跟属虎的相配吗,纪梵希300,长期吃葛根粉,吃苦瓜减肥的正确方法
9B4F5506DC7BBB431B5CE449BC277DA5,0,古文刘善明特点,qq头像,3d坦克图片大全,查电话费余额
D3706305E71D2DC4E0F2CF3E56AF0DA9,2,张学良,张作霖,巩俐主演的电影有哪些,慈禧太后秘密生活未删
D7FFDF524DFB17458D3660C133B0032F,3,穿山甲的功效与作用,消费投资经济模式,联想笔记本电脑开不了机怎么办,林的拼音怎么写
B71C68819F7AE618269EC8AE0275D05E,3,经济师考试,沙发 赢点好还是软点好,帕劳几月份去最好,9月和10月什么时候去帕劳好10119月和10月什
F179D10F8B8AB2378F57900E0A49CD6A,2,白色体恤搭配图片,男朋友很爱我可我不爱,醋可以使眉毛变浓么,青春励志的句子致自己
063426D4189A5B29C16F4BF64C5A48B8,3,官策,北京现代4s店电话,one cent是多少钱,金龙鱼大豆油价格
0F4A5FB846617462D44C005B92F39D2E,2,孕五个半月羊水多少正常,怎么算具体受孕时间,算排卵期的软件,没有结婚证可以办准生证吗
EFFBC79A9BFCACEBDBB84A16992CABCE,1,sony 耳放,hoyt 反曲弓,meitu,aj19
39F66C094FEA3164D24CE1D1DFC3B490,1,死亡邮件,何以笙箫默txt,"年年有余,周周复始",人间至味是清欢演员表
508BC09247935EDC7CB45F1746E40B1A,1,qq头像,日本第一任天皇是谁,行尸走肉怎么禁播了,惠凯a8平板电脑怎么查电话卡
9C24FC10656B27E10E3EAFE6CE992466,1,包皮连带,学哪个专业就业前景好,喝生水肚子疼怎么办,鼻屎臭是怎么回事
37D2F168B43F6B0DCAF74B65AC223FC9,4,思想报告范文,一两是多少克啊,"小腹不舒服,有想大便的冲动,肚子叫 请问是?附件炎的症状和治疗",思想汇报2016
27B1A81296DEC4680C09291AC9650640,3,血红蛋白浓度偏低,建设发动机跟金浪发动机哪个好,三字经全文,两位数乘两位数速算
AB4BBB4B5B19709B8BD838A0844930FA,2,最准的十二星座配对表,柔顺烫之前需要洗头吗,用去角质前用洗面奶吗,炫舞怎样切换以前的房间
F0660B453EA1CDCBE065DF03970FB5C0,1,王子元性取向,顾少情深不晚免费下载,顾少 情深不晚 米小白txt下载,孙阳吴亦凡同款
1BF1B9ED2358E076D40751A2AD6D718E,3,订婚戒指戴哪个手指,夏利,星期三的英语怎么写,此情珍贵
83C71E2E77F9D16D98AAB8EC67BFE351,1,粉刺,苹果手机序列号查询,蛋蛋,梦妖魔
13B3F314D625B3FA78AF622D4F722370,1,赤练蛇,幻城插曲爱会还原,叠字有哪些,抑郁症
2A62BBDE356935E2A74D7FF4283283D9,1,股市,沈佳妮绯闻,最便宜的兰博基尼,李若嘉
26F2FE412FBE494E6EFFDAA9A0AF758D,2,pvc是什么材料,铝业工厂化验员化验什么,眼睛发炎的症状,一里是多少米
FD80EF5684F2765102C319B42E924394,1,中国十大灵异,宣城,斗鱼,怎么查看qq绿钻到期时间
A55749039ED201B74BAEDFB10A802821,0,幽蓝梦魔加克里多少钱,天枰,计算机一级考试上网题转发邮件,免费小说
887247122609237F4527C55BC3184FA1,1,微微一笑很倾城txt,iphone6用的手机壳vivox6可以用吗,网线转换器怎么安装,战恋雪
5A1DAAE5DCEED4EE7D947E9E68C14C3A,1,德国医学院排名,一折特卖,蓝藻 英语,北京演唱会2016时间表
2DF777BAC5A47C10617F90BD12BE4357,4,酸浆,巨型蜘蛛蟹,牛心番荔枝,本人三十岁了初中毕业想提升一下自己怎么办
C64D996A45613B03CDE627085F295777,2,许未重生记,courteous,如果这都不算爱 祀风,[快穿]软妹凶残
21AAB5983ED53D74B1245D38C76EC270,1,香蕉和火龙果桃子可以一起吃吗,秋天天气转凉问候语,少女乳头中央溃烂,香蕉和酸奶可以一起吃吗
E90D8DEF9F4932A4310FAF8DD31E9853,1,换肤大师,芦荟胶韩国,欧莱雅火山岩控油清痘洁面膏适合什么,乐视
F6B3D617286A72A6020A2D341B7439B0,3,杭州2018亚运会,墙布,鹰卫浴,墙布的优缺点
B80D64D925351675173A6CFE6E8FAF7B,1,动车,康熙是谁的孩子,双城周家的邮政编码是多少,动车有桌子吗
43842B89B09270FB37F21F61454FEC36,2,月经一般来几天,江,一人我饮酒醉,魅族root后怎么恢复
6014353911AA03A4BF896AA9A1A20B55,3,毓婷一年能吃几次,运动可以穿胸托吗,五个一党员集中学习专题讨论次数,孙艺洲
C75C6C96CDB7C185EF9157B377B0B3FF,2,郭敬明,童眼,如果爱第三季,慌张夫妇
33560AD8E02D968E68E8A12ECAC2AAF2,1,华硕,asus笔记本内存条,百度,amdfx7600p
F039270F580EBA3CCDFB8332C6A7C071,1,绝对臣服 南岛樱桃,纲的繁体字,内衣皂的英文,袖套的英文
A828FB17CE3290B3C338D505078247DE,2,魏晨,伊思洗面奶是什么气味,什么叫预备役,怎样分辨蜂蜜真假
7BB9FDB8AB3C0F3021757B7B82A24BB6,3,蒸箱好用吗,led射灯需要变压器,建设银行个人网上银行,投影仪幕布怎么放下来
B54BC6899EF6E61DB32A56DC8B948405,2,唐山公积金查询个人账户,公积金月均余额怎么算,长沙历史真相,金鹰女神
309F0613B2EA8AFC7FCA1557E2947CBA,2,最新头像2016女生头像,笔记本电脑快捷键截屏,背影头像,想放手说挽留
74615F94C16BF5254229523A52346122,2,幼鸡眼睛长豆豆,致命狙击破解版,鸡蛋煮熟了可以放几天,扬州底薪标准
94073B20EA81A9B5449BD6221667616F,3,信用卡的流水怎么办理,唐唐big笑工坊,怀孕四个多月显怀男女,信用卡流水账单怎么打
12306B09FE93EFFB2A8B91932DF4DFB5,1,英语必修四练习答案,厦门大学嘉庚学院,鸡仔胎怎么吃,龙珠果
5D5052F13094811512C9B0820EF97457,2,电脑管家数字管理,笔圣书仙,移动流量套餐介绍2016,配角传承系统
C4F9B73247CEB8E0F5CF85A2AF0F2B40,1,宋松,半浮什么意思,一天一天音译歌词,追女生其实很简单啊只要给她买好吃的
242A81F9BC7192FD5F24191AB86140E2,2,邦德物流价格表,雷丘,陈百强,1992年十月三十一号和1993年九月三号八字合
BE66B03F466410545176159DBBC94F2E,2,户政窗口,短裤上有褐色分泌物,南海行政服务中心,王力宏老婆好丑
A53C365DC47472A7430BD737534C2E9F,1,平均血红蛋白浓度286,敷面膜之前不用爽肤水,12.17,双子女不喜欢你了有什么表现
6143830861BD68A1FD22819FBFBF7C33,2,只有梅花鹿的角是五个叉吗,鹿的角的长度会随季节变化吗,牡丹照片大全大图,中国钢笔论坛
66D4042F17FF39493193B01109AB899C,1,梦见耳朵里有很多耳屎,北京插花培训班哪里好,北京花店排行榜,北京花艺培训学校
62C1CB59982533ED0C9655AA1B7B4D6E,1,decay是什么意思,怎么从华南农业大学去广州万菱汇,铣怎么读,当了几年兵再去读军校要读几年
1A8641CE7FDC1DFC7DAB596C64232A92,4,泥人张,杭州g20峰会会址,不是师范毕业可以考教师资格证吗,深圳龙华新区锦明中学
9A6C35B2D54C234D690A0DFADF55602C,2,他离开,周柏豪,敷完面膜,男主叫小衡的漫画
B838D7DA5AD181148521172C86FD4F08,0,锦绣缘华丽冒险,胡杏儿着急要小孩,巨型章,天才美术学校图画
DA8214AF94196CC55734E31C2F9E1AE0,1,馥佩面膜 荧光剂,黄疸的症状,正整数包括0吗,angelababy
0C624A4283E910CA348ADB01ADD34C03,3,智齿迟迟长不出来,为什么老人的听力差,小鸟的脚扭伤了怎么办,片切牙齿对牙齿的影响
C470E218F27E482F672DB48F562C3920,0,刘嘉玲,门徒张静初床戏,关之琳性感电影,当归
E389DEC3049AE3693F852A6539BB174C,2,妇科病,金立f100,财神爷生日,痦子
88416D5DC271DC338FFDABFB7ADFA961,2,美国成立于哪一年,周冬雨近期在哪,买怎么的手机给父母,发胶
92E0C075EFB23F914A160883C0B6F82B,3,北京时间,微微一笑很倾城txt,龙王传说,惠州机灵工业发展公司
57F9C3358685FA7F720A8828400E30E3,1,玩cf用什么鼠标好,弱气乙女可乐网盘资源,百度,千叶双子
0147BC2AF7C423990DC34BD2C2AA7297,3,笔记本玩游戏gpu时钟频率,以太网络连接是什么,gpu时钟和显存时钟,登录dnf后任务管理器里有 可是桌面没有
C2EA13763983F55F3E4DF1012402746B,4,锡兵说改转述句,措手不及成语接龙大全,18万存一年多少利息,毓的意思
36E949369D3A9DE595D3846BD52A13FB,2,38周羊水少催产经历,孕37周内检出血后有褐色分泌物,降落伞防水布,哺乳期乳房变小
CDD957F090B1788379BDB4AB14225A4B,5,阑尾炎取穴,怎样拔脉,李连杰得了什么病,权健自然医学骗局曝光
069E5DB843479A2C3B3A2019DB351C0E,2,golden goose是什么牌子,怎样做澳洲代购生意,伊姆斯椅,刘嘉玲
4F26A5186341900D25AB93F49526F564,2,"皮质腺导管不通合并有痤疮丙酸杆菌感染,而?宋欣佳怡",痈肿,西游记后传,长完痘痘脸上有红痘印
A62EADC82DCE1020DE0BB36B8EB3B520,3,李连杰个人资料,一建市政怎么能过,高温引起甲状腺,甲状腺引起后背疼
AB4A515FA3810656A2C5E7D2271385D5,3,痛风可以吃木耳么,怎么才能让自己聪明点太愣了,腿缺钙的症状,真的死后不管动物还是人49天后都会投胎么
B7A5D43BA89F9EB050DE20FAF9DAD79F,2,公子变败家子txt,神木挠不尽,王牌御史真人版剧照,boss作死指南
B5B8464EFA4E013FEEA40096314BA2C7,2,普通话成绩查询2016,普通话成绩查询2017,网购奶粉有活虫,无路可逃by蓝飏番外
0D3AB0D5CC4AEFC8F60617EED58066B0,4,g20富阳旅游,两加强两遏制回头看,谜砂电视剧,痔疮怎么治
ACF57BBC917A5BED0902D60690AFE6AD,2,动漫界好男人指的是谁,black rock shooter原画作者,考完会从什么时候继续教育,独步天下
0EE9D0F6EE47BE2BB7BA3BC9909176D6,1,洋葱炒肉,majik 怎么读,牛柳的做法大全,一起作业
7A9511FC66D91DAE9B51385978F2808F,1,在那遥远的地方,张昊辰,电脑无法连接校园网,少年中国说梁启超
45C8E0E8CDE8D4C5108F80BC7078E241,3,jj斗地主如何把秋卡,加湿器的雾往下走,试纸多久可以测出来怀孕,种种田 生生崽txt
B0016584ECBC12443679FED40267B662,1,出家当尼姑的条件,旅游概论主要内容是什么,无可置疑的拼音和意思,广州十长生化妆品有限公司
36D493AEBADCA8162E5113A303ED35FF,1,呵呵,女运动鞋,jkl,奇迹暖暖本子
0138067850F75276D838A5C2AB239659,4,空港,日本静冈县消费水平,日本小林脚气膏,秦小姐中医补肾
32C56D662E5902D5B934070E3B954338,1,fresh极客少年团,兄弟呀我的兄弟最爱的就是你,中国男子组合舞团,bad boy中文版5sing
65CE57A4458844279D380921FDC12F50,1,怎么快速扒虾,搞怪头像,淮,学生运动会竞标书
D5C12F721DC4ECCC98BA1776005E4877,3,2016年8月22日双子座运势,2016年9月5日双子座运势,mnnnbv啥意思,最近尿的尿很难闻
1C8BAE6161A9EA90CF29A3C482459F37,3,一个山一个巴念什么,刘若英2016演唱会行程,2016黄道吉日9月20日,2016年会计中级考试时间
45DD5ED52B67478FF3BEE738DDEECF5E,1,青囊尸衣txt全集下载,欧美化妆品品牌大全,whoo后官网,触手森林里的王子
5F69F6FA39FDC1B2823772D771A90739,2,广州地铁三号线运营时间,立领裁剪,千图网,杨洋的腿有多长
1D3628CFD70E7FA11346A09B29DF0B73,1,摆渡人最后的结局,向大师致敬画展,百度,长痘痘的解决方法
276D322799EA91C2480A4BE5DDBC8DB1,1,上海社保中心电话,行李箱的轮子坏了怎么修理,大学生挂职锻炼总结,有关舍友情的说说
4A015172389A615383C0AF2D1C5B077B,2,男性尿道炎,才不是你男朋友抄袭,手机回合制单机游戏,姒怎么读
406E7BE1B41E3D5558BEBFDFFCF57CBB,1,碾怎么读,辗怎么读,safe and sound吉他谱,闲鱼
E68CC493C81D28C9C6C37766C7EC3DB1,1,美人一笑很倾城,麻将小武小卉,柳岩 包贝尔,红墙白瓦by风过无痕
9A447DFEE491CA74F5C79D1F0515E7F7,4,1984年2月16是多少号,滴滴出行无法定位,遵义汇川区有什好的盘,香港维血讲的7雕是多少天
DC99CD2C977AE39F8B7B8A3CFCB3C725,1,西湖美景三月天是什么歌,四川涪陵保险案,消费者的定义,文强
7AFCF5E02C6390FB0F22AC0F63BFF010,1,河北wifi全覆盖,王者打野怎么打钱多,青云志电视剧全集资源,方向盘在自主停下时向一边夺方向是怎么回事
517200470E2615FE711151530C4BF3D5,2,秘密爱,具惠善,亚麻灰图片,我们的十年
0A78052578DC80F636884F4552F44DAB,2,宋欣佳怡,221.176.1.140,淘宝支付密码怎么修改,联想960显卡
88E500F84A3434E51092E88A98E14EEC,2,高通骁龙820,魅族3,苹果7与苹果6splus的区别,魅族系列最好的手机
3DE76F9E213F2A2C1674564AE4B0DDF2,1,久融,汽车内饰怎么改装好看,宣城外卖,苹果手机怎么只有耳机声音
0764E57E29C17940FA2B8D89EAC49B30,3,泉立方洗衣片是骗局,秘密爱,西安架子床厂家,大宗交易
1729DE1BBCD5B888651D724CACAB08ED,3,时间膨胀,催眠母奴小说,北瓜,统考成绩查询2016
A5D2D883983B15E821417A4CCE0C4C9E,3,宝骏,sdm图书管理平台,"欢快的歌,男女对唱,民族风有一句是老婆子",图书馆管理系统
C381591B661AACC2D86CCCCF2D51AA12,1,dnf手游,龙王传说,京东方a股票目标价,喵播
B0D6CC5F6A5DA1D489C171811C722092,1,2016年里约奥运会中国女排中有哪些人,七绝赠父诗,如何测量一张物理书的纸厚度,白鞋发黄怎样变白
2E31D166B6744A16ABB83BF5DAAAB1B4,1,微信群怎么加,韩语你大爷的,绢,掉头发是什么原因
11B513975D850BD0D751D9B925D2CE7B,1,百度,中秋主题图片,http://,军训口号16字霸气
2ACD50323ADB6B457F97B03D9980879C,1,陆虎越野车价格,男性艾滋病潜伏期症状,新网球王子,gpsgis的区别
782F83FE9131F392B6DFC321C225897E,2,乳头肌断裂,如何破解pdf密码,空腹血糖正常值范围,中国人民检察院
69DD1A5A6C892AADB796395834D70364,2,diy相册,李智恩iu高清壁纸,diy相册素材,dior官网
9CFDE8E5976405A7741C9FCFDFC00474,2,重生之无悔人生,好看都市小说完本推荐,改写人生,天天炫斗回归礼包领取
66CB0850D6B9F2B0376F57DCAE2F552F,2,死亡邮件,三好学生主要事迹,屈臣氏洗面奶怎么样,关于经济学的新闻
4B4C16077025F086E909256D9594FC08,2,"三角形abc中ad垂直bc于d,ae为角a的平分线",斗鱼,"∫∫(3x+2y)dxdy,其中d是由两坐标轴及直线x",滴滴快车和出租车区别
53DBE1CCBE17E29ED9960084CEA78FC2,2,小白瘦身会不会吃了脸色很差,温州有什么公交车去横河路,2016无暂住证不能学车,平阳厂房卖淫
0307482A63F2DADBF56059C983654F3A,2,陈好个人资料简介,广州三元里租房,真爱谎言,乌冬面
8AE80F64BFB6734BD1E7AA91CC72093E,1,顺丰快递电话,西湖美景三月天是什么歌,爱奇艺怎样取消自动续费,南昌市八一广场附近有没有小吃一条街
2CE55E791FC1C0BD6196EB03ECB2CB30,1,奥特之王,下垂眼面相,小米2s,眼型分类图片
2A4FA8458CB35EA126448014E496A5E5,1,西安属于南方还是北方,西安的鱼斗路在哪个区,河南大学,人间天堂加拿大
2E634E830F08FCBAC41BE7F6BBBA3745,1,避孕套咋带,男士去油用什么补水好,有关不了解我的说说,找工作
A6EA9CE720AA27AB39B24D240DBB66AB,1,笔记本主板电池在哪,风疹,开机密码怎么设置,过敏什么症状
D934CC66FBD73F4F30F5685379536D2A,2,两个国的成语,国药控股莆田有限公司,流蜚打一成语,"隐瞒事件,不言真相的成语"
F776DA5C5587D2A2D8396F345A8885C3,3,佛祖灵签40,陈赞 湛江,暗扶倒铜旗,梦见有人闯进我房间
F99C7C4C4B28EAB93D518B131523AF5E,3,经销苹果手机利润高吗,巳怎么读,不字五笔怎么打字,巨蟹座2016年真爱出现
7B80FA2789E0A640C628B606F2A7C8F9,1,王者荣耀体验服下载,王者荣耀马可波罗价格,美食调查节目,可乐
2C089CF2AB7383AD36D441837E929623,1,游戏术语奶,星际战甲t4c什么意思,kirito,宗像诗帆
33D4E0385B208B10B08C27EDF3361871,3,短发2016流行发型图片,脸上拔罐有什么好处,遮瑕效果好的气垫cc霜,鼓励人的经典语句
27DF4293E9BEB78619B298E1B0E9EC41,2,星际迷航,头晕感觉房子在转,因信用积分或相关条件不达标 你暂时无法操?首次注册奖励 领取状态,遇蛇
5EFAEC7C7F5844FCAEAA1165681C1207,2,十宗罪1,十宗罪2,钮钴禄街,糠酸莫米松乳膏
42FFB57B297FF27A9BE4179D19D0AD78,1,美食江湖不思议,五千年的文明不曾消亡,好看的英雄联盟小说,聚高校直通车
0411FF2FA853E7A2D7C60B02B7A5F8FB,4,僵尸道长2,威尔特·张伯伦,兄弟字图片,欧洲卡车模拟2为什么车突然走不了了
A94A53078C77A6B4F80575C8F9D7F234,1,qq头像,张杰个人资料身高,财政学专业,会计学专业
4132D0CE714C0C700431956F1DF51B44,3,bbk风炮,宜兴的262省道在哪里,轿车轮胎胎侧起鼓是怎么回事,2016香港tvb电视剧
8AFA3E4E0EA4F31A65A00D0205CE5839,3,体检科,去诊所看牙好,布洛芬,林允儿
395EEB211D9A154171E17B73774C3D30,2,世界钢琴名曲,百度,恶魔英文怎么写,国王英文
E28B0617C991DA81A3ACA2D72E9E5D6E,2,格莱鬼鬼黑瓶敷多厚,接拼及踝靴短靴马丁靴子,香皂包装类型,香皂包装袋类型
6F04573B15E37C56D04A717F38D1D04F,3,开发区招聘信息,皮肤干起皮是什么原因,宁波到烟台,梦见大鱼在水里游
6499CFB35E2F68A0051690BB26B92680,2,第三书包网震动,公共基础和个人理财可在同一天考吗,dream high的女主和灰姑娘的女主,第二书包网师傅
C84D4985ADD3CD6B44F29BD5B2D84AD8,2,iphone7分期付款,家庭,怎么看战龙李忠伟,英语
4BF6BA036ED56C7F5142986F3602B13A,2,空间女神发h,补身份证最快几天,承,金毛长跑行吗
9AA5DDFA7D108A402B23016D8E5110CF,2,中国平安是国企吗,风险预备金,camera,首套房首付比例
99123B038AAAC30152040B6FA5860DB8,2,搜狗输入法v6符号,开心消消乐无限精力,霍顿怎么了,老婆你被潜了txt下载
E8A95C4A50A6F51BE366E466549B7C65,3,恋爱心理学 欲擒故纵,属猴女孩喜欢一个人表现,读懂女孩心思,24女孩喜欢一个人表现
561A286C2305F2C6DF2496273E89AE2C,2,计算机一级考试上网题怎么做,电脑连网线怎么设置,桑植民政局,桑植民政局在哪里
82E9C00D9233ACCB7B4715ECBF45DD7E,2,气垫bb霜使用方法,刘亦菲结婚了吗,童话宫殿,cos眉间雪
738D72D60EECD4A6521D44A04FF1ED48,2,美女壁画师引争议,小偷盗窃五毛记账,为生二孩和哥结婚,炒房客中3200万
BA8FD47F87EE0D05BAB8CA9BB9DCCB5C,3,顺丰快递电话,跆拳道培训,入门机车,来宾地震最新消息今天
F2E6238309A7C260572F56E7082E04A8,5,联想小清新air,统计学,"tendency,[",矩阵cos. sin. cos的n次方1001矩阵cos. sin
434EE53E08352B2C462F8C64D1ED847F,1,手机快拨播放器下载5.0,曾轶可微微一笑很倾城,专升本的学历是与普通本科一样吗,新闻稿格式
7A1C1341C67EF9D733FA72288D5E978D,1,结婚彩礼钱多少合适,怎样给手机视频加密,破解空间权限访问受限,dnf禀冬
6FDA6F1D77E7E2A826EF9024BADC0C10,1,韩剧成均馆绯闻好看吗,蔡绣衫,国外视频下载软件,专门看韩剧的播放器
F81AE68F9C41DE46391A461B2251CFDC,3,小提教授性球大爆炸,趴着睡早上起来肋骨疼,凌云科技集团有限责任公司,空调安装没抽真空
A187530932015195C13E9A988B5A2730,1,sd卡异常怎么在手机上修复,我睡眠不好失眠怎么办,http://,膜法世家面膜真相调查
76E9A447878C3AA5931B45A6DB1C7FD4,1,oppor9手机像素怎么调,丧尸新人类国语,高中军训作文400,oppor9plus为什么不能玩怪物x联盟
40461864D01A3050DF4604B460FBC227,2,柚子街卖家,手机摔了一下开不了机,淘宝怎么入住美柚,二七万达1号院
2A6988A03F0918A7320138657E7C821A,1,有啥软件可以打开iphone6数据,腾讯安全管家申诉,定西离甘谷有多远,iphone6s为什么一直说释放空间
9C1DC2FBEF6D1F480BDAB50F27EAFD62,2,火星文霸气网名,谷歌黑科技,网剧陈二狗的妖孽人生,谷歌未来布局
2B6FE7CC7561363A3DBD27CC2215E571,2,高等学校学生及家庭情况调查表表格,女人减肥胸会小吗,上火了吃什么降火最快,经济法教程课后答案
94DC47EF586114C9FD96D1201DBBF92C,3,95542是什么电话号,百度,郑州到邓州,浦发银行信用卡怎么提高额度
26ADF6765C19D801A1A2206DD0BA5834,2,安娜苏深层清洁面膜,安利深层清洁面膜,爱德格,佐助和谁是一对
CE152ED8B0831A65BB05CE9F7194B8F6,2,如何鉴别翻新电池,幼儿园大班看图讲故事小猫,幼儿园大班拼音u教案,幼儿园大班看图讲故事
83E1673A3CD9522136006379D28C7491,2,笔仙诡影剧情介绍,人文主义体育思想和科学体育思想的区别,星巴克活动,林莉自由人
3515C931CACA4923C8645AE88057BD80,1,电影泡沫之夏,灰姑娘与四骑士百度云,简约北欧风格质感,动漫巴卫和奈奈生在一起了么
E039134756E95EAF3180E432BF3DDCD4,2,近视眼怎么恢复视力,收购南美白对虾价格,大乐透,电脑内存条多少钱
84D89DBE9A781CF3FDCDC3BA9CD6EFAF,1,汽车之家2016最新报价,鞋带的系法图解,奥 曼希,百度云下载
3468160BC32DA3F9C4A2D7B338120E67,1,板蓝根去火吗,感冒可以吃香菜吗,上火了吃什么降火最快,天蝎座配狮子座
8D7C5450F78587C4FEF0F8387C313EA8,1,猫和老鼠全集,骗死大学生,首医大燕京医学院1001无标题,红凤凰粉凤凰的绕口令
5D04F3AA57197881851E3A0A6D822CBA,1,助学金的哪个表需要盖章,李肖鸣,新闻联播,电台直播
434597CB1AA2356FF487FC239A338AFB,2,莆田国际油画城,如何看奶粉的好坏,九个月宝宝发烧能吹电风扇吗,白带褐色
C7AAB737FFEE925942A124621DB1F049,2,dnf啪啪9,dnf暗强的神器戒指,dnf里鬼最高多少级,dnf男机械主c需要什么装备
4C34240F9456274DE5405338CA7D385B,1,南昌理工学院,西安三环内有未央区,微微一笑很倾城txt,法医秦明什么时候播
D2270301C4C5512C00FAFA68FD722EFD,3,hydra soother mask面膜,delvaux是什么牌子,iphone7图片,梦见夏天下雪
A479CDEDDB091ECD3ABF78DFF69733BE,1,郑州新郑机场登机流程,弗洛伊德,海南大学南门的问道皇朝网吧早市是几点,苏轼词赤壁怀古朗诵
F08E29B46BD586B27942F373CB8E940B,2,祛湿茶有用吗,和谐号可以刷身份证,男人分手了还保持联系,惠州天气
C8D5523ED462C0C508F0B8D31A39E35D,4,北京时间,伦敦奥运会帆船女子冠军,假声怎么发出,火星人脸
046FB1F8AA69FF9BAC5895FA6AE4A836,2,三养火鸡面在韩国卖的怎么样,bmw7201dm,曹云金再讽郭德纲,微信表情
0989D24D927CF326BC0842220DC9E7DB,2,看片软件,对女神的备注,matlab.*与*,罗伯摩尔
515932E86D4A45C53FCA708CE1B5460C,2,杭州g20峰会,卡莉斯塔符文s6,补水祛痘面膜哪种好,伦敦陷落
B6A5A5292849311DAC0312866EDFA18B,2,金立s6和tcl750,百度,vivo支持nfc功能吗,兰州市安宁区供电局
1A0DA4DAF20F54FCC0B99743660852AC,2,益生菌在饭前还是饭后,无花果图片,手大的女生戴什么首饰好看,烦躁的图片
D4191176CF022E2DA3BEB00395F6C68D,2,江西到湖北多少公里,给我们的一场梦你做的过瘾吗,叶童,微信提现多久到账
08AFE4A9FE5688E4A96007D602931832,4,谢杏芳,海带的功效与作用,宫内缺氧的宝宝出生后有什么影响,甲状腺癌会疼痛吗
39C731B2C95E392B16BD96CF98725295,3,前程无忧招聘网,田横五百士,"bartender左边显示文字,右边显示二维码",中外管理
A8DCCAEC2C1E1B655AD55FE44438242B,1,法拉利恩佐图片,e i字母 凸轮轴代表排气进气,华硕,pcm是什么意思
62190EC04DAD54D5E49DB63BE981C219,1,白水煮虾的做法,移动信号差,水杨性成分的护肤水,海藻面膜千万别买
FA89919BC7C9BEC2FAF5A7FE18E39D72,1,手机会致癌吗,新房子用水泥会有甲醛吗,在广东秋天几月,奥马冰箱质量怎么样
F93A76D568B9115C85114FEC84932B99,2,曝黄海波低调复出,孤独常伴我左右,海然海然,苹果id被锁定如何解锁
9021DEFAB5572A5BC7B5B25F2AA0711E,1,淘宝卖的无限流量手机,百度,2016哔哩哔哩会员总人数,刚出生的小狗怎么喂养
A3D8924CCA4EECAA3001177ABE5F3DC0,3,照片怎么弄成漫画照片,commodity怎么读,梧州是哪个省的城市,过氧化氢
D66116B598B66456E8A3901ECA5ED40C,2,工作心得报告,象征财富的字,形容突然变得不好的成五,象征长久的字
6FAE16A631F2BBB45FD7FD83202637D9,1,快乐大本营近期嘉宾,笔记本电脑什么牌子好,放羊的星星女主角,修理电脑全部硬件一般多少钱
80EEEBCBE3CDB646FFD3C6CB620F932D,3,安利产品大揭秘,thyouth玫瑰去角质亮肤乳,thyouth多少钱,白带像浓鼻涕一样绿绿是怎么了
FC6FA926376941F3F0A6B244A39F431B,1,九阳帝尊,高中作文对老师的第一印象800字,塔王之王官网,鸟的英语单词怎么写
C5D464EE1601A6D2E6EB453986395E08,1,睡觉醒了眼睛肿是怎么回事,喝雀巢速溶咖啡会胖吗,炸土豆条的做法,剥石榴最快的方法
4F682D725AE09D97185C153DC2EB3E42,0,怎么刷动漫vip,如何制作昆虫标本,美图秀秀,qq刷星钻代码
61B369C02EA98F39E82D146A7CBC37C3,1,跨界歌王播出时间,学生赚只能给自己提现吗,被老师电脑控制怎么出去,爱是…段子
65B1E747BCD9AE012EC5F3557A6D588B,2,西安和哪些城市近,成都,遂宁市最低工资标准,美图秀秀
1E44784A57F4E23EA769BA5A24B66A9D,2,唐人街探案结局,隋唐英雄4,天行vpn连接不上,天行加速器账号
CD4B8D285E89CE1A825AB15F01001CA5,2,微商的产品可靠吗,泵怎么读,脚趾甲染什么色好看,王宝强参加爸爸去哪儿第几期
612DA5D2B6A7A2583A7ED02CCB41ACC0,3,唇釉好还是口红好,平板上的微信只能发照片吗,等,梦戴维角膜塑形镜好吗
6169FCC5A6863C2BA408BBD76B01140F,1,鹿晗喜欢贝克汉姆还是c罗,鹿晗最喜欢的球队,鹿晗最喜欢吃什么水果,鹿晗的英文名是什么
6F9428215F9783625F79BABB86925164,2,超威电池和天能电池哪个好,当你的秀发拂过我的钢枪歌词,大同距离西安多少公里,百度小说
FB7E23AAB53D5375F364946A979FE3A3,1,lol红色三倍速,9527是什么意思,我的世界拴绳和,帆布鞋踩脸
8E7424BF99968CACF050962EDFBA8657,2,流浪皮肤宗师多少钱,财务费用分录,认知策略和元认知策略的区别,s6赛季什么时候结束
9DC097EA004172D4EE751F9972480D89,1,微信绑定手机号码换了怎么解绑,lol图片手机壁纸,蝙蝠车图片,塔姆大招一个人怎么用
EE46503E134F459A8D7EF282FD40DF64,2,八神紫色衣服图片,拳王k9999图片,拳王大树根图片,小小枪战2无限钻石版
2F725FD00997E169734BA64D12E3A7D2,2,瘦腿针效果,有句歌词是嘀嗒的女生唱的,有句歌词是嘀嘀嗒嗒中间有段rap,西柚妆教程
D61FDE3231265FBD34BBB253D834651C,3,黑茶传销,5个月的宝宝消化不良怎么办,联想pc平板二合一,张三丰
9CA76D50156B528AF2E824D7088CDD5A,1,鑫城雅居,为什么红米note一进支付宝就卡,艾比湖为新疆第一大咸水湖,莫文蔚杭州演唱会门票
243EC052418F6907F70732DA8FFBB6B5,2,莘南高速线,支付宝怎么退出登录,上海南到南京,四川广安
E6EFEDADA7F33A2A70DE0588F778ECD1,3,西中岛附近的海边,世界杯12强赛门票,eva,新车磨合期注意事项
2DB6F199CE17861BFAC1A5296D8A477B,3,刘嘉英,烫睫毛有什么坏处,ipsa自律系列怎么区分,南京三号线
A1220996649D0B1FA9BD3390D9D8FBEB,2,平安wifi破解版,新中国奇案疑案,用牛顿_拉夫森法,百度
F112038116027B99E48FC8AA5348530E,1,互动作业网页版,杨洋电话能打通,龙山二中第十五届艺体节,互动作业在线使用
5E5926498210F28B085B2F85F9550DD6,1,我死在去年夏天国语,帝都图片,二次元高冷动漫头像,萤火之森
2F3FBEA01B5BD52A7A859B569CC3D645,1,世界第一初恋,和爸爸kiss在线观看,华山,月夜之恋
22AE9D7646068AC618612CB0827109F2,1,雪花玉,从临淄到济南多长时间,诗句,大母脚趾有淤血
0EB0B23E743971BFD27ADCF89D67CF97,1,狗肠胃炎打什么针,吉林市101路公交车路线1001吉林市101路公交,为什么说鸦片走私对中国是沉重的灾难,能在照片上画圈的软件
72E6F4BFDD03859A5741FD35C6FF487B,3,柳岩性感沙漠写真,牙周病,花与蛇电影,papa童装怎么样
C856BA8F621140B034C9089A30F30FCE,1,被虐动漫美女与野兽,女的,乡村艳福,武艺
94F6CB5CC3EED5A97372F34DBEF5471A,1,戚薇,只因单身在一起,郑雅文,李敏镐
B31400E19A8C018B10E5CAAD77E0A877,2,电脑耳机排行,zuk z2相机,千伏安与千瓦的换算,天天洗头
590BDEFD16D65549C832632E5A72063D,1,微微一笑很倾城txt,光泽顺丰快递在哪里,全国舞蹈学校排名,走路走多了为什么会起水泡
E1043C8095EA86328465BAE92BE14EA2,5,幻想校园神录,苹果官网可以用支付宝吗,磨床,男士用什么香水好么
6D3B62542D9ACF53C1C60CBCAB25ABCE,2,天津天山海世界米立方,家庭幽默大赛第二季四胞胎,金钱之味,乡村艳福
521DE284ECEAC1DAD32DD1ED84C1BD00,2,yzm事件,库车小白杏营养价值,全排列,雀神
5C713DF043512A3AB4988666595B52B4,2,森林,醉枕江山,武警老兵退伍卸衔,百度
B3B0C544551F19BD91AA46F1442D0586,1,应长丰,百度云和360云盘互传,福清龙西中学,福建高中
ADA71E60744BE27C53BE3F9B45A97759,1,兽人之强养雌性 by土豆芽儿全文txt,兽人之强养雌性全文,特种兵穿越兽人,地下水美人鱼电影
C0A445B5558C992BBD2BD8B690EBD6EF,1,花荣,绿钻好还是付费音乐包,麻辣变形计刺蜂扮演者,李俊水浒传
24C6334B0503C5D36829DD3B246C917A,3,孕早期,烤鸭,红枣汁的做法榨汁机,温碧泉自然堂哪个好
9AB59ED6553DB785D3B6929F6780477D,3,日本移动wifi,日元兑换人民币,skyliner京成电铁,万家宝牛奶订哪种
0F1A15E6BF60B8A0E0F625ED7331AA98,1,新加坡天气预报15天,innisfree,泰国黑头膏效果,舒耐喷雾能带上飞机吗
2C3AF4455A7BBD3E96447D8FF9D34BE5,2,克雷特行车记录费,安踏休闲服军绿色,工作的总结,电子狗每年都要收钱吗
0493DC7A795F873E1B20371106773BFB,3,骗子冒充警察打电话知道身份证号,关注直肠癌早期五症状,双向六车道图片,新娘盘发大全
00C79BCCA0F53C6FF1D60D4FEE25C45F,3,亚视达机顶盒自动搜索,寄小件哪种快递最便宜,letv电视遥控电源外不管用,今日说法
3B2CAA89DF91B5729EDEA1D4D0D55FBE,1,太原理工大学勤工助学,贴片电阻1002,万人往是谁,每天用百词斩背一百个
12FB3F6778EDCB7B36B735D32F6A3FF3,1,康复治疗学的悲哀,曾经是兵歌曲试听,防弹少年团粉丝叫什么,郑爽胡彦斌
207C96805B4ABA7DA2B7103F4945550D,4,适合幼儿两人的游戏有哪些,教师节手工贺卡图片,爆裂飞车动画片,大王叫我来巡山舞蹈
8A39325DD3C13AFDDE2A3AE5E692D6D5,1,新还珠格格小燕子什么时候知道是萧剑的妹妹,无论魏晋的无论古今异义,才通人的才什么意思,原子小金刚
E305B246FC71557A453DED52559358E9,1,手游我的世界附魔弓怎么做,赵琳和班主任,古风的词,美国队长3蜘蛛侠
AE57816318AD4357FC3E4CD9ED034F29,1,故乡猜一味中药,zlsxsx什么意思,停英文怎么写,搞怪头像
DC1E6D578A8C162533BDA26606684396,2,零典网络,多情江山剧情介绍,敏感肌肤用什么洗面奶,qq聊天记录删除了怎么恢复
075697AB7D193341B94F7E7F7C4C50DF,1,皮肤发黑怎么回事,黄圣依让几个男人睡过,苹果6plus听筒多少钱,环切包皮手术多久康复
AE29B4165FA3362E84AA6A613F9FCA75,2,诛仙青云志迅雷下载,低血压吃什么食物好,海蒂,转移因子胶囊
B5C781FFCA4B93ADDA8FD953146C61DF,1,烤鸭,和女孩聊天话题大全,潮流男生服装搭配,订台
F6EB4A08FCE50BBB55B88D6D4830C00E,0,欲成欢,下厨房网 烘焙,经期适合跳insanity,龙应台经典语录
170B61BBB43674D83114DF0B23A1D1D2,2,帕拉梅拉报价2015款,斗鱼,树大催之,宜昌龙泉山庄大酒店
57FF32135ED93F926516D08AFB6BAB79,2,近视眼怎么恢复视力,耐温等级,深圳宝安区社保默认指定医院是那个,月经期可以治牙吗
30A74717BB8BA181F64F7F9D3E7299CD,1,多媒体播放器功放管,锂电池价格,什么样的软件p图比较合适,oppo1107浏览器停止运行
FD9B7CE8B00B767C552342BEC0F4BC30,3,怀孕32周高潮,旺仔是什么公司的,公司虚开发票会计责任,煎蛋
5286C4EBF6B959189514C00AF117B9E2,2,上海哪里的房价最贵,阿迪达斯三叶草的鞋子穿起来是不是显得脚小,1996年有没有闰月,ktv妈咪
F138D373BFA97D742CF91FDEA3F95633,4,欲成欢,娱乐圈宠文耽美,雨朵儿,小小皇后选奶爸
5ED242CF241622B1B7840484FA739072,1,麻雀是写的民国,软件编程有前途吗,潘基文,我们住在一起
EAF05C0B6D0304ADAA9DEDE9E0109F9D,1,贴吧化妆群怎么写介绍,猪鼻贴真假对比,针眼的症状,乐天免税店中文官网怎么买东西
66AB6E9115BBFD8111A94E48B5B50856,2,在爱的幸福国度你就是我唯一,逻辑失控,cd,audio是什么意思
0A99CED8BA886837203CAE46FBBAEF25,1,兰博基尼,闪电侠,斯伯丁,华硕
3A0F37623EC0652E9EEACB95D83A155D,3,蚀骨伤婚,灰姑娘与四名骑士,豪门老公带回家,裴少的千亿宠儿
E038F9E8989B4AE979598EC7606D4ACC,1,墙纸,军训心得体会300,"一家人都被鬼杀死,母亲是法师",笔记本电脑什么牌子好
AA064605022A4374664998BC5BEC5235,2,大列巴,sin-wellness,青色的橘子热量,碧空如洗
7BA509CFEC4AB7BD33E3F13AFB0301CB,1,月半小夜曲铃声,李小龙视频一秒六脚,铅笔画情侣头像,复仇的熊王
29D3D4E804287C8E3CD40F9C5A0024AD,2,nba2kol韦德,罗海琼,波什生涯50佳,nba姚明集锦
920B6FD7970C570BF4B7D86F1C7254EE,1,优酷十宗罪,魏晨,朝五晚九,元气少女缘结神漫画
B3C2FD6F81479E8367B8EA6FE8317A85,1,微信银行卡怎么解绑,周记大全,淘宝怎么添加银行卡,有一款特别特别苦的芦荟胶叫啥
CDA6CD8FA762B9ADC645D41B8AAF1119,1,angelababy邪恶福利图,人肉叉烧包,凌天战尊1983,angelababy婚纱照
7BC83C656F2A91105A6CDDA88D8A4EEC,1,谁是卧底词语,lol英雄s4宣传片,ios10描述文件,存折取款必须是本人吗
6923CBB602DE6B88FDA079132E34A910,3,高碑店玫瑰园售楼处,offer,怀孕会黄体素高吗,陶汝坤
9C4AD78A1AE9811BA3E982E1F57BA864,1,k378次列车,新华网,国际宣传片头,世界级特技飞行大赛
B5BA9BC1924E5ABFD82562875CD20607,2,电流定义,什么叫铰链四杆机构的传动角,:我没能和你在同一所学校 不能照顾你 不能?33码多高人穿,将夜txt全集下载5200
5E7196A328A2B1176F18D9DE4F4E5481,1,学号不好辱骂老师,咱俩就凑一对吧,襄县哥哥蛋糕,谢娜结婚何炅哭的图片
5E783656D9B233C96B72C6F0F95EE970,3,纹身贴纸用不了,脖子短发型,上班太累了图片带字体,南阳到长沙火车要经过哪些站
0788258EEE79689EDDC8DDE85C3D6E80,2,凯特王妃,开水机可以用几年,封口机奶茶,社会
58329427E69AB747CFBFF0B00A5C9D02,1,猴菇蛋糕会胖么,蔬菜沙拉的做法,美沫艾莫尔的产品好吗,曹司令mostlytiny
F068DB4369EE7FA80690E7B6B4296647,3,手机童话村在线,黄山香烟价格,一个好人成龙国语,第九届金鹰节颁奖晚会完整版
585B918984D0EA51CB9330D3D0C04DBB,4,戚薇,大蒜祛斑怎么用,黑色阔腿裙裤搭配上衣图片,日本阿vs直播视频回放
E3736C096A3F796FB8353A9DCAB16941,1,大学生暑期实习心得体会,苏芬战争,苍山洱海 千岩关,http://
5C1B34EBBEFE93B0E625AE0B08D9A46E,2,皮蛋的做法,广元芭夯兔,哈佛h9,十宗罪张翰傻逼台词
72519F57584523AC468A0D88E48635FA,2,陆小凤与花满楼,头屑,好听的古装电视剧歌曲,孤芳不自赏阳凤
75EF414652D65A23807789A7CEA0A59F,3,萌小希丸子头,六间房,死亡邮件,燕子飞进家里怎么办
5C2B6E07FFA3188AE5A424E5CF7709C6,4,哈佛商学院硕士研究生,七色花图片,梅花香么,青云志片尾曲
B98C981788B13670EC9022869B7526A0,1,美团app,被猫抓破皮没流血伤口一直红肿,吴江市邮编是多少,大乐透
69E00411AF15A62A8F1EA9F9A130BBA4,1,台式电脑,校花的贴身保镖林逸,逆战,诺亚奥特曼
732F55D6A706D9213D9FCD2A2E6215CA,2,乔布简历,尖端放电原理,速度的方向,点的概念
BEEE95D246C37715F6CFF7EB8F8AE4AF,2,小三痛苦,手机系统提示音,红烧肉图片,韩国什么破产
1502CC19B315E280C6F051E907D4521B,1,亚洲狮,火影忍者土豆在线观看,斗牛视频,韩国狮虎斗
86E5821145428A63BDDF37288A732C74,3,曼尼普尔是个国家吗,戚薇,恒大集团,陈郝前妻
B05BCA6518F08C35C3215DB368D6426E,2,判无期徒刑是什么意思,杨慧在家安装摄像头,江湖,奔波儿灞与灞波儿奔
4203A0EF0D7DA74CD65ACF0DDD1EE072,1,百度,色戒完整版在线爱观看爱奇艺,招安悍匪 剑三梦回稻香,昔日霸主普朗克
DE6224987E08DD59523EEAC8FE2D1C6C,1,中国茗茶价格,动漫女装正太全集,6901028169998,战恋雪
71FBB121D233C297DA94D54D8FC6A6A0,1,怎样才能快速感冒发烧,实习生工作总结范文模板大全,水浒传拍摄地,2016奥运作文
0AC10DAA9745FA651B1A2E3016D84F86,3,sniper笔记本电脑在哪,红景天的功效与作用,呵呵,成都
66ACEF40AECB98C3A43ED74520A73DE4,1,甄嬛传全集在线观看,沈阳方特门票多少钱,工业设计产品手绘图片,oppoa59开箱视频
B256C54FE9D607C4A3A1B591657D0684,2,动漫照片app,染发黑色系那种好看,语言 洗月亮,因为红音译歌词
9CF7C734E7AE93AF5CB9F1A7A15DA9F7,3,一叶子面膜怎么样,农家媳妇的日常,脱骨香漫画全集,断玉的截面
2407D5D925EF6C2189DA6F14131390B7,3,备孕sijia,山西农村电影,失落的山村,感冒有点发烧影响精子质量吗
0CCE4A255FEFF985C198694F2AFD4A9C,1,我的贴身校花墨色大地,我的贴身校花墨色地狱谁是奸细,惊天魔盗团3预告,寻仙手游
B1E06D8C57D6C07AF9F17C0ADEB84EF6,1,620523是哪的身份证,天台县平桥镇,闲鱼,电脑怎么看好坏
62AB745BC43F851C82BDBB90E18C01FF,4,股票k线图中的颈线位,日线指标背离,wr指标的w值r值,土地估价培训心得
C318E68E7C46B8E8A43E1D3337DFBD31,2,chargaff遗传学家,比旋光度,怎样护肤,阳泉数码城
0AAC7703248C5C34B35123EAD84B99AE,3,绝对臣服 南岛樱桃,一世长安小说,张柏芝美图,泰勒斯威夫特歌曲
CFC069757A87B28B243D6354302938D9,1,微微一笑很倾城txt,骆驼趾袁姗姗,"比尔拉福他可否大学毕业后立即创业,以提前?十世作品",甜品大战
294CC591A76A16427E6A771BF144FB09,2,碱性食物,k902次列车时刻表,张祥青,小米蓝牙耳机怎么连接小米手机
124B285070A33CEBBFA75ED1C26A8EE1,2,向绘画致敬的产品设计,网络兼职,鱼面,故宫1001无标题
F12E5DBCCE800915D6A4FA4EBF0A79E0,1,一刹那的读音,微量元素,五大化合物的含量,古代学者虽然有人论
CABAB24404C1338F37A722240B9D75AE,2,三明'天气预报,孩子改名,老九门南派三叔在线阅读,婴儿面膜真假分辨图
0180A627BC940A993D3B784F8E9BC9C6,1,笔记本电脑什么牌子好,电负性最大的元素,希尔薇,艳字开头的成语
BD1926E41365D6F2B73B8B8C5B751DDE,2,韩国20000元多少人民币,耳机转接头是什么,一笑倾城歌词,遮瑕膏什么时候用
9F8BC2FEC1CE0697ADAA9F4FC129E584,2,婚姻合伙是什么意思,安米娜气垫cc霜,四六级,葵儿cc海绵含有荧光剂
BA3D799545BAA9C5E032062E88E171A9,4,空气净化器除甲醛原理,东南v5汽车空调蒸发器清洗,汽车臭氧消毒有用吗,移动参加88活动最后一个月不能改套餐
2AF81C5DE2011C602DC69E71DC8B1B1B,1,接到电话说宽带违规,军训期间学长装逼,椰子跑鞋什么意思,加入校园网没有wi-fi标志
2A83C56194E3914EFC76D8DA2328DDE6,2,英语,手指甲有伤痕如何掩盖,在美拍中如何变声,安徽到广西坐车要多久
8BF980175C9A2D8272CBB18063635ADF,1,贼眼皮,虞,天天酷跑错误代码1002,短发
62745C81EAB25C887160880F4C23C199,1,国家级急救证好考吗,石家庄万达公寓纹身,ccfamily是什么软件,这个杀手不太冷情头
849D48B97592317E4C2CB2D0406ECC08,2,萧逸才,张筱兰 模特,dell,云画的月光ost百度云
23023FEF818A93A5C6733C76E0DE3B2C,2,神翻译指示牌,百度,sim关闭怎么打开,浙江地图
16BC258A7EAA15C62E6F15BBD737378E,1,张晨光主演过的电视剧里面的女生可以用魔法,唇膜的作用,腾讯视频会员退订不了,自己的鞋和别人的一样
2FA2540D10B5595FDCD1D8F46F0EA630,3,hp nx6325配置,直属事业单位,信息中心工作好不好,信息中心前途
0173F5A28B624036FBE34FEBA201EF44,5,雪花秀滋阴系列,雪花秀臻秀系列,福佳新城房价,赫拉和雪花秀哪个好用
E86D43D48DA702645F72EAC6699FB086,2,绒布袋,八里桥在哪,百度,山地越野四驱车
AA5D66630B48466AD991C0DB787037A8,1,进击的巨人真人版网盘,超级qq官网,冰霜之刃,葫芦侠账号被锁定怎么办1001乐众数卡-空间?中央10台节目表
A6932F24EECCD7F1A05FFA54BE77EBDE,2,健身最好的时间段,早上做眼膜的最佳时间,广西全州邮政编码,纱窗可以用洗车的喷头喷吗
D73F0A56CC6FC0D88DF2C81F6613F37D,1,电脑播放不了光盘怎么办,按揭支付,网购奶粉有活虫,优好德
C2798006E7AAC0796A1A018ABEE44039,1,军训蓝迷彩,蛋xx啥意思,望奎县邮编,准新娘吸毒被抓
B2562BE231EE46900511FBED1CA56285,2,孕妇可以吃肥肠吗,孕三个月吃汤臣倍健好吗,无创dna多少钱,青云志小说
25151695C11419B37D2BD2CEDF43FB24,1,黎明解释,表示标新立异的词,佳木斯历史,长春好玩的
D6BDC6C4B18751E061A96999035F69D3,2,樱狼,大主宰,dilidili,宫园薰角色歌
9F86B1E53D3DD7657D6B364C54435530,1,余额宝提现要手续费吗,铺,三字经全文,站起来胸口疼
F1F4D1C4F6182CCC55DCAC8F804833CD,2,淘黔宝,朝解,农村电商服务站,自传范文网
B18E9CE84591A30F57CE7F5BEF6B373B,4,红藏青条纹,大长今美白祛斑套装有用吗,毓怎么读,高腰阔腿裤适合什么人
D4895DBF70870559CA48723378CA74FE,2,坐月子可以喝白开水吗,分娩时可以喝红牛吗,宫底32腹围88多久会顺产,辽宁卫视完美告白
63CF85C2D9FCD0867776B040725D6E90,3,长方体底面积公式,公司起名大全,coco55,苏帮菜菜谱大全
4DA1503FB4AD78284AD8B0BF899184CF,2,原布规格和成品产量表,邮政储蓄银行vip卡办理条件具备,吃过柚子可以喝牛奶吗,小说诛仙修炼等级
E57E2E6CF33981325E233713A88DECB5,1,八喜电影网下载,贺美琦,第28届金鹰奖投票网址,八福动
EA7F59E9D76A72932F133A4728593D1A,4,婴儿吃完奶粉就大便是怎么回事,妈米爱的主治功能,20多天的宝宝有点吐奶水,你家宝宝睡觉动吗
878957DB64AAEB2ABF482BEC0E43E6EB,2,中国面食小吃做法大全,用电饭煲做甜点,makelove游戏下载,四六级
1E63D53CF462EFE5EF0CE4B3FDD6953B,1,悍妃 本王杀了你,幼儿涂色太阳艺术教案,河北女子职业技术学院,太阳简笔画
8C734DD6C10B61BF054F103626F5B9FF,1,蕾琪的防晒,竞选纪检委员的演讲稿,小星星吉他谱c调,班干部有哪些
067B6ACF15603AF02EF26F78C7ACF36A,2,张云龙,休学证明怎么开,西安事变,广东新兴发生地震
EF40201CA8FA207B93652B51F9BF711E,1,瓶邪r18漫画,吸血鬼,上海市商业学校分数线,日本恐怖游戏大全
73336262E4756F142B88156FEDD10908,4,丰田阿尔法是mpv车型,澳门大轮盘,18279131012,小区水表转的快
0CC9039879AB3B5CBC127A2850465948,4,买新房手续网签是什么,支付宝客服电话,绿园区,网签在
70857D6A2CC2CEA48D60D57E2223B349,2,三体txt下载全文下载,鹿晗图片,ultraedit可以编辑c语言吗,msi败家之眼
D41E050BBE8D3966BB47A222CA7F74E2,1,蓝牙耳机大概多少钱,东京食尸鬼剧情介绍,违章动物,小丑库卡和九色鹿那个好
D2E2CEAC9F13B5BFF58DB6746F2F00BF,2,百度,混血儿香奈儿,vivox6喝和vivox6s,注册会计师考试科目
3929B5FEFCC22399125DD7B64A9FC3BC,2,小孩身上长红疙瘩很痒怎么办,杨幂怎样进娱乐圈的,怎么回奶最快又不痛苦,皮肤怎样补充胶原蛋白
4EF658A4DC41FC838CE283E09974EFC2,3,一锅豆腐脑能赚多钱,天然玉石和a货的区别,自己装修比装修公司省多钱,身份证怎么用excel函数分男女
078F9002FBF7A611CB14F962C5C139C0,3,旅行怎样叠衣服省空间,鼻子与喉咙接处难受有点疼,椿象,判断玉的真假
034B2A206EE0E3711223ECBB1CAAAC61,3,肉牛为什么不吃玉米粉,苍蝇最怕什么气味,灭苍蝇的妙招,宽带查询余额
00964D1724186E4E558C5A7CA5847301,3,福建台风,张纪中,cad2010如何画剖切线,北航 镜片镀膜
B9E1EAD888FF5E73090585E5370ACA9C,1,钦州市怎么样,完美世界诛仙手游官网,睡觉脚经常抽筋,手机怎么删除微博内容
E2C628780F113F18FFDEC4878B1D43BE,2,地铁怎么买票流程图解,句容必胜客在哪里开,制作银饰全套工具通用,银饰制作培训
A42BE2DBAA6EDADE36F42B9874C0C482,4,绍兴第七人民医院神精科医生排名,帕金森病的症状,烤箱烤全鸡温度和时间,麻辣烫
0AF988EA45D36A99B37266B728CE3362,2,研究生国家助学金,武汉纺织大学,黑魂3手柄,秦时明月之君临天下
AAADF136F2344C40BFE0208746679D1F,1,什么是 从上向下滑动,ak117熔岩打造要多少钱,爱情数字密码大全2016,win10专业版怎么更改管理员
B3A04137DDBF872803013110AA6C92A2,2,淘宝开店流程步骤,刘海接发效果图,头发油发梢干怎么办,玻尿酸价格
6111FD91B2C0DCE4348BA623E9CB7CBD,3,昆明住房公积金查询网,宠妻撩欢老公大人么么哒,狼性管理,带璃字的名字
3097CAE5619078BABBBBD8D325994C0F,1,oppo透明手机,兰州好人墙开播以来,战秀杰,透明手机
2E0F0AA9097A967774A808436099F075,1,我的世界海晶灯,百度咩喋吧,美人一笑也倾城txt,被冻结的微博还能找回来么
3E9080E4DD33E8361AE079011CE9493D,2,英语四六级考试时间,德尼尔森牌子是哪个国家的,南京理工大学的通信工程专业考研竞争激烈不,德尼尔森皮鞋是名牌吗
5A75AFE777554941D7D13A2D51C0AA31,1,山东烟台,影武者,飞车侧滑怎么调整,我的祝福上太空
AA3C71C66D8EE3E18C2F2D53BD7C7B80,1,100元人民币上的秘密,上海音乐学院官网,西昌话测试,jd是哪个航空公司
DA6B58106414025F7DD019E5945EA3DB,2,人民币折纸大全图解,膜法世家热敷蒸汽眼罩好吗,敷完面膜脸上还有好多精华直接擦爽肤水和润,钱可以折什么东西
E96A77B1796935CA9FE140685518CBE3,0,化学方程式计算公式,老翁徒手击退黑熊,你的世界小游戏服网通用什么ip地址,你的世界小游戏服务器
FC233757E4CE3CC5F749AAA4CB7A1EEE,1,嵇,和桥有关的情诗,亚布力哪里的榴莲便宜,亚布力贴吧
D70B49A6C3DBD42F3B4FF7E229082794,1,unless是什么意思,红米充电时红灯闪烁,启蒙运动对人文主义的发展从对什么得崇拜,文艺复兴时期人文精神的含义
9A9E68D9802099AEA54A41DEE3FAEC37,2,qq头像,唐婉婉,小别离中的张小宇,"沈千城,江时语"
8E4BCF3D8DC6736756991E2CD3FD8287,2,excel等级公式,蝴蝶校园网,丹东哪有妖精的口袋专柜,宝马x1
E1D1E206102C4352D57D96C5BB4FB5D7,2,卡戴珊想删掉的照片,川崎六眼魔神报价,佳能eos5d,长城哈弗h6
3CFF8B294302D101685685A72C477EFB,4,吉加偏旁组新字,二年级数学上册教学计划人教版,母亲的战争电视剧全集,原阳招聘信息
065C23BDAD9CE7EE99641DCBFA2CAE76,2,吴锡豪,牙尖手术费,猛禽,揭阳市太和医院
E9260EFCC09E9EFE0783EF5108DC0506,1,120g固态硬盘价格,i34170多少钱,苹果wifi万能钥匙多少,苹果怎么清理后台程序
A29BA5C912F8C32668206DFF41C25C8F,3,林正英女鬼片僵尸电影,"钱塘江,大潮 真是视频",僵尸道长2,僵尸道长3
219540EEF6B704A8A6002CE3EE4E2A93,2,宝宝心里痛图片大全,深圳8月20号50公里徒步,11处特工皇妃,最新电影
5F82F25D0CB0EA39F5A231399F6CB4A8,2,nba几月份开打,iphone7plus图片,歌词我们是一家人,二磷酸腺苷二钠注射液
6CC9D35DE761F7409A3BD3DDA3538CB8,3,闫拼音怎么读,皮皮鲁传,嘉综大桥,对账怎么等于好对
83089073409ED7B5CAD7E966F8FFB2C8,2,大乐透,万科碧桂园,周星驰打麻将的电影,空调尘满怎么处理
FFEC079CDDDE57ED0E5011B1C6AD15E5,1,深渊中走出的道士,上火喝什么茶好,glgl爱的日文,白马阴茎
8A9D7AAC41B01178A4C50A8F3FE664F2,2,吴倩莲,qq文件下载 手机,书包网 飘飘欲仙,好想李孝利
FEA69AAA77F7E9D11D18E1A130542509,5,易建联国家队号码,别克英朗xt保养灯归零一个定要到4s店吗,赖亚文简历,武汉光谷车辆年审
C60B396A73D3D65DD6288B80D1DF3BA1,1,你画我猜online,武汉纺织大学,琴琴,毕业之后不联系的个签
61D21C916B509DAE893FC07995368553,1,献血疼吗,东北话骂人,性感纹身图案女,纹身价格
E3920E84C9DE6422C6ABC0C197B02DFD,5,番石榴的功效与作用,厨房三扇拉门效果图,"新竹高于旧竹枝,全凭老干为扶持 ——郑燮《",怎样快捷挂北京协和医院号
74F563BAC61301C2DC0637DE54DC09A6,1,绿甲虫,微信评论别人怎么看不到,斯诺克规则和球的分数,夜校有哪些专业
CB977C4D3B9C1DA7E56CE34F832069BD,1,qq头像,天天酷跑188钻石场视频,妄想老师漫画邪恶图片,天天酷跑小魔仙配方
9B8DF786232BC4E6AAB2D198B7BFC881,3,石榴籽能吃吗,陈德容有孩子吗,五羊洗衣液好还是子初好,怀孕后可以用爆拆灵吗
5A1DF3D2CD7D07739CD9D0D587AD0309,4,官场言情小说合集txt,韩国护肤品排行榜,鞋带的系法图解,酒泉在哪
AE9AC69450750058309842D5C6C2A5A1,2,怎么能检查电脑各项驱动有没有问题,欧洲卡车模拟怎么切换左右开车,768*976壁纸,6个字及以下网名
CE74FF827B385CE207161FE5AEBD6B13,1,忍住告别的我,杨洋微博告白郑爽,照b超能查出什么问题,不打扰别人的句子
143EF6DCEB7FAA6CE470B731094926FB,3,泸州老窖价格表,微信一键转发制作,神雕侠女,感冒体检有影响吗
D4B63CFDBB9E7AE1D47C61FCDCD67A6D,2,闲鱼,大乐透,祥云县招聘信息,"笔记本电脑网站线插着却上不了网,网断开是?李宗瑞视频全集"
24CF6FB295555EC7E03983626186B999,2,为什么鼻子感觉很痒,为什么下面有异味,绿色的有那种虫子,吸管怎么样弄玫瑰花聊图
4B275BC592F625C83976C11B61AAD770,1,oppor9不用闪充,笔记本win10图标怎么变小,新买的手机必须用完电才可以充吗,科目二对点技巧
2AA643D8B18C20736B0AC498C274E20B,2,兰博基尼,"你未通过安全验证,注册失败",qq超市货架摆法,电脑听英语光盘用什么播放
5CDA4E12D4E6EDA0A2D21063A5F0CB2E,1,献血完后吃什么,兰州有什么地方好玩,凤盟,天津到江西
02BE12C61A9527BB347ED3DEB2D4D504,1,悦诗风吟洗面奶,祎庭沫瞳的耽美文,qq头像,狐孽
2FDF3AF4293C0ACDA39C8E9CDF6FC2CC,2,从哪儿能看磁盘是不是占满了,老干妈,工作单位怎么看大学档案,大学交学费的银行卡怎么转学费
EED9E18BC79C79264F5887509A3E55F6,1,昆明有什么好玩的地方,南昌理工学院,qq头像,九五式自动步枪图片
1A7C62DC420E0ACC3102E71A26B5E847,3,百度,感谢cctv之类搞笑语言,舒淇任达华激情戏未删片段,abor
6FC99415B9C22BB78A4E0000A14BFA8B,1,狗狗起名字大全洋气,辽宁大学崇山校区,团支部竞选稿,kpop视频
45EACDB71E225E6AA99DBB4384D7183B,1,霸王别姬,吴宇森,杨洋几岁,杜德伟女朋友
034637575B13132145207348EB5684C7,1,徐子珊被轮是第几集,英短蓝猫什么时候发腮,厦门大学嘉庚学院,黑天鹅电影解析
36A9798168DB8A8CEC6A1A42C06DA63D,1,黑客网络,qq头像,七年及上济南的冬天拼音的几声,济南的冬天原文
FB98ED47351B9FCFB287573E536658D9,2,悦诗风吟洗面奶,雅漾喷雾有什么功效,伏犀鼻,ahc水乳怎么样
0480AE5442F82DCD62BCEF1F650FBAC1,2,爹地僵尸宝宝,电源已接通未充电怎么办,陌生电话一接电话就挂断,美图秀秀
4D5DA9BAA5FE47EF1E7C305164330BA7,2,哪一种益生菌酸奶最好,闲鱼,玻尿酸价格,网上买的高铁票迟到了能改签吗
49864A9995D75F69A1723DD6AC3725A2,1,机票预订官网12580,百度,口袋妖怪超梦下载,怎么分辨蛋白粉和增肌粉
087395F94D55DA71D405FD2D2396FB57,3,安全卫士发现可疑快捷方式可疑文件网址导航,日本禅室是学中国吗,为什么打开店有没有开电脑机箱怎么会自己运,荷花怎么画
03CDB1B7EAC68649AC625CCF4ED837C6,1,饥荒手机版能不能联机,饥荒攻略,六道仙人,鸣人六道仙人模式
1B80276581890AE5B6B43C3CFCD43951,1,羊城通,烧饼修改器,美图秀秀,像绅士一样生活
54FE6D261F8A518D593332DA6F0A374B,2,宅斗文推荐,白蛇后传,你的背好白好瘦,耽美小说冷淡攻
BDCB43C8D634234A25A798FE5978C0A8,2,上海和硕联合科技电话,红光银丰园一区在哪里,上海昌硕地址在哪里,什么手机电池难用
2CE6E4FC1A1E467C6D348A335EDA5EFB,1,顺丰快递电话,闲鱼,百度手机助手,怎么注销支付宝支付
F769337C732566CC4844EBA4C903EC15,1,老干妈,镀银魔像,火烧鸡,重返史前
074D0AF28D51A3337775759DF9824D92,2,广工华立学院官网,汉语言文学专业就业方向,cad制图考证,省客运站到花都客运站票价
4C50D29EB5333E4A6A15FBDB7A09CAC5,2,抑郁质适合的职业,我的朝花夕拾顾西爵,可行性研究报告通过要满足哪些方面的条件,笔记本电脑开机不了
E8BC45FA3F374062A85C820A19B7F793,2,周柏豪,亚当夏娃的那条蛇叫什么,eric clapton,gada
602BA9C8CBBEBFAC552D447BBD2758B1,3,广从5线路线,最好的避孕方法是什么,新浪女人,cosdna化妆品便利信息网
6C06D98FE20DBA0AFB3FC63656A071A8,2,适合女生演的搞笑小品,百度,打架报案后怎么处理,iphone6怎么备份及还原
1E3EAFA3550F39BE6B3049E2456FA14D,0,幻城哪一集有少女莲姬,联通开的优酷会员,情侣特殊符号,少女莲姬第几集
2902090DC6369B7A0186A7F30667CC1E,3,dremel电磨,皮带发硬如何处理,赵鸿飞,单相异步电动机型号
36849D9A9B7A219FCC22E006C5ED9220,1,天后,哪个面膜补水效果好,http://,形容时间过得很快的成语
18A7536BD8931D89C2F9C91BFD9A0C13,2,儿童心肌炎有什么症状,此字加偏旁组词,心灵鸡汤经典语录,河西美凯龙地址
5A5C71AB2C5A918A535496782223ABFD,1,匡维斯,试婚老公用点力全文免费阅读,中国古代雕刻,oppoa33m
DFFBE6C55CECFC34FE031D1F7221813B,4,贝聿铭,星际之修仙直播间,论一个吃货的自我修养,病攻总想谋杀我乐文
BB7A93DF2D96EB3B61C79987C7616CC1,2,天鹅之纹,猎场,胜者即是正义,中国细犬
701CAD5E0889EA0FF76E137E272EC239,3,戚薇,李敏镐,灰色西服街拍,鞭炮
0D51134E05AB1BB345285178003F40AF,1,众难之,蓝田溪与渔者宿答案,怎么去除衣服上的霉点,一个wifi多少钱
D998D638FBA11D558C101702043E6827,2,gmdss题库,liable,降火的食物,pole
9DED8B4DCD59FD20625F8A387A50B909,2,小学六年级数学作图,成都金兴北路小学,晏,小学生数学做题app
3DCAF2A54D8B923C04F0CE7036EF3345,2,紫癜会遗传吗,2468打一成语,缅甸果敢老街美女,网名简单气质男生
669F7099A86A9AE2DA67E8F12848D41F,4,入党申请书格式,百度,老杨家 明杨,家具木料排名
16F5A96DAE7FE93C9D0ED84500DD8342,2,一叶子面膜怎么样,innisfree,芜湖,百度
AC7E688B46428B43AF4C2BD7AE13C2E8,5,12路公交车路线,双子塔海豚广场,刘新,显示电信帐号
02940AD5B1D1590016ADEB04D080B71A,2,生活苦的图片,鞍山火车站,早上起来吐酸水,宝宝心里委屈图片
65F2F799E47394D117B068B03F549F3A,3,迪斯尼 酒店 上海,莫少聪个人资料,蔡赟,马群 国家电网 时间
92DCBECD16111D5063C38F49E0E4F09E,2,秘密爱,犀浦到青羊区文殊坊,东方直播在线观看高清,犀浦哪里好玩
F7839EA1BB0A37417D4ADA06F958BE42,2,玩英雄联盟显卡最低要求,韵达快递石家庄分拨中心地址,分期乐买东西为什么还要进行身份信息审核,秋名山什么梗
8F697B20563FE936648553E53E848164,3,五斗柜图片,四个月的宝宝晚上不吃夜奶可以吗,产后脱发多久会好,宝宝14斤穿多大尿不湿
7753C6B9352D2B83E6FF149A6CA0013C,2,旋风少女第二季分集剧情介绍,快乐大本营陈翔毛晓彤,八宝米糊怎么用豆浆机打,有欣怡名字的电视剧
4C3BB43769F1E405AF9701730A00CB28,1,ps无法显示白板,饥荒攻略,精囊炎的症状,红米note3包装
EFB60B8C7EAFEE54BD51EFAF1BD637D8,2,孤单的背影伤感图片,右胸口疼是怎么回事,男神体重表,全球通套餐
A1A0182B6D3FC27AA388A93EF605D507,1,寸拳,青春卡,1921168.0.1,龙王传说
57BDE47C60C53050CBDC5AFD3B7AEBA9,1,连姬到底被谁,深圳物流,生肖百度百科,阿里巴巴创业网
624391B8F173BE8E1C3C38F0060B6130,1,武警警卫科科长是什么级别,手机图标设计,每年部队招兵人多好还是人少好,征兵
65247CE39E49A86AAA92B91B95139EA9,1,猎场,华硕,手机卡芯片剪掉一点能否使用,电脑突然没有声音了是怎么回事
121968D4E4F233F249CD12C39192CAB2,2,邮局快递单号查询,四不伤害,施慧达一天吃三次行吗,秋天英语
00FCB54787D90A161E15C173B558A45D,1,闲鱼,湖南商学院教务处,赏金猎人大招怎么放,为什么曹光以为二喜是微微
101F047ACFB8E3846704ECA3B833F51C,1,国通快递官网查询,加入学生会主席团的原因,定期存款提前支取建行,英语
FC28657DB5CB8539A79239A35C88CCF5,2,影武者,深囧,超级马里奥,mma之父
006FD7F95A2AA3481394E7508C1BB0AC,3,女人结了婚脑子里都是孩子丈夫,因为爱情有晴天剧情,六岁男宝宝嘴上起个泡,名人名言大全
BC734A2DD0183148275C028F074E4BB8,2,小说排行榜2016前十名,陈翔六点半第二季42,笔记本电脑路由器设置,九阳帝尊
A45A3E0410F68D33B3BD597D5BFBD5EE,1,情话书签的文字图片,南海平洲到江西上饶,玻尿酸面膜,电影
A37E651A5C32DF0821D36F161ED19EE2,2,山东传销哪里最多,电视出现雪花怎么办,青岛胶州哪里有卖二手电脑,苏州尚宝贝儿童摄影
8D3498E5A37FDCCEC500D61669F4EF52,1,青青草视频在线视频,华美月饼要多少钱,光良演唱会2014上海,米开朗基罗
3E0103C5B63C7F725F409D9067699B26,2,天书奇谈155武器,天书奇谈140套装,天书奇谈118无尚升125,诛仙青云志九尾天狐
A2B1F27EC2C85CF72047B7C609D5462A,4,最美乡下人,武汉智能公交,孩子实践活动家长感言,木耳的功效与作用
ED0EA7866392ECD3BF216C0CC315181E,3,怎么贴膜没有气泡,皮皮鲁传,郭敬明,带耳机上下楼有什么
04C88484DF24E9AE2C6933023892DFB3,4,绝经年龄是多少,刘源,沧州神通管业有限公司,阿莫西林和头孢有什么区别
D36FD0AADA65997701EE8FB232353BCB,1,品牌含义,身份证查找,"景翳翳以将入,抚孤松而盘桓",西装
100CE54D1A5B0F163153732492493587,1,吊丝男士第5季全集7,校花的贴身狂少,九年级化学长江作业本,时空猎人吧
37F4A0EAC4E6F5BE3E34A1AB73DA7E4E,1,2平方厘米等于多少平方分米,兴旺的反义词,女主是简沫,微微一笑很倾城电视剧什么时候播出时间
A1EDF7B96C99E1AB15BB6389CF765C08,1,手机主题全局透明美化,刘肖丹韩文怎么写,小腿粗可以穿小腿袜么,歌单分组名称
C18B6268B134C7BC687B6DB2F67E6690,1,汕头大学至诚书院,入党申请书格式,河南大学,汕头大学排名
8191A982A50605A6BA1DC43CD23FEE95,2,淘宝上的我写的评价怎么删除,提子皮可以吃吗,大四了该做些什么,国考
27D9A279737A8DCD3B170707CDD6E134,2,江西财经职业学院,wibox破解版最新版,新白娘子传奇百度云,陈雅森
2887B61E6B67D23ED03AD8BB7F6D82F3,2,线人床戏,银川一中高三第一次模拟考试,梦见别人怀孕了是什么意思,朱昱
473BBF7BCA35676AA5629345CC9D6CA0,2,宣化县四中,mideafs40-8e2安装说明,林屿森,mideafs40-8e2怎么调高
F1E8310B7B29AD8C6D8DE8A3A1F7BF65,2,"白骨精喜欢孙悟空,孙悟空和哪吒是夸父眼睛",c语言,笛卡尔积,征兵
CF4D62529A131408AB78D85D730BA91C,2,梧桐妹,河南万开农业开发有限公司,兰考老字街地址,射雕英雄传
F001C440BAFE1F2A504175CFC2B3604D,1,chaturbate播放卡,斯伯丁,销售非处方药甲类的规定,梦见去监狱
6000899FC787C57822A6D70A965F9D2F,1,柳岩男人装图片大全,中船澄西高级技工学校,华为商城,后宫漫画
FCF82876D89330E916A5E3ADBF99F238,2,沃伦夫妇,玛丽·伊丽莎白·温斯特德,神木挠不尽,咸阳到商洛
BE9D6A9B16FE6518763C5EF49C87DC23,2,刺客游戏名字大全,国新电梯科技有限公司,快枪手,爱丽丝小时候的电影
970925AB3326CA0AB738B4D6F4C91E42,1,孕妇可以吃生核桃吗,"孕六个多月了,今天晚上左边小腹痛",怀孕六个多月胎动频繁,孕妇可以吃香菜吗
010FBCBC08F8425F14EB74D13C3732DF,2,i3的处理器能玩2k吗,slack,magnificent,courteous
8D350458C3E4AE0350C892C50E1F1511,1,有没有lol免费领皮肤的,lol5杀摇滚乐队皮肤,dnf下次更新内容90版本,女鬼剑哪个职业刷图厉害
642F4E79563A037BC22EB3732CABB199,2,赵子荣,尼康d3400,百度,迈巴赫s600
B4397EB9C9A5AAE1051BA44F62EBD0F6,1,育碧全境封锁怎么下载,2018世界杯预选赛出线规则,暗黑3好玩吗,黎明杀机
5BE3A454FD6423F66D28C6581987F13B,2,胡永盛 传统诊疗中心,韩姨六年前主持的模特大赛,长春服装设计学校,有没有讲纯洁真爱的电影
2553B5F754495978CB3A338F22388040,5,小时光复仇之矛,中单维鲁斯,熊猫tv,全球通
D0BE907A8E1FC32B4FEDAEC3401C947E,1,古者诗三千余篇 及至孔子,婆家,剑三 丝绸之路,blank space
38CE9D26C9CD4FF6DA27BECD23D29288,1,综,克里斯 埃文斯,重生末日之养渣为患,q加取卡机
A97C3ED5A0DA253126264679EFA23A23,2,求医问药网,1.5升等于多少毫升,1500毫升水有多少,美颜秘笈2周年庆典
D9A51DB8539A844231774E5749E44D3C,2,怀孕肚子绞痛是怎么回事,长安越野车报价及图片,孕晚期分泌物增多发黄,怀孕后绿黄色白带
CB0265C3A9FD4FE9172ED1A8526E1838,1,dnf制裁360还能干嘛,先吃药还是先吃饭,管家婆辉煌版,长兴
25A466A15056395D4DF5B3093E534635,2,唯品会没有评价吗,公益团队名称大全,铝块的强化方法,纳米铜是什么
AE5DB90E59844FBF0FBAC4CF9A8690B6,2,华山,玛丽鞋,百度,西瓜jun
F94C2FB2646533F1DB26AA97009C4420,2,考编初中韵律操视频,体质寒湿的表现,你怎么瘦成这个死样图片,气球树
5D3B321CF13A7D3BCC08B3CD1465E0E3,1,五鼠闹东京,上海政法学院综测第几名,上海政法学院综测几分有奖学金,近视眼镜品牌排行
D37F764AFF86D1B252E081DB0DC5479B,2,椰岛,爱情公寓曾小贤合照的小眼美女是哪一集,栏杆施工标识牌制作,全站仪仪表盘
CAE760C91CF8E0339326604A4A8F627F,2,脓包型痘痘可以涂什么,心电图推断可信吗,石榴籽能吃吗,校招线上考试可以拿草稿纸吗
5F6DD952AEC2967160F3F1E59022086E,2,刀来 微微一笑很倾城,毕福剑为什么被停职,高桥努,20岁掉头发怎么回事
DD34626D87D38AA3860C621E82E7F382,3,男士内裤品牌,危害公共安全罪,中国女排,大同云岗旅游专列
7A5D2E70252A3C89E4A3E625B2A3B746,1,日文里为什么有汉字,过敏性鼻炎症状表现,猫从高处落下,百度
6DE41C01FFF308900DF4D06041D82B52,1,一到十的英文单词,怎样手工制作布偶,亲子共成长,亲子共成长征文
68670C22DD45A37546460B372DE70279,2,属兔的今年多大,单片机怎么测试,非主流女生头像,乐视
3B36393DB5FA0B97EFA0B62903F230DA,1,果然翁为什么能虐神兽,legendary,10年后看现在的自己,致正在警训的自己的一封信
957EF95044DCDA0519213FF90D0D8277,2,qq头像,首单免费的打车软件,汪峰徐歌阳视频,系列头像
28240A378D42A1450F1EF103D045566C,4,激战2配置要求,使命召唤ol,天枰座,农历11月8号是什么星座1999
E06DCEEFC9F62A204A404FA8B6E6E431,3,金匮肾气丸能和六味地黄丸一起吃,4寸是多少厘米,128g内存卡多少钱一张,如何挑选功放机功率管
36FBE55439525A5284F355945CE3AC59,2,向日葵线描,日产,百度,娇兰散粉球海口免税店
699719284452FA7A1B6697BFD6CB96B3,3,幸福树,一分钟呼吸多少次正常,双层玻璃杯,消防员山姆
B8235B326013723EBB474F1C187397CF,4,发绀,gt610 520,x 200上几代内存,希特勒
DF58559BDCB700DB8F6231291D4D1472,2,法兰琳卡化妆品怎么样,justin bieber,水之密语还是吕好用,爱说废话打广告
96A4CADB0907780AA9936CF274868713,1,初吻,greatwall,xixox7和oppor9哪个好,电脑开机后进不了系统
AA435D73C120C05B5D1D647B91111D35,2,渡边纯一什么时候去世的,在墙面环境中学习,济南有潘多拉专柜吗,加拿大女皇大学教育专业读研好申请吗
99F7C75CCFF7D16CF53A50C8FED1B433,3,税务师考试时间,海文考研和文都考研,一元夺宝是真的吗,昨晚月子多久可以健身
5C199434731848BCC8D2B81D82DE8553,1,学校要交校务费吗,福建船政交通职业学院,福建省新华技术学校,上海永悦小学
180EE6E2F1ABFC78452849565410603B,1,梦三国全部英雄,40317946,少年阿兵房东太太 txt,yy4010高清影院
97213F956D7DF82DD76BA728226AC81A,2,卞白贤,骊山好玩吗,塞蕾娜和小智,诛仙2为什么停更
79C202373DC8BF80BFDA1B6F3FEAA1DD,1,韩国呼吸37度补水套装怎么样,眼光放高一点的意思,哪个面膜补水效果好,赵雅芝个人资料
65C898B2053D309AB959C9042D898E3D,2,雷克沙u盘,百度,炫龙,圆通
195AFB43F3108262FD423CF096B87F4D,2,拔罐多长时间合适,历代帝王表,类似韭菜连续收割的,尧
7153F7603EAEC56798649AF1D9313382,2,新闻ppt,的场静司,大乐透,测智商
2B484260641783844F5D6F534A98B2A4,2,瓷肌套装使用步骤,凹洞性痘坑怎么治,金宇彬申敏儿,美容冠
DA158003846325626DB86FED07014525,2,咽喉炎,车刀角度图解,守望排位卡怎么办,重庆工业职业技术学院官网
4A0BCC0ABB5450457C45A6DDB809AA61,1,北极光,百慕拉,赢在细节成在执行第五章读后感,三星c7
119B967C8FCFBE404563F93812135656,1,女孩子学美容有前途吗,王者荣耀体验服下载,初中毕业能上哪些艺校,保险到底该不该买
43F62F8F118F2D7D6E520F47A75B660B,2,skin food化妆水,换底公式,魅蓝note获取root怎么删自带软件,凡士林倍护润肤露
415917DD8F960634EBD765640CB45E3B,1,黑屏之前会变灰,yfuana是什么牌子,拳击比赛图片,中南大学教务管理系统
734D10C8ACC08E317B38F9EB38DD37AB,4,最后羔羊电影在线观看,剧情翻译英文,抢红包,炖排骨
82B712DF45B55A818DA074458B59237D,2,牙床疼怎么办 立刻止疼,张云龙,围棋和五子棋一样吗,学校办的卡能用吗
B1EE9ABF503D1E19F1E8B960D3E17C63,4,灯芯草婴儿能吃吗,武则天的男宠行房图片,番茄苹果汁,微信怎么加不起通讯录
8594098764A0DEE7CFD4E2F27CE76EA9,3,天气预报青岛,狗狗不吃东西没精神,郑州青岛两日游,山河日月
138B0EAB6AD81C1E96653144571A248D,1,折射定律,保留2位小数 excel,拍证件照适合穿什么衣服,"如果接了诈骗电话,并回复了一个数字,会怎么"
36710E01AC148CDF0E4831FE146E5BB4,3,屯儿 刘德华,银屑病初期图片和现象,摩托车可以上高速公路吗,辽源市浩然建筑安装有限责任公司
C9125E331804C0EF358A800FC2A08691,1,女气功能用拳套吗,天之炽3远东公主连载,处女座天天飞车,鬼泣415关
4958FA0A4D7B41C75ED56CC1AF0D92F4,2,诚,褪黑激素,承,如何开锁图解
FFAEFF079127288A6B0164CD742E7BF0,1,拉屎能锻炼腹肌吗,亚索e闪q还是eq闪,lol哪个位置最简单,非诚勿扰马诺被骂哭是哪一期
BB9C33ADEF54AA70F8461645A5BB119F,1,兰博基尼,微微一笑很倾城插曲有哪些,聚爆安卓破解版无限金币,甲乙两车沿直路同向行驶速度均为10前方遇到
C77B8CF003A281E485420A9F0CB41AB5,1,为什么会有狐臭,aape和bape有什么区别,送女朋友礼物排行榜,在山中出血怎么急救
86CE9B8EE6938D4C5807FF3B12F35264,1,考会从自学怎么学,江西2016下半年成人学位英语报名,用小苏打洗外阴要多久,58公里开车要多长时间
83E1EE97642FDF8A98D266732C725F2D,1,木乃伊女,去香港买iphone7,http://www.gcti.edu.cn,汽修前景
26D4EB5A7367A98C81AE58A39163C558,1,草船借箭课文,转组词,孔预最新丧尸片,挠痒痒文章
D184C8F1B2BEFE80870AADE36D671658,4,没觉得诛仙好看,豆沙粉口红,山核桃,仙桃何仙姑
56F9C58CBE2DE13255D0217A38187DB5,2,你屠洪刚,自考本科,冀州卖笔记本的地方,中医院校
86C5D63029A144E165F3F0C6FC838F7A,2,magicfit婚纱,澳洲hola牛油果洋甘菊修护洗发露,二十四寸腰是多少,牛黄上清胶囊副作用
8C17119A38DBB1E3F5AF05B01562E82E,4,草乌泡酒外用,适合配乐诗朗诵的音乐,美的挂烫机说明书,风流医仙全文免费阅读
8D0F9692D0A0C6C5C0ECB00B887601DF,5,诛仙手游青云阵灵,诛仙手游合欢阵灵搭配,开超跑接女朋友,嘀嘀打车
1D7C234B6AA3608690FC34FDED3480B7,2,吃完饭就想吐是怎么回事,面膜用完怎么撕,奶茶妹妹背景,奇瑞
CD34F0BAB4675BA80CB2CF63DCC378BB,1,lol希维尔图片,香港人是中国人吗,我的世界手机版0.16.0更新内容,橘右京一天多少碎片
C4CB9145CDADC2C87BD21C12745D9E0C,2,早知如此何必开始我还是原来的我,十二生肖收尾相连,只是爱着你,迪士尼代表人物
B64E64E7670076076317B60AB7E0A1A3,5,短沙宣发型图片,水光针涂抹式,大闸蟹煮熟后如何保存,耳顺之年
746D04615B9169B81A916D5EA46E5A12,1,我也很高兴认识你的英文,吸血鬼骑士,qq头像,天净沙秋的景象
EDD513227653E634B5DE20E509409366,4,重庆至九寨沟汽车,狗肺积水什么症状,石榴的功效与作用,牙龈炎症状
931CE9EB38684FE37AAC2CBE41FD9936,4,北京西站到北京站地铁路线,孔子直接男性后裔,恐怖鸟,曲阜孔庙孔府旅游区
16A5719BFAD023CDC61D885B8C292F46,1,怎么给自己取英文名,虞,大连教师资格证培训班,taissa
9979B6C2B284F2F2B104133CAA2D7076,1,变形计赵瑛昊快手,猛兽列车乌鸦是不是冯小刚,黑色休闲裤短,冯小刚演过猛兽列车吗
C7480D7EB76BB577212316399763D3C3,1,豆浆粉有害吗,我们结婚了亚荣,筷吙麻辣烫惠州,何必在一起歌词含义
F44D6F44428BAC967E0D2D90BC9E8495,2,"学生开通工商提前享,,会打电话给家长么",优分期充值qb,没有空调的大学,实习生护理内容
5FAE619103DECC3613C923CA9CC93956,4,张凤奎,面部过敏性皮炎偏方,山野花香,梦见掉了一颗牙
0182A025685469C3F66EB6B9CEE5820F,3,电脑老出现该内存不能为,单轮平衡车教学视频,网络电话诈骗010,米黄风衣搭配
853760066EEF4C0C7E33916DC3B5B00A,3,营业执照的地址不一样,褒奖,影音先锋图片资源,射雕英雄传
97DE16C36C0C20A42999804955979208,2,类型片,生活中听觉符号例子,亚里士多德的逻辑三段,下列哪一项不是人本主义心理学
B83497894B1545EE278966E0BB5757BA,1,薛之谦在火星情报局说的主持人是谁,探探上怎么发朋友圈,怎么睡觉发型不乱,五子棋技巧
36EF551964BAD7AB1F14BE6573E00F6D,5,wps手机版,线性代数中行交换的结果是什么,坐飞机流程图解,线性代数辅导讲义
6ED979BB924A5B408A349E22F0A8903B,1,cby什么意思,千古霸王项羽,张钰琪唱的歌视频,饥荒手机版物品大全
5F23D1C90FCF3A73E79C5434E3C44997,5,视乳头水肿的症状,叫快递上门取件,脑,被行李仓掉落东西砸
19D4B91C1F4A2223D8CA284FFF469515,2,龙王传说,meitu手机,三国群星传3秘籍诸葛亮,苹果iwatch
DAD74426B70D5C4466683B37103BD603,1,海思麒麟950手机,微信收不了红包怎么回事,红米note3玩王者荣耀,36n
EA7E06454F1D8B237667BA03C83DDDEE,2,多发性子宫肌瘤的治疗方法,煤气灶坏了老公不管,百度,毛胚房
4737D7FEC477E76C8B793F7713C08FB2,1,酸菜鱼,中分怎么留,你知道我在等你吗歌词,新视野大学英语
C73A9C4D90CE47853A41DC606E7870F8,2,rng和皇族什么关系,手机图片模糊怎么变清晰,英雄联盟窗口化怎么全屏显示,八哥电影网手机版下载
0CA88DF98ECE1D74A6A12CFD3B24F477,2,济宁永旺大地电影院今日电影,商河小学教室工资,神仙女友电影,每天做不同的面膜好吗
17EFDF3B35D605B5B33CDBFEA3A4102D,1,女人怎么瘦腰和肚子,距高考还有多少天,乙肝小三阳吃什么药好,距离2017年高考还有多少天
8260F51C3D21433130560EF94E07A8DE,3,二手房贷款首付多少,飞度自动挡油耗,梦见前女友怀孕,民生in卡年费
BFD1998EEB3BCE1096E6A364A1EE9F15,1,古惑仔7王者归来,侠盗飞车自由城任务,英魂之刃月蚀,江浦金浦电影院
F74EC48F8C993C9CCD93CD8A2F160E43,1,综漫主魔王,大连在哪,重生天王路,连城小说网怎么样
497F7BF4C7D101628AA843C7AC2FD0E3,1,逆战火之深渊单刷英雄,115网盘,有一本书说的是一个发明家穿越到秦朝的事,7haojk.taobao.com
7458DA8ED19F2755B719B928DCAFA6EF,3,偶尔熬夜一次会怎么样,lakers哪个球队,电影爱恋,微信
21AD840848058380D671984B205C42DF,1,高敏,"横眉冷对千夫指,俯首甘为孺子牛",王仪涵,郑雅文
D1E798FE6BFF142037E4ED524E9007B0,2,蒸脸机的正确使用方法,污力漫画,超污小说,地摊吧
AAAF58A8D19783E68A3F3FF46C2D584E,2,qq头像手绘,电池检测软件,qq头像,斗鱼
25B38ADFC5925E6C095EDC3B7D7141FD,1,360是哪里的身份证,英文翻译,陈欣怡尿样阳性,不懈于内
52800CF322F6D046B6DF1EA79FD4708A,3,平安车险怎么样,天津蓟县盘山桶装水哪个牌子好,电影行乐图剧情,天津蓟县盘山山泉水厂址
4A7936037038D3F89B60D24F1D645DE7,1,张雪迎在大梦西游里面叫什么,洗发水什么牌子好,射雕英雄传,高中学表演考试内容
D0271C08BF8B8BBA981547B964557ADF,3,西安火车站改造,房屋东南角风水,9.9周免英雄,摸金天师小说风尘散人
35E70644A1C2D010827BEFFE99E756B1,2,为什么有人怕狗,魔域官网,电脑音频没声音,魔域下载完怎么打不开
5D517FEB0E2392A600911944FBB1A009,2,我的辣妹保镖电视剧共多少集,黄油曲奇,无论生活有多苦涩我依然是欢乐的,杨颖整容前照片
103AD2F6B6537D2BD8D09B77B9227CC0,3,魔轮票房,四套班子排序,孙叶,工行融e联
36CFA38E80AA8D4498741D7FCF7DB2B8,2,钱塘江大潮时间,男生英文名字 有内涵的不常见的,在浙师大报考教师资格证有优势么,雍正皇后是谁
6EF0A0D433D74C3AEC2BE9929FAB47CC,2,成都双流802公交路线,毕福剑为什么被停职,一个向左走一个向右走,西航港大道一段
5F35EB140004316C60630FE1B7865FCF,1,王俊凯好帅,校花的贴身高手第四季,angelababy,宋伊人
C29721A700E231349744BC6B1396FEB0,3,百度,梦见中奖,滴滴差评下车不结账,滴滴差评惩罚
A965C4827FE2E1B89D2666EFB021BD04,2,杨幂粉丝群名称大全,悬疑微剧本,潘基文,微微一笑很倾城是什么歌的调
7B8F789BD0884F43E214C37F469A0632,4,微信群里的信息删除后还能看到吗,青春美文美句摘抄简短,拍照技巧,萝卜菜的做法
9F6489370A0C5B96EC4F61844F0129B2,2,观相,步步惊心:丽全部ost,关掉电视 宋智孝,runningman20140817
AC590B8A0FC2A8E44D51982D1CFE6D8D,2,驾考预约用的手机号驾考完了还有用吗,重生庶女毒后,章丘景点,loveless
F197B281AD667CF131279F6594FC59FF,1,120g固态硬盘价格,rx490,手机装win10,入耳评测
8DB51CDE403025B85D8BC1991753C269,2,五声音阶,伏茶坏处,百度,太多的借口太多的理由是什么歌
55F1F6DFEFCD33339B1480FE5AEB2858,1,井冈山,微微一笑很倾城在电视里哪个台放的,pcroot权限获取下载,手机为什么不能root
E5A9E5D498B036CD86429940005A8871,1,用生芝麻煮水喝行吗,换预留号码能到自助提款机那里换吗,青云志22集下载,中国邮政储蓄银行投诉不知道那个叫什么怎么
0C87B5880E5F9850BC2DB9DBCC9EB1E9,5,艾佰佳窗帘,老梁故事汇黑道乔四爷,中国女排,郎平为什么不要王一梅
E6D9C2C0CA6E17A3A3106C104EF76D06,2,钥匙在门上拔不下来,杨阳告白广告,当下最火的小说,adapt
6AC280FDE658BDA20812D8DAD4C8CB79,1,权志龙生日,微信号关联公众号,running man,陶汝坤
E5D2477A53CF204E4FF3D94EB8EB387D,3,a4yy com首播影院,转头,姜堰双登集团待遇,姜堰人才网
4867E6551CCFEBDD43AACD70268B0081,1,张克帆为欢欢写的那首歌,微微一笑很倾城全部歌曲,我们的十年,笔记本充电的时候要待机吗
3CE918BB8D67844202DD62DF5E81925A,2,数学分析17考研大纲西安电子科技大学,苏运莹,私立马鹿兰高校百度云资源,等价无穷小替换公式tanx ~x
E915AD145387BFDDEE91618E373CCD8D,1,冰心,盛开,恋空,刘嘉玲
79F354437976E3E5E074DD43F17287A8,1,传真机怎么用,bose音响官网,中国移动,ipad3价格
5E940DF6BACD68D3D21E7CD5C3CB961A,1,老干妈,举杯邀明月对影成三人的意思,古埃及,牙剪头发打薄
DA3DBDBC020D0F8BB94A109B1885331D,2,mangosix菜单,天上飞的是什么是哪首歌的歌词,77松塔饼配料,鲞冻肉
F54A7CE5B9277A17098A8BDCA9126693,1,中国教师网,三好学生主要事迹,如何提高写作能力,铜鼓宜春汽车时刻表
742B1D51A5503D491F0775D1BDD7BCB0,2,小米音箱拆解,糖爆炸,cf,折耳猫
DFAB6B7DE89686542320157EF367AEB6,1,社保和商业保险的区别,象房村附近停车场,右手手指发麻是怎么回事,宏琪说交通2016视频
348B345DA17CCCA05F0B1A2472D13D4A,1,真爱公式是什么,天蝎男特别污,风的诗句,拜金女是什么意思
7AEDF8085274886DEA0DB7E8A04A4DC7,1,火影忍者邀请好友,火影忍者叛忍视频,lol内瑟斯,大学助学金申请书范文
8A5CD1B93B06395A05C1E4B4324C0829,1,潘玮柏 蔡卓妍,具惠善,邪瞳全文免费阅读,芙有
C9331E8368CD565E1DEB9CA660407F01,2,戚薇,早字笔画顺序,全国计算机二级,excel
4A6F6293691B8AE65166E1439CBE5140,3,vivoy13t参数,折多塘,王者荣耀4g玩多少流量,免费小说
B27BEF5554F7F78EFDF5711C8400D140,2,胡冰卿和安悦溪谁漂亮,盛开,qq头像,凤凰劫
1C8E61B8C760054C3D6EAF8F215E6ED0,1,中国导弹的结构工作原理作用,张继科高清手机壁纸,东北师范大学专硕学费,三缄其口
43B7952F7D152023E4FA4C542D516BE7,1,即食燕麦片可以用优酸乳吗,圻读什么,网游小说技术流,自学网
FD72E22ED9EF7C7D72F1078BF4EFD44F,2,月经前几天体重变化,龙王传说,瑜伽入门基本动作,性早熟会影响身高
638CF0F8D9F923C90A7188CE874B6E44,3,杨美娜导师是谁,西安北站到大荔的高铁,学费被骗女孩,腰酸背痛
C98D8F784B2B65826D865DEDA0793B06,2,联想(thinkpad)金属系列e460(20et0044cd)14,风衣腰带系法图解,一剪梅 李清照,灵隐寺在哪
A87B6A91A5181E6340527BE4E85EF9E8,4,风雨兰花期,金蝶建账初始化操作,吊兰什么时候浇水好,绿罗的养殖方法和注意事项
60D3B136F02143600E31A2E1D2C601DA,3,炫舞个性印象,全民k歌怎么玩效果好,鹅口疮症状,打电话可以录音吗
3C06768AF873EA72F10E212D7BF8F6EC,1,报读大专有用吗,新肤螨灵霜哪个最正宗,蜜宠甜心恶魔校草别乱来,十八反十九畏
B1E5754FBB3B652326E734066CA3C239,2,牛角梳什么牌子好,陈赫,毛主席有女儿吗,美乐家是传销吗
79B34B2FE26092146CAED89E5047EF6B,4,煲猪肉是什么意思,海南文昌天气,世界地图高清版大图,海口如家酒店分布
1A73DE2832DF23112B1026BB98EEF571,4,随便果有副作用,珍惜朋友重友谊的句子,盘星月菩提的禁忌,爱运动的句子
A3F1AB24339806A5249C5BE1C43EBECE,2,湖南省邮政编码是多少,携程代金券怎么用,建行转建行要手续费吗,张柏芝任贤齐什么关系
CB1E67F641AD76DDC233A0412CB33B56,1,王者荣耀孙尚香水果甜心,婷宜和百草,王者荣耀哪些射手适合1v1,池昌旭
F594DE895BF52775693A1881A2D38128,1,路星河扮演者,手环,小米照片恢复,电脑外星人是什么品牌
7B622DD4347465D64055E44489BFB76A,3,陈小江,紫薇圣人中央已经知道,投影仪 红色,波得波得
4DA7B86E986985F13778DB05522EC190,2,35度5正常吗,yzm事件,济南新东方烹饪学校,补钙的药物
4F8BB6DBAC24E6E880207FCDE4F68CC3,2,物流仓库图片,狗怀孕几个月生,分型面的形状,残奥会奖牌榜
304637856935A51254BA75C54509A32B,1,大众系列车价格及图片,潘婷时光损伤修复怎么样,可以当作头像的维尼小熊,朗动
64EED60098175F163BF4FCA15F2A1C83,2,卞白贤,instagram网页版注册,凉拌金针菇的做法,魅族pro6怎么自动校准时间
31A99E0CF27C72EA659C5DECD14C6FF6,1,建行上网免费吗,重庆汽车站,安顺屯堡是什么汉族吗,忍耐力好的人距离发火的点 图
F49138BEE767D749F68A45C8502DE8B6,4,三星a9,邮政转农村信用社要不要手续费,心脏在哪边,热依扎
4DD7D60A49E3C5D4FD0E67F13524DA08,2,凑人,生姜一天吃多少好,梳子品牌,哪吒西游记
E5111A295CF9808D64AC954E6EC8AB15,1,"号海归来,造船石怎么镶嵌那个就是那个材料?星际迷航4上映时间",官场,穿越清朝当皇上,秦时明月小说
C9A159009B7AD77D954592851E72EA3B,2,伊利股份与,一叶子面膜怎么样,清空回收站的文件怎么恢复,笔记本电脑系统锁了怎么办
9F2B9042ED4C57A30EDAE3BE3393F645,1,欧莱雅面膜多少钱一盒,ktv消费账单,搏击图片,狗粮什么意思
52029F2F2D0D35179256D9D5B23A82B2,5,南宁医院招聘信息,谢杏芳,南宁地铁招聘信息,追凶者也
E08FB377F188773B48D2EA70F512AA08,2,2016伤感歌曲排行榜,车险保险这么赔,成都皮肤医院哪家好,面部红血丝形成的原因
668784BA8BC96944B96DDD79CEA1A1DC,3,奇迹暖暖攻略,"什么什么的是我,什么什么的是我歌词",奇迹暖暖浮梦岛,糜烂型脚气
B5AA066589ED0BDF758C83A41D79346F,3,楚雨荨和慕容云海,付款申请书填写模板,星座按阴历还是阳历,会计分录大全巧记忆
1C83FD409E0FB28560E6E61A1BA7CB48,1,教官你轻点,教官你湿啦,主人,墓志铭精选
968CAAC37EB820FE51BB3ABF6439173A,1,女主穿越成孩子被男主收养,重生末世的女配空间文,男主重生悔改的文,"盐水的密度大,还是水的密度大"
7FC8B26C9AB9D28A4BD61AAC94324963,2,鲁豫有约《搜索》剧组高圆圆图片,蝶变新生电视剧大结局剧情,郑爽演技不行,内帐的常见的会计分录
47A23AC3C3091942FCC135A2474A8878,1,兰博基尼,优速快递,江淮,日产
C40251496F61B653168E63D5DC981E1D,1,古惑仔:江湖新秩序,免费小说,天上掉下个猪八戒,英魂之刃
710B9B160DAA7073EB99FACEB6C6DCD7,0,梦到高楼倒了,梦到可爱的小动物,梦到大鱼,金水旺的女人
C98772F97C7C4D7E0554B9F1FD0D90DF,2,结构基元与素晶胞有什么不同,法令纹,微博评论发不出去怎么回事1001微博评论发不,室温26摄氏度时水的绝对粘度是
25256BB2C104CFC1713E9E5045B7CF00,2,查询订机票信息图片,经常头疼怎么回事啊,骨折了不会手术吧,北京会计招聘
169FD6549C85AAC79E6884A72BA8334B,2,近视眼怎么恢复视力,100公里耗油多少钱,2008年金融,杜汶泽
3E4C4019A88005F12AD31C6524CF82FC,1,较多酸(碱)流到桌面上,叱骂意思,iphone6splus自带软件 音乐 图,smoothly
ACAEC657A02144832190329EDE3EBAE0,1,4个月宝宝在空调房呆了6小时有影响吗,三个月宝宝拉坐可以吗,手拐子压到2个月的宝宝手指母上严重吗,",微信"
C3CF9D8287823820CAB4163C499E784B,2,微信收到的红包怎么查,石榴籽能吃吗,石榴的功效与作用,一个时区相差几个小时
72837C119B6E3351AABBCBAAE0609721,1,dnf黄金一是是多少分,飘飘欲仙元元独家发布,那部电视剧有狼牙突击队,中国人民解放军军歌歌词
51F36F3E34038E66B336BFB717794937,1,一个人在树上有蛇狮子鳄鱼,广州华商职业学院军训时间表,秦时明月之君临天下,白莲蓉馅的做法
C394B9BD79316373F56D8DDA0A281D4C,1,tcl手机有1299元,步步高家教机h8最便宜多少钱,爆丸小子加仑炎龙,爆丸小子1图片
B4085C295C81B6CFB81CBDDFF9DADB36,4,长沙到临沂高铁,放松心情的图片,高潮,雅马哈jym150价格
65562465E464B96D5693F72DDF771027,1,手指脱皮起皱怎么回事,多尼野果多少钱一斤,两字游戏名,旋风少女第二季小说
53EAF4E22568FF122AD2269C16128F02,2,起笔名,方脸适合带什么发箍,三个字网名,排卵日同房受孕率大吗
8B7074B5688D8F1B861609EE0082A71A,2,廊桥遗梦简介,弗洛伊德,教师节送给老师的话,赵薇姚木兰
C6BB50094E7708EA400ACCAE900FA685,2,四川大学在哪里,v-50,为什么重均分子量大于数均分子量,nh(ch2)5cooh
E17B8B83A48525960BC75CAF1C7D586F,2,八字合婚 1992年阴历六月十七男和1992年阴?最凉不过人心下一句,去皮质强直,洛阳二十路公交车路线,particular
79ED8F4807D36FD893A99F4E09E6E9D2,2,牛皋,晋城银行是否能无卡存款,牛高,牛皋劫皇纲
D82F5B33344FC095315D153E90A0EFAD,2,什么夏的小说,茉等花开背景音乐,几个意思是什么意思,中秋佳节团圆
C065D3CABD8DA823667921DCC84EA2E9,1,重生之首席魔女,遇见王沥川小秋摸耳朵是第几集1006遇见王沥,郭晶晶,恩施职业技术学院
53E62CCCE9BA9D0756926844974EC97E,2,"现实中没女人缘,游戏中为何也没有",柳岩被谁性骚扰,马伊琍为啥原谅文章,命运
7F08CA83F4CF9B649DD03FC401ED353B,1,两个4g内存条和一个8g内存条,奔腾g3250,炉石用32位卡吗,杨越
1EFF5320CE62436DC7B0F7F4D8ECD57C,3,余罪第二季,驾照自考流程,长沙社区医院靠谱吗,头晕是什么原因引起的
93F41138603545E9BC97E42290C34CFB,1,健身房一般有哪些项目,有创意的自我评价,现代舞基础训练,健身卡分为几种
B8F8CA3A36D7A55244A9AE48B791D893,1,吸血鬼骑士,360云盘,不可抗力剧照,防晒霜
21189CBF500B1690A3B9647FE920B974,1,惠特妮,千手柱间,干拔投篮腰受伤,安东尼黑社会背景
A1B6817C8650E79CAFBCC976DB54BA01,3,巴斯夫快乐跑原液,"tp电力猫更改地址后,为什么配对不成功","黑米不泡,煮时间长,能熟么",月经期间可以喝藏红花水吗
658A6382CFDC2B7B22159D57ED33505C,2,兄弟qq说说没联系,qq说说关于朋友的,买什么号容易中奖,彩票福利双色球
82F70445892F2AE47F59A5F8E2DDF3D1,1,想去体验军队生活但不是去参军,土木工程专业就业前景,大学生活费一个月多少,惠普envy13怎么样
028617305C1254548B9417E6ACF4B040,2,大唐无双零白金武将,java编写js不报错,java怎样将字符串强转为double,840m显卡
DFC373F4E8C1232E2A3E39B47E05FF26,1,黑白电影,华硕,笔记本电脑什么牌子好,福特gt400
E3F711139227A61894B5303FBC175CE6,1,抬起头来做人 阅读答案,为什么找不到线刷包,八连杀在线试听,线刷和卡刷有什么区别
2EEF9D3460588C1A3353E2C934340635,3,三十六计走为上策谜底,大腿抽筋怎么回事,输卵管不通的症状,做输卵造影不通的话怎么通
51904830E1D57C770E402CDAF5AF97CC,5,哺乳期可以吃螃蟹吗,被会会蛰了怎么办,宝宝不缺钙吃了鱼肝油有什么反应吗,2个月宝宝睡眠时间
3798725E4DA779DD023C784F1CB49511,2,广东新兴发生地震,诈骗多少钱可以坐牢,冠军之血 希瓦娜多少钱,百度
27A484E2E1BDF6E31A12CB56A2D789AB,2,幻城h5礼包,委托书怎么写,魔王与公主,街机千炮捕鱼ol
B77E9E582E11A5438D2BAF94D13F22E1,2,无可厚非,教练车图片,革故鼎新的意思,麻辣变形计演员表
C0B17C85891998996FB36AB2FDEFDDF8,2,人社部门是什么部门,爱情恒久远一颗永流传,电脑开机后进不了系统,系统u盘
E8BC03137EB4AF06EE77949B477299BE,2,"销售商品1000件,每件售价100元风,",思念一个趋势的亲人句子,利润表填列方法,借入的资金就计提的利息怎样处理
4E3A96A851FE4365C902F858ACD4E229,1,江北机场有没有卖早饭的,可以涂完bb霜以后再涂防晒么,键盘布局选微软拼音,朗雅汇韩式
ADC3E3209510A749181B623F55233459,1,当你的秀发拂过我的钢枪歌词,禽兽日记txt微盘,百度,活着就是恶心
3A8F64080099E6751F002FFBB5BDCC26,2,99小说网,河曲招聘,锦绣缘华丽冒险,类似女警泪
67C5AADFE3680E99467F91919499BDA5,1,实习期驾驶证,战锤,dnf搬砖一个月多少钱,奇书
E816F227A76FFE3EDF19BCF0D3C74615,2,大连公交车线路528,肯德基早餐有什么,长岛风景吗,山东青年政治学院经管学院在哪个校区
D3E0D0ADB4BCCE023F91596A86378F14,1,ve怎么外用,火车票预订,混合性皮肤用什么面膜,树脂眼镜框多少钱
678BC8D18E65A095A8414EADDC6509E4,2,两千以内的平板电脑,瘦大腿的运动方法,哪种代餐粉减肥效果好,海南粉汤的做法
A074AD2B70135D7B836C518EBA18C216,1,函数图像讲解视频,诛仙会员演员介绍,青云志小说,古代四大美女的下场
F7A7D189E482F037A6E895B16147B1FD,1,天秤女和摩羯男的爱情,浙江省的大学,爵士英语怎么说,百度
9220D4AB9D75DFE498EE486152D86B4C,1,天后,兰博基尼,超时空接触,lol成就大师活动地址
7471657AC4CB8E3C58A38DBE75777B6D,1,电动车过充危害,20人能源那个图不能进,黑龙教主怎么打,遗忘墓地在哪
6104AA95CFAD22B262EF889B764F965F,1,帝霸笔趣阁,自考本科有用吗,国歌的沦丧 张晓舟,moon
437212636363C0E6389119F752B599A0,3,优酷pc客户端官方下载,javascript事件里用闭包,火影战记1.21破解版,我要我们在一起下载
254478DDAAD5CBF005E1510F7974E326,1,头模保养,mg482j/a,期货,miss直播玩的单机游戏
5475703268DBBE8F4AB42A2686888DF6,2,方城刘向东,旅行,英语口语考试,大列巴
F0B0AEAF77831F836A91CF05BE8B8DAB,1,内衣收纳盒是布的好还是塑料的好,微微一笑很倾城校园拍摄地,纽巴伦可以洗吗,社交避免谈
3277BDEA2B9321069889EA75F1F511C6,1,摔了挂什么科,gifted,微微一笑很倾城有床戏嘛,怎么把电话号码导入新手机
9F53283CE3CB6B5C92ADACEB6045DDE8,2,顺丰省内价格,顺丰速运,孙艺洲,肾囊肿是怎么回事
520046301B03D7BDDA0D1F73C236B66D,2,三个臭皮匠,阑尾炎严重吗,道歉短信,肠胃炎
981E40E0E45FEB7AA9C011DB894EA9EC,4,教师节贺卡内容,股票尾盘拉升说明什么,珠海渔女离拱北远吗,大班月饼价格
1990209369DEDD0265A9324224D0888B,2,防火墙怎么给权限,永生梦境鲜血伯爵阵容,刀塔传奇先遣队阵容,刀塔2神秘法杖在哪买
C1C7F852B8044FC44506B5DEAFFE8678,1,美瞳买回来要泡多久,怎么样才能在空间传照片并加上说说,高中生新学期自我介绍,周末去哪
878320ABC18534D8DD1679E69C5167CC,4,华硕重装系统步骤win7,跳远连江县记录,s6赛季什么时候结束,连江吧 百度贴吧
3CA574F7D5B42C5C522248C61A018EFD,1,武动乾坤漫画,军事理论答案2016,绍兴到舟山怎么坐车,2016战斗之夜中的匹配模式包不包括大乱斗
044B2C638DA99B053EF6426C59208EF7,5,广东新兴发生地震,clsq最新手机地址,note7全球召回,cl 1024最新手机地址
7F05B87E697D8573EA5BFF04BF139207,2,北京时间,掉头发可以吃六味地黄丸吗,睡觉老是梦遗怎么回事,合肥信地华地城
1B067DC754517A8A77D5D314A6C244B8,1,2017做什么好,vivoy27,gojl610,美容
039A994308892C875E9C26F07338DCDE,3,用tst后脸干怎么回事,手上脱皮是怎么回事1001手上脱皮是怎么回事,纹身结痂后有流坏水,纹身结痂图片欣赏
FAA3112EECF288EC0CC7167D9AF1631D,2,刚出生的孩子肚脐掉了出血是怎么回事,新生儿正常大便一天几次,婴儿满月照,月子期间受风了该怎么办
AC0B5D7B686580E2BA024CFA7740AA0F,2,美团评价能不能删除,里约奥运会赛程表,倩女幽魂场景里其他玩家的人都不见只剩下名,手游排行榜
6BE839A38B747AFA3B8314AA845917DC,2,张艺兴绯闻女友,天猫超市用什么快递,蓝色之恋 兰蔻,canmake怎么辨真伪
C915EA9509700175CCA67DA91C5BFBFE,1,阿城到哈尔滨要多久,vivox5pro运行隐藏功能,梦遗频繁吃什么药,小辣椒
41A3D63316047C2ACA009849892343F3,2,南京师范大学泰州学院,阳光灿烂的日子,会声会影x5激活代码,捷安特atxexp
217BFFE48E4D78B70DF9A0E79363076E,4,我80后要不要二胎纠结,2016年沈阳英语高考研讨会学习心得,秦时明月之君临天下,吃中药后多久能要孩子呢
D85FADFA3571BCCE2719D03FE9D8476C,1,38周宝宝还会打嗝正常吗,孕38+4有时候耻骨疼,怀孕38周头疼怎么回事,电玩巴士
107AB560D63EC091EF0F0676B6422A0C,1,怎么制作全民k歌mv,q友,剑网三非鱼,恐怖组织英文简称
6D26E98D3A76304143060696F0425787,4,上海汉庭酒店地址,妖王佛后,苏州火车站候机楼,普吉镇到芭东海滩
46920944A02251224E8763D62B85E96D,1,失心契约总裁别太残忍,胖丫赵丹瘦了对比照,"强欢逃妻:总裁,玩够没",山洞人
2242B7B91D7F3356958866C9C17FF48A,1,魅蓝3s拍照差,大脸头发很少适合发型,安卓分屏软件,电信怎么免流
22D098FFF80B77170A088A84BD2C1753,1,半藏和源氏大招台词,阎婆惜,山村老尸,发动机给蓄电池充电
DA3B6E4167DD502072B505CA394B9AF1,2,男性尿频是怎么回事,法国电影红白蓝三部曲,幽门杆菌,潘家园眼镜城营业时间
2B8D2B4D5DD696756D59C5BECF58D28B,1,财务自由,天锁,恐水 动物,普罗旺斯
1EEEA6973FBEA63C9E87E1684BADE492,2,阳痿早泄自我锻炼方法,阳痿早期怎么治,毛孔粗大有黑头怎么办,林志颖
8414BD5E9B35CB49541D7D9B1917EA06,2,总裁爱我,钠泵,男朋友结婚了新娘不是我,win8重置
64AD4A495B35E6F291B32352B397C0F4,2,一般老百姓家是什么教,洋河酒价格表,金银花有毛,居住一年以上的地方
1791290DD784ABEAD42CE59795B07C49,1,手机上信号栏有个4g+是什么意思,看片软件,19岁唱歌口齿不清是怎么回事,明星唱歌用的是什么麦
C7B45C1DB4FEC94438A28232ACFF55B1,4,滥竽充数的引申义,虫草花的功效与作用,小说名门新妻唐绵绵,水密码护肤品怎么样
0214E905A8DE97B438D47286A5127434,3,澳洲维生素d滴剂,三十二周入盆,"十号排卵,十六号测出怀孕可能吗",hcg值多少是怀孕
EC9FDDD907617ECA9F30BF91CE510B11,2,到付的快递可以验货吗,乐视2手机有悬浮窗管理吗,刘玉石资料,爱宠网官网
74B69E46D393CB215C492C4BEA3D5C36,4,免费小说,抑郁症,梦见看演出,灰姑娘与四名骑士
77D2358CC31DA5F1DC3F819E76B9ECA3,4,于子珊,phytotree绿茶珍珠控油散粉!白菜价20元!黄?连子琪,叶可莹,雪花秀睡眠面膜价格
46733975A4F0FCB8B5564D0152A9D770,1,淘宝店铺赚的钱在哪里,自动取款机,黄山毛峰,奶白拉布拉多
AC794938F5EFC86F1247F515D89DD9C7,3,敷面膜要多久时间最好,大地飞歌是谁唱的,诛仙免费阅读,万象城有多高
AECE2A2EE8AE7D2029365176505A4D20,3,离婚了孩子怎么办,宝宝中午不睡觉怎么办,老九门小说大结局,23个月宝宝小阴唇粘连
7BC1002C77623784B8AEBBA5107E8AB0,1,穿越火线十块钱抽奖201608,泄盐,白芨价格,金毛拆家吗
DA54C9FBCA76B3E6D99086BD8AC18F44,0,猎枪弹铜壳,电信卡套餐,猎装夹克,钢笔手枪构造图
945DB02BD6367AB742EDD7621389DF11,2,呼叫等待怎么开通,oppo有自己的云服务吗,地狱边境第二十四关怎么过,中秋节原来是什么意思
422E5BF9A036B5828D4913E4E7DC53E6,3,iso9001:2008考试,质量管理体系,"管理者代表,一个组织企业有几位",qc的7大手法
98AAFBAF22AA0DC66B2B32212278B339,1,微微一笑很倾城里肖奈的电话,杨洋的女朋友,"请给你的领队设置场景模拟,相互模拟并调试",新买的笔记本很卡是什么问题
6A2B7A13F5EEB9F64551188DFDFB0F04,3,麻婆豆腐的家常做法,天然维生素e可以和维生素b一起吃吗,性冷淡,医院废品
E3D0D3E1BD0DC9EF7412EAA3FE2279E0,2,"欲戴皇冠,必承其重",六人踢足怎么选队员,维多利亚,402111556354
F2E0EB0124E3114D82B51B2E798FCA4D,2,唐唐big笑工坊,360手机为什么不被看好,百度,二手手机
8F8995E7971BF3975A87952E3B0A809A,2,元气少女缘结神同人文,换种姿势去破案,一人之下国外评论,元气少女缘结神漫画
57E2CD6241BCC56722DBFD61FAEFE3C6,1,蔡少芬,监狱里的婚纱下集,秦时明月之君临天下,共生同构
2EC373B3A27BDC892D440BC3F71FF929,4,梅尼埃综合症,阜南至利辛汽车站时刻表,papp-a是什么意思,腋下痣相图解大全
8624CF0B936F5800437ACFEFA9A347B1,2,建行信用卡,433公交车,insecure,拔火罐和刮痧哪个好
70927F6E5DB497129C71E3EF0B4D8C61,3,一朝榜中,麦点商城它靠什么赚钱,贵港去哪里买90度酒精,茄子跟花甲一起吃肚子痛
B43BCF23137AFF8F68D7E6F6B4765718,2,绝色倾城飞烟,冷月如霜,身份证号码在表格上是用什么格式 小说,余爱绕梁
9D267404262E466B6518E017F0BF3828,2,破伤风症状,脚部红肿怎么办,伤口结咖掉后怎么处理,肌腱损伤斜躺着有事吗
8144C6F339B1054D0B25BF87D4B6C1DE,2,梦见吃死人的东西,腰上有痣代表什么,梦见婆婆一家人,梦见红裙子是什么意思
A1F318457E125F801898DAF43B4DEC35,3,怎么进入电脑注册表,台风莫兰蒂,电脑插口故障,指示灯不亮
6DC4E060E54C6B1284305AD0D85BFD70,1,郑雅文,卸妆水,腊月24是几号,文字纹身
4720B91C2632128A150A1F92DCC5B05F,4,世界云联会员登录,张柏芝性感照,沈阳北到瓦房店火车时刻丧,世界云联骗局
E3A36E48D8098ABC687CF75F6F528B30,2,江西吉安邮编,外汇储备是什么意思,使用大功率电器检讨书,行邮税是什么
013C0A05A96E347B6D9F0CFC520F6534,1,听音乐要钱,苹果自带输入法怎么换行,世界最好的手机,金融危机的钱去哪了
996342452D6905C74A23136A7793189A,1,简单系鞋带,左右啦系鞋带,厘米秀免费刷花软件,鞋带的系法图解
D80FE7736C466235549A48E3056ABC3F,1,疱疹严重吗,水土不服要多久才能好,闺密摄影用英语怎么说,脱发原因及治疗
D9258EAD13BFA48F4FC8766D2C10E2C2,2,秘密爱,淘宝上哪里可以根据脸型选择镜框,邮局快递单号查询,影视大全中如何找回以前存在的电影
4F0C10B885142F21C0B2F7CDAA7A78C1,2,爱拍,百度图片,举杯邀明月,情侣头像背影
7E284151E539BA38985DBDC247F881DF,2,入党申请书格式,经济师报名时间2016,床上瘦大腿的方法,忧凉盛夏的小说
6374DF40654B0B25A76F487653CB0EF3,1,pk10开奖记录,淘宝童服代言小苹果,cf,炫舞帮帮福利中心
1ACAA304950D2D02412DDFA82FD3FC29,3,刘亦菲杨洋,杨洋的屁股,杨洋跳舞,杨洋的同学
A4B50EC648BE77AD4FDC2EAB72A051F1,1,啪啪啪模拟游戏,blued直播,3q什么意思,王者荣耀体验服下载
B45471EB41659C579D5C9EDD63AE302F,2,"一部电影里面有个人通过纸牌万年,有刘德华",爱死了昨天,赵本山和孙红雷的电影,妖精的尾巴2
31A062127B7145A0DAB535C708FD8E58,1,酸菜鱼,卧室家具,肝功能检查结果分析,房子什么户型最好住
4B554C3AF3E3F6CBBB59FF00E9B1E318,1,你知道不知道农行存款是在自助机器上点哪个,天蚕土豆,暗淡轻黄体性柔情疏迹远只香留,处女男喜欢一个人的表现
F6C716D5173C1F868818DFA834539EFE,4,全民k歌怎么唱sss,阳台伸缩晾衣架前十名,超级护手腕套,韩国染发剂哪个牌子好
421CBE1470594BB350F43BBA4CCA8E37,2,紧张因素导致心慌,韩剧七重人格,人家结婚应该说什么祝福的话,三侠剑
9B3D6601DDC199E59BC810EDF37F341B,5,演员李煜 癌症,顺德闸坡好吗,北京中医医院地址,藜麦怎么吃
CDA52BF2F7EBD338097B888BF243E3C1,2,lol英雄打折活动,百乐500不出墨,王美人,石榴的功效与作用
F9DF57172B2848A55DA90F81B2AE022D,5,我不知道风徐志摩,红枣红豆糯米粥的功效,一到晚上眼睛就模糊,黑米黑豆黑芝麻薏米百合红糖
CAC6DEFAEB85F0F84E1B5EB706FC5BC9,3,收集数据做主神txt,王子来到死神界,综电视剧同人][快穿]放逐人间,我是龙马
D6CC0D27D8BEDC56020AE303ED4A0E12,3,李萌哲,浙江电信客服电话,空白格,花火丁当
AE59E2B0951B99700AFADA3F211E89B3,1,手机没电了会变卡么,华为商城,兴业银行信用卡,兴业银行信用卡年费
DA99BE318DBBCC6F9556DAF264574DCF,2,梦见男朋友抱着一只猫,异地恋,"2816青岛期末随着互联网的发展,说明公民在?爱思助手可以下载我的世界吗",纤维瘤会癌变吗
1E0C9E559AA4023C4DE791300C02DE00,1,处cq什么意思,球球大作战最新袍子 呵呵,球球大作战名字符号,带酒字的网名
B3126091CB85F86B0B4CA726960FCE10,1,网络分期需要什么,蜗居分集剧情介绍,oppor7和苹果5s哪个好,向往的生活
6662069744C6BB2F18D573232FDA5E4E,4,西甲出最牛升班马,潘迎紫近照吓人,韩国呼吸37度中文官网,孕妇眼霜韩国
438E8B38CC2121EB799A985D021FAC96,1,优速快递,进口运动饮料,汽是二氧化碳吗,沃尔玛
3A4EE784F875835128902A281ADFEE70,4,雨后说课,新生儿干呕,瘦肉花生汤,煮苦瓜水的功效与作用
C16DA5422C071DABB344C7EB0D9D1669,1,天蚕土豆,德清天气,龙王传说,百度
8FDC724A2794BF028A596D3023C7FCCE,1,大快朵颐什么意思,4级没过能考研吗,发小的意思,dnf礼盒10增幅书
DD137F4F9E4F0C8809AE0990FE23E3EB,2,漂唇,k512次列车晚点情况,城隍庙梨膏糖,做了准分子激光手术后一个月可以画眼线吗
82D8D33C41DA8E1FA4FDFB09F155AE48,2,英文翻译,自制散粉,波澜不惊的海 灿白,成都纺织高等专科学校
8386685597C2494DEAF88A2451F9AAF7,1,自行车租赁,华硕,红色警戒2第三帝国视频,穿越火线配置要求2016
7E46C40F88DBDA6674676EBB5B4E0677,1,孤岛危机2找到巢穴入口设法穿过广场,美鱼图片,鼻孔下长痘痘,孤岛危机2视频攻略解说第一期
407F551429CABAAADDD587D6481728BC,3,哪种白醋洗脸最好,化妆水可以做面膜吗,具惠善,荷花英语怎么读语音
7B61A4F0BA7E45F7C0A6AAAB6495F13E,2,苹果数据线怎么搞wifi,facebook注册,海安大学城进展,argent
83E7731A5F18D2EA972480A721BB27B5,4,菱角壳煎水 癌,谊组词,信用卡美元消费会自动换成人民币吗,电动汽车分时租赁平台武汉
C810C55DFF5682A29A5A8589C38C563D,1,vivo充电宝怎样算充满,rm,沙漏形身材的明星,东北蒜苗
F1BB98BED8711456E69B6042CEB73E5F,1,三国之开元盛世,峨眉二中高考结束后转团组织关系和提档是什,回到三国当主公,怎样学英文歌更快
7DCA0A6BCFDCC8A2074FFD106F675E11,3,8月5日是什么星座,称骨3.2好命,八字格局,月令什么好
E950E41A17AD79613FC36C5A82559A0E,4,过敏脸红热怎么办,宝宝便秘怎么调理,新友谊天气预报一周,享
CE31AAB5D69A38EAADF91AFC7EB47796,1,迅游积分有效期,孙中山,世界国家安全排名,周星驰结婚了吗2016
4238A40F32F3153AEC72F38A7F40D0F2,4,flyme是什么意思,谢杏芳,常言道儿是冤家女是愁,从事苯作业如何护肝
08C1E489EBFD7E4DD32462115BAC1B52,1,毛泽东蒋介石病逝,残奥会奖牌榜,跨界歌王,最令人绝望的一个情感问题
D35D7DBF65FA30ED585AB44183D98E29,2,2016研究生英语1分数线,中国陆军服装图片,北京中医药大学研究生招生简章,2016年陆军服装图片
69A430D97DFC4F2F52CFF1D58D4E04D8,3,赛福凯瑞,苏荣,广千木门,百度在线语音翻译
FA59D075E1ABA81CC2EBE8777AC32A5E,1,穿梭者喷气图片,qq飞车s车能改装吗,易交易平台,cf四川一区酒
45F22983F5A921F264521E609812DBC2,4,呼和浩特到天池,洋葱吃多了会上火吗,艾滋病皮肤症状图片,早晨起来头晕浑身无力
8B9588CB6183B35E48925244ECE26D84,2,一直不联系的人,菩提树的诗句,手提电脑按键失灵怎么办,怎么查看所有点赞的人
DA177DEBC6D2A8BDA5C7ABAB7C2712A8,1,二元一次方程解法,手机屏幕小有什么优点,球球大作战外观,球球大作战段位顺序
D4AB591B2C175A45E530A590198F248C,3,立白是哪个国家,九本护黑神阵2016款,宝马x1,腾讯摇金树
1A7CE93DA335735DDF706F74FD8BCCE2,1,霸气名字大全女孩,李敏镐,fantastic baby音译歌词,dhv气垫
38E991563750AD3ABED9B7C5977A3A1C,2,猎场,巧克力,win7没有无线网络连接,gd权志龙生活照
64AC3283FE79E7CAF3A3C92B77A04048,1,传单的设计,华硕,画魂,水龙头维修
22C4C46916E82FED9188CC25AD39F2DF,2,玛瑙石,海南黄花梨,指甲油的危害,科目五
8399675B11677D099536EA626E6CEFFE,2,非凡搭档第二季,全民k歌怎么玩效果好,机电系有哪些工作岗位,王祖蓝个人资料简介
70F5072A7C68E2AA5F83B7E3FA8875C7,3,58转转买家不确认收货,拼多多苹果7有中的吗,转转二手手机官网速运,聊城公积金贷款条件
659BB715608317979DA6F1B2DBAEA160,1,维塔斯猝死,孙艺洲,山村猎艳,奇书网
FEF9F10D2E37A0A797FC0F4646937024,2,三脚架一般多高适用,服务器限制,守望者,局域网ip地址查询
52870BA175496496FCDC91BD7EB58B3B,1,梁祝乐曲分析,完美雌性养成系统 停冰,南艺新生颜值爆表,xy夺宝怎么玩
7C7808E82EE918058BCE80E043C8822D,2,梦见猫咬我的手我把猫给甩掉了,有什么正能量的动画片,宫颈糜烂可以吃羊肉吗,东边日出西边雨
5F8BAF21827FF7F19A6C3C4175640E78,1,福气资源手机版,长期租赁车辆,济南凉快的地方,国家电网
86836EDC008611EBFA570033CA8F085A,2,在北京考试资料员分建委,北京建委资料员证,北京汇正恒科技有限责任公司,监理吧
B13D97FCD3C129C7E78DF197E9807C3C,2,杜汶泽,湖北武汉建委,手指甲盖发青是怎么回事,小区里面允许装隔断间吗
9B7E888F41BCD50BED7DE9980DF0A282,1,自考本科,英语,成都世外桃源,百度
6B8AE1EC7B0249914BBEA37D57C1DAA2,2,qq个性网名,暴力街区2,oppo账号,海贼王发条岛的冒险
161EE4E1045FFBD97CA9BF53CD2670E5,2,皮尔卡丹床上用品,松江大学城 科颜氏,商业水电和民用水电有什么差别1001商业水电,dmph小柱
22299AB81133C500EE94DBD289AA620F,1,辣椒辣手用什么办法处理好,毛晓彤的老公,镁与热水反应方程式,py什么意思
02922881DECDB01723E4BEBB1B549893,2,美的微波炉m3-235b,ipad游览器下载,微笑时刻,美男十二宫 实体版
F54822964325975F2C91CEDB15F7DCB2,3,杭州g20峰会停工时间,梵婕缇眼膜怎么样,周杰伦演唱会摔倒,方便面
5B2376EE963EB8CDC8599A1DFE51461D,1,湖南工业大学贴吧,披萨制作方法,601检查院的前一站是什么,31所独立艺术院校
260CD4F4B40AB0B4D5302A044D68CB97,1,百度贴吧 谢显弟,"向下生根,向上开花 英语",maxmara,feedback动词
ADF2CEDF6D494948D2780262D7170260,3,贷款印花税税率,我的世界手游地图,门诊医疗费用清单,平安信用卡每月只还最低额度怎么提额
E26738FA1900B18BF682D56FB8DB7AC7,2,一叶子面膜怎么样,大麦若叶的功效与作用,三星c7,鱼
7217E2C80C9F5EAE8251C5D2AA2C3CF5,3,兰博基尼,高与矮的图片,连一连,双拳难敌四手打一生肖
DEEC1A06FEBA8C0E5AA895BEC433F31E,1,成吉思汗是哪个朝代,军训要求要剪两鬓的头发咋办,幻剑问情手游官网,诛仙什么职业好玩
604228A61146D1CD68874E902DAC5652,1,跆拳道后旋踢教学视频,螃蟹的吃法,shoulder,有点甜
568353C309E275CDB00E95B1E993613F,1,戴尔笔记本的任务管理器怎么开,张馨予写真,2016苏大阳澄湖分校区咨询电话,免冠照片
076749C1B7A63512B224F3866C76604D,3,优甲乐孕妇,甲状腺微粒体抗体高会不会影响孩子智力,孕妇可以喝茶么,家用电子秤能换电池么
CC343B83CC0A153145DD1351F2349C41,4,别人问你求职意向怎么,梦见坐车赶路,冰心,早上不刷牙就喝水能治便秘
927D1045C994B13AB6906CEE6887D04F,5,守望先锋第二赛季段位奖励,科目二s弯道技巧视频,西普大陆,徒步需要准备哪些东西
BEED02120CC163B4DD5474B8699D4ACF,1,以若所为求若所欲犹缘木而求鱼也,微信买英雄联盟皮肤一天了还没到怎么办,科加斯侏罗纪化石大图,克里斯汀·克鲁克
AA6D7726074D551AEAF2A6B6967E14D4,1,逆世女王,流离烫,大鱼海棠电影,反派邪魅一笑
C9DC25C3D6A96982215AE92230E63D26,2,考研英语一怎么复习,江西财经大学统计学硕士招生简章,四级英语听力真题,财经类大学排名
21DFD87A4382365F2099F76E1C3D9DA8,3,福布斯,吕厝天虹商场,亚洲首富排行榜2016,赵雅芝个人资料
39AFFE1DB435BF3A998AF3E44E958A1C,3,广东新兴发生地震,奥迪车缺点,马陆,山东到新疆多少公里
5F244C1646276049D42294052CBABBA9,3,学士学位英语考试内容,学位英语要考口语吗,初三英语语法重点,广东省学士学位英语考试内容
9C0A3E6E26074FB91F0C31AF0D93402A,1,兰博基尼,适合英语角玩的游戏,02s404,妈妈的朋友演员表
E4479818747D4231D396D5B6B9E2D552,2,快手猴王是谁,雕像和雕塑的区别,menu是什么意思车上的,华为手机哪一款最好
53EA6F5F9430251E10C942E244A3D6FF,2,神犬奇兵哪集最感人,iphone 炉石传说 卡授权,爱马仕花园系列香水,海淀区上地招商银行
D18AD45B55EA4A1756CD1CEDF6975263,3,如何申请廉租房,飞雕开关86,2015年生育险报销新规,襄城县县长
4739FC7652B42710262E1D0975E9AD0A,2,安宰贤为啥这么帅,耳坠,雪花秀臻秀系列,金鹏驾校
AA1DD062AEFBF32E5366BD6EC5647825,2,森林防护全地形车,电脑功率是多少,国外森林防护全地形车,灭火机具
F53BE2FDDC556BE092B56AAFB12BEC84,3,如何买新股票,龟壳的风水作用,高迁平南附近发展潜力,蚂蚁花呗跟来分期区别
7288AE40837498BF832F581F2F066957,3,米昔多少钱一盒,试婚老公用点力全文免费阅读,白帆郎平前夫,孕妇可以吃山楂吗
B573485034796EB6D3EE0D299B1F368F,1,转基因玉米的鉴别图片,近视眼怎么恢复视力,贾宏声,广州华附校服
8C1BE20B504B913C8750554CF8235C0F,2,朴有焕,男生避开女生目光,金铃夫人谁演的,excel
1272FA1EFECB650DF9F1C0821C94583B,5,电脑空格怎么打,梦见彩蝶飞进屋里是什么意思,黄金好把握还是帮日好做,波段高低点设置多少合适
EF15B07C659673EDFF1842747A355D2C,3,热血江湖boss,何首乌为什么禁铁,天龙八部有几个版本,huawei pay下载
7AF3592C2125B556806227842C568E2D,3,武汉机场4号线时刻表,邢英琦,电脑开机后进不了系统,长沙到常德汽车时刻表
4FD73F5110401BF4EA92570E30C344D6,2,u盘,07582830028,乡村艳福,电脑ip冲突连不上网怎么办
CBBF764619765C00CB8E899E33D9650F,3,怎样,关于死气沉沉的成语,痛苦流泪表情图片小孩,5万左右的车哪款好
6BCC5FBF5208F46DF4A1E07B0E023D28,3,山核桃,美国山核桃,美国山核桃多少钱一斤,6901028190626
5482FF2B377C98A2F32F9BC7DBE47FAD,2,狗吃了指甲怎么办,新闻联播主持人什么英,徐峥,郑恺
410410791888D8A80EC3FB533BB671AA,0,理疗瑜伽是什么,用了气垫粉饼定妆吗,四川火锅油碟,六小龄童去世了吗
77FE3AC8EB51A1E38BEEA26DE35033D6,2,公共基础知识1000题,东北三省是那三省,三费两金一赔偿,g20峰会的主题
870700FDECFAE65231902EE4DC1D1B0A,2,oppor9剩多少电开始充,双子座男生爱你的表现,怎么查询别人wifi密码,棒球帽怎么戴好看
F64108AD6E5B14BA14043B947F93ACC7,3,妇炎洁,花鼓尺寸,老年人小肚子胀痛咋回事,功率计算公式
BA17F22EB20E30AB5407EB35CF08BAE6,4,患难见真情英语,shock to,杀手不太冷女主角发型,shock形容词
29F947BF4677B786EC574AEA48F2E55E,2,谈学问 心得体会,穿越之强制多夫,蜈蚣辫,无处可逃月朗风清
EA128D7C54817CF4F269AAD39B98EFEE,2,大学生两学一做学习心得,生态文明学习心得,一人我饮酒醉,实现中华民族伟大复兴的中国梦心得体会
750C579468D8992E491CD3D2C8D9AAF5,2,杀手阿一,泛亚,紧急页面访问升级,张晓峰简历
758296A66277A1D04D344C7150564AA4,3,你就是我这一生的赌注,所有烦恼都忘掉什么歌,"从来没有纠结过,从来没有在乎过,从来没心动",郑州十八里河属于哪个区
AA58E2FFC208580CAEB599643F2868ED,3,王冠图片,德云社创始人,成都第一高楼,李云龙的原型是谁
7ACE0BCEEB51D48E0E71FCBCBB7E4360,1,装腔作势,各执一词的意思,直接,笔记本电脑开机黑屏
7F47BAC55006DF4443AE07909A6D71C3,1,儿童数字歌,海鸟飞向大海,冯德伦 张雨绮,集装箱高空坠落
5AF8B85F140E3FCD6CBC20FDCBDBEC00,3,qq号评估价值评估查询,杨启的歌,4823菲儿个人资料,冷月
F73829FA1134CED69A7DC5A6D92AF0A2,2,心汉字图片,心字图片,网游之终极盾皇843,笔记本怎么打开控制面板
ACBE19ECD73CE4B02EB48B0BE569E7BB,4,血脂异常是怎么回事,减腹部的瑜伽动作,疯狂的麦克斯,臻爱
D102E509B8DC3E53AC4858FBA75A2490,1,中秋祝诗句,璇地教程,洛阳什么大学好,郝怎么读音是什么
F9189D6EC4B09A02C70E614A790E9047,1,召唤师峡谷,怎样才能和男生聊的来,欧美范儿图片锁屏,20岁月经不来怎么办
C2592181ABBF075F6395AEB629B26BDC,2,怎样戴佩妮吉他谱简单版,老九门丫头怎么死的,戌时,弦子吉他谱
B02F4D634FC5E22E6B3A1E2739E96DCD,2,区号0826,三号线线路图东莞,酸奶苹果减肥法,孙骁骁
B8F3875E5C8DFE6121C12E432B0360EC,3,月子里脸颊疼,坐月子可以喝排骨玉米汤吗,宋欣佳怡,幕后玩家
20019CED266EE9B61E07E1C8F6BEB126,4,茶安小区,舟字加个台,网上售票可以提前几天,"由于保险业务员的失误误买了保险,能获赔吗"
DD1FAE21E07F8501D3F7AAE5FE4422B1,1,真空装真空装,冷月,刺客信条兄弟会使其中立,季中赛edg对skt第五场
F3AC45A29F3B3DBC46E81E4059B73CD7,1,张云龙,肖战微博,孙琦皓微博,变形计孙琦皓图片
0B28BEE8EF840BB50CDF515368B194FA,2,列车误点查询,莱顿弗罗斯特效应,火车提前多久检票,飞机坐哪个位置比较好
544216517917E1A2EAB2513E03C1A9DF,1,美沫艾莫尔的产品好吗,eiia,有没有好看的杂志,拉链行李箱怎么改密码
0DD2FF7162465BA747415B129557C1C1,1,世界第一初恋,陆小凤与花满楼,如何装饰自己的房间,历史系最好的大学
DCA95461CF1D00A336A4C7DDDC9F3BEE,3,肛皮赘产生原因,鸭血粉丝汤的做法,肛门皮赘,肛皮赘产生
36740EA651136E6FDB3CB92DFE6B4760,3,郑爽微微一笑很倾城,猫很像女人,房间门对阳台门,我的小猫
8F24333E157882A4C2947864D8359241,1,怎么恢复手机自带字体,百度,http://[qq会员]好友赠送qq会员,火车福州站
31670DD1E80F917EAE41F5F2CD0EF96B,1,根据覆盖范围网络分为,穿越明星的小说,坐飞机的流程和注意事项,老董门卫和杜烟
5B22D4B8CA8D2BD546DDC3DAB4E251E3,3,刘源,张爱萍家谱,有没有把脸上汗毛贴点的化妆品,郑钧
3CFE1FA7724266F3EDD46D25E278A45E,2,护肤品,吃泡面会发胖吗,女生头像唯美,攒竹穴
E63C3676D7180B0E63F2DAEAAE3237E0,2,"体育场买篮球,足球,排球各两个共用去132元",angelababy,"体育场共买篮球,足球,排球各两个,共用132元",国庆节黑板报
746332E07D24A29650069370064B4A75,2,芜湖,163邮箱注册,什么叫复调,魔力鲜颜面膜怎么样
F3C1461A4FC4BDF5131C7C7D3485E5D0,1,西贝莜面村,百度,新浪视频直播,甲状腺癌用化疗吗
73E29EB05215DCAF1CB41209DB942D5A,2,pr里面怎么调整视频比例大小,宝马x1,奥迪p3和q5,宝骏
DDF35BB7C8104DCD730D84FFA80B35B0,3,孕早期,孕四个月突然出血,保胎灵饭前吃还是饭后吃好,法国圣露斯地中海诱惑价格
EB40217C29BD4B662E3E14577C21B09A,1,撒贝宁身世,龙王传说,电子烟台大学,联想笔记本电脑g40-70还原出厂设置
00B7266B0734B8322642647FFF463209,1,pc官网,enail是什么意思,蜂窝,名侦探柯南毛利兰h
5EDA88CC72776E51BC160E20980514E2,1,幼儿生活教育活动,淮安火车站附近的幼儿园,银川路实验小学,淮安火车站图片
5F0F917894BF1AB8788D2D423130E162,1,妖孽病王娶哑妃,柒的组词,韩国名字大全男孩,知识缺乏的护理措施
B827BEA3B012BD9E261F872B02FE1D67,1,济南86路公交车路线时间表,杭州属于哪个省,豪门总裁小说,临朐河北村公园照片
5B5224DFDFF4561CB365C2196F8BA19C,1,美国末日艾莉有没有被,vivor7,完美世界中的叶倾仙是谁,刺客信条兄弟会罗穆卢斯财宝位置
703D1879445817ACAA8984404C93B17B,2,gtx1060什么牌子好,好友申请如何恢复,比960好的显卡770,马超在哪直播
454F23ECD2B2872922D42CB939C64C35,1,面膜选珠光还是没珠光的,铁马冰河入梦来上一句,长征途中打的最持久的一场战役是,散光
50253F192F0A40D32A05FEAFB6A22005,2,重生虐攻耽美文,托兰西x克劳德 虐克,重生未婚妻的逆袭,青史成灰 多尔衮重生
F73DF3DF59FAEED02BA3A6F4E703531A,2,釜山行简介,顺丰速运,螺旋烫,中国建设银行个人网上银行
DD2392C30CCF1BC1CDB5075D94ED835E,2,手机收不到短信怎么回事,秘密爱,手机qq头像透明,游戏人生
604B28920A88D3E39D60D59AEA16FDB0,1,入党积极分子思想汇报,红桃杰克崔斯特多少钱,亲吻姐姐oad风车动漫,熊猫tv
181E8A0700E44A82EFDF599185D7BF2C,2,男主超宠女主np辣小说,类似小家碧玉,类似重生之爷太重口了的文,现代女主娱乐圈np小说
DA2669C11D1AFE796E6BDB3D1DAF7A58,1,杭州g20峰会,唯恩诗胶原蛋白怎么样,芜湖,半截袖毛衣
8FA66149A59B776D01F932E4E9C11D91,2,节奏大师微信和qq不能同步吗,胃痛和吐,激光美白多少钱,广州图书馆规则
FDFF00EEEAE98C33EC30652CDBFB735C,1,唐唐big笑工坊,周二珂资料,人,长翅膀的人
D9C2D73410815CDD2B336F1A2EDE6C58,2,中铁一局集团有限公司,南方医院变态反应室,网语水逆什么意思,淋巴的功能
67C5308B752556D1D5A9F9C66BCA9A0E,1,云门春酒价格表,三星a9,那好吧下载,手指烫伤用白虎活络膏管用吗
68C05ADFCE13090A0FDF22113844A89C,3,洛阳市中旅旅行社,腿卡破了怎么止血,上火了吃什么降火最快,西安黄桂柿子饼
AA4CE075D8F30A4B60D8158E4E62BEAA,2,公仔棉,剑网三姨妈服的贴吧是什么,小麦胚芽混爱宝草圈,海带的功效与作用
D050C40FA090A98B71629CA5274A1FF9,3,宠爱之名怎么样,dermatix疤痕膏有用吗,蒂佳婷水乳怎么样,玛丽黛佳素颜霜
A8E56E7D4DE997D6E3CC53AE18349FF0,2,一首12分钟的歌中间是四川话,背夹充电宝此电缆或配件尚未经过认证解决,奖,馅中馅月饼
FD06A60119597229865F9186B5F0BB48,2,拔智齿能瘦脸吗,保卫萝卜3第23关攻略,西安医院有哪些,李敏镐继承者们图片
25BB390953ED93CE0918CCCEFFDBC432,1,软性铅笔,素描苹果,全名天天开心消消乐,怎么把公开的微博设成朋友圈
D52CE84ED3EA5FF676ABEDC19A02E19C,1,娜美辅助出装,a4yy com首播影院,汉译英,大学生发型男
517DD45CEFCB91FA5A53EE980E346AC1,2,山西有名的旅游景点,榆次的旅游景点,常家庄园,廊坊有么有啥好玩的地方
E6BCF28D1789101907438982346B68D7,2,小篆字的诗秋思,声卡的类型,vivov3的usb调试在哪,哥谭镇
8A6BCB0DB735FBDBB0810BE51439316E,2,中国旅游景点排名,一嗨租车西宁,白桦树,浦东机场大巴时刻表
0C445F371EF20B5E5CC1E8EBAF427685,2,羽小贝纸尿裤,月子期间可以敷面膜吗,宝宝出生六天打嗝是什么情况,宝宝没满月可以抱出去玩吗
7A0561A7750DDD2E15B7225E9E86279F,3,一叶子面膜怎么样,谢杏芳,反孔精英脸部底霜怎么样,姜茶的功效与作用
70CCA685FAED14687848DF6B6888DD7A,3,鲜香菇的做法大全,贝德玛粉水早上可以用吗,卸妆水,食物分类大全
FAD171AB317E88623E5CDDEB4A5F26CD,5,机巧少女夜夜,浪琴手表是哪个国家的品牌,天降之物,蜜都产品含有激素
C9AC499E7122B7B59F1E98C92EA9D5E1,2,索爱成婚帝少宠妻无度,恶魔的囚禁exo,恶魔来袭宝贝你别想逃,霸宠甜甜妻
5D93F8FE9AA4687427056430789DE172,3,多喜欢你 小贱,"原来我酒量那么好,像爹娘就是好酒量",有关学渣的句子,"25. 直道相思了无益,未妨惆怅是清狂 是什么"
00BB89A2C734E4352E83453F73113368,1,qq头像,qq空间黄钻vir,毛泽东诗词,蹬腿能瘦腿吗
B87E714F350E5666706562B44B815E96,3,一年级练习与测试答案3页,浦发银行信用卡年费是多少,视吧怎么赚钱,翡翠恋人什么时候上映
1243D4326B6BB67AEC1BFC94E779CD7C,2,qq头像超捭,不用的口红可以做什么,caopoorn超碰在线,新学期新打算200字作文
6C0B7B44807EA068B0F4034BF29844F0,1,不忠,男生头发油小秘方,男头吧,龙王传说
F659ED879F5DA54A8BAC95E5ED8809ED,1,酸菜鱼的做法,挂在墙上一个圆圈是什么东西,军训日志,圆筒形摄像头怎样看她的开关
747B3CC1970E627B730CEECF116DD213,2,宝宝伤风流鼻涕怎么办,自制口红的材料,剪下的玫瑰花怎么保存,沙子怪物电影
F48907CE05DB99346ACFA6B704E38815,1,青鸟生物股长,小米手机上市时间表,miui开发版功能,华为发布会2016直播视频
F1EEFA60FD58E7F4AE0FF65D982F784A,1,湖南中烟卢平事,朱云峰笑傲江湖,木牛流马,杀婴行为
54F1A5CBB4E9651464B3D75D8F14A008,3,cyb创业邦理财,云南旅游野马,输精管堵塞吃什么药,gsp理财
405489153202318AB82DB71543A848D3,2,刀塔2官网,笔记本开机关机屏幕始终不亮,三星笔记本450r4j换主板多少钱,齐神是什么动漫
B9094825CF515313640B026DF442B44E,1,换个角度思考问题名言,征文老师我想对你说,迎来了,感恩老师作文新颖题目
889DCE09DB68E5969768EAB548E9AF19,3,东风景逸s50,oppoa59和红米note4有什么区别,东风景逸,东风风行景逸2012款1.5lv多少钱
E692FAC8AF0DAA77972C2CC63254B580,1,卖花日语,笔记本电脑电池使用时间缩短,怎么自己做水果味棒棒糖,刘星
9F870D3C035E8EAEC00D800E8BA5DCE8,2,cf财富值活动网址,追书神器旧版本ios,有点方是什么意思,奥迪a3属于什么车型
2A8E00A94BA9C77736EE543F30579AA7,1,老公 你慢点进 我怕疼,精油的功效与用法,http://,急性荨麻疹多久能好
56589938DBBB985753887DB6C840B5A3,2,恶弟的放纵,陈紫函是苏有朋,吉米酒店常德,出纳做什么事
9DB868B770DAF1588859C87C500FA040,2,吉林化工学院教务系统,冰糖能减肥吗,个个腿长到逆天,荷叶茶的功效与作用
7A80E7D5399005C887B0127286DEBC25,1,暴走图片带字骂人图片,那些姓氏不能免贵,考生领到大学录取通知书,带饭哥手挑8份外卖
769D65090A2D1E5D0D880FB8A9791F85,1,神秘的微笑表情包,"军训,心脏急跳",王者荣耀关羽值得买吗,一人我饮酒醉
FCD6CFCC4F251E63230DDB0212C03F6C,2,演唱会视频,海淀开拆市场违建,有点甜,韩雪家庭成员
5B693A6A39D73AE7E22CADDE79D18747,4,乐康片怎么样,猜成语40除以6,耿直 固执,耿直是什么意思
961086D641A91A1270CCC40AC72FDFC0,1,超级碰撞在线视频观看,炫龙v57黑曼巴测评,爱拍,北京时间
A73BB70DD5B913CBE5295ECFDE5E5ED8,1,下载农村信用合作社,代课老师工资多少,大湾葛店社区哪家理发店头发剪的好,"男生比我高3厘米,那是高多少啊"
8F43C212DC59BDC18B69BEA076149A5F,1,娘娘腔by水千丞腐书网,大同市一医院官网,kimi乔任梁死亡,箱子密码打不开
C869791B7580BA923B777090A5CA4576,3,毛豆秋天吃好么,生完宝宝后来月经量多,完美玛丽艳敏感柔肤水,淡菜第二天吃要怎么保存
DA2B30ED50942E931202A82E658B7E9F,1,花心校草的满分爱恋免费阅读,唐艺昕和那个男的长得像,电霸充电宝,吴倩和唐艺昕长得像
2CE14706FD8B7D1F0836AF6F0F8C3717,2,libeay32.dll丢失怎么办,棱,灰太狼小说网,玩游戏fps低是什么原因
7D91A5498D4B5BF4E72E82960FA0E7A7,2,胡萝卜可以和哪些菜一起炖,开心果,产妇能吃山药吗 初期,常平到大朗有多远
D42797847B00B5C3D21E52555BC11719,2,2004中国女排第几,虫咬性皮炎是怎样的,深圳不如上海历史悠久英文翻译,戴尔灵越系列 14m 7528
DC4DE482A6ACB0903B20AFD84145D398,4,12英语发音,open拼读,江楼感旧的意思,为什么窨井盖是圆的
4D7F691C34747AF281DDF4015DF9C7A4,3,vivoy37参数,支付宝支付是第三方担保交易吗,vivox7,tcl l50e5500a的黄色接口是音频输出接口吗
B1E05B358FD4CDBAF58357948E00A188,2,曼昆 宏观经济学简史,电脑w10系统连不上网显示受限制或无连接,柠檬片什么的最好,怎么做柠檬片什么的最好
F85FF8F22E31C31D287E2DD779A0F411,4,3000元左右的投影仪怎么样,2016年最新铃木摩托10012016年最新铃木摩托,火车退票手续费,投影仪好维修不
E7D2084EB46D97A48D2B8F13A526B6C5,2,爸爸去哪儿第三季王宝强,泰国短片爱情短片,米饭两人份,跨界歌王
145A03524FBF8A5EF3EDAFE728BC5BDA,4,阅读记录卡怎么写,红薯稀饭的做法,我是一个学生的英文,三字经全文
2A40BD929804B285C06082C396950551,1,吃了香丹清要忌什么,mydol是人工还是,急性肠胃炎,微信群发助手p图
09B69091AF64DD6D3D170F7DC7187987,4,电热锅发海参,海参 鸡蛋,猎灵师电视剧,腿抽筋
8B6A858ACED39A42A3C7889071A0FEBD,1,千与千寻2之寻找白龙,小的快递盒子diy,蒸蛋糕可不可以在碗里蒸,解梦垃圾堆积
A330942D835645979F9899B5E66853BF,3,婚纱照不能挂床头,十五周到十八周都只有吐泡泡正常吗,2015年清宫图,测男女的方法
A63210AFB21EE15C679728FFE2E8D859,2,小飞侠里的蟋蟀,巴宝莉老伦敦香水怎么样,厨娘物语淘宝店,曦城花语
33A0A457CC7A769B008533A3AD6FC2C9,2,神马电影院,簪缨世族,一线大腕,估计建成说的基本特点
3DBE149901BFF56AA7A91B2A7E6329A0,1,张家口特产有哪些,亖,张家口汽车站到张家口南站,芒果tv会员共享2016
6519AD7BAF080CB085F72742DCC08D4C,2,达英35怎么吃,性激素六项检查时间,王任 周,早教有必要上吗
A2C5F5D76AF4A6364A219124990ACBEA,2,华硕a43s,2 4 8 16什么意思,斗鱼,非上人屋面女儿墙高度
55E691C29D5B3DF1450E13E78590D67D,2,里约奥运会乒乓球视频,戒子带在手上的含义,福建气象台风网,时尚装修
2A219DBB1B2F0A7206C914522B2E896D,3,央视批天价片酬,救护车遭车祸,王宝强新片遭抵制,中美加大反洗钱合作
F87428F5188E96145ABAAFDC79B67AFC,2,qq钱包提现要手续费吗,30岁的富豪,朴树in mysong,衡水公交15路
82CD1F420B389F986B8ACD75364A2C87,4,"如图所示,一由山脚a沿坡度",光明酸奶图片,下面水旺旺,钟汉良老婆
1D713117FA87DFB68A7EFD36E4515152,2,百合花茹志鹃赏析,新帖绣罗襦中罗是指,春秋三传是哪三传,离子导入仪使用方法
FC78DDE8250C9FD246B1E78CE9B82EF1,6,类似花豹突击队的小说,中超积分榜,竹香书屋全部小说,排列三第16227qi
628712A5A01865D39D996F6D0FB09118,1,龙王传说,死亡管道下载,天堂2手游礼包,狗咬狗电影
3B18EA9E2D6387C73B4AE66E4CEDE313,2,张翰喜欢的歌,微笑一很倾城面膜,申请苹果id账号,水果大卖场要投资多少
60AA5BDB1E1B1CAB220F24A2CB93C021,4,沙河铺乡,"淘宝做成人用品,货源该怎么找",已经买了镇上的小产权房怎么办,央联金融消费贷怎么样
67FADC8E287F2ECC3A21664EF6681600,1,手机qq空间关闭申请,163邮箱注册,凤姐,绿源电动车
4962534034B6ADB561E6990DEABD9A70,1,柚子皮怎么做好吃,罗湖到广州东站和谐号多少钱,不读不办退学手续直接走人可以吗,柚子皮的功效与作用及食用方法
5E7B98A17A12E1C94BEE57DD7CBD2C15,1,军训心得体会300,湖南机电职业技术学院,长沙地铁二号线线路图,湖南科技学院软件学院
D32D1022F062FE90F9611C987230A1C5,2,古墓丽影崛起喷火的怎么打,女朋友有备胎怎么办,韩寒作品txt下载,ssd是什么
DE0F519CE57C176166E73AFCAFDCDE6C,2,爱分享抢流量周三特权,张若昀青丘狐传说演谁,三生三世十里桃花电视剧什么时候播出,青春说微信公众号小说
2DC079173475C863C971C768B07C46B5,3,王爷别急嘛,泸州老窖42度土豪金砖,诱妻入怀老公太难缠,射雕风流
C8D4DD092BABCD89EE0D774BD824C8A6,2,刘忻,现在扫一扫为什么找不到哪微信号了,林峰佘诗曼最新电视剧,马达
864467E7983D16CB16F706B3F44DABB0,1,瘦腿霜真的有用吗,南宁哪里戴牙套便宜,美女穿吊带小背心图片,南宁带牙套多少钱
3ABB0603570B869B331E2CF091D8EECB,2,信用社考试,中国石油化工股份有限公司,敏感肌肤用什么洗面奶,追凶者也
8C398D198442B5D65E8B141BB2FDFFD3,2,杨洋微博告白郑爽,华少主持的节目,宋欣佳怡,花儿与少年杨洋郑爽组cp
86B978726E25283D805D4D1D42A80964,1,高中生1500米成绩标准1001高中生1500米成绩,everything中文音译,哄女朋友开心的话道歉,想女朋友了甜蜜语句
B61EEDEDAE8430BE1C94455B9AD4FAB9,1,火锅鱼皮,夜夜换夫君雪漓,非月经期有褐色血淤,非月经期出血的原因
FE62B3523FB6BC205C1A380A6A9A1729,1,笔记本电脑黑屏怎么办,必须正确认识我国社会内部大量,筹款 感人的话,山东农业大学
53EA8CB1F813C8179A438DE0AE10350B,5,阳光高考网,学习机,开心学,炮姜的功效与作用
DF4A2C84A2C2B47A408502C41BD440AB,2,黄汐源个人资料,百度,猫为什么会跑,dota中文意思
AAFD4E2FC9260D05C7ABB8850FCC6F81,1,魏晨,重庆到秦皇岛有多远,嘴唇发紫抹什么色的口红好看,表白藏头诗制作
BCB8F20A731EFA25D24AD5C6ED6130DD,1,金泰希图片,粉色的卡通猫,巴拉拉小魔仙变,"生日快乐,遥远的你英文"
4F2AF211FC4D6EEFE03C06B10B4077A9,2,如何报英语三四级考试,cf老是掉线怎么回事,迈巴赫s600,球球大作战合成圣衣点错了
310076BF8B5EAD0BD4548A022E547B02,3,日语哥哥的发音,声音嘶哑怎么回事,mhu5818航班做多少人,明天会更好歌词
15B6EDC518ED9835612F2698A16CAFA2,1,钢铁侠2在线观看,成长需要挫折800字,人生路上幸福多作文,出师表翻译及原文
8BDD98C20CCCBCACE322F5067AF95318,1,萌系兔子画图片大全,三人行必有我师焉择其善者而从之,罪魁祸首,萌兔子图片大全
C2E3C3C7E8F618A5C5B5E4533BE01350,1,新郑新港大酒店,依然如旧,草虫的村落,死亡邮件
6741B9376037A730DDC976D4E15B2E27,3,幼师3加2的学历认证,八字不合可以结婚吗,戌时出生的人命运,陈辰
CF62536206C9E35B78E1443299E907AF,1,高中女生适合用什么口红,一高中灯塔市,白头照片,内分泌失调是什么意思
1C088D399C7BD78EED039C25416F0E45,3,这4种杯子喝水会致癌,王宝强最新消息,四十岁的女人减龄发型,王宝强老婆最新视频
7D00419898B62CF0F29C3EFE017FF4F8,1,捷信中国,华硕,三星携手捷信,阳光e卡有什么用
E286D137AF6726E0102DB8D8825D5FB9,1,蜗牛手机官网,丫头你被算计了人物,写月亮的诗句,信愿行什么意思
3F723B1CFCFBF6393B284C6CEC3DB723,3,青云志惊羽,囡,龙眼的蒂能吃吗,"女主姓蓝,重生后很爱睡觉,男主是皇子"
5688A058EE51E3B5D3C3CD5F36EE3D8E,3,精索静脉结扎,脑力游戏,手机数据恢复软件,诙谐
3D364C73C0D2D1114889609708EBFC25,3,牙龈,空调异响怎么回事,残奥会奖牌榜,a级通缉令
F389053300CD1CFE329CA21DC1BAC7A6,3,义乌怎么样,哈士奇能吃山楂嘛,wacaco便携式咖啡机,天涯八卦论坛
4FD4CA239ABF3F405E64141606ACC7EB,3,悦木之源眼霜,五仁月饼,怎么整理衣架,韩剧网最新韩国电视剧
AC16120C26D561910A1F66AF45DB5A98,2,读你千遍也不厌倦,保卫萝卜3码头26攻略,保卫萝卜3公园37攻略,保卫萝卜3公园主题54关攻略
541E3F0C1DCC59C856069352025F1BEE,2,五谷磨坊的固元膏好吗,黄段子学生会,类似上瘾的网络电视剧,计算机二级考试时间
3BBA1DED0C0CC6034887C355049473A3,2,acg贴吧,德语音标,重生之怀净,怎样使手机有虚拟按键
63494D8083486B6AF32D132B6C1C8B68,4,太祖秘史,一叶子面膜怎么样,瑞士肌研舒缓面膜,擀皮的好处
5E93D57FB00EE1826BC6B23C40437999,1,qq头像,写景作文600字,慢性前列腺炎,智能手环
AD654E559DD63E6890B3D373DAE8259D,2,"逆袭爱妻,国民老公不请自来txt",2016年云南艺术生文化课分数线,关于学校取得成绩的表述,雷雨故事梗概200字
F4CF2F4F629BC6FA958F17DB43226167,2,盛开,简单照片墙摆法,数学应用那些教学方法,大吉大利这盘菜
D713026F708A031D1CCD2605435C175C,1,电子琴和钢琴弹法一样吗,科学探究的一般步骤,鸡汤面,怎么刻橡皮章
64E9549F22FFAB04D7179BDF2DB8A25C,1,贴吧直播,有源二端网络n最大功率匹配条件是什么,怎么在office官网联机兑换office2016,笔记本电脑数字键打不出数字1001无标题
B5CFFEE9955AE8CB5AA2345D847B77D6,1,9062日元,lanolin,新西兰亚马逊官网,美亚的退货日期是寄出时间还是收到时间
D20B0D9783FB19C9048AA35F611CFCE4,1,流产的症状和月经区别,慢性中耳炎的症状表现,下面流黄黄的东西,排毒吃什么最好
7D9048D77935A8A10AA46DCA0B9FAB57,4,11年极光,赵海燕,清静经,英文翻译
3A64F480C0AFFD6D69D87844F66FA6B0,1,safe and sound吉他谱,i7是什么意思,usb接口,玻儿口红星星粉
A077B101C708708F8D395FD4730A3D71,3,夏梦讲子宫',旋风少女2风云道馆,夏梦讲子宫∴,十五个吊桶打水歇后语
184F50924F5E2B8CD9034FCC1113E02F,2,宫外孕是怎么引起的,吃完避孕药脸色特别不好,九寨沟在哪,杭州快速公交
43A56A3468A7E504B7D09DBCF498BD7C,3,肾功能衰竭早期症状,阴阳不调有那些症状,漠河天气,尿不净原因
97DF4B46824ABE156BBEF544B84CFA86,2,兰博基尼,重庆,琅酷手机套怎么样,天津海河新天地
777202C7A85E4A477DC4079A9515DB23,1,南航研究生院官网,招聘网,调查问卷,顺丰快递一般几天能到
AD9641FAB06489B6D54E9FA10F012D71,2,奇迹暖暖小画家,百雀羚平衡水油,多囊卵巢综合症缺乏b,out of date
1B0934BDBCF2FBFB16D4C8537A39498F,2,给我取名字的人是一获千金的美丽孟洁,生气怎么缓解,肥皂能洗掉细菌吗,顺丰快递电话
D7E71F16287CF09F37526BED8D8BB9DD,4,"7.25号来的月经,8.6晚上同房,没射进去,会怀",月经推迟两天可以测出怀孕吗,前列腺按摩器,抹口红之前抹什么
C701B02BC80C3A2C3CBA6E6B60BBD652,1,高三第一次摸底考试,从斗南到北大附中咋样做车,昆明第一中学2017届高中新课标高三第一次摸,呈贡一中高中升学率
2163BF1462206D6BC4775B47ECB83797,2,南昌到九江汽车对久,部落冲突怎么还能不被别人打,九江职业技术学院新校区地址,贪欢总裁要不够
BE2E8DADAA0604A1975637A1703D184F,1,怎么安装正版win10,windows10正版多少钱,笔记本电脑硬盘接口类型,上分英雄
C636DDE62E9A31B45F0EF606EEBB0065,1,快手涨粉秘诀,枇杷,玫瑰茉莉茶的功效,手绘简单小图案
58D8342B4EDAFF27E085110C83C32638,2,留黄鼻涕,报考中小学教师资格证,魏晨,二级减速器设计说明书
BF41C1CC8D409B098E70C273381A73BA,2,科目汇总表的编制方法,会计科目汇总表图片,wps手机版,汪伪
C8AC7DA443081248304F421C3CD49CC4,3,心态决定格局,nidogde6622,真菌和细菌的区别,脸上长红痘痘还很痒
D7F639A5EE2E488A25197D92A33328C9,1,我想对你说,通灵王漫画,百变魔尺,什么保湿喷雾好用
BD3006EE7AE4B6F95E8C6F7965D79935,1,理科学什么专业好,军医大学录取分数线,北京时间,vivo怎么设置流量监控
ACAA09F39085DF1D0964D419BE2EEA1C,2,163邮箱注册,ppt屏幕大小,rmk水凝粉底霜试用装有几个色号,小s家暴
19E8FCB9585B7CB443DB529594E670EF,4,周慧敏晒28年旧照,机器猫童鞋,"站两个钟,手指浮肿",王宝强新片遭抵制
0C251C1283DFC91FADBA28FB3FF67045,3,山莓,英雄联盟赏金猎人,秦时明月之君临天下,三星主屏不显示时间
8B951332565A18B5C334E6E18D1C8B8C,2,阿迪达斯nmd美国价格,武汉什么时候出来的,一元夺宝是真的吗,梦幻西游口袋版要点卡吗
4F347CDA8576DACC3DAABBBFB017906E,5,网易微博个人头像如何修改,追凶者也,加大剂量 电死他,乔任梁经纪公司
622784899472998D780271FEFCEF984C,1,杀手阿一,手影大全,饥荒攻略,地狱恋
F4BE92C3DE038EEFA5F1B3007A604C34,2,华硕gtx1060 6g支不支持vr,uzi符文s6奥巴马,应用宝下载,性商店
851791DA4901A05324EA73636DAB443F,1,微微一笑很倾城txt,宋欣佳怡,牙线哪个品牌好,流行学院风双肩包
48992440B003B09E2DD1925BDE3267FA,2,风流杨贵妃小说,觉醒gl,杨贵妃秘史h经典,她的眼光全剧多长
90112B6D8B4B481873B58D392449214E,1,阴茎易举,美女h慢,我为天机他喂烟雨,马鬓头型
5252065A78F375BB28447B4E73E88111,3,比利时啤酒,霍英东和霍元甲,蚌埠湿地公园,月光影 你摇曳了美丽 花香韵 把几日情勾起
8EF2B72ACF45DAECABAC7ECD49FDBD66,2,11月4号,鱼肝,基督教早在ad三世纪开始传播但是在七世纪英,根生蒂固的英语
B34B24926B4A7CB45E843871EEFEBD2A,1,穿越之女配难当免费,win7word如何进行编辑,浦东的792路公交车首次发车时间,win7硬盘是另外的吗
DD7508151D5708F52118A17C48726445,1,华硕,神舟炫龙官网,nfc是什么,三阶魔方
C28E4354B6360342189348371BD4A390,1,笑佛图片大全,销售成本用加权平均法怎么算,微信看不了小视频是怎么回事,英魂之刃
B502E10D55FB770D644594D98D452789,1,麻婆豆腐的家常做法,微微一笑很倾城配音,squid,怎么雕刻牡丹
0E0F0B4E329A8106CF52DE1D216B94B0,2,大话西游2免费版赚不了现金,大话西游免费版5开还能赚钱吗,仙灵好友,梦幻诛仙2多人玩吗
715707019C2198F37FF08CFDAA31C91C,2,横店剧组招聘,安徽大阳,青橘子,河南2016虞城卖粮难
8A3D4EF088E21E0DAF21DFE7AD6C0990,2,丽江束河哈里谷,丽江哪里有办电脑分期无利息的,经常用飞机杯有坏处吗,众泰t6001.5t手动豪华型
77C4DD0165D28E5AD77FFBC4F970E07D,2,nobody舞蹈教学视频,丑小鸭读后感,两人跳的傣族舞,准新郎触电身亡 资讯
0E495480E2F683BAFF7871504C490A94,1,一叶子面膜怎么样,一个人可以开几个网银,一个人去大学报道,女生染什么颜色头发好看
FBA6B134C406F3DDB055FB90F9AD9F04,1,微博专属头像怎么设置,元素周期表高清大图,燕窝图片,芈月传芈月和芈姝出去那集
6FADD471CF4997CB1482CEEA72148F72,1,《小人物》by责任好人莫桑,春梦欢迎你,女尊小说np男生子宠文,一般家猫有没有狂犬病
CC846030373B9F55D85E2A1D866518F4,2,死亡邮件,中档女包品牌大全,金英光,张玮
27446295C2719219A37210A0BC1A3A30,1,今夜不设防,马伊琍眉型,angelababy,南宁到兰州的飞机票价格是多少
59E965FC3D5DC8F022178E18CB6279CE,1,粉饼和气垫bb适合,死者有约免费阅读,旁听生要什么条件,法国第戎发生爆炸
4915EB40F1A07961A81BBAEC5B401E47,2,宫颈炎与宫颈糜烂区别,宝宝最早几个月会说话,宫颈炎需要做什么检查,倾国倾城之绝色丑妃
A1DB9AA4425915D52390D96F98E09609,2,文成公主实景剧时间,张国荣生日,拉萨冰川,格萨尔王
04E02C919135210A4F597484C9A4DF96,2,将军在上我在下电视剧,主张无君的大思想家,http://,赣州三宝
67A670B353D09CBFD830080B1121C4FF,1,显卡微星6g,苹果7可以3d,学校怎么装逼,显卡微星和华硕哪个好
912B2FC3D01C3D7A7C79F3EEE05E6302,1,马自达istop什么意思,cx4,上网时出现安全警告,护眼灯
DD3D6BE7E0A11615BB21973D2FF148F1,2,男的怎么减肚子,盘古阳根,风雨雕花楼,高潮
1F9D79329478311291B583A9B013A5E4,3,美不胜收造句,怎样设计环保标语,2016.1.16快乐大本营最新一期,背书包的小孩简笔画
C240702AEA4F14D0F17F79D4821BF230,2,新手上高速旁边人需几年驾龄,电视剧忍冬艳蔷薇在线观看,首都医科大学附属北京同仁医院眼科,哪里能做宣传旗子
432019BE66BBCD613F1685B739B8D3D4,2,侠盗飞车罪恶都市六颗星,国色生枭,李思思,迈巴赫s600
AE08FC5D895D4428B6B60C3BF6EDC82E,2,玉上刻仙鹤,幼儿园教室墙面布置,高铁的座位中途有人下车 座位会被卖出去吗?正颌手术,六腊月不搬家
5A6DEEEBC4C51D42E579252A1F66ED82,3,王嘉尔没常识,烦躁的图片,曹云金再讽郭德纲,家里有虫
164C2572E6ABE6781D1D08C1F056437F,3,迷丝香洗发水,睡前运动好吗,杨慧个人资料简介,伯来雅
E40A13C5B1F566F902FC5B1173D44C3C,5,马铃薯的功效与作用,唐山学香掉牙千层饼,热门歌曲排行榜2016,流行歌曲大全
643B7B4264F4D7A8C4FA837C84531E11,2,神农架平步青云,大调教师,皮肤疣,肉沫粉丝写的小说
33E14416DCA85DD1B0BDF3C7035D7514,1,香奈儿香水coco小姐,吉祥如意图片,让我为你唱一首歌简谱,温碧泉八杯水补水系列
4D14C21FE70F2AAEBE5A28C91F19E008,3,苹果有15寸笔记本吗,过目不忘是一种病,百度,陈惠敏
4613520999965C90E699187D46FC5A90,1,穿包臀裙要穿安全裤吗,部落冲突7本最强布阵1001部落冲突7本最强布,王者荣耀那个英雄最厉害,gank是什么意思
5A1AAD4ACACA902DCAF45FD0F13BD53B,2,左膝盖骨头痛怎么回事,人生若只如初见谁的歌,名人格言,酷狗音乐歌词怎么全屏
C83EDB33892F86404C5969C9983D3EC6,2,猫咪av为什么上不去网,茶杯犬多少钱一只,大彻大悟的图片,拉肚子
31422FF37A463FD37DFD1C13F3633646,4,五菱宏光跑车多少钱,兰州黄河印象多少钱一瓶,梦见抢了银行的钱又给送回银行去了,橡木板做的柜子里面要喷漆吗
87F799071A5A4875737FEFD93948C9C9,3,开店做代理,大乐透,魏晨难看,拍拍贷提前还款怎么算利息
5B32F9DAA152F9E92E1A1F43EA99A36E,2,折纸玫瑰花步骤图解,桂林办健康证在哪办,台面垃圾桶,有刺的树
F583595A4383444C145A2E2FFC3EB9B4,2,孕期觉得肚子突然往上移了怎么回事,四维说羊水太少让出去走走怎么回事,夏季皮草怎么收纳,羊水30什么意思
C8A48E8A2E836A576DE4BA49C6B61197,3,姜牙怎么腌制好吃,家里鱼死了风水讲究,怎么晒红萝卜干,海之南焕颜面膜粉多少钱
726134511B0DE1689FB0BE29004A19C6,3,大拇指指曱边疼痛,南宁有口碑的单位保洁,2016年湖南企业退休工资涨多少,考试广西医科大学旁停车方便吗
38C9F0F29BCA65B3DF8179DF9E49C8F6,1,折纸玫瑰花步骤图解,李易峰郑爽新戏,魏晨,张云龙
62F391BEC9360E6698CDEFA01B8A6B8C,1,茅山九龙秘籍,5200gt病毒进化者,天魔神谭,bgsound 不播放没声音
444D662E92E77A0726CCB3084B3A3EF3,1,神仙眷侣住洞54年,杨洋方回应纠纷,直播死亡众人落泪,顺丰速递频现内鬼
C4C574BD382D866F2CA2E4ADDA06E046,2,山东省青州市属于哪个市,周六医院能做b超吗,女生安全期是什么时间段,秦腔龙凤呈祥视频
2D1ACC85C662A0AF1DC10186C1D15927,2,qq在线选号,山东德州移动号188段,成全音乐下载,手机号停机后被别人用
C3A77168B171E99D9DF928F191F3C097,3,婴儿头睡偏了怎么办,哺乳期吃雪糕对宝宝有什么影响,莱姿竹盐极嫩肤净白霜,生过皮肤发黄
8844251BFA09C3C7CF1EB3FF1D745BFD,2,中国亚马逊有假货吗,武侠古典黄蓉与小龙女,丝芙兰积分,中国建设银行个人网上银行
8896463483D6283A9D840A84A63F9029,3,布拉科塞维奇,网友对夜访吸血鬼的评价,陈深,锦绣缘华丽冒险
76A701B7F16F24DA0E750098CBCAFC43,1,消化内科出科小结,能不能附近借充电器,介入科是什么科室,百度
ECB4A216AE80AE32FE761861CBD374ED,2,安庆天气,胤祥和兆佳氏的爱情,现房,平凡的世界1
F1FBFF459D7064CB78FF7335A3589200,1,高中文言文阅读训练,梁鸿字伯鸾扶风平陵人,澳大利亚签证要求,会长是女仆大人
87D31EE712A2D1AF89F36E37F76F8CB8,4,学习机,天骐我的世界越狱版下载,直角滑轮,我眼中的民族团结
67EF27BE9316F29867E3D7E1B277ABD3,1,新网球王子,富翁,九师妹,微微一笑很倾城更新时间
24AA4B1F13F4908599EAA8EFAFEC43D3,2,扣扣聊天怎么把别人的聊天也艾特,"蚂蚁花呗,怎么还款",母忘亭在哪,草书怎么写
81DF016CD0942AD42826F9042AFD75BC,3,蓝月亮,爹地宝贝,四季优美随便果被罚1403万,纸尿裤免费代理微商
3ED2F8E8E5BD6E7B895C3318076C15F2,2,空调开着突然没反应了数字显示p和10,香蕉牛奶西米露,什么豆浆机好用又便宜,安徽霍邱县正华高中地址
BC569678F37CDD42DF6B9FAC1BD709E7,1,野兽德鲁伊卡组2016,江苏大学,steam好玩的游戏,怀孕了不想要最好的办法是什么
F93EB4BCD2F5393E4277DD7B135133BE,1,就清醒,北极光,带的动gta5的笔记本,新世纪北极光
ACE3144AD86CD5ACC5C299B641CB707D,1,梗是什么意思,为什么我会突然长高,玛丽苏小说11岁,淘宝活动
11409CE4CE5CD752121DF92D83AEC39F,1,萌妻很甜 帝少宠上瘾,肉戏描写细致的小说,形容月亮的美,男主角很冷的小说霸宠
AD3CA51E3760E34A680AA28B0E365641,1,酷派大神f2致命缺点,中国和白俄罗斯电压一样么,白俄罗斯天然工业银行,各银行境外取款手续费
2EEB39040F03BA7D2E32E86CA6792641,2,拥军卡图片,中国银行电话,鬼父百度云,打字员兼职是真的吗
8946770E82656E0D77CF2E7DE596FBD0,2,套房设计图三室一厅,黄河森林公园,图片头像,炒青椒的做法
B565700DCAD6BFAD67E2B4EF6CEACCF2,2,无犯罪证明要多久才能拿到,taylor,好好学吧杨洋,探探怎么改好友备注
BE122AC82B71B044DD7889236EE4C6FA,1,qq头像,武警老兵退伍卸衔,非机动车驾驶人 行人故意碰撞机动车,幼儿看那些书集好
0AB31F91AC6BC6B2CFA10E3B01C3D6CF,2,七本升八本多了什么,部落冲突双王升级表,nba2k特训成功秘笈,部落冲突刷墙
37EFF732859D04DF9A375696946C210D,2,哪些护肤品的瓶子漂亮,翡翠玉石,dnf关节破坏,腾讯游戏平台dnf徽章的活跃点
94E71F13AF8B246BD3673CE1BAC54CDF,3,酸菜鱼的做法,郭敬明,权健火龙液泡脚,榴莲不能和什么一起吃
F9672C1DC2FB824D801D83BD73AB5593,1,iphone7是双卡双待吗,puma厚底鞋官网,熔岩巨兽出装,水瓶座配水瓶座
C7A13E798002B309109081317CEF0A8C,1,球球大作战孢子有什么用,九州天空城,摩羯男追求女生的表现,萤火之森
A5DEF53D90BE9D54E3489D2AF9214C7B,1,制作读书卡片的方法,洗发水什么牌子好,冰心,初中生适合什么护肤品
4B86C011D02517913C270126BEEC0AF0,2,人死是什么感觉,洋托拉挫钠肠溶片,羊肉粥,后脑勺撞击头疼怎么办
BFAEE512F56848BC82A1BF369F42B05C,1,化妆棉哪个牌子好,韩国医用面膜,如何区分自己的肤质,16岁用纯露好吗
FA050BFA48BE77FC33A4BD3A3E27454A,1,北京时间,澄谭校服,二手手机交易软件,情蛊
1B0B856901A4DA3F24848B1FCE810BBA,3,开门红,你是所有,蜂蜜洗脸好吗,用什么洗脸会变白
EB50073DFA18544F80AC1B7670CD2A5C,1,美少女的首轮太阳黑子,蝶之灵,资生堂洗面奶功效,太阳黑子小说
C7DFC10FF1A57FD8B35381BAF0677889,1,酸菜鱼,卸妆水,陈莎莉电视剧大全,生活感慨
F58EF27D54DA477C6D29082CAEFC8161,1,男子掉入虎山 被老虎刁起拖入树林啃食,2011-05-27,李建息,幻城中樱空释为什么打不过卡索
1D2DF12A674ED85D0B2CC11DF6E823DC,4,唐律疏议,电子血压计什么牌子好多少钱,军对级别,质押
67DD0C174BD2E00D064C7CCEFF3B5795,1,杭州g20峰会,:madeline carroll,乌克丽丽歌词,卸妆水
81DB8AA5B344C72C90132834B827010D,2,验货公司,澳门大三巴美食攻略,重楼txt书包网,品牌验货
AACAAEDBDEA8BD58F8D3811B4FF2B42C,1,老什么识途,维维豆奶结块还能喝吗,青春期护肤法,人的各部分名称
E2637C554299A696E9A99F412155731D,2,守望者,限制级末日症候,大主宰,伯符的恐怖故事集
6E0D38551BE0E425F7A02F6506687489,2,窗外,北京时间,王宝强最新消息,视频播放
7FF96D4C509D54EE91549F47EA3278B4,3,体检彩超能检查出什么病,用完凝胶排除什么东西,六年级上册数学书,2016款大众桑塔纳图片
ED9C5BEADDDFC68792BE43DCA4461260,1,曲骨穴,小鲜肉,我的货源网,华硕x555li
2DC5891E2EEA0E524DCC1A06A54AC29F,1,茗寇生命源,glaxynote7,吉普自由光,袁世卿是谁
D5F8B0BA93C82EBD16E73BBEB13C0679,3,哈士奇能当导盲犬吗,红旗h7,韩语说你好,丰田小公主2016款图片
3DA5B17EE0B0BABC9A0D033B9C547323,3,三年级通寄班班工作计划,珍爱生命 安全第一,本学期课外辅导安排,小s离婚了吗
1EC586DBDCB07489E9890F4BEB511A19,1,优酷怎么传视频给别人,l.o.l,方圆几里 歌词,蜜汁炖鱿鱼txt下载
AF291EA60BF470AFBF6B43C8A797EA7F,4,坂田到中山汽车时,15267827775维修招聘,橱柜安装工招聘,95598电费网上查询
BADCA086BBAB5EAE99DC5577A4F92FE0,1,南昌理工学院,江西财经职业学院,老街吉他谱,csol官网礼物
E072CE42C09060AF4906D81C9D1FC4FB,2,木伦河,馥怎么读,点痣价格,安能物流单号查询
8AFBD65AA4F55BF395FEB219F3534459,2,梅西湖音乐喷泉时间,短发模特图片,黑白星球 小说,chm
8F4D0551EFEB4B35853FD1219B968C7D,2,vapp直播,"我想,我爱你",中建四局第一建筑工程有限公司,国内比较好的卸妆水
E45C5AD9B7E617C0FAA74B07F5F49079,2,法国赛特利自动巡航洁牙,宋伊人,网游之英雄无敌,sig
4053AC447D4313C6C9DB3BF3BB225EB4,1,华硕x552mhomepc,智力猜题,乐视1s充电头图片,怎样可以让屁放的小声点
5AC3A9B81D19EE87BC533375FBFB7B84,1,情侣头像手势两张,iphone的软件删不掉,蔡少芬,情侣头像手
FB0CD9AF8B22DD17AB449D0145E89BF3,1,天生我才必有用,老人与海阅读感受50,秦朝人吃什么,兔区八组
9946D33B22A4D67C09DBD61B2B475530,2,剃须刀发展史,机械键盘结构图,求职信息网,全职猎人
5B9F551C467EA141633CDCB96745693A,1,男主是狐狸的小说现代,为什么q 别人能说话 自己进不去,螳螂吃蚂蚱吗,困怎麽办
9E01961815F8756CB5788E49496AF785,2,海氏海诺创可贴,每年什么时候为结息日,日常本行开户客户来行支取现金,合肥可道电子科技有限公司
FFD63AE60E1F1A1C5045E337C3E55D8E,1,液压器,伦巴,页岩气是什么,快穿之男配攻略
72582E77A9741374CA891953949DEA70,2,红楼梦中金陵十二钗的判词,三生三世十里桃花什么时候上映,书号查询,心灵鸡汤经典语录
62B09423933707C8962D475B9D2BF596,2,莫文蔚在我们来了唱的歌,的固定资,只怪我们太贪玩,宫颈糜烂怎么自愈
7A3F35B720611F8C609FBD71229537EF,1,爱情伦理剧,youaremypainkille,乐视,老无所依
537B9127D567FCD1EC18A5968B6618BD,2,瑜伽入门基本动作,蝎子辫,四股鱼骨辫的编法图解,12360火车票官网订票
550718CFC573D16235B5823E65280CCD,1,逆战烈焰战神实测,逆战纪元之光预售,大学迎新海报设计,逆战
9CBD63EF2B6E972DBE47460CB0CB5CF5,1,微小说话题圈,snsd,插画,k歌里怎样把歌曲合在一起
2CED813FFA0048CBB1B2C9BA752488DE,2,日本天空之城建筑,发呆哥事件若风原微博,美国末日艾莉,青橘子皮不晒可以泡水吗
24B95BF86B06EDC5F8E123330769D8C5,2,青云志播出时间,如何瘦脸,如何瘦脸图解,擦马油前要擦水吗
54A64C6F9E1F13CF38B7622C026230C0,1,米4手机锁定120分钟怎么打开,神医圣手,战恋雪,电视剧一粒红尘
F93902C694408786DA743920886B22C3,3,金牌编剧姬云依,安东·尤金,山加俞,金字旁楷的右边
6B0926A3CB69999E908AD234F391215E,1,用豆子做豆桨和豆花今两次打用第一次的豆桨,玻尿酸原液ucc淑雨免费送,玻尿酸面膜,乡村言情小说
AF5E3795A58B329B71F7C6671143CB02,3,天津农业大学,蔡少芬,gtx680m,漂洋过海来看你原唱
B35D0E841A4B48C8E57CD85988967C34,2,nba哭,重庆足下软件学院,windows正在恢复好久,电脑一直显示windows正在恢复
13018F7BA06B7D4D0269D943F5C3AE60,1,苹果5s电池,左腹疼痛是什么原因女,上高速多少钱,初中数学知识点
A33930CB17EEBC76DAADD60D94450422,2,张译,力舒健身俱乐部,投筛子输了惩罚发说说,青海有几个市
E838C67CE028E2B2CCCC234ACEDFD6CE,1,光驱类型 dvd刻录,笔记本电脑什么牌子好,上海理工大学教务管理系统,百度
14825EF236EAD5A452B7D8CC02CD3BCA,1,画框里的女人什么时候上映,大学有没有班主任,面膜几天敷一次最好,焦作师范高等专科学校
AFBAA0B5B99A14FCA45F171C073C639D,2,法师现场驱鬼,风疹,个人所得税税率表2016,小米5尊享版
72A0CBF734D3AD52F300EE8E28361F0D,4,还能不能愉快的聊天,有个叫长生的电影,取消香港日套餐,美国劫案
DBA922D81821CDBA7EC380595A182979,2,斯德哥尔摩情人,布列斯特要塞,轮值主席制,遗忘战争没良心
B1B997857ADC1DF4C2DF6806EDBBDDF3,2,专线宽带4m下载速度,我的大学我做主300字,北京农学院官网,大学刷脸的好处
7C58AE484E63856F976F775D8A9F679C,3,炒股买哪一个证券好,一般使用过的被子上面的淋病细菌能自己死亡,"一万公里保养就换了一盒油,油会不会少",28了还能做什么
2A4FA8375336AA90E0D4B884A1700255,4,织金到遵义的客车时刻表,朋友的酒,爱自己爱家人的句子,没有色的太阳镜
2259F3244D0B2FDEA91ECB158A7B76DC,1,黄芪霜,皇帝养成黄龙破解版,官居几品旧版下载,说谎bb霜
A064853F77799D5C8AD3EA8C89310205,2,夫君如此多娇,阴道分泌物检查,王者荣耀体验服下载,水痘不能吹风吗
3D0FA15418799385DBB68065BD9ED557,2,安徽卫视至少有十年李昱君,早点小吃的做法大全,今年的金鹰女神是谁,合肥合盛餐饮管理有限公司
AA3165F13890664523C53E65A79F90E0,1,痘痘养,javablock怎么解除,孙悟空,北京的秋
02C7D22C6136B1657D8364E8CEBD1D16,1,珠心算教学视频,去死皮膏中的橡皮筋怎么使用,小学数学四年级下册教案,卜字姓怎么读
3AF93CDBB893C922ADAD629425E22838,3,谷草转氨酶偏高的原因,门神是哪两位,长恨歌唐玄宗,怀孕会梦见什么预兆
B59BBBD79E052FA89EDBDE62ADDA25BD,1,我理想中的语文课堂,移动流量包价格,小鸡蛋气垫cc多少钱一盒,独家公主限量爱全文免费阅读
C5CC5F81963E0CC7B41FDB900829EE8B,0,qq头像,什么样的军服,kassaw是什么牌子,菜根谭是什么意思
D33385D0783C6EBD109D1E3889CF2577,1,电脑键盘锁住怎么解锁,华晨卡盟,苹果版刷赞软件,化妆品广告词
B3F004F8AA2C6141F2752DAF8408AE41,1,防晒霜用手涂还是不好,黄磊写给妻子的文章,特别粗的眉毛,脾气很冲容易感动下句
8C6682107BF2B689D42AE4C7B49C0A53,1,360老板,无法宣之于口,未成年驾驶机动车,军旗规则
3A832349B65D00668B7D882311720408,2,不冷不热的态度图片,要发送的数据为1101011011.采用crc不使用,手机ssid怎么设置,气血和胶囊多大年龄吃
A6FF89B836E296C6A3D5D1966F5AFEFE,1,oppoa37配置,欲成欢,vivo手机还是op好,鸳鸯秘谱
C18F9FE721AA83E4251068F476475713,3,佰肤草多肽驻颜修护原液蚕丝面膜,把什么都看淡的说说,一字扣高跟鞋搭配图,住在二楼沙发怎么摆放
6E1AFE73D013CD4A289AA0DA9E313564,3,舒淇疑公开恋情,一叶子面膜怎么样,老翁徒手击退黑熊,吃的饱饱的图片
41E836319DAF2E5AB53B09C8651FCA3E,4,专利,聚氨酯树脂,城野医生收敛水多少钱,innisfree好用的产品
76C478B47DC0F4CB245E346892F4FFF6,1,tqm是什么意思,召唤缪斯,世界经济论坛,白银小白鞋杀人
868B8299479AB01DC64F3AEF659164BC,1,千鸟草,熔炉电影,华山,许开祯
AE0CE3C22A182013D7D6ED2E1F6F1658,2,洗头发的最佳时间,皖西学院缴费怎么交,百合茶可以润嗓止咳吗,星座配对查询
15BB4EEFA6070566375BCF18603A2B4C,1,军训自我鉴定,太阳的后裔里的女护士,笔记本电脑什么牌子好,步步惊心丽百度云
D8F55776E78C567F51545C30736DFFE8,2,长春到吉林多少公里,汉译英,织围脖视频大全,长春魔戒卡包
8A3AA8AC0701F0332739A18E6AE4D595,2,祛痘祛痘印配方,帝凰之神医弃妃,盗墓,圆通
ACACD68F1A8B003234A5D2226B6B7680,2,傻白甜是什么意思,计算机二级报名时间,2016重庆国庆节天气,专业写影评
E9BDFCBC0C30EA99D44D0D31F9947C69,1,2016冬季流行,乐文,奈落,动漫同人后宫小说
AA793213061D9258257178CD29B9F6B8,2,重庆,吉林农业科技学院预科,上海演唱会2014年10月,记大过处分有什么影响
12AADC9450741803AD159FD2321294C3,1,大乐透,2 4 8 16什么意思,笔记本电脑什么牌子好,青鸟
96ABE0F313E9B38FC3F5E4924E023F15,3,感觉我湿润你 书包网,茄子馅饺子的做法,家常焖鲅鱼,口臭怎么去除小窍门
ED190B5B9ED3C17AF23E1C575854FE7A,1,支付宝实名认证v2,无人深空阿拉,暗精灵遗迹怎么开,火锅和烤肉哪个热量高
A7845379473FBF626BA530358D843FA5,1,天天炫斗布鲁缭乱剑花,qq厘米秀刷鲜花,天天炫斗什么时候公会争霸,天天炫斗几天算回归
0A7F552852B8AA8562DB99788470899E,2,献给老公的歌唱什么呢,叮不痒芦荟凝胶孕妇可以用吗,早上6点同房10点测到强阳怀孕几率大吗,肚脐眼的左上方疼痛
DBBB99815FE044AC31BFBCC13DE287F6,1,脸小头发少适合发型女,表示舍不得离开的句子,头发特别少怎么梳丸子头,沧州市三中军训期间上课吗
0DC20704450F53174E50180BBB13B963,1,钢化膜贴完下面贴不完整,如何点亮qq勋章墙图标,破伤风症状,顺丰速运
C412E5C426C098EC4B4372E92FE7C199,3,四讲四有,丰县2016年教育局落马名单如下,酥皮月饼的做法,2016年江苏政法干警考试公告
FEB780A87C1B79F9474F43DF9255DA5F,3,蓝月亮,考试作弊专用隐形耳机,753999新时代,麻将系统
A9E2F24A53A16FB1F9F1955182E11FBF,3,起亚汽车k4,k471次列车时刻表,k5报价,建设银行个人网上银行
9E8AC1CAB7320DD6F8F8914A63E171E2,3,w两个世界16,下肢动脉b超标准值,突然血糖变高是怎么回事,脱发原因及治疗
D6E6AB93FB9354DE51A77BF8999C0D39,1,订婚戒指戴哪个手指,村行王禹偁翻译,臭氧属于纯净物还是混合物,邪恶天堂
410A0326A8A6ACFF121E69BC8737993E,2,孕早期,月经推迟而且恶心呕吐,鸡蛋羹的做法,455关消消乐怎么过
BDF5E9FF1C161B426B9D66D9F7473224,2,仪表盘灯光,三网通卡,蜘蛛纹身图片,速度与激情那个有纹身的
EA66273D23B7C60396FAE3356785801F,2,井冈山,早教水域课多少一节,乔任梁和赵丽颖,第十五届残奥会中国多少块金牌
25197B4C7D8E4B867CDA3EEB2317D639,1,世界上最大的蛇,关于交友的手抄报图片,东京食尸鬼中的势力,中考满分作文400
3C8B87F7CE9962126C949D855908238F,2,在西边要素去大市场下去滨湖世纪城,为什么跑完步睡不着,唐山海和徐碧城在一起了吗,中国移动的路由器
8A61404568C94F7A66F05CB84977A3DC,2,手机跟踪器怎么使用,当我伫立在窗前你越走越远,牛奶怎么做成片的,梦到十口棺材
2F5C8C97AF62DA3088514AE64769D094,0,北京地铁10号线线路图,新买的笔记本电脑第一次充电可以开机充么,木耳在冰箱里浸泡有毒么,来月经腰疼吃啥
C668BB7AE0B11B8ED9147A6D5149609C,1,残奥会运动员身亡,会阴损伤,我好想你好想你却不露痕迹,qq群语音怎么开
7FD25E7A4E6E50010A6B8988ED4D6EA8,5,成人qq表情,重庆到泸州的火车,济南到盐城的火车,成都到淄博的火车
695C306BB9A7966843E357416047B538,4,跏怎么读音,於怎么读,阇怎么读,投票员兼职是真的吗
7008F3521902CAA84D431DF0D0D840CD,4,男主角把女主角尿当啤酒了,小时候的吸血虫,哈尔滨小区排名,药六嘉园
ABAA21E6C7A7E20969EC50DA9DA4E6C3,1,产妇痛苦分娩的视频,调理女人内分泌失调,绝斑针能维持几年,全身麻醉
79969D6940E8058DA2462CF1C896D8E5,2,电动机原理,99宿舍,能量,196.168.11
C9E35AF93A8F01BC0089A3F891F54B8D,5,生姜能和绿茶叶一起吃吗,亚麻籽油的功效与作用,肇庆国通租车,四会桔饼肇庆哪里有卖
80C66DE110E9EA510227FBD2D4DC6F5A,1,三星p7500,奥待曼大电影国语版,角斗土,欧布奥特曼中文版国语
FC547772D6D71B8CF99D661617822B54,3,手机qq怎么清空好友,三星a9,省委书记与省长谁大,美国好莱坞大片
9D3FC19A99672C06BFFA7D0A4A1D32D0,5,小建中颗粒,羽绒服布料零售电话,香炉里面放什么,平山县房屋出售信息
47EEEB76664B65EC77C6EDDCC3BC1CB6,2,极限摩托车,西游记之三打白骨精,0379 3270000,楠楠外传之方瑶莹系列
0E57FA317090742603887C12A5EFC862,4,日产,thinkpade430加内存,北京那家医院看神经病好,万象物流承德二站
959C00A5D236DD50C037E33AFFCDAED4,2,汽车之家2016最新报价,妖猫传,桂林旅游攻略,隔断墙样式
CF5980B9127C29DE0BD089FE64FC3A5E,1,青汁,麻辣变形记烈火神盾叛徒,微微一笑很倾城11集内容,林惊羽扮演者
C47E4B1D36108E0B3CBDD01763017D8C,1,戴尔电脑的插孔说明,乌梢蛇的功效与作用,验孕棒多久能测出来怀孕,离别的痛苦句子
266AF7A1D0358AD459A074221D46D833,2,是pspsps一点啊,php哎啊,最难喝的五种饮料,张齐贤家宴阅读答案
1E65B6C96D121D2BDE841DD6ECA5F776,3,贾半仙,靳东王凯胡歌,奇书网,爬书网
39B081AEC884C9C7E7CD07F11D4642CE,2,带珍珠耳环的少女,固体水彩 透明水彩,墙上置物架固定方式宿舍,如何建立主索引
DEFEF8E30B6A33903A97C1842C5F89E8,2,最完美的离婚,innisfree,欲成欢,神话经纪人金宝根
AD55BC2068E234933EE70015BEEDE5E0,1,河北医科大学学校排名,腾讯地图网页版,武警贵州省总队,intel iris 显卡 550
C26E3A048B17BB40B7CBEC70085316C3,2,美利达duke350价位,笔记本电脑开机黑屏,抬头纹,牧魂人地狱送葬约里克
D42505C9846EFBB0E28433A4D69B8484,1,qq头像,凶狠男人,娱乐脱口秀节目,男人凶狠的图片
B09CA5E3E6547A2CE9E3FE6E667E4B69,4,怎么样去甲醛最有效,你有一封信白可凡微博,哪个护肤品去黄效果好,三生三世十里桃花什么时候上映
1C0990BFCD0950373EE0D91C3CF0B5DD,1,洗头了还是很痒怎么办,二极管整流电路图,贵州农信手机银行,18084148462绑定了几个卡
64E872623DAC3254435D9AA0EB1A55E7,4,天麻味道,培训,最近十年什么行业最有发展前景,怎么应聘明星经纪人
905F06538D22B7EAE83C0CCBA13E90C0,4,乌丹吧_百度贴吧,青霉素v钾片,爱萨仕,沈阳南二小食品批发市场
045DC73C13C9B3C3D4A4BE22B523393F,4,无情汉的上句,摸口红最老有脏东西,阴茎尺寸,江苏综艺亲家还是冤家视频
1B278D07F08A190B4498E5D91008CD4D,1,个性头像2016最新版,风景画,扣扣昵称,邢台市新河县邮编
BEE2C23F77F82EED874194E35B99358D,2,电脑如何放光盘,初吻,视频播放,鹿晗整容前后照片
74B957221F769BA64396182DC50CD1BB,1,宿舍神器,vivoy22,明星四人图片,科技馆一日游翻译
49416CDD51510FF079A1E998EFF123CB,2,容易学的英文歌曲,莹瑶传,活着就是恶心,通灵护士泰剧02
EE570904AA77DF53404683C1332CE347,1,速写视频教学视频教程,短句吧,三十岁衰人书包网,孔子对教育的贡献
A56C5729ECB401B59A8957F73B8224FC,2,一个虫一个扎的右边,魏平,皮鞋表面开裂如何保养,锁骨上纹什么好看
94ABDC5D31C66E09131B2413D4887647,1,钢琴app安卓,英才之歌歌词,cf,南艺新生颜值爆表
2F3CD58BCB2F5FFE90A5E51329A39B91,4,六个月宝宝咳嗽有痰怎么办,合肥市最新住宅小区物业服务收费管理办法,郎平简介,西班牙购物必买清单
EB2335DF758F09E1A2C73A82ACE99F25,2,你知道我在等你吗歌词,寻仙手游老虎技能,惠普电脑怎么样,gmod
29CBA45076FC6B633E68D22D5579C228,2,灵魂摆渡人是什么意思,用什么充手机话费省的多,秦始皇先统一六国还是三国鼎立,cfm4a1换购黑骑士
2859AAC87A0BB3C3097996B7F0F366CB,2,如何查看和更改,辽宁农村信用社金信卡,近十年我国档案法规研究论文统计与分析,事业单位招考都考些什么
0B573A09DB2FACBB84DCC98F4BA73FFD,4,美国旧金山萨克拉门托,拍照技巧,美国到中国骨灰可以带上飞机吗,valentino是什么牌子
948D936F1FB361644A827BC31474A761,3,六间房,北京昌平游乐园,常宝华,光的棍 电影
4E7F9006EEC53B4FE8A2CC33A504AA47,3,梦见鸭子,范仲淹博物馆,卽,范仲淹后代
1B1C3EDAF78E59B3B33B42529FE4FFB2,1,破开的英语,在干燥的空气中的英语,百度,对某人而言的英语
25F0E90EF988D610BDB1DB409479AFD5,3,聊城洗浴招聘日结,范冰冰不要脸的图片,白珊个人资料,赵四打架搞笑视频
C6E38BBCD1799C0ED739FECEAFFCDB21,1,发烧会手麻吗,场地分析图,瓠不瓠瓠哉瓠哉,四大名助第三季1002无标题
AEDD70525C02DF44E4FE2C271C6B6B0F,4,农家书屋,新宁县木床厂,文鼎种业,苦瓜种子
E24CC6C673F599D13C42E973609DEC01,2,屠龙勇士薇恩图片,狼蛛键盘怎么样,武昌火车站到江西,驯龙炮手崔丝塔娜
F40AAC1DECBC20850D29FC0C884FA4FB,3,苏州312国道附近二手车市场,夸人的话有点创意的,宝马x1,开心消消乐时间关卡
DE0CB0EFD1271086CAD3F846AAB490F2,2,湘潭大学启航考研学校概况1003湘潭大学启航,启航教育集团的特点,北京启航教育集团,实习鉴定表单位意见
57ACA2A4A14AF0244ECAB0678C451D47,4,爱就在一瞬间是什么歌,课本人教版九年级上册,陈涉世家翻译,邪恶漫画之可知子绅士
B06C07563092B44DFFFBE4DEA1BA993C,1,手提电脑可以边充电边玩吗,辅助,钱在台行收款方保存不了,不惑
542F93C44FFE396290CE7A6546C97974,2,注册网赚,三甲医院招聘口腔护士要求大专北京,下载唯品会,沃德凯尔国际口腔招聘北京
7343A3EA7582CBCB0711E12D7FEBCD26,1,泰隆存钱利息,数字电视怎么怎么连接电脑,耳洞图片,利息怎么算
1964AA0156B58F64E2713C8908DC4437,1,"你一点一点慢慢靠近我,在我耳边",夜晚加班的句子,变身小姐,四平青年4
EC98CF375D9B83A37841CFF3882480E7,2,可爱的女生你美的像天仙,撩妻成瘾狼性大叔别乱来免费阅读,少年啊音译歌词,邪王定制宠 爆萌小医妃
20ADBB5EF83F6D200AB2B66730FE5F70,2,可爱励志的女生网名,小别离蹄娜扮演者,拍马屁英语,lol人机怎么打
745FAAC7E29340F10E5B7EF11219165F,2,爱拍,红包毒,sus303有磁性吗,育发液有用吗
838758CC640D63F648349A722AFA242B,1,qq头像,qq飞车怎么加情侣,河南骂人的土话,带在手上的机械表的图片(要待在手上)
2921DFD47D07856BF3B16FDE1C311FA0,4,松下摄录一体机说明书,北京华视中集数字系统科技有限公司,摄录一体机操作,笔记本电脑什么牌子好
CC224592874203312F8A2C56A9F858C7,4,洗发水什么牌子好,香水梨,欧贝诗适合什么年龄,甲硝唑片说明书
4639D9E98CA7BAED4B996FEB72AFF754,3,万能钥匙下载破解密吗,雪弗兰科鲁兹汽车报价,图片风景和山水,电脑壁纸
8ED86EACF6F2B3D5C152163CF5B88256,1,考研英语几级,阳泉气候,毕业结业与,擒敌拳16动分解动作
9F754F7671978E3A53440A5AC93C5EDA,3,哈佛h9,鼻孔大怎么办,圆周率公式是什么,竹苑情歌笛普
0976D4BF0A21A81653D59D0FC3150BE2,2,机电的售后,thinkpad t440 二手收购价,乔任梁去世,青岛到扬州快递要多少天
D545B2E641BB44420C23835926F545C6,2,考华西研究生分数线,拉稀一直有黑色的东西又臭,绵阳哪儿染发比较好,月经完了还有褐色分泌物
2D336372704ADAC52F38C1538DF6C42F,1,使命召唤ol,使命召唤ol自由多少钱,win10没有无线网络连接图标,睾丸疼痛的原因是什么
DA57D7C3F6DDD0824C7C1E8BA68B6C3D,2,"2013年1月1日,美国国会民主,共和两党艰难达",药品饭前饭后吃标志,株洲到长沙汽车要多久,数字中南登陆网址是什么
A384EDF9DB727907F9ECBF089E899BED,2,电脑显示无视频输入进去睡眠模式,邢台路家村,买房怎么砍价多少合适,邢台福麟御景
DE9DDE9A8FCD2F2EF64A196EEA7BA8A0,2,老九门第几集结婚,蘑菇头短发发型图片,凄冷的拼音,王俊凯图片
CA34AF8F5F2F7CCD8AC8BFE77437D7B9,2,刘会军,荷花是反应秋天的吗,新学期新畅想板报内容二年级,颜氏家训内容
88475E7A2D0ED3542F29E038E87EA273,2,跟男朋友亲密无间了,刘嘉玲,徐娇,cpu是什么
CE32E326E5DC058B78C25A7598BCDD3B,1,手机qq电话悬浮窗怎么隐藏,饥荒攻略,变身女明星,三星手机怎么
59F0B4BF587C46C2493A125DEBBFF4C3,2,有线网卡驱动,要听神明的话最后怎么,有线哥网卡,aloha oe
62DAE6621FE33AF702E379BA160B3108,1,道真,军对级别,茅山道术,化毒丹介绍的图片
3C7B2B860EC4F5A3B1DF171EE9AC9685,2,想做点小生意不知道做什么好,普通话成绩查不到的原因,李念哲,bilibili
1356C1471821BA482CF093B366A90C1E,1,百度云破解版安卓,炫,网游之霸王箭,音乐电击棒
7628C3D2D30DFECFC7E66B38A5F96B40,3,昆明老秦家云腿月饼,三亚免税店有哪些品牌,三亚免税店有潘多拉吗,胃溃疡要怎样治疗
6D4E1EA671E239784736BDD4AAC587D5,2,steam礼物待处理,牙齿拆线疼么,饥荒联机版,饥荒曼德拉草
559F832EA392587E49628D4CD10AB583,2,房间灯多少瓦比较好,百度,早上起来口干是怎么回事,黑色车牌代表什么
6077E7A69432CB3EA3E48971EE2BA48B,4,近视眼怎么恢复视力,工程中途撤场是否是工程交付,面条怎么做好吃,沈阳补数学
3DB57F8A4D69B72B262B5DA9D6A18DC4,2,武汉纺织大学,厮是什么意思,什么牌子的手机信号强,华为p8高配版
C311006FEBE4C8A7658DF30E8DF5F691,2,教师资格英语学科考试卷样本,radical,sanitation,hazard
93A7CB89E472319DC8089E1E288BC5C7,2,顺丰快递电话,怀孕后支原体阴性,象牙色和自然色的对比图,猜字谜
96FA86356F731AA42AC5C45C98139FC6,1,精索静脉曲张手术风险,htcvr眼镜多少钱,qq头像,魅族2
169D9419BD706CF7A1779043F31C61A8,1,什么运动减肥效果最好,流浪狗图片,脸部深层清洁用什么好,南昌高楼顶楼起火
4BE504BD429FE8585DE499F12069EA8C,2,lv包包,常州北站打的到到大学城多少钱,邓川是谁,脸上长了闭合性粉刺怎么办
2276660BF3D736460CBDECB493C98407,1,坏女人镜面版,眼白发蓝的女性,亲爱的公主病贴吧,鞋带的系法图解
411D540C928214472FDCCFEA8E41D99C,2,查手机序列号,速食莲子粥是啥,内蒙古教育招生考试中心,货到付款怎么操作
ADA93D492C1914DBB61F628EBB99CAA3,4,自制12v led灯,鱼化寨旧车交易市场,led3055,lm2575
6D821B9BB8BDBA689F9B698F132E3E82,2,正常人一天走多少步,碾怎么读,香山,好句子大全简短
9CF570460ADAB5E556866408B6582972,4,极度恐慌,丧尸漫画大全,微微一笑很倾城ko番外,新倩女幽魂跑商迷宫
BB603584A26BEBBCAD44E35E1C11313F,1,大象腿图片大全,mi8怎么改通知栏颜色,m8怎么改成m7,小学生
FBA896153028EA5A47C9D8F4B0950D57,2,本田冠道,工商atm一次可以存多少钱,趣分期图片,笔记本mq和hq
8A898601F3052AF0FA39ED98894C707E,2,远辰歌词,活着,安妮宝贝,韩剧里名字后面带着xi
1961A43055D1FD92F879CF6F6EAAB48B,2,数学,iphone7 pro屏幕尺寸,生日快乐祝福语 哥哥,安川变频器a10002、3档参数设置
8F8C963AC966C61EDCF5410441E22DB5,5,霸王与虞姫,爱乐维复合维生素片,十大护肤品牌,宫外孕休息一个星期可以学游泳吗
A60DC8EFCD3FCEEBFDC29774B3077A53,1,超强台风泰培,韩服dnf90版本魔界视频,台风马勒卡最新消息,深海龙鱼
F63EF2A903A7975D1498E469B06D906F,2,大家的幻想乡注销账号,大家的幻想乡 米斯蒂娅萝蕾拉,感染,花蚊子
C6487C7E9EB046A5B9134722FFB19F9C,2,空调的风力自动风强还是最低风强,ohui气垫,mkey.163,雪花秀滋阴系列
330BCF6B88A23A3CDB51D547AD9C2860,2,一座城池是哪个出版社出版,电脑word怎么下载,显微镜镜头盒中有4个镜头怎么划分,预防医学专业
9683BFEAF115611447394CAFBCBAF577,1,qq头像,笔记本电脑什么牌子好,异地恋感动女朋友的话,奇书网
D28DACBED97639A1875B16E8215206BA,2,风筝,【越调】小桃红 消遣含义,夜雨泣,夫妻和顺
1D31067842A4680B1ACA0C1C8FC17B86,2,利辛县王人镇王维小学,魔鬼天使,被罩标准尺寸,oppor9plus多少钱
F451ECE23CA78B63C532FC1F401A4D68,3,黑曜石佩戴禁忌,顺丰一般几天到,台铃小公主电动车,龙的gz25a榨汁机的使用视频
08DED0641B7481E1F36F1800A44D0B89,2,王阳明简介,前端开发需要学什么,只读模式u盘,四川省江油市东安乡邮编
593394B1F950D889D69E6AE5ACB102B3,2,克隆恩病严重吗,国家励志奖学金,fnatic皇子皮肤特效,fnatic死歌皮肤特效
A323B44EBBD85E201992037F936FEA1F,3,"我们要学好 ,学会 和 ,正确运用 和 ,为人类",崇德、好学、健体、创新的内涵,2017年度第一学期中小要放假时间,"人们学会了用 去解决各种复杂的问题,并能从"
FCA96F44C59E10135C54AC6EBC57E684,1,金丝猴多少钱一只,扁鹊见蔡桓公读后感200字,电话闪光灯怎么设置,qq付费群可不可以把自己好友拉进不用钱
5394CF780EF3640F64B8FD1EF7C25AEC,1,战舰少女,战舰少女台服,世界漫步者,战舰少女轻母排名
84B2774CA776E2D7ED677726D73D9979,1,奎屯一路车发车时间,小说出版,硫酸铜,奎屯行风热线微博
766C6D2FD9269DABABB7C64885094C00,2,flag是什么意思,一百万韩元等于多少人民,非否官网,踮脚读音
47677C3BD69319FE6C20FF430A7FC0E2,2,你妹12306丧尸,颠覆世界观的小说,阴模,lol一万种死法
FDA62967F1C254FFEBA92735D5E3878F,3,文明手抄报图片大全,早上吃什么可以减肥,一纸妻约:帝少的心尖宠程诺,准新娘吸毒被抓
9D1B8E67822C84DEF99A5962F5281D82,4,贤者之爱分集剧情介绍,"同房十天体温才升高,小肚子像快来月经时一?卵子17*18,但用试纸测不到阳",卵子着床后几天可以用试纸测出来,排卵试纸阳性变成水印同房还能怀孕吗
2FD74507567466CFEDF82C4B7ACEFFE1,1,环包皮切割手术,副职业学什么好,dnf拥兵团出征怎么玩,手游地府烹饪点到多少
7F64D64E7D3EE87F655DF19A789DDFA2,1,华为3000左右的手机,我敢飞跃天堂我敢随波逐浪,超市售货员工资,跑步鞋什么牌子好
629891278F967828EFB2008DB8614EE3,2,电脑爱奇艺官网登录不上,胡歌我语录,爱奇艺自动续费怎么取消,教师要真正利用观察手段去了解儿童必须具备
733DD2FDDE14F16F888E6D7428877315,3,科目二考试顺序,余罪第二季厅长给许处说的话什么意思,济公活佛,胯骨舞 小说
510B78C3720AC1C50D4F2461D38C47E2,1,宽带连接635,陈伟霆演的考试作弊,更新win10后lolfps低,防爆士兵辛吉德多少钱
3467B60A7C26A5F5A88A363E9C7C3521,4,宫刮检是什么原因,在淘宝网上卖自制的四物汤膏,顺丰快递电话,功能性子宫出血症状
E968EA4FDA5EC09649E10E67D30EB043,1,钡餐注意事项,呛黑豆牙,莱阳到寿光汽车票,解梦大全查询自已梦见
9D3F1FD1C88E0AA1470BF76B72DCA482,2,男枪,凤姐导航,笔记本电脑hp,轻音少女第一季第一集
B26BA99225232A8B802BF6D59C9052C1,2,怎么找网上的工作,中秋图片大全,拼团成功等待抽奖,学车居住证明怎么开
52767127A9783D14756F8581783EE511,1,北京时间,广州到扬州快递几天,0.082乘0.14,qq头像男生不要人
F3669F467A9D3A25D78F5B213D469ED0,3,近视眼怎么恢复视力,陪什么眼镜好,隐婚前妻疼你入骨,肾虚怎么补
5507A7868255F93A6CFFEEE08AF7E960,1,w两个世界在哪可以看,罹,美丽的西班牙女郎歌词,围棋和五子棋一样吗
2522280AA1CD1AEA34B7E30D6E8C0A9A,1,马天宇性感写真,记账的软件哪个好,时尚冲锋衣女,创意手工
06BC0E1494256F5AFE30568683BCEA76,1,cmit id查询网站,小周qq,苹果手机刷机要多久,一分钱包邮购物
A008074937DB9F76780F8CE612C910E6,5,奥运女子乒乓球日本对德国团体赛,世界女足最新排名2016,撒切尔夫人与伊丽莎白二世,奥运开幕式多长时间
CA02FB761FAF97B5B3E6EBCF5ACDFCFD,2,本田飞渡两厢进口,兰博基尼,刺客游戏名字大全,光大银行信用卡进度查询网上查询
0DE99E32BFCF5B2CAD957428EF61FC90,2,玫瑰花怎么泡水喝好,鸳鸯秘谱,虐心小说现代言情,耳朵里面疼是怎么回事咽口水也疼
0F3A7DCCF74CDBD4745CF1DF8FA2462C,1,说好的一辈子差一年差一天,福建厦门大学录取分数线2016年,尧,蟑螂防治公司
1163FCAB9AABFB393242636256055A90,2,路星河扮演者,绿源,郑爽的炸鸡店开在横店哪里,电脑开机后进不了系统
7CBE8DBB88144D71184FDCCDB5351318,4,三星s6咋样,宜家代购官网,三星c5,三星9200是全网通吗
D7F21EF284A1FFBD2AEAAB13CE8E2624,2,董璇,江祖平,陈赫,小别离电视剧剧情介绍
7E7A6CF8D92C4935842F2060D30297D0,5,给小狗打疫苗怎么打,网易这个德哥,小狗可以吃大虾吗,欢乐西游只玩孙悟空猪八戒
CA5B3BA83B69A1DBE2DF9AC6646B13C4,2,什么是大什么是小,三个代表,系青协办公室部门的介绍,建悦生活
E7AE87E5B1088AE5337EA0572A49D276,2,青花瓷12年 烧酒,宋欣佳怡,mekarama23,醒面要多长时间
08400E25DBAD2F2F9D032E3D3D3CE472,1,为什么匡威的帆布鞋那么贵,大学食堂早餐,丁子高,朴龙河柳真亲密照
1E62A275A185883C4093F301D2FDDD82,1,艾叶做的食物,抑郁症,蚂蚁花呗怎么开通,吊钟海棠
FC649460B7655927396415B9B4756E8D,3,湿疹可以搽硫磺吗,东莞长安哪个宠物医院好点,垂度药水好不好,狗疫苗网上买好不好
6DDCA43F999FC0C07EF19ED4B7E0655B,1,素媛真实事件详解,梦见有鬼拉我,理肤泉mat乳成分,2到3个工作日是几天
EFB57D126F0E06E0299682C768BB9C92,1,上海华东政法大学,qq头像,怎样能回到古代,谜底是我爱你的谜语
E2443E247B4902DEBCE0BD0CD6677264,3,椒盐排骨的做法,车间人力资源标准由()提供,巫蛊兔,惠阳大亚湾相当有味电话
469796EE66092AD22AE4021DB2AE1C32,2,甄嬛传喜欢合欢花,真假欧莱雅洗发水,有痰是检查胸腔还是肺部,波斯丹顿包是什么档次
E61EAFB5AD6EF8C5805ED53A71E52FAF,1,lol的时候英雄不听使唤怎么回事,买馄饨的歌,有种卷发是那种很规则的卷起来,美人鱼卷发图片
0B6087072453F3F1848ECEF4BF6770F3,1,那是沙漠孤独坚毅的灵魂,初恋,三峡哪个峡最美,感人的老师故事
2D449F1333AB7F564069BFDC4B45F139,1,床笠的制作方法,姓名打分带生辰八字的,免费姓名测试打分最准,姓李带沐的名字
4DF726F458BD1997041AF817ADE9A72F,4,怎样,史记中国文史出版社,草房子的体会,瑜伽入门基本动作
62AEE49BF8F75B122E4FA4F001345A6E,5,二次函数中b决定什么,端午节几月几号,二次函数有相等两个实数根,青春美句
7B9ADB1E1F3AE72D725F258DA94C4222,3,李在珂,范冰冰李晨缠绵两晚,冰封2百度云,酒精肝严重吗
9622CBC2D49B4EF86BADB9DCEFDF6DEA,1,小智狮子狗,你会惊讶我的钢琴技术 我真的漂浮在空中我?氰酸钾,q pang游戏,镇魂街
A99E448B25B876E641127A7B5DA63340,2,学信网查询要钱吗,大乐透,联想g450笔记本,信用卡要利息吗
07559038D9701C93BDA1D854EF802919,1,娜塔丽·波特曼,腾讯和芒果tv免费发放,马琳王励勤经典对决,皇帝的儿子叫什么
7F159E8F94FCA5829F52CEB53840C716,2,自考本科,求安慰的萌图,重氮化反应方程式,情侣头像背影
37F1C4A17E66EFBBA5C8E58A7D373382,3,健身房器械大全,形容麻烦的句子,日文平假字,积水潭医院在哪
ADE544394C10CF730AD497DA6692660D,4,澳思美日用化工有限公司,看破红尘是什么意思,中国国家行政管理总局,展望未来爱人家庭诗词
171609A13B3B72CD1FAA5A4F71B2B02B,1,许昌市旅游攻略一日,360云盘,百度,celine
5091DBB95DB54348D27DA6DABE49E240,1,vdl妆前乳宜昌邮编,mk官网新款包包,国家海洋第二研究所,cartier
4266F1553440900D174C0DC61A9CD58D,3,催乳师,百多邦软膏的作用价格,美人香尸,糖尿病烂脚怎么办
8DB7412E299D7C9F3F25593A50346EEA,1,virture什么意思,石榴籽能吃吗,boost,石榴的功效与作用
CCE5DE104BC08CF54F609FEB83FF279D,1,十八岁的天空演员表,徐莉,腿有裂纹,蔡少芬
D0DEBE8FFDB0168108B2910AF8EACFA2,2,下雨会不会影响航班,孙叶,百度,广告片
77E6D058BB389A909D86F41452E378F6,1,汤大师多少钱啊,笑傲江湖门徒,百度云下载,手上长白色的小点点
456AD762C356EE1BAFFF4F9B3AB6396A,3,前端和后端,最里面的牙齿旁边的肉痛,抢红包为什么总是最少,h5是什么意思
08E185CF8E4381225FAAAA9E8FB86AAF,1,天天酷跑3周年老玩家专属坐骑曝光,龙王传说,百度,走私香楠什么罪行
DFC256E38C04226853EC1F32D8F6B7B8,1,华硕电脑网线插口,whoo美白丸多少钱,脸色暗黄的人选什么色口红好,华硕笔记本电脑插口
B565D3A9E171A0BDF8AE14850EFF3723,2,青汁,nz猎场番外,杭州燕子,大话西游2
DC4F3423B028864358ACAD4B0449A460,1,lol鼠标怎么设置宏功能,张付良,唐朝怎么灭亡原因,cad点样式快捷键
3C689A5084DF6FA9344FA851EAAEBF89,2,圆通客服,seed英语软件下载,英语六级考试时间,多看阅读
FF4C483C1A4914429663531DC15832E2,1,gta5推荐电脑,微信,不小心吧主人网络给关了,gta5下载
7EBB72C04FF2BFEC662C0A669A182BA2,1,柯震东舞樱,怎么样提高社交能力,抑郁症,邮箱登陆
0F82DDE6028C909BFB84EB78C6C281CA,3,双色球税收多少,玻尿酸价格,银翘片,蓝色硬盒白沙
97C8CA5809E9819F4D238856617B43A9,1,临沂汽车总站,移动取消漫游费了吗,三星都有哪些系列手机,三星a9
AEF50E28729A0723AA02EB46B47A2596,2,作为寿险费率和责任准备金计算依据以及寿险,西边的太阳快要落山了是什么歌,妖神记,八粮液酒价格表
5B85777E8359C88473B5685FEB44445B,1,小法师带什么召唤师技能,长沙到衡阳快递要多久,资源共享吧,奇迹暖暖夏季游园会
5296E8A965DFB66839D5BAE42E208F6E,1,花样旅行田柾国,囡,朴智旻发图片,gfriend小说吧
8BB5E3E4C0824808C772C1FF6501978F,4,购房流程及注意事项,巨蟹座男,皮下脂肪瘤长得快,cp是什么意思
6E01D51D6E98F57DC3E8A5907C60EF1B,1,树乌龟树乌龟的图怎么解释,邹平高中放假都,有了黄钻和绿钻怎么点亮星钻,精彩广告语大全
C5C686C15EAFA9FDFE78705E69E42DE6,2,专升本考公务员,谢杏芳,外贸会计青岛招聘,淘宝密码忘记了怎么找回
3ED287D103677F57E651E2446390C4D6,2,黄鹤,锤子手机官网t2,法兰克福工艺美术馆,战斗之夜刷钱攻略
1638BA969B5195F8A0475FD83C1F430F,3,怎样在家就能赚钱,有缘,仙桃红树湾房价,仙桃违规停车罚单交多上钱
0CB63A6BECB17E4588294ADE389100D2,2,荣成五大力,青春时爱过的人,赞美教师的诗句,汽贸公司怎么调车
D879F020B39FEB7CEAC17F4BD5BC9A13,1,宁静的夏天梁静茹,籽,弹钢琴英语游戏,车标记大全
03ED2A0383B1E6A359BFE39D0ACCDC26,1,零瞬,飞段,超极本,cf
CC115C1B4A6D181F321C62349E009BD8,5,短路短延时保护,油烟机管道,安吉尔净水器a6s,燃气热水器结垢如何处理
E7ADDC0FB4F1AADBC37A7B3F2EB30B9F,3,悲伤的电视剧歌曲,中央10台节目表,冬天喝什么茶,有色乳胶漆弄花了怎么办
D29B7A61C4C1A9A2A4E3CB4D4D58C822,4,卡塔尔,地暖用浸水器,熊猫香烟价格,杭州市住房保障和房产管理局
CF7AA3A1E9C1125B47A1897DF6E0B085,1,权财,http://,末世之吞噬崛起txt下载,完美世界小说
C05232C65B079067BA0818C3EC94C601,2,奸臣,武大本科生院开学能补办,没有时间补办学生证,kindle和ireader哪个好
FBAEFB68E3B4158B048D536E2CFEB2B8,1,快手怎么发能上热门,barbie,芭比娃娃官网,不可抗力剧照
1DC3C90E03DE82EB52935C6C501B422A,3,可以和艾滋病男友结婚吗,我是黑户在哪能买户口,渭南大沥有男士征婚吗,唇膏口红能带上飞机吗
A5E6AEF766D36ABFB362A43FB84F3EE8,2,孽情2总裁轻轻亲,安娜情欲史,2016石家庄教师节优惠活动,中班社会消防员家长工作
95ECAFB064AD4D37FEE50575B1A19DFE,2,汽车遥控钥匙是铜吗,中通快递南昌到兴义要几天 小说,凯立德导航路径怎么设置,中国平安电话车险
8E2E12C20969651A03A2A0999F046EE1,1,夏天腋下疼痛,腾讯客服,qq飞车2016秋季赛积分规则,1是什么意思
C01CBB457F940912BCC2E9FF591165C5,3,高胜美未婚,司老板潘迪生,元元主持人,王中军
B374E8A01211B69304F2F9A2B9958248,1,头疼沉 后背也疼,贫血什么症状,"有时候吃香蕉心慌,有时候不心慌什么原因",身体部位长痣吉凶图解
536B7AD86C2D566EF2FDABFF0CAFDDC2,2,女生,试婚老公用点力全文免费阅读,密集物体恐惧症,长征
DA65DF8B3E37AC04C3180FAFE05FC7DC,2,什么脸型最好看,普通理发店烫发多少钱,汽车油箱加满好吗,爱情保质期语
A1E45940E4C5FF9DE26AF8E920058DB3,3,卡佛连夏装特价,特价女夏装,以纯女装夏装,南宁有名的老中医诊所
286A3D734AA1D0E4971F09EE5E2DDED4,2,笔记本苹果,美敏伪麻溶液,台式机开机需要多久,武汉电动车送餐
D9705639D4E60B88CBBB53E953366E73,1,星际迷航12,妖神记,悬山顶,物理精品课时练习
7A7FB839EB8DE501037F861A8C81EB29,1,结婚穿白衣服,李明庄学校,fire,图解博弈心理学
F4A4211578C404E1DEA3BE10B5C97692,2,台电平板电脑,双系统平板怎样直接换系统,骨折手术后期应该喝骨头汤,神马电影院
9EDD298D72F9E1DB289E894A19DE3FAE,3,女朋友问第二次约会,大乐透,张晋,西安皇后大酒店洗浴
0FA8DAD57E31C12615D45819D12DF7CB,3,百度,福利盒子在线视频,怎样减脂,王牌刺客
3B9759E4CC944FFF2B6D87745454880C,3,吃西洋参的禁忌,做梦梦见花圈是什么意思,工作调动申请书怎么写,南昌哪家药店西洋参好
1A303DAF3A439812092752C364C6187A,1,淘宝1元等于多少积分,大乐透,组装三星商务手机∨信dj66858,日产
8A0D571F887CFDDE77B7B903ED58AFC2,2,周志军 简历,文艺委员竞选演讲稿,准新娘吸毒被抓,西安容易长痘吗
3417489607D2D8C09CBD4760CA4C3EC2,1,大人物有大人物的,杭州到蚌埠火车,为什么我的笔记本电脑lol选好英雄不去,19寸显示器有多大
214315146A0F224181E0B6C11597D8B9,1,360云盘,惠普笔记本高配价位,音为什么哭,马特达蒙
6CA337F85643C1738CA22690C3C53280,1,美容院能去脂肪粒多少钱,会唱歌的绿箭,qq空间打赏红包,已经到刮胡子的年龄了
74292DCBCCB19215400A617803B7B6E7,2,黎族的传统服饰,教师专业素质有哪些,击掌英语怎么说,何以笙箫默电视剧
698F1299CCB938B8457D5A0D17ADE3CC,4,东北饺子馆菜谱,如何查询公交车到哪站了,中国地图全图高清版可缩放2015,红色裙子配什么颜色的鞋子
89F8D814B4458F29C92FD228D0024F8E,2,华中农业大学研究生院,今日说法,蜀葵,文件没保存怎么恢复
654FA2FA61A4D04AD2864B29CCDCD304,3,缝纫机电容,梦见别人把我桶死了,电缝纫机底上距不和是怎么回事,电缝纫机怎么穿线
434E7F346B6ECF62AAB2A17216DC68AD,1,做自己就很好邱汐岩,腰子是什么,大话西游3,王者荣耀荆轲出装
29669AF31B2067834FC8D499C604BC5B,1,离职工作总结,深圳哪里有努比亚专卖店,htc,sagax7plue手机
F973C494AD3C9AB97F9A62A30AA305D6,1,梦到打架,苹果qq面对面快传文件在哪,回族为什么不吃猪肉,qq感冒的表情
5B8B88C8B07CC43F1C52710D037B4A21,1,爱玩4g定向流量包怎么用,王者荣耀陈赫视频直播,王者荣耀李白是不是要出末日机甲,大张伟的歌曲大全
A8CB6F94D6C8200D9A284B9B12035C9D,2,酷睿i54210m,联想g500am-ifi,千图网,笔记本电脑什么牌子好
3014325945213BBD566F07DFFEA45205,2,戴尔m5010,湖州,鬼虎冢怎么读,电脑怎么看显卡配置
D00EA6A3E96020FA8AC1F90DD61C4530,3,小s鼻子动手术,金价,水痘在表皮吗,同房后多久可以验孕
550086D711324A7445C4A97F3989022E,3,产后阴道里面瘙痒,润喉片的作用,宝宝不吃母乳怎么办,鼻头上痘痘可以用芦荟胶不
5855C3ABA8B661FC3D8AEDF1E8886D70,4,用什么洗脸会变白,什么口什么声的成语,许许多多类似词语,用树叶做的手工作品
EFFC80F8E326A5DD04130FB03F79FB72,1,集千宠爱于一生,特蕾西亚·范·阿斯特雷亚和威尔海姆头像,揭发雪柔雅祛痘霜,维c精华露
A571384B546177A77C0926B896AE02FD,1,迷影重重美国电影剧情,大乐透,中国轮胎排名,好习惯可以锻炼
529376DBD29D3B7C69A777075FA0C829,1,"(一) 我是一个少女,叫小雯,今年20岁,正在读",一片,check cd update,黄冈职业技术学院官网
CFF67AD70E2A09BA2E42BD10C584728F,1,全民k歌怎么唱sss技巧1001无标题,全民k歌怎么唱sss,情深深雨蒙蒙,初中秋季一般什么时候开学1003初中秋季一般
844A84ED8FC4C764511A1E70E5FC3C73,2,呵呵是什么意思,上海复旦宿舍,lol vertigal直播,往届生可以考编制吗
8C99E0DE44518BFA1ACBE6F89D56AE7F,3,孕六个月两个乳房中间胀痛,ly红外遥控分段调色温,孕六个月左侧下腹疼,满天星怎么种植
E0CD953483CE7B84D7F3538AB0F18BB4,2,福建省有哪些大学,兰瑟唇膏,霉霉taylor swift身高,taylor
A91B8B9C529A6F91CAB1BFF67EDBDC24,1,卵巢多囊可以同房吗,梅毒图片,卵巢多囊一般是多少个,爱我你别走
0CAE97117E85D436BB308A202437B998,1,平舆玉米收割机电话,游戏装备丢失怎么办,反町,养猪的利润与成本
F3E553BC2FD645A48B4A3B5B494CB105,3,什么叫疼爱老婆,9月份是什么星座,广州新塘镇属于哪个区,装好的榴莲蛋糕
510762944C8EABCB3724F3C7635CBF41,4,m701手机膜,桂林旅游攻略,阴模,vifi密码查看器
4D865D0E3AA296F285082E1EC8F518FB,1,瘊子长在眉毛中可以去掉吗,用什么洗脸会变白,专升本的学历是与自考本科学历一样吗,安艺校美术专业哪个比较好
13C21065C4C3E35F7DB5075A228CD2C8,1,至善app,后山村的媳妇,仙界审核员,城市水利专业
01D68AB88AFCC362D48A741A19210AA3,2,雷沃庄园蔻悦干红一箱价格,连云港多少人口,二月红怎么死的,文森特
8D9809159F09C01F237E0C5D20AACAF0,1,成都拉拉交友,百度,朗诵稿,godv
801066E470C85C41AFE3B69D5515C8DC,3,水彩色铅笔的简单生活,手工毛线棉鞋的织法,儿童用什么洗发水好,头痒痒的厉害怎么办
986E93B9DA67960ED19910A3A39E498F,3,北京西站到商丘的火车票,玉米象,粉饼碎包里了,面膜剩下的精华液怎么办
5C8AAA40FCFE4178831E62B0AA04B693,1,玩游戏好又能办公的笔记本,仙宫之主逆袭,bl古风宠文,腹黑狂女倾城召唤师txt下载
393A1C1B70C7081503433F56CD4C9DE2,1,怎么把b站视频下载到手机相册里,中国新歌声,东莞教育局,侧身漂移的基本要诀
EB8FE2940E727ACA98F33230C018015B,2,面膜膜法世家,支付宝客服电话,股癣的危害,麽法世绿豆面膜
F426610DC9296F8D8DCC5B67266B80DB,1,丰田蓝图,迎广303显卡固定片,萌奇文化的耳机怎么样,gpu 体质多少正常
1F9CD81FA46C7456C4742B78FD6C5644,1,曝黄海波低调复出,王子文结婚了吗,手臂有痣图解,有大小脸的明星
B21D1BFE06CCFB7E4129F9B1FCA39AB5,3,假发空气刘海,黎姿,相宜本草和百雀羚哪个好用,它很帅的英语单词
E55C11F868D4B652E637DA429B883D46,1,佳能650d开关在哪里,用pos机输密码的时候店员看到了密码怎么办,白色电脑脏了用什么清洁,情书电影藤井树是男的还是女的
07522559E624CF55C032475586611892,3,错误629连接被远程计算机终止,宝塔线,急速贷款,找工作
5CD99B6025B26893F53C49767297AC8D,1,什么水晶属水,有个爱你的人不容易歌词,中秋卡片,黑红玛瑙的功效
4D12F735DAA4EAC07FA072C40065D353,2,总裁 残情毒爱盛开,里约奥运会纯音乐,男主腹黑霸道占有欲强,杨洋的女朋友
891C2BB07B8C2FF76D11BBFC4FA10320,3,曲阜城际到济宁公交时刻表,皮肤长斑怎么调理,套妆园,曲阜到济宁城际公交时间表1001曲阜到济宁城
BC24AA143520D3195D32DCC553ED11C0,2,大圣归来上映时间,ana lublin是什么牌子,painter初学画啥,国产动漫衍生产品管理
C8375F5DB1FF589091D4D7E978B89899,2,佟铁鑫,刘嘉玲,舆,七品狼
2B13253B320620137445C25F6F22D343,3,军事电视剧特种部队,乳腺爱晚期,三邦电影美景之屋2,三邦邦视频致命的诱惑
31269FB90C483F767621019E80AC9265,4,广州市龙兴小学,liyi,曾志伟 是哪里,毛琳
6B34FE78ED430384A25DDC1BBFC2820C,2,濮阳市,戌怎么读,衍怎么读拼音,进银行需要考试吗
E142F1565570581A86314137C36180DD,1,去哪儿招聘专车司机,成都滴滴撞死,驴妈妈接机,携程司机加盟
6737F08F25D9AB109E76ABC98991AF8F,2,缺铁性贫血会遗传吗,body temperature and metabolism 课文翻译,陈学冬老婆,眼睛余肉能切除干净吗
DDD99F447B9185DDA54FAF696B3002E8,2,一人我饮酒醉,膀胱癌死亡率高吗,莲蓬怎么吃,鲁迅说的的时间就是
9970FBED5756B13510DEEE7556377C35,1,濮存昕父亲苏民去世,追凶者也,我们的十年,全智贤 李敏镐
72CB5AA12558E5EAF3C56B768431C05A,1,汽车已经进去,征兵,eau precieuse,郭达临
5DB3A395A27C7806094880AE6116291D,2,直肠炎症,中国矿业大学,公共营养师缺考会怎么样,男女恋爱中把握的事
5BA68BF0836DF5B7E6FF9FD6212D0D3D,4,青岛安全教育平台,点读机好还是点读笔好,不锈钢颜色种类图片,厨房卫生间吊顶用什么材料好
F9D08E7A1D57E899373D6CB6BC1D2D0C,2,韩国冰淇淋防晒喷雾里面有酒精嘛,hero baby哪里有卖,hero baby 假奶粉,两个月的宝宝脸色发黄怎么回事
D10E3AB81F0E354D303399CBA3279A07,2,电脑系统一般多大内存,赛欧,守望先锋多少钱,郑州宏基笔记本售后能不能帮忙换win7
10C2FE9A29F4F5DE00C0CE1CD7205F56,2,豆浆和蜂蜜可以一起吃吗,陈楚翔,百度,遭遇逼婚危机
526E3FEB40F217F1EB790F46EAFE899B,1,流产后20天白带呈褐色,完达山,韩式齐肩短发发型图片,大便出鲜血
B9DD72DBD1F676C45FF0760DCAA418FE,2,河北白石山玻璃栈道1005河北白石山玻璃栈道,不鸣则已一鸣惊人的典故,宠物小精灵dp,梦幻西游2动画版剑侠客入魔
3D11210230D7D5116E9720BF0613CB2E,0,高压即食海参多少钱,angelababy,支付宝客服电话,西游记之三打白骨精
3161B4371E4246E9A0E64A38061CACA7,2,沈阳职业技术学院,conversational ballgames,大连通港学院,婚前试爱
ACEDAE7CD48C8699F0B268FE66629AED,2,揭开面膜,马程程方圆不同姓,抗日战争电视剧,语言班学什么
4A56F6AF76EE372A668E44A1D61DB72D,1,小短腿柯基,日干论命,腿受伤图片女,哪些英文的缩写是dr
74D61CA7BF6B7492D55D3D0FEE892B69,4,韩国呼吸魔法,韩语名字,鸡蛋灌饼的面怎么和,你走了为什么又让我担心不下词句
017FA4946792D053DAFFCEE4A863BAD4,2,七国集团是哪七国,wwe兰迪奥顿,保定职业技术学院附近有什么吃的,保定中医院怎么样
7B62ED6436BDCEFCF80A690716EA49AF,3,龙华汽车站晚上售票不,皮肤皱巴巴的怎么办,股票盘时间,短发辫子发型图片
07C7A7573B85A27243173A1FD0A27FA9,2,实验地形图的阅读,奥若拉化妆品好用吗,红米2英文改成中文,坡积物
E7158D2E9C3E4DDAFA493490F619DB06,2,flag是什么意思,gdangelababy,anello,章丘皮肤病医院在哪
912CBFC4ECF287F79ACB52A411F1261B,2,押兵,口述护士医院,毛肚是什么,郑州大学远程教育学院
442F3C89000745684388428FAC3840FF,2,一叶子面膜怎么样,腰子是什么,新生儿头上的脏东西是什么,孕30周肚子隐隐作痛
28905E933C584EB2BEA5F4F6D537B57A,2,近视眼怎么恢复视力,手机屏幕边缘有膜,屏幕边缘有膜,科目五
B511C7C7CFB6E461456440496FCD74D4,1,张家界在哪个省哪个市,陈赫和贾玲演的小品在里面叫什么,小明是不是猪,合肥离株洲多远
87E5A0512A99F148C4F5C5139CD2629A,2,锅王炒锅,太原铁路局2016年招聘,上海铁路局招聘公示,15803713037@163.com
FAE78A15AFBED554EC59F1181E507570,2,漂唇,用什么洗脸会变白,芦苇棒,preditined
289D634CD59D9C2D6C197CC12AC5F61A,3,维多利亚的秘密少女服装,杨贵妃电影完整版免费,怎么取消qq特别关心,维多利亚
E301B89EBFB68CEF1253A76DBCA66172,3,郑州园林局官网,2016年日历表,壁虎进家在风水上讲,情感语录说说
7916E3C3A80D8AE2E67FBFA23E920C83,1,乐视,面对调皮的幼儿园学生该怎么管理,守望先锋多少钱,幼师工资多少一个月
2B77A3A61C92BA6054E9328F67C4C718,2,梅毒图片,chy什么意思,留言板留言大全短句,地摊车多少钱
00A0294AF6E160A29114F84C6F86D7F6,0,经济困难学生认定申请表的本人陈述怎么写,南方医院治鼻咽癌,广东金融学院,三级甲等医院
AAAA7B292A9804AF5614636CA5DF0A36,3,宋小宝近况最新消息,刘嘉玲,腾讯新闻长安汽车,山西中汇
E529E7E14F53767BC23010DB1DAABB20,3,苹果是哪里的货,贷款计算方式,吴秀波,鞋带的系法图解
880EFD675E6C4D477A8515D9C76296C7,1,微信收到钱就跑,张家古楼,氧气乙炔扳手,奇瑞
048132CD46B926EF86EB6595E2C632C5,5,保和丸的功效与作用,杨昆个人资料简介,男装170 92a具体尺寸,张惠妹为什么爆肥
B8B5A51CF6B8742EDB2C2FE17F4BFE0C,1,微微一笑很倾城txt,三妻四妾攻略嫦娥找错,老是起溃疡怎么办,海藻面膜千万别买
AFCA72ECBB93F4251B14F15A97A3FF90,3,穿越之小三养成系统,朕没有疯快穿,重生之小哥儿的幸福人生,重生未来星乐
5C2F407016F7C6978BD423ED5746F550,1,teach的第三人称单数形式,百度手机助手,即将开始的高一,concern的名词
1535A4F0C6D706334DBB2AA9DD952D1F,1,高铁一等座图片大全,铁路12306怎么查订单,三草两木全身乳,梦见自己感冒了
FF08F7F1656886CBA36A2E96237DEAC2,4,孟鲁司特钠咀嚼片,肺部感染,顺丰快递电话,a缺失sea阳性
E11D6F621C287CF9109CD4CB87532AAB,1,有没有什么小技巧可以看到快递包里面的物件,京东上买手机靠谱吗,bass,朋友圈的说说怎么转发嘞才能看
601D431609DC623FD895BA9B59D13140,3,惠州碧桂园十里银滩,11月3日是什么星座,肉毒杆菌除皱多久见效,打肉毒杆菌的定点提身
D69F4F10CBA1742E13EE83B686AEBDE2,1,电影,小栗旬,面膜眼膜,近期电影
8210165136B79BD375A594E434864E94,3,五粮液客服电话,宜宾五粮液客服电话是多少,成都五梁液集团地址,面条怎么做好吃
2E5CBACC5D9B060804B867CF263B9545,3,海棠,岳阳老徐虾尾,非现役文职,职称英语有证书吗
4D11913E40F5D6E66B119FC1B19DAE70,3,清洁面膜排行榜10强,完美告白,大学生西部计划官网,2016广西大学生村官报名时间
12932A2C2DFB6B5F2E0CB6EBBD5B94BB,1,怀孕40+5还不生,angelababy,六通催奶,坐月子可以干什么
D2111429ED54B3C29EB6FC641751BDE5,3,中佳易购可以走多久,啪啪一半走了写下沙,汽车迎宾灯安装,wifi拒绝连接怎么解决
1E89732EA240AD1F6DC47F06A17572C8,2,北京时间,i车商智能营销平台登录,怎样设置电脑声卡,神舟电脑恢复出厂设置
1CBC28179C8D8286C8F9FBAF633FF050,1,c语言,2016南昌人口,洛克王国宠物大全,office
E9C6344F0417DF10A863895E4CD2822B,2,丰县火车站何时通客运,丰县淹死人9.5,火爆炸弹人2攻略,天天酷跑官网
9E8609B5EB984772092067B2476BECBD,5,曝霍建华留胡子照,qq6.2.3.2700版本下载,平板安装蓝牙键盘怎么打问号,哪款qq写日志可以横屏
C3E9715E8EC8395EC54A4F5EC970EAA6,1,天启者语音,疾风之刃宠物多少钱,lol蔷薇绅士杰斯视频,小辣椒
935D4229EC9516C568A386AEA9BBA52B,2,梦幻三部曲护肤品怎么样,哪个面膜补水效果好,波菲拉斯的漫长旅程,苹果6splus电信版型号
21DB54D7F2EBC44BA90AD2DE98B4F45C,4,心脏解剖结构,微信发不出去消息,详细租房合同范本,聚美优品的东西是正品吗
466E6BA653BE42A66F095D607C743CBA,2,广东金融学院,脱下军装的歌词,小精灵,学生的助学贷款申请表是a4纸的吗
DDD26C603068F5BCC1B7F5B278A6C0B5,3,早教跟幼儿园的区别,伤城之恋分集剧情,蔡依林极限挑战图片,宝宝可以吃猕猴桃吗
C80338A56A9CA96D4446DC90DC1CE7C7,4,微微一笑很倾城k莫同人,红星美凯龙 星星索,绵阳师范学院,苏州小学排名2016
9A5647CF1C9D181EE3F556BA1AFD2863,2,济南高新邮政,肉戏描写细致的小说,速递易超过24小时怎么收费,卡伦特咖啡机使用方法
6E9CDDE2A8751BBD257317D3CA93CAF1,1,自我介绍班会,济南动物园还有吗,坦克军训,考导游证需要什么书山东省
F3789C45AFDCB9142ACF6F7BC68ACB89,3,夏桀,抑郁症,圣人唇膏,卓越
7FCB7E1416AF0801C3D02E7FE5119FCA,2,真假高斯奥特曼第几集,南艺新生颜值爆表,胡歌杨幂,黎姿
093D697C40C04759B85BDF42F0CA0C05,1,产品成本的作用包括,长沙125路公交车路线,成本会计课后题答案,成本会计总论的题目
01033A09FCC9E41438420509F6BC992F,2,武字开头成语,旋风下载,精灵宝可梦的结局是怎么样的啊,汽车售后职业素养
90F95E6F3791F1C92448C06818018F79,2,"找不到系统,试着发现其他的系统",电脑功率是多少,牙髓坏了怎么办,新倩女幽魂2怎么全屏
3CDA1837E39781ADD4411EF1EF205DE6,4,好听的说唱歌曲,王宝强最新消息,虫虫助手有什么用,黄瓜减肥的正确方法
9556B48DD898C1D6058FCBD32141DE6E,3,中国恐怖事件,乐视1s手机屏幕多少钱,深圳广森画室罗湖校区,中华武术有多少种
33B52E0FB1D2657C7793CB8EECF6A487,1,cp感是什么意思,焚寂煞气,桃花运,腹黑星座排行榜
3471B1F790DFDCC7C7E56EE57976EE14,1,qq头像,爱拍,qqsix,cf
05FE6C638E128E0A4C644226EB4BF083,1,国产动漫,活性碳粉哪里买,品佳人,苹果七plus多少钱
ECD9337172A3E7FF2CE660530BA00C46,1,古惑仔:江湖新秩序,南昌理工学院,桂林米粉,玩lol电脑配置推荐
DE91F738CA2FDEF1B665EC92C54DF067,1,一见钟情李晟,毛遂自荐,秦升,鱼鳔怎么念
D885FF0BD6967191FD8B64A3CC0D1534,1,闪电侠,守望者,芜湖,森林的早晨
5BFBC371A0C95B217F9AB237E9E0A027,2,名侦探柯南有多少集,控制面板不见了,cf外挂,风车动漫网下载
D69695DEF52810C8D9866D7B35D1EC45,2,腘深肌,腘神肌,永生花,手机录的视频怎么剪切
2AD66AD774DFC3B65B876FC6FD6C1C3B,3,对什么叫外付汇代扣代缴业务,大连天气预报,封神传奇票房,汪峰战队最后谁死了
A4A50095891FACE0472BE22201182617,1,幽默的自我介绍,wps office,遂川,学生会实践部
8EDB0770713C0C73F94545AE4A71407B,1,fastboot mode是什么意思,英国卫裤的作用与功效,悦诗风吟小绿瓶官网价格,丑女化妆前后对比视频
5E3F1410E20780142BF6784169A2C07F,3,空腹可以吃枣子吗,哈根达斯的营业时间,我薛什么意思,最近脸上长一块块白色是什么引起的
C3171C1F8FC5F7B7676B390A485396DD,3,梦见捡鱼是什么意思,牛奶蜂蜜可以一起喝吗,洋人街,409231634369
346F1596989760BEE29CA4E450C3C0A4,1,卷毛购购购,吴赫 少女吉他谱,日本彷徨之刃,演艺家中介少女时代
E77D5CB4D35EC85589879E2E7A3E4D56,1,电子厂夏天热吗,化妆品导购招聘,小孩几岁不用接送上学,幻儿园什么时候子一
A2C5D5ED0B4235CFD26D87CEBE199439,5,jude是什么意思,为什么我鼻子里老有鼻屎还特别干,夏天家里水果招小飞虫怎么办,中秋节快乐 英语
457EA964EB13EBE2CA0B7294A5CE34D4,1,社会主义,smart汽车报价,通货膨胀银行怎么做,烫伤长肉痒怎么办
F47B9C4157AD4E441B02AF70FE9AAFAF,5,微微一笑很倾城床戏,任娜瑛 鼻子,春雨图 春朱自清 角度视觉,短发
D21AC21165D1CCF34592F29623AF5EA9,1,老人家吃什么补品好,你出墙一寸我挪墙一寸什么意思,自己制作搞笑图片,九牧抽水马桶几秒抽干净
B34BD116363C72CCDACBA7D3BC100A82,1,qq头像,最火的丧尸片,灰姑娘吉他谱扫弦,黄巢
79B1339CB2E137C8F2E42287E767BCE2,2,光恶魔果实,rebirth,笔记本电脑什么牌子好,魔帝狂妻 至尊控魂师
FDB4552557EB2120C01151558916081D,1,怎么样查银行卡是否开通网银,月经俩周后有血,手机支付宝怎么转账,陕西延长石油集团有限责任公司
1A36A2BC7D6DF52599E553BCA8611143,1,密集物体恐惧症,cf灵狐者hba大图,张歆艺,赵姬
6CA5159CB4F2F5A3D85C25FFF73C0837,2,任意车和乌铜镜屏图,派对房间布置,石家庄哪里有卖通缉令桌牌的,便利贴墙图案设计心型
8A36069003BAFF994DED7547F03309D4,2,福州金牛山公园在哪里,少年阿bigbang,李隆基和杨玉环的爱情故事,福州108路公交车路线
EEB1F3A2CDD3F1488B363FED537FDD45,1,我是沉默的存在陈奕迅,办理宽带需要用卡,适合玩游戏的笔记本电脑,邪恶动画片
F5B80445890DA491EE8B7B5EF0A6E3C6,2,天然狗粮十大品牌,百度,南京中大医院,蜜蜂蛰了怎么办
32802FB0EEA38D36C2D32E17AB6C5D83,2,网购的中国电信怎么激活,106秒苹果发布会,华为手机官网,四个龙打一成语
91FD3B197AC529038CDCAEED83C8C95F,2,万科福利待遇,年假有多少天,大年初一商场营业吗,简沫 顾北辰 小说
6EC6F1BD3F8EA7A7BD69975396ED3392,2,无化学成分的护肤品有哪些,南昌高楼顶楼起火,金鹰女神,志愿时
7CAC821861A6D37585E4AFDB444A6495,1,洪城一卡通充值点,华硕,猪只歌歌词,百度
3B459B059FA3F209FBE53F64DD63F2BD,1,夜夜夜春宵txt,黑我逆鳞书包网,买来的傻妻txt下载,qq音乐付费音乐包可以赠送歌曲吗
1F4A7A1DE8539D9A27E7CE8AA88071BE,1,一抹多是什么意思,有必要是啥意思,希尔薇,王者荣耀对战中旁边的徽章是什么
1ECC95322C6959F12A4D0938ADAB0B9C,2,dnf手游,小时候,bingo歌曲,灵域动漫全集
F9C66DC928F7491A86D600083B47D65F,1,美国派4:美国重逢,步步惊心丽八王子,一个人想着一个人歌词,sim 经纪公司
A800D71DC661D71738DDF7E03CABF9C7,3,尼古丁的危害,听歌识曲在线,丰胸的穴位,微信支付看片是真的吗
B6B4DFF59800B61F6B2841EFD42BD3E8,3,类似斑马线gl,二手车交全险多少钱啊,斑马线gl全文阅读,月亮的脸gl
2F721FA13826B292D00096C7E9CD6A8D,5,视死如归,夜来香,镇江,我的牙是白的英文
01490F2BFAD6A92BBFB22754776A1D7A,1,执着的成语 人物,朋友圈里的东西怎么删除,蹉跎的读音,瑜伽入门基本动作
76990BB55ED107E2ACEC98698B7AAAF8,1,下列电影中不是中国第六代导演纪实,selstart例题,vb selstart,认为长镜头和蒙太奇之间没有美学上的对立
26C2FDF81DD23BC4B5DB5D3D23BDDDB0,2,手动挡正确的使用方法,赵安,一个连由多少个排,集宁师范学院空乘专业
A9F0135C982A001F5D74AD9029365A6D,5,广财华商正方教育系统外网,普通话二甲证书有效期,凤凰新村到岭南映象圆,请回答1988德善老公是谁
FA7529443ED0B6372D6338094AFB2D64,3,喝大麦茶会长黑点吗,水果啥时候吃最好,冻干的柠檬片好还是新鲜的好,顺德农商银行
C4E59E089F15275CB7E564AF0F76E137,1,重庆邮编,符文战神雷克顿,游戏本比较,美国那个拳击
62CC48D2151241D9C748AE6DAF888C63,2,江苏省公务员艺术设计类,"记得去年夏天去广东出差,天气热的狠,在火车",宠物大作战,黄多多小狗
E5B77A1403CEDF5039517588C258DC37,1,想学bim大学毕业,沈阳建筑大学,心跳过快是什么原因,土木工程专业考研有必要吗
C61054DF3FCD07152B9FCAB5B801EBEF,3,女生,星期六的英文单词怎么写,在af六个字母表示的地点中,定性观察
63F89473B8B1B8223355AFAC40BF2247,2,qzone下载,龙王传说,小米note顶配版原配充电器,苹果核战记
7B2FB02585BA7FA5A98E83616F6E4395,5,葛花泡水的功效与作用,艾叶泡脚有什么好处,磁卡水表,喝多了吃健胃消食片吗
8E49736C5CD7F52EDF3FA459DF9BA718,2,牛奶加热后的奶皮是脂肪吗,如珠似玉 小说,大学生网上订餐满意度情况调查,"查了激素六项,雌激素水平低"
D802F350FEFD69CC1224C5B293E312A1,1,2016年里番合集,神州 战神z7sps1,intel core i,小米粮食价格
F239F7E2D6D4F9C0E26A53148272071B,4,最新韩国电影2016,秘密爱,健康管理四部曲,千图网
5658BE83CB17BCBB3564503CCBBB0D9C,2,骑鸵鸟上班躲高峰,炫龙游戏本,华硕,联想y50-70
14751FB3114D49E8301CDF4FA58D11EE,2,星火app,哪款洗面奶祛痘效果好,the company man 课后答案 课文理解部分,谁怜剧情天下慈母心
4B297209E568ABA87242D094F74F1BDA,3,行尸走肉瑞克死了吗,笔记本电脑什么牌子好,葱油面,全民k歌电脑版怎么合唱
48CCB87BF88BA612640727AD11BCDDC7,2,吃完b族维生素,日语中文对译,权律,主题美甲
A3B306BB7CD304C3CF7EEEC12E7BFD2D,1,鹿晗什么时候离开exo的,ai,形容事情发生的突然无法料及的成语,龙字相关
EE722ABAA6903CC1D66AE952614B1FCD,2,体育游戏揪尾巴,克痤隐酮凝胶,幼儿园门框布置图片,变脸面膜有激素成分吗
EFC6CC71FB5D07E9936DA6CF64910DCB,1,山竹的功效与作用,浙江工业大学是几本,设施农业与装备好还是信息安全与管理好,绍兴上虞区
D198BDB55443FAD2A8182ED3457F0F09,3,途虎轮胎曝光,苏州广济医院 精神病福利院,买的新台式机 为什么保修期很短,欧年宝最后结局
B55409DD7C19AA1DAF5ECD9EB937D4D8,2,网上订飞机票去哪里取票,拉卡拉贷款,烟台站到蓬莱机场,支付宝客服电话
C204EEFFA85AF99DEA1371D9D0708AEB,1,山村老尸,十年小说,川音,风弄
84C1B70D8E8CC74DD646A570590F3AAB,3,天真谁唱的,奶片吃多了会怎么样,开学后不在状态,骆驼祥子读后感800字
1BF558431D54AC12FDB0B52B645BF896,2,本田xrv1.8l的耗油多少,东风风神ax7是合资车吗,郎镜2016款,本田xrv1.5l的自动挡在动力方面区别大吗
7BF31E3086530D8E0C492CEB13BD5477,3,苹果6plus支持电信卡吗,克隆丈夫详细剧情解析,天平座男生和摩羯座女座女生,ct主要是检查哪些部位
C97BCB2C8BA3F4C0C94D4F99293CD67F,2,研究生转行,长安大学石油工程学院,中长款背头,北京什么地方最好玩
46BFE72CB9957991C0FB6BADFFEE7AB3,1,百度手机助手,作品,胸前有小红疙瘩,读书笔记好吃好句摘抄
47E1797E22A25B641B769560A078BA53,1,e信官网,为什么打电话总是无法接通,大主宰,生活大爆炸第八季
55995D94BB55E7CE40230137FD18A085,1,弗洛伊德,罗伯特帕廷森,湖州,亮剑户外拓展
85E1186FEDF23E57AD1A32E00B5A7D5A,2,安全局,谢菲尔德,减肥可以瘦脸么,dior999专柜多少
446440D5F20CE05EB03283E77AA244CF,4,百度,巴夏,割码是什么意思啊,巴夏放手
AA3A9D84B3BC581F011FB33BB84AF4BC,2,上海华东政法大学,微微一笑很倾城txt,美人一笑也倾城txt,张家口十路公交车路线
79D9A4078CCFF552DCCF564417CB7610,1,"昙花从晚上八九点钟开花,只开三四个小时就?中国古代有四大美女人人皆知,但四人中那一?哪个省的地方戏是 黄梅戏",世界最大的内陆国是,"""勿以恶小而为之,勿以善小而不为"" 语出《三","蚁狮常在干燥的沙滩上挖一个漏斗形的坑,然?是谁炸毁了定远舰并自杀殉国"
4E5FC63E8CF1AEB295E848D2D3951AEF,4,山竹的功效与作用,石榴籽能吃吗,鸟鸣涧古诗,苏格伦牌净水器
24E2A0509C16152350D210B39EB4A758,4,微信为什么大不开好友的图片,义务批发一次性手环批发,奥德赛2016款,我左手右手一个慢动作
F72A31FA9082CA1553EDEC35CC80610F,3,高潮来的快是肾虚吗,惠众网上班级,榴莲不能和什么一起吃,肛门出血
6B0D359F97AC366D802AEE163C1E029F,2,闲鱼如何提高浏览量,雅思托福的区别,黄勇,运动强度
DA50C2376389E95190C2C8CFEEA37097,1,纪念碑谷攻略,"伤在静脉和动脉,应该绑上还是下",那一次我尝到了 的滋味600字,我学会了坚持作文
DC7B2C7DF756F5C750A7C8D64D2C2BFB,1,李耐阅现在的样子,艺术生的好处,短句吧,既东封郑 又欲肆其西封翻译
CD2C5EC142E810D683EFCFB6B5C019CB,1,水彩画山水,微微一笑很倾城电视剧美人师兄和ko番外,空白格,我去你妈的表情包
41C8F7C67792DF79A393B4645D7264EA,1,入职简介肯德基,肯德基收银七步骤,台风莫兰蒂,杭州g20峰会时间放假
ACC3E9C65BF3C15F186A29756C74FA04,2,宠爱by生生死死,sk2小灯泡怎么样,口臭怎么去除小窍门,蓝天航空公司的空姐18
57AA84585DD4F389000C8B832AFD0882,2,囫囵,中国女排,13561902081,http://
4249AEEF8746A909C3667363E3B72D87,2,崔磊,二代盘龙纹小金刚,护照和港澳通行证有什么区别,青城山下白素贞
4214FEA019962D95E43DF1D0BB3D189D,3,信用贷款app,旺苍县人力资源和社会保障局,逆战怎么看自己主城在哪里,囚徒是在哪里直播
4D8A385F417822BC6ED51777BF29D2CC,4,周冬雨毕业学校,新概念4够考六级不,南艺吧,学妹撩学长的套路
C9CEE772A0B36BF8F16A6AA9565C13AD,3,机井改造自来水,格美净水器哪里有广告,商贸公司经营单位怎么变更,公司前面加省份名称还是市名称
1FEE379B4B840A814DDD3123CB0B64BA,4,乌龟英文,坪塘监狱,野菊花林志颖,蔷薇木砧板好不好
97636E7BBB00BC91346163F8B9E64FC9,2,橘红色唇膏适合女生吗,橘色唇膏适合什么肤色,西柚色唇膏适合什么肤色的女生,杨幂图片
0347C8C0772DE4678D51655394281B7B,1,曲线是不是对照片有损坏1004曲线是不是对照,cos后期教程,1971.9.26,陆孙怎么打
89E9A8156C6EF752134DD2020A9FFFE2,4,今日说法,陕西历史博物馆,科技小制作简单又漂亮,博佳机器人俱乐部
183BCC99CB52FC130C9F3DFC881C2E38,2,武汉中软国际骗局,ai,武汉派生科技有限公司怎么样,中国银行开网银
557EBB4DAEED0CCE315CBD8BAD5D4CED,2,真主的九十九赞mp3,子,麻酱烧饼的做法视频,速冻包子怎么做
136F943CD331D49C0171EC4B8827A7FF,2,小梅沙,不锈钢怎么擦亮,变声软件,深圳北站怎么去较场尾
2168E7676277B059ABD186B07FC673F0,4,肩周炎宣传,生物电调理范围,生物电理疗仪的原理,中餐菜谱大全
3C949C566D42FA352474399CEA0AC896,1,柯九思,百度,星沉月朗家在远方,飞机的轮子叫什么
0E20ECB876536F66BB159F8717827890,2,农村自盖二楼效果图,ktv唱歌照片,拉直发反弹,没怀孕大姨妈超十多天怎么回事
66E91EA14429655F1B0D739B26D5D5DA,3,大张伟mv大全,英语,红包表情图片搞笑,mercy
8E6281BD8AC3D1E7AEB3E8A9032A6A33,3,尿毒症皮肤瘙痒咋办,红颜乱,仙游招投标中心,黄姓女孩取名
D740475DCF9AA10F0AB78B3367939001,1,vivo手机怎么样,vivo手机usb,htc,阿道夫·希特勒
FA829F71F63EF3400F6F378D068B82A5,2,宁远全峰快递在哪里,锤子手机图片,宁远顺丰快递电话号码,简单轻松学电工操作有哪些
FD0166D79B2BC9012C6728F383B1CDA3,2,贝聿铭,姚启圣,关于中秋的诗句,hazardous
218E1F2622E047229B2CC5028FC9718A,5,为什么苹果4s老开布开机,牙摔松了几天能长好,为什么微信发不了红包,蓝牙耳机怎么连接手机
EEFA1C8C1E5C07A33B3F6F583F66C0A5,1,拉扎尔,大灰狼和小白兔的故事,方特旅游度假区在哪里,13294856664
BC1B05A69D8E6BBD8C7D6713DEDF4266,3,o型血,形容与大众一样,网络测速,青萝卜
8C193B91664559FB3A7DF0C62D6AD862,5,河南省会计信息管理系统,向大大内衣图片,讲故事讲的是近代时期的,慧键盘
9CBC21DDFCF96E514CCBDC651335BD0C,3,游戏进行时盗墓,发展信仰的神职类小说,乐文,重生山神
4B4AD0C8F7B08A1517FA0CEAAA420CC0,3,广州服装男装加工厂,92年属什么生肖,属鸡后面是什么生肖,服装加工小单一般多少件
624289112C960EA3CE1E747358E5947F,2,吃饭用的餐具一套,手机全民酷跑删除不了,餐具多久换一次,手机不能上网是什么原因
8631BD8D43DB8318529C1588F1ACEA55,2,电脑usb接口怎么换,lol新模式围城,妖姬万圣节皮肤多少钱,海马安卓模拟器
C95FE56B4A31D5BCBD716FBD0FEB7054,2,计算机二级包括哪些,杨洋五年前拍的电视剧,呵呵是什么意思,2016cia一年考几次
430EF0A7D6C95C83733E1AFA42EC5AF0,2,爆炒花甲,"阴阳者,水火之兆也",膀胱风厥什么意思,白云区大道北
F85B3F7FBB55CF9B981E0D5E187F425B,1,无线电视怎么连接无线网,火锅季季红,嵚崎磊落,手机上的视频在电脑上播放位置颠qq影音
5D8C97B256CBBFB1D9B464568463055D,3,大脸适齐耳短发吗,去黑头去美容院有用吗,胯是那里,旺旺id是什么
EC1C7742BB239126AC0B34AA42870C79,2,经济师报名时间2016,satisfy是什么意思,雅漾修护保湿霜和雅漾活泉恒润保湿乳的区别,国家证券网官网
D764CEA741B6ABC950B0961121B479CE,1,步步高学习机h2大学能用吗,在淘宝上买完东西不付款可以不,ae三维特效,itunes是什么
2AD1F594EB679376FB5FFBAF1FBA2938,2,兰博基尼,中国最大的黑社会,华中科技大学有多大,走进农村社会实践报告
07B34B2CBEB4EF27836B93DBFFD02CFF,1,八号线末班车,浦东新区锦沿路,对爱笑的人的一句话,冬裙怎么搭配
B9331BBD30A96C5F0591FFEB6D91F09E,4,喝了一瓶啤酒吃感冒药,孩子开学图片,电脑没有音箱有声音吗,早安心语图片
A3DE9042F4B93B6D8FAC0625B721CB7C,1,斗鱼,西安交通工程学院贴吧,支付宝最高转账限额,不灭金身诀
1CA49A01DFB656A81E8E888BEC02E701,1,驱蚊,绿源电动车价格表,麦香村好吃还是麦香人家好吃,月度思想汇报
BDE716F8709B339249C80D4F8D5819F5,4,城寨英雄里的朝霞是谁,卵巢早衰还可以怀孕吗,包子馅做法大全,梦见吃饼干
2E65E922BAA5F792D77FAA3F36126537,4,兰陵缭乱,夺宫:美人祭,金屋恨怎么样,补水面膜排行榜10强
4CF7F6E8DCCF19D60140AB9C6D8E5994,2,仪表盘 玻璃水,浦东机场托运宠物规定,q 机械键盘,口袋妖怪火红进化石
CBBDA74FDBF4D591B3D574BD1D5A81F9,2,车贷10万三年利息,天蚕土豆,小红卡通图片,看这孤城配这失败的王
B453B9AA0E68ACAE0734A02642439602,1,观澜明语华苑,粉末固体状块物体的存放仪器是,iphone4还原所有设置要多久,"人行的周长为二十厘米,用两个相邻的内角的?可以计算天数的日历"
08BD3304CF4713B2E35BA50F475EECDE,1,遮天九秘各是什么,申迅电动车官网,菜油质量哪个等级好,腹胀
652FD6518047EDDFD6718C3846E6919E,5,333路奥体中心,沈阳一号线地铁路线,老炮,沈阳333路奥体中心站在哪
E987C7722FCC0E4F16040AF665777133,1,广州工商学院三水校区,中国移动感地带4g卡19块月租流量王,刘邦为什么能得胜于项羽,地稍瓜
3F511FE3B19E7D8A4AB360259516441F,1,禁毒手抄报简单又漂亮,蜡笔小新剧场版,赛罗奥特曼是哪一集被知道身份的,最简单手抄报图片字少
1B010EA79D91055CF6DEBC85DB4B5B13,3,虞,水稻价格2016最新行情,1万步等于多少公里,李清照婉约派代表作
93D3706987F581725AE11EDFD1C0E531,1,手机音量小怎么办,如何变厉害不被欺负1004如何变厉害不被欺负,66app如何录视频,双盘腿伤害大
8C3A5C9B4717CEEE719957B382E37D10,2,中彩票的人,大乐透,下期双色球预测最准确,双色球中奖多久拿到钱
C5EC4F4AC6C318DE3F0830BA61D54D17,0,广东新兴发生地震,宾县在哪个市,歌唱祖国钢琴谱双手,小别离黄磊喝的什么白酒
FCD09CF17E995382CBD050A6C2AC3B2B,1,龙腾小说,tendawifi认证,nba小牛队,长篇小说排行榜完结版
4C189086931B92EB29AD76983889DB84,2,优酷视频2016,郑元畅现任女友,百度,优酷播放器216
71D090050D8DF228392452B82437D9C0,1,一叶子面膜多少钱一盒,一叶子面膜多久敷一次,向佐,最丑的男明星排行榜
00D06BA79FDB2105CEC8E95015672CAA,1,组装电脑,苹果6 1388,adidas zx750真假辨别,绘图文具
72C1C1891812820785967FABBA230D87,3,江西个人微信二维码,微信红包群二维码图片,2016微信红包群二维码图片,2015美女微信群聊二维码
08A82119CB4220F6AAF1F930DC1C2862,3,按照海南省发改厅、省建设厅《关于规范工程,2015003,铁素体不锈钢锅健康吗,短发
70EB3C7DD693E5C20E5002399C31D691,4,伊思红参滚珠眼霜怎么用,开心消消乐447关攻略,芙拉是什么档次的品牌,乌鲁木齐幸福中学到嘉和园座几路车
E47BD46A06388545803285A3FC427194,3,大众迈腾图片,海参鱿鱼汤的做法,旋风少女2长安发型,心克宁
C1DF7F84B04FC989E319D9683B168FA6,2,兰博基尼,ke$ha,口语连续练几个月会有效,张学文
00FD76A48AA8DB4641B0CE48218002C2,2,北京时间,人流多少钱一次,成自泸高速车祸,动平衡多少钱
E44762FE1FEE541D1B882AB8D7A90813,2,坚强的句子,大连大黑山在哪,谍影重重好吗,丸子头扎法视频教程
5F7B37ADCD468C5785559153F866A3ED,0,本田冠道,eva,绍兴话七对八对,读成人大学
24AD85864E3A82DA50AF61B6DFD0985C,1,神之浩劫好玩吗,键盘什么叫段落感,机械键盘青轴玩cf容易坏吗,黎明杀机4g内存能玩吗
88C80DD681758C146AE5D265B2C846C4,1,大学兼职一般做什么,系统光盘多少钱一张,淘汰伴奏,动漫霸气头像
60F09B4724E34468D0960D94F10FC7E5,3,广东移动闲时流量怎么开通,电视剧新白娘子传奇全集在线观看,小柴胡汤,调查问卷
AFB8452EA0E1806A9A836437C0D0F4B9,2,月经快结束同了房会怎么样,幸福海岸,他,胡歌9.12
7AA5F1DC8031BFE88E6BEDEDEA640D23,2,钱塘江大潮时间,佳能100d和600d哪个好,上海旅游攻略 穷游,经期不吃饭吃面包好吗
BF7BDAE8096F028B54D4E0483ABA470B,2,英雄联盟怎样进去观战,英雄联盟怎么弄邀请权限,头孢拉定胶囊,为什么现在空间相册不能看到浏览记录
E5C711811707709330A90A9DAC863A24,1,120g固态硬盘价格,骊山寻古2,i5 6500,i7 6700k什么时候上市
256B75EC443581D3A1EFD39819C595BE,2,大雅查重,天津605到中铁十八局多少钱,新闻联播,九一八事变的影响
B5375590CB6A0CFB04529BCA37E988A5,2,可莱丝卡通面膜,刘嘉玲,素萃黑面膜怎么样,适合油性皮肤的护肤品品牌
3E6CC69A6B87F961A3BF721BD648E7D1,2,英国最大的康险公司是哪一家,木瓜移动平台ceo沈思曾在谷歌工作,在中国能做健康体检的人口大概有,在中国的每一辆车
ABF970044E93769F32D52FDF9AE8F9FD,3,央视记者待遇,汽车大灯怎么开,鼓掌的英文,女足辉煌时期
C95E85417A433099CC7E3D1DA358DAA3,2,scenery的音标,continuously的音标,公务员数推题,form的音标
A119E59C4741DA572E316F33655EF684,3,幽灵模式呼吸均衡器win7,二手小面,2016年一老一小保险,lcorando柯兰多
5C53CE35D25E563C6CF1C4E0235EC296,1,星座长相排名,嘴唇太厚变薄小妙招,眼睛变大简单小妙招,各个星座的优点和缺点
923213D91C53A7B0FC8FD562EA7CC318,2,盛开,日出 英文,传播思想,把思想寓教于乐
BF636C882D0788E833F77D989BF30958,1,张译,方芳个人资料,提前批专科直招士官,辽宁交通高等专科学校录取分数线
DC2C9B870B118417D95AF00916F0C9FB,1,xposedbridge46最新版,nba2k16最高画质,陈涉世家翻译,xposedbridge 42
C720EFC4F04CE6737D3768D32545731D,2,jeep车好吗,伊华欧秀是几线品牌了,唇色深用什么颜色的口红,2013年注会经济法的案例分析题
2ECC95259FA494D9E7B4F2B6CAC3AEB7,1,大理寺,iphone手机壳后面是碎裂的玻璃状,杭州顺丰自提点,天下春秋
1637F08B1BF84C66163F7C5A8F60BA22,2,果珍是什么东西,果珍的结局,德州情迷,唐唐脱口秀恐怖游泳馆
47234379380019D6846352755782396C,2,龙腾小说,snh48鞠婧祎,oopo,cf手游幸运币有什么用
00B95EB9724E4224C219B47C49210AAF,2,上海东方明珠附近房价,神族怎么看隐身,zidzi,按门冰箱
E1AEC67625E55BF057A7EAFD36937755,1,联想笔记本电脑排行榜,三星r系列笔记本,百度,农行跨市取钱扣多少手续费
9E7F4D96E5F82B8AF18AF04F290307F4,2,仙天仙地,重生之现代女军医,重生六零年代农妇,2016届初三中考分数线
78C7A33C2212383E9BD9654538670C01,1,二维码淘口令是什么,大足高校,大学英语等级考试,4000qq
58CE92C24A692C71B7932673D24057BB,1,王者荣耀体验服下载,如何挑选笔记本电脑,热血无赖歌林育嘉,自杀突击队
883D4E53575396D7507E185EF0E3A3FA,4,曼陀罗花语,南昌高楼顶楼起火,紫玫瑰,隧道通风机是什么作用
232E013214DF5DE97F78CE670D7C778C,1,尿道流脓是什么病,今年最好看的美剧,爱情2016巡回演唱会,淋病症状减轻
07827F24D2AB20F8B63815AB5A4593D3,1,个性头像2016最新版,嫖尽渣男全文下载,3个电荷量均为4x10-7c的点电荷固定在边长为,小尼姑沫沫
4CD2B546695578E5092441C1DE02857D,3,成都52camp金沙遗址店,大金空调压缩机,格力空调优缺点,圣马暖气片
2A0E6174D280127390D5023953FB8FA2,2,帮你是情分不帮你是本分,韩式半永久眉毛,里番百度云,2016染发颜色大全图片
9E2C1A6FF33008B36AA17EDEBEEC74DF,3,平安福终身寿险是骗局,原料里加色母总是不匀咋办,石头广场打一字,巴啦啦小魔仙第三部 奇迹舞步
B875D90415A7B680FF3ECBCB7FE4BCE0,1,qq亲密度怎么看,拨链器,林薇薇,读高一英语一点都不会
1EE56AFE775CEEA37256DB1D2FD9CC9A,3,领导班子成员上党课,超市买的披萨烤箱烤多久,孳,怀孕早期能吃茴香吗
46C342A4B4F0D265894B46DECE303973,2,干冰制作,西安事变,想买个高配笔记本,宝马320
08EAC4A43860022C7DC7273236CBAA17,1,骁龙625,三星c5,茶花,vivox7plus是双卡双待吗
C5BCA07A47AAD30CE2850797E3E2B2FC,1,十宗罪1,永乐票务上查询防伪编码最后一个数字输不了,叶修,锦绣缘华丽冒险
CD9CA480FAF826EDE1E826819BB9D3AF,2,大学生简历,古代六国地图,张铁林,石家庄水上乐园在哪
BC47B817AB46234E1BAA58726D60F6EC,3,已婚女天枰星座今年的爱情运势,半景型透明软门,电视背景墙,2016流行电视背景墙
3D359A6E9662AD9870C239EF42066585,2,一叶子面膜怎么样,萌鬼当家赖定神秘悍妻,烧卖的做法大全图解,"悍妻当家:娘子,轻点打什么时候更新"
C5573EA9648FDB113B90FC12DDFBCDD1,3,顺丰快递电话,居住证,周杰伦演唱会摔倒,郎平简介
02B5BA8453934239FADF63C45A0183C9,2,鹤岗老街基,尿毒症症状,大布袋儿歌简谱,排排队滑滑梯手指操
0B1008A898422538DA0DF9846BF84957,4,撒贝宁身世,京东的京是谁,联想e555报价,驴肉火烧
61E33E790E8DCDD083D7353FC9E44371,1,江南嘉捷扶梯故障代码317是什么意思,范思哲连衣裙,一 山涧,大小姐-希希
AAF04A7CD6A7522FA367AB4AACC97DCC,4,桑甚,平安车主卡怎么样消费3万算,4s店换轮胎好处和坏处,办理建行信用卡
DB5A5DD7CC56C64BFF5B3E1447F63077,3,秋葵啥味,怀孕七个月可以采用男上女下体位吗,乐播高清播放盒怎么连线,北京市北西山中学
EAA41701A61FD4A2F075904B6C93F912,1,广西来宾市兴宾区邮编,曾经看过一个微电影他跟他爸爸说读大学出来,"有首歌词,上面的幼稚签名是最初的友情",initdata怎么用
8CD3703DC343C75D85ECDDEC63951E31,1,难得心动,笔记本电脑什么牌子好,狼樱吧,作文万能开头
046273E3D3023B91F4CE0F486B320B5B,3,玉米怎么做好吃又简单,夫妻宫凹陷可以填充吗,现在做什么小生意最赚钱,月子里能吃姜吗
3956FCCB8DF614553219C563680693CE,2,广东新兴发生地震,广州美食去哪吃,广州地铁收车时间,钟品牌
E974D230F724C794156A97F533902BEB,2,上环的副作用有哪些,梦到蛇预示着什么,人流上环后第一次大姨妈来了十天还不走,"人流上环后第一次大姨妈来了九天才结束,会?乔任梁为什么吻徐璐"
8FB76E85135123597AF6019A9B39EC9A,5,报到季,辽宁招生考试网,阳朔二十元人民币背景,沈阳36中
EA27C69B9DF359C0B346F17A2E4D6D96,2,掌上明珠 盛世清歌,"风云剧场播放的美剧,剧中人物有马歇尔,凯伦",欢喜佛by九真,张思帆张哲瀚什么关系
EA8701EFD4E22732C39CC6C44896EBAA,3,错别字广告牌图片,征文怎么写,维生素e可以吃俩瓶吗,字头像图片
55A20C70B83EA2FDB019121E60DC3107,4,远远的看着你写作背景,澳大利亚的皮包,除数是整数的小数除法教案,2016高三准考证号
DCD482D61017C767A9194B8CCFB10025,2,绵阳富乐中学,百度,贝德玛卸妆水蓝水真假,祝君有个好梦系列之欲望列车
B508E8DFDD1BB94D63EF6E0AC0AC0427,4,闲来麻将房卡怎么赠送的,如法网登陆,扩瞳后注意事项,谜尚面膜系列
86689A79E5A93DC95F1FD8515AABCBEF,2,部落冲突怎么改部落名字,中国五矿集团收购紫金矿业,我是全联盟最骚的骚猪周二珂,福州人力资源培训机构
3B416222917A1EE635FA8E0C729C5DE9,3,孕妇能吃石榴吗,石榴的功效与作用,注册会计师通过率2015,斯特拉车
CA996AF30F4410C86E75BA6FB73C07C6,1,恶弟的放纵,樟脑丸对蟑螂有用吗,乙女白雅雅类似的小说,快车是什么意思
00E1B1E4ABEAB9C61770AF5541B0613B,2,山大主页,山东英才学院,中国移动,美拍直播视频怎么下载
9D33417B28735D8D24FAF548716AE276,3,英国卫裤骗局大揭秘,肾气亏损精关不固,轴承游隙太大怎么解决,五相步进电机怎么接线
DFC7AE082B7353617DE187973261B613,3,汽车交流发电机接线图,笔记本电脑开机黑屏,kobelco是什么牌挖机,cherysl是什么车
E10719F8422B8C695F0FDB74DD0F3683,1,戚薇,辽宁203旅是什么兵种,一杯一杯的酒而我醉的像个小丑,冰狱
D0FA600C065500D37B78B90BFFEBC722,5,诛仙手游选什么职业,极品衙内贾宝玉,醉禛不过黛玉心,青妤记
1AB4F4889C115CBB0F5B5F2CAE505936,1,我不怕来不及歌词,dnf手游,英寸和厘米的换算,dnf没有被指定在windows上运行
A74D45FE6812CD5585B1DA451D51610A,2,运动员专饮水,初级会计职称考试,大四考教师资格证晚吗,2016教师资格证有效期
86F2C4D06751B3D085E896028C0E4022,2,用什么洗脸会变白,折纸玫瑰花步骤图解,手工花包装,玫瑰花的折法简单的
E531E786E96B65C9185807A999C511C4,2,学号不好辱骂老师,不是师范毕业可以考教师资格证吗,马斯洛各层次需要的关系,办助学贷款注册时的登录名是什么
5A4772FF082ED7FAE118D9D89BFB23DB,1,dfs免税店,香港美心月饼,楚飞扬 君书影,脚面扯了一下一直疼
89CA9614CE6362EC63A8F57B205A1485,2,oppor9plus功能介绍,oppor9怎么关照相声音,oppor9plus怎么设置手机指示灯亮,玉美青春减肥
929FD08D7A74C183271CB0F5D41F50E6,2,梁音,总有头皮屑怎么办,巧克力囊肿手术多少钱,黄子华 志云饭局
8A6CAA3BDB5618CB717255A830A51D2E,1,龙王传说,南阳人才网最新招聘信息,职业安全健康管理体系,nxp被收购
D255926E58AD295DB7C08AA44A0D8469,2,流产14天感觉脚心痛,康婷瑞倪维儿价格表,乳腺增生按摩手法视频教程全集,在wify打电话不要钱的软件
966F1ED2094E9446315E0244F1045E5B,2,人参皂苷,光合作用暗反应产生水1003光合作用暗反应产,排列组合公式,细胞学说的主要内容
EF9F66BDD3797941112CF87B0C53C270,2,为什么说中国共产党的坚强领导是实现中国梦,晚上吃蒜烧心怎么办,三个有利于是什么,1992年11月初六和1993年七月二十
A5904DF15A29B2F887C5C5F561771FB1,1,韩国汇率换算器,后的撕拉面膜怎么样,补水祛痘面膜哪种好,春雨保质期
E095B530EDAB08E7C75AA38F5CD8A55F,3,家有喜妇演员表,银谷财富,麻辣变形计演员表,郑徐高铁票价
55AC1C5087AC8C9B98B46DB918B3F20E,4,姑娘,竹枝词 刘禹锡,成都,秋天脸上脱皮怎么办
9E2E385DB82BBAF7A7329A805488E856,4,春无情两相依歌曲,小头爸爸之一日成才在线,简单的韩国舞蹈教学,拼音描红
43AA5B5002C5C06E08B4FBA56B91463C,1,找你妹对战版,韩国蜗牛化妆品怎么样,狩妻法则,韩国红参蜗牛系列
0114FB3B4050AF2DC53B5B4B958DEC6C,1,雪花秀滋阴系列,瓜批是什么意思,韩式半永久眉毛,阿道夫洗发水
BEAF7BFC11A93DAA6B8CEFE4A96D1B41,2,台电平板电脑,花都之绝品高手1002无标题,一屋老友记百度云,闲鱼
FEFC10EAA7F7C77E81A2B4F28A43DAF7,4,金嗓子喉宝,凤还巢,为啥叫牟二黑,艾灸治疗不孕
6CFC7072D86707BAEBF61660489CC969,2,华硕电脑老死机怎么回事,子宫内膜薄能否怀孕,倩女是哪个公司开发的,俺来也app最新下载
56F43D3F63D7234921BBA9AE35283981,3,孕36周脐带绕颈两周怎么办,坐月子期间怎么护肤,孕晚期有果冻状分泌物,孕36周宝宝只有32周大怎么办
3097EA46EDE5EA9EE13A226A7F48A873,4,军官宿舍图片,大学预交学费可以退吗,短发半式丸子头,哪首日语歌好学
34D251FC62A1B9BB971414B3A94AE731,2,南通招聘网,日本iphone7什么时候,电脑城暑期实践,上证指数的总股本怎么看
C21BC3B64AE8F21E934158A9DB7966DF,2,套头的斗篷披肩穿法,销售与收款循环涉及的所有账户和分录,非诚勿扰路易斯微博,国家二级计算机考试
C3EF87206B77C547F387ED04DBECF416,2,军对级别,王祖蓝,掌上生活,大话西游3
0345287EA4B9EB10C246817F83608C4C,1,qq头像,word插入封面,word下注,啊威nics
29C108652FD57597D9F6715EB1B2C9A8,1,洗脸过后多少时间用好脸面复合维生素e霜,皮肤过敏症状图片,cf,得痘痘的人能不能吃瓜子
6C879E27FF2389E539592FA09B7DEC78,1,qq安全最近登陆删除,怎么不在乎男朋友的过去,qq头像,告白气球发布时间
29C23102CF10605C2B35828D5518D43B,2,高通骁龙617跑分,长春的航班,投资基金怎么赚钱,今天使
2E517FB577228179DA284617915E70D3,1,淘瞳网,板栗怎样切开,京东全球购和旗舰店哪个好,celine
3BF28203469B417D7A081254504C2A65,3,月经偏黑,九七电影伦理特殊,口服补液盐散,宝宝喝奶拉肚子
BDD21B1D8BCFC170E9C802DF0E13D8C5,2,头发眉毛色系图,头发鳞片,b2b案例分析格式,clever是什么意思
E86BAD4F802633E571D509991761F065,2,z700旋钮,省公积金管理中心,建设厅书店,分开也许是种解脱
EAC56AC43D42F6F745BF9508179EA985,1,怀孕5个半月总想拉粑粑,eu超时任务鼎明是坏人吗,味全每日c,电信猫网络e不亮
3F585B29EEA7038913AC10272C56054A,2,防脱发的中药有哪些,小鱼儿与花无缺小仙女,权志龙手臂上的纹身,gift
8B7E29AA17EBB53B5CD6B4998AEE404C,1,蒋欣粉丝,孙艺洲,甄嬛传蒋欣,掏心组合
EBA634D2BDF00ADD6098FBA0C64110E8,1,齐威王论国宝阅读答案,小蟹,山竹的功效与作用,制作酸奶不糖酸奶的做法
514F5741F1934BEC0BA1F6D9D15F8386,1,北京到安徽,我在说自己,破除迷信的名言,你以为你以为的就是你以为的吗
F6C4020C56C680D327B16CDF7D684B81,1,蹦沙卡蹦沙卡是什么歌,赵元庚,诸葛亮墓,bribing是什么意思
8B00DE9BBA00BEC386291C179602D473,2,2016年大纲法制史考几分,取出来的火车票还能退吗,厚大点睛冲刺班卷四,国际经济法三个保函
BF72234B2DB01AC50956E7E8DECE758D,3,黑紫罗兰食人鲳,捕鱼机,捕鱼机遥控器,龙鱼混养最佳搭配图
E04D137ED71216B4DB078CE5241E604B,2,剖腹产和顺产的利弊,合约情人歌曲,两个4两个10算24点,独立显卡和集成显卡的区别
B218DE11241767D95F54EA3C4CB24214,1,腾讯微博,下门牙中间黄了,金城学院,网贷对大学生的危害
F550588479A68CF15FAA58735FA82B98,2,手部单纯糠疹图片,白癜风多长时间扩散,廊坊管道局医院有皮肤科吗,格陵兰岛村庄
509539782ACE167CE02DCA3B32F556E6,1,每个人都要割包皮么,江西省副省长,六一天水,男生软化头发
3989918CA988560B917F3BBA053CBE63,2,法人非法人自然人,特殊的混合销售,财政部会计司简单来说是干嘛的,非金融银行机构
C7C1A6A670133A02796A5ABD2C679A61,1,绿豆粉面膜的危害,男士260是多少码,张家口大吗,曲别针有多少厘米
08D474DD4B4A9C30D9A7D7334009A8C5,1,国产洗发水品牌排行榜,朱雀与凤凰是什么关系,韩安冉,四平青年4
CD9CD8AEFC4A495C762B912B11874AFE,1,羽西洗面奶多少钱,高潮,快穿之男配攻略,2016湖南岳阳平江高考
D5A3D864DED6F54A198D94A41CA329C6,2,吲达帕胺片,三毛流浪记电影,电脑壁纸,通远堡有没有顺丰
86B65CFCFD8F8CDECED3DAB2C3D2E98A,3,什么牌子的粉饼好用,阿迪达斯,尤其的近义词,泊莱雅
08C5D4EEC1571367367175F4D9D93491,1,天燃气表显示电压不足是什么意思,天燃气表显示0电压不足,南昌高楼顶楼起火,时装男士鹿晗
A3E941CBB0944F9569163ABDA3EA141A,4,哪里治疗过敏性皮炎好,外用抗菌离子膜,笔筒图片,氟芬那酸丁酯软膏可以搽脸吗
FB752467842CCD21030AE52E97EFA476,2,井冈山,井冈山革命根据地,ppt背景图片简约大气,负离子卫生巾
E21D7972A315E93CBEB48C66EEE58753,3,创富论坛,古曼童是什么,恵泽天下一688hz n,发红包
9E4BE8CC1E70E761AF4AE97A4451616F,1,名副其实的意思是什么,海洋e康眼药水,济济一堂的意思,滤镜比较好的美图软件
8787F028D09D49E8A0CDE2D6AD2C4BBB,2,淡漠女主小说,玖月希,一生一世墨宝非宝程牧云,何为冬暖 何为夏凉全文免费阅读
2037FCD7FD5A9D9EF193F7AA42DAD9ED,2,辞职申请,网络客服常用语,顾客买家具常提的问题,劳动合同法全文
4B1BA7FF35AD3CCBC2DA5DB105874CA1,3,网卡驱动丢失,休闲系带皮鞋,28744什么,印度电影
4B85E20F3652896DF9C0E9B4A6EE88D3,2,城隍庙,鸡眼能自愈吗,西安高新枫林绿洲,高速公路收费标准
2D350FAA3BF6842E8FA635AFEB67586C,2,泰国电压,balcony,椰子油的功效与作用,伊能静孕傻遭鄙视
6DA39173EF1118AF5AD6C4BFEC37ED29,1,龙珠之我是布罗利txt,电影,金娃娃,类似睡魔的3d动画
18FEE83671F6B7741412B6EEE239E9A6,2,c++新手推荐用书,c++程序设计语言贝尔实验室,已知二叉树的前序遍历为abefdhg,用路由器发射wifi需要用电脑设置吗
9F0B27A0818D95C842421E9B5C29098B,3,电脑ram不足怎么办,感冒不能吃药,藕海带孕妇,手机丢出租车打什么电话咨询
916929E8ECF221ED3126FF851AD0DCE0,1,魏晨,梦幻世界壁纸大全,白桦树,青云志小说
9707EA3A32C7065EC3CECE5A13D11E2B,2,没有工作单位怎么申请信用卡,家乐福属于什么企业,家乐福属于什么单位性质,沈阳有个叫什么龙的
F63624152F001A5F872AB6740382DCA1,3,同心双轴双向搅拌桩桩机,灌注桩泥浆制作图片,智能机什么软件费流量,传统武术高手打架谈
BE66ADF92BB097D6CC78CAEB7C1C609F,1,我如风任去留休将鸿鹄比伏囚,晚上睡觉前吃梨好吗,微微一笑的美人师兄的扮演者,具有吸引力的社团名字
2418C17F4556984A3984516A60AC41EB,1,癌症会传染吗,妇炎洁,气垫bb一个能用多久,董小姐百度百科
A7950A83B6ECD25C55308AFCA4BD5151,2,扬州到九寨沟,麻雀1001无标题,不设防的交织,靡艳
4BE6F6F1F4C6CA121AA4FD8913E09C88,1,喉咙有叹吃什么好,水瓶座性格,吃银耳红枣汤的好处,维生素d的作用
7BFA3AACDE6F3F9FB7BDC5AF0EE58955,2,ips屏幕,顺丰速运,主板排行榜,顺丰快递价格查询表
5A7FDD2986D580695DE42A52869CDC93,3,哪种洗发水防脱发效果好,极乐净土为什么这么火,百度图片,大众polo倒车影像图片
313AA24F806CBDFFB1CF0F6EF36D4B93,2,物理方法怎么使鼻梁变高,罹,鼓瑟吹生,肇
51C55CDD754F7D1DA1DDD57E1576CC6E,2,戚薇,吴倩莲,"运动鞋,一般配什么衣服裤子",paste
9F433DF6BE5D81C2860F9E70AFA56B5A,3,美版和欧版的区别,纹身给你的生活带来什么变化,合肥庐州大道到14路公交,iphone官网买了去哪修
D53C57121F5267A778098D4647925F1B,1,不怕相思苦 只怕你伤痛 是那首歌,强行太阳是什么意思,赵世熙,鬼故事短篇超吓人
86A8ACA8C35665A9B566264BA45C5BA6,2,文强,杨广简介,顺豆是什么,xfplay安卓版
C31AC3CE61A2E21954B451BBBF57F6C0,2,林中小屋,干皮用什么隔离霜好,猫来惹,m2bb霜
7C5D4FC63D2F993BC7546624F87B9BD7,1,广西理科二本分数线,1997年八月初六,湖南科技大学女神,计算机二级office考试时间
993D993DF86A941694820179163B4BFC,4,地球日是几月几日,2ol6全国检察机关工作重点,愣头愣脑的意思,战略支援部队
A7F082D85F971EABAB63CBCE4A9E74AC,2,顶级阔少重生,双面偶像,移动本地234g融合流量,最新电视剧2016
A12ADEE7117E2B597373639B8B37CD2B,2,爱尔眼科可以用医保吗,雅诗兰黛是哪个国家的品牌,无纺布最多可以印多少颜色,厌笔萧生
9C892DBEC6F7A9D391F155E18FB82432,2,2016年四六级考试成绩查询,英语四级试卷分数分配,若怒网,华胥引十三月凉歌词
A1C3A2D3183E7CF53BA91901F24ACEA1,2,菲尔普斯工资,魅族耳机ep51评测,百度,魅族pro6电量管理电源模式高性能啥意思
FB2C73B8FC47AFF98B99081C5755E2EC,1,李准,w两个世界多少集,翡翠恋人什么时候上映,哈利路亚bigbang
9C727A9B7CBA2729683C5E947FD3DB98,2,天刀真武vs神威,开封海岳在哪,99贷款,天涯明月刀多余装备
220A8AA78075B7ED77241D5AEA81BE98,2,什么语音导航最好用,恶弟的放纵,虹膜解锁,哈佛h6汽油和柴油哪个动力好
31AF6BE700F254F7887109482166414A,2,适合送男生的香水,海埂公园到温莎ktv,我想和你一起起床 徐志摩,日本古奇香水价格
1B8C1751D1CDEB526B6C7862E2EB895B,2,擦身而过txt,尧,杯具女王txt下载,男主重生悔改的文
557EA526D4AF633F1BDA6391874A6508,2,数控铣床刀具名称,荣耀5c和魅蓝note3,动画片宝莲灯所有歌曲,机械键盘灯光设置
08B7DFC88BE6F7F5F320000AA907942E,1,金立gn152的手机内核要怎么改,仙魔剑霸天神器破解版,武动乾坤漫画,仙剑奇侠传灵儿是谁1002仙剑奇侠传灵儿是谁
D419DCBB8927FD16C730A667F12BDC9A,3,李纯,美男图片帅哥生活照片,廊坊市玉麦手工面,广阳区新朝阳湘源小镇
06F92DA79EA742EC3346ED0C8AB3F65F,2,招聘网,重生之菜鸟法师,seo,中国国旗图片大全
3EBE0C478E9B5E3EA7D3F9B0A706E806,0,圣心诀,镜像,12mm是多少厘米,无人深空阿特拉斯界面
25724B5A1EEBD1C48BBCFC01C9ADF764,1,有一,龙王传说,必须要这样成语,大学是开放的
A141D9D7B0EDF50D76D35DDCDE84AB7E,2,微信后台编辑器软件,人民检察官,明堂,戒指可以退吗
E9DE80EC67383CEE538FB2FF6D4EA937,2,炖柔肠,女排 药检,unigarden,卡罗尔
425471A48B85BC86D73077F152D6940B,1,油性皮肤diy面膜,人民共和国,黄瓜汁的功效与作用,善纪草护肤品适合年龄
DBEA9F9E53C3CD7B398AB7987390DF0E,3,笔记本键盘可以拆开,广州海洋职业,一个开关控制2个灯泡线路图,cf
02F08E7EC6F45DA9A4D395A3445FB9DC,2,手机钢化膜贴膜教程,3d坦克网页游戏炮塔m1提升,男士长袖淘宝哪家好,炮塔激光m0
A930084AEA04C356F913C102DCA9A179,2,吉林市王牌秀,空心砖,安卓机kakaotalk,白玉蜗牛产卵什么样
437E7753B5605675EEB43594A41B816E,4,本溪张晓芳,本溪冷轧,益之源净水器全球排名,本钢板材股票
201F187E758A1DBCA675D8261B2399A9,1,感冒拔火罐,iphone7plus和iphone7,恒大牌香烟,防晒霜
3F4A0F2931AF0CBAC9B7E2BAF6A92D17,3,没熟的猕猴桃可以打汁吃吗,岁倪维尔透明质酸凝胶,美的空调分期付款,秋季时尚新款女装
A589616C23B577D026441F12C68CF597,1,腾讯新出的pvp游戏,解压,小米note顶配版,t4 z8500
B6BE7F25643425B872A7723CA7962800,1,斗鱼,熊猫tv,优酷视频下载,送给要去当兵的朋友一句话
64CA4DDAB96B1DF6031054F676D9BDBF,3,嘴角两边有两条线,粉色围巾配什么颜色的礼盒,第四次长沙会战,我遇见你会有怎样的对白
8E617B511F051A27346243AE2C7F0946,1,哈克龙几级进化成快龙,伊布进化成什么最好,魔堕之夜,七夕节是几月几日
6DCC2CBC88F4BCF86B7D31C17050CC7E,1,欢乐颂第二季什么时候播出,重生之注定陌上,老九门结局,灰姑娘与四名骑士
21A323DDA177110537B44CCD9595B925,1,鼠标哪个质量好,x战警第一战封面图片,婷说我宁愿他恨我一辈子,南宫钱瑾
ADE96F408401543872757FE42F04CF3F,1,小宇,游泳作文400字,蛇哥解说比赛视频,为什么3000联想一体机玩lol卡
8BCC76458993B6D7664BF4A0C23E9D56,2,水瓶座男生性格,运动鞋热裙子,中秋节送女朋友礼物,补脾气虚的食疗方法
A192B63EB3F837E19C0FC0E3CB2719E0,2,寻找刘三姐在哪里举办,坐月子能喝什么汤,床震,果郡王扮演者
D6B84F1A5018BA3586E350A9C84B6E36,1,星际家园荣耀版,笔记本怎么看cpu温度,开学典礼感想,建设银行个人网上银行
9B74D450140CF8B51A09A977499D18FA,2,通用充电宝什么牌子最好,红菌的功效,玉林到兴业汽车,我们不该这样的钢琴简谱
87438A7817490ABF018C8A45738D9D12,2,绿豆面膜,椒盐排骨的做法,人民解放战争,宋欣佳怡
51B410ED5DDAD7415C44535ADB0297BB,1,吃牛肉上火吗,国家励志奖学金,山竹的功效与作用,川音图书馆
AECBCA225092133836BB898CAD825461,2,神兵小将之最强王者网盘下载,dnf之狂神,神龙钢刀和马蹄铁,爱情公寓之娱乐人生
943F50B5ED92C602FE5F0AE4AC8395F0,2,东莞信鸿,大三自我鉴定,廉反义词,情欲超市小说全文免费阅读
69C9B39D4E653F26B5B3E70BBE5552BA,1,微微一笑很倾城txt,我的女友是腐女,安居乐业,巴拉拉魔法变身2欧式典范
51AB2706274D119A6015216F58660E9A,2,毓怎么读,海边晒黑了怎么快速变白,28公斤等于多少斤,326公交车路线
556C24D862ED0C6672E59095A432D709,1,九项全能搜狗,变身极品校花搜狗,准新娘吸毒被抓,绝品护花兵王笔趣阁
74BAFA4E815A59358AE18FC024B662CB,2,零食店名字创意,diy毛线鞋,聊天背景图,宝宝在肚子里打嗝是什么感觉
14BD0D701894F4979F05E6EF462A5040,2,中华酷宝,视频语音欠款,青草书,头孢拉定胶囊
EF4184404E7C690ED26E96B9B7E0CC89,4,好日子香烟价格,全民k歌里的歌怎么移到酷狗,wifi万能钥匙老版本,怎么养乌龟
4AD17F6A3E1D209D31B038B302EE76A2,2,简单编发教程图解步骤,美迪惠尔官网,雨润面膜功效,编发教程图解小女孩
5C4B67CF6499E6385C00D7B4EE1F6D10,4,深情沫沫同音词,烈日当空图片,约等于多少定义,京东配货站江苏省南通市海安县李堡站
19C199439AF8865D23AE703904B69EB4,1,显卡cpu哪个重要,彭于晏寒战2剧照,马蓉婊子,宏碁官网
367943AB36EB2EF2FCBF6B529885F92F,4,多肉植物图片,淘宝沙漠玫瑰小苗,淘宝土豆切片器,辽宁北镇天气预报
28CF925D682A115BC2AB06FC96C2ED6E,2,微微一笑很倾城 ko,毕春芳,刘嘉玲,李小龙龙旗
847F62F5EFA034A0206999172CC801D6,2,狗狗可以吃鸭肝吗,法制logo,成都的店,违法案例
E1033222A2848121838EA8CF25756956,3,马尔泰若曦历史原型,看韩剧的网站,宿敌,金希澈
058DCBF61E7F33BC2C163E8F1768164A,1,天蚕土豆,你想要跳舞我的小伯爵 谱子,疯狂的动物园里面有什么猪,有一个球闯关的游戏
A653293A29F6F5FA052CCAA3D6CC72F5,2,7英寸和5.2英寸对比,7英寸有多大,老干妈是不是食品添加剂,上海滩
2BFB508F09CB432E3F6FCA61D1D427A5,3,为什么会有牙结石啊,芳华缝纫机面线老断,腰围 皮下脂肪 知乎,e栈可以寄快递吗
831E64A1EEBDA82C83897E78950DCC0B,5,顺丰快递电话,有了你世界更美,苏州长发商厦,重生的穿越女配
2E87D8125B2A7ED383385E8C669A756F,3,宝宝身上赖,手机病毒,描写父母辛苦的句子,水菖蒲的功效与作用
C4D99A1C89E817189C0E5D5E4FCD5F05,3,护肤品,本溪都有什么银行,浦发银行信用卡中心,新生儿肚脐多少天脱落
EA366E59596AB6A1C37DB2BC1496D4A3,2,美国outlets买什么,死神觉醒碎蜂要12,帝流浆,macbook
B4455064234304EC1543707B1F6D53BA,1,龙王传说,http://m.tiexue.net/touch/thread_1210791,笔记本电脑什么牌子好,变身嫁人吧
87E0EB6459A8BCC79C03133B698DAF0F,2,两学一做个人计划,胡彦斌,微微一笑很倾城更新时间,浐灞湿地公园
BF9F3A6747E908B07C4950D7C5DA99C6,1,民谣吉他,去外面学吉他,麻辣变形计乐歆,鲁迅弃医从文的素材
920878B1A78F9274140FC817DF388666,1,龙神萨拉玛,洋码头,诛仙简介,百度
8554F32D588185252D44E59CE08AED90,3,拉扎尔,权力的游戏大结局,欧楷教学视频,曹云金再讽郭德纲
DFA0F0F5609495BBF1C6F8560A2396DB,2,内双怎么画眼线,直行手势,成都人民公园站离火车北站远吗,旋风少女2小说阅读
18AF16ACCE73962D3543727BF2243130,3,太平洋电脑网,古剑奇谭web星蕴等级加战力多少,古剑奇谭web奇物激活卡,古剑奇谭web七夕节活动
E401A59700FF776A47E54962E4E55905,3,麻辣变形计秦升发型,戚薇,面霜的作用,偶滴歌神第三季20160901期六分钟多那个是什
25CDFC0812782E2BCC1F1BB3EBEFD6AA,2,空调的风叶子脏怎么清理,百度,捷豹xf,网络测速
87DDECBC407AF161D7A7524BE4904F9F,2,怎么查移动套餐,y31a,为什么小便完一会有白带,嘴唇干口红不服帖怎么办
FF3E6F523DD2E497A05428A298D55C99,1,你们英文怎么写,洗头发的最佳时间,如何挑出碎发来修饰脸型,洗头发大概要几分钟
26FF1D799B41EFF26A00534DC1C21709,2,英雄联盟明星对抗赛,微博林允,iphone6s充不进电,美人师兄和ko的番外
58262C4C2D0360501861AC8DD9FA094D,4,梦到一群羊,李国栋是几画,崖柏,下眼皮红肿是怎么回事
74AE3D374256FA6F780E4852271DDE09,3,眼膜什么牌子好,鬼上身,花印卸妆水能用多久,雅诗兰黛220的保质期
A5A70191295661494FF6CA0CF348EAE5,1,橄榄油和糖,美白面膜自制方法,梦见团鱼是什么意思,1.01和0.99法则
1A2926575461D6ECA717DD7C0150FB91,2,熬炒鸡的家常做法,暑假参观烈士陵园的调研报告,美国之声播到第11季,美国之声播到第几季了
DEB20BE72D674D3228744CB63AA098C3,2,王思聪用五亿赚了40亿,江祖平,slices,欧弟入德云社家谱
46DC4096666D0288CB1FF34DD5B2F24C,1,英语生活答案,cc,母猫呼喊小猫声音,阿萨尔林
15457B21D4456F96FC2444D351BF5C5C,3,未婚女小腹疼痛,梁颂,治脸上坐疮是湖北中医院好还是武汉中南医院,关小迪
FDC31F98399264463EC19C6BEC559828,2,法兰琳卡化妆品怎么样,燕麦棒做法,首席老公霸道宠宝贝继续,五线谱基础教程
2A7A5BE0A32CA8855FC77EC3FBFCB6A7,6,大连老虎滩海洋公园,哈尔滨到河北多少公里,请问荣成217公交车票价,筹备奥运会金牌谁出钱
A3005C50F241C519A26273B1F333B7F0,2,清和来自远方txt,耽美小说排行榜 2015,穿越到古代搞建设,现代耽美宠溺文
D70888CD23F5D9CF280A3EF90A182D10,1,皮肤较黑适合什么颜色口红,哈莎莉 马洛特拉简介,卡琳娜 japue,坐火车能带洗发水吗
5EB2E48ECB2D42E73DF354A20A666A53,1,读心术的电影,广二师学费,芒果台,建设银行周末上班吗
2521C8B8A0BE584A8F623C69482B381A,1,关晓彤的身高,6959401502818,苏教版六年级数学练习与测试答案零五网,我姓郑图片
4A1FB8CB85BED6D25F4F450CB861F21B,2,白色背心裙搭配图片,尘埃里的花,上海卫视直播,旋风少女2若白去哪了
132BFDE656A28E40878FB927E5A85C00,3,数学,大邑到双流,劳动法学习心得,才子
D1589AEA8AB8A017D1FA64001F372233,3,孕早期,孕妇能偶尔吃方便面吗,孕妇感冒拉肚子对孩子有影响吗,早孕者喜欢油
30F71342F1B8C8ECE05D5BA81D3DCDDC,1,误惹妖孽王爷废材逆天四小姐全文1006误惹妖,泰国白牙粉好用吗,网上销售商面临的挑战是如何吸引更多的网民,台湾倍克痘凝胶
A8CD81F118A783197955722D19AFA6D3,2,鸳鸯秘谱,搞笑学生会面试通知短信模板,cpu是什么,手工制作相册大全图片
2795EBD9E2E3078BE477737B88F119CF,2,jkl不直播,炒花菜之前为什么要泡盐水,cool1,火车餐车价格
9C1010D8BADD3F12E9432D3FD4193182,1,清华建筑系真的好吗,大宋提刑官第二部,耽美角色扮演游戏,天大建筑专业
AB0A308BF0E7027924602EC9B5D7D003,2,华硕a555l拆机教程,一流笔记本有哪些,末日使者出装,皎月女神怎么玩
5DF83028FE989002650D7EEBBC154293,2,一叶子面膜怎么样,阮颜顾惜城免费阅读,红楼作者,pass掉是什么意思
9A51C3F909AAF9C9267FDB1F8311C454,4,月经前奶头挺立怎么回事,泪,肉饼,松树图片
B07A5195A5DAEE981F05D53122AC3BC2,2,盛开,太子妃花事记乐文,朱自清 春 教案,气泡型面膜
B7C248BE447FDD9935D667FFC652D2A5,5,相声八德,姜育恒个人资料,马来西亚对人民币汇率,马季和侯耀文的辈分
CEA46010BA9222EA7F744B5338EBA165,2,微微一笑很倾城电视剧里的歌曲,醋泡黑豆的正确做法,小飞流,手臂粗怎么减得快呀
8407F097AF16E1F84E017742C463C709,3,心悦会员,现代好还是本田好,usbssk3.0,笔记本cpu使用率不稳定
87C2355F510348334A298F98BA10166C,1,小米4i多少钱,便血怎么回事,小米4c照片,酷派大神note3图片
043837A7D9CA2838137162AE96C8A33F,3,矿泉水酸碱度测试图,宝马320,百度,宝马x1
43DF2BE91B53B6784305EE7D71A607FE,2,倒车入库技巧,歌词是ibelieve,神话里小月,金典野生艾
D5FCEB5A64A938C3560B32F7732F0FBA,1,西安事变,为什么不能问女生体重,五虎上将纹身图案,梦三国乌巢之战单刷
C73B75649653DCAF972CF35551509A35,2,下体瘙痒是什么原因,吐槽大会,vivox7,田重和邱爽好像
4A5228865BA620481B04CE10EA2515E3,4,和乒乓球的照片,微微一笑很倾城电脑,脸圆女生显脸小发型,三国演义第三回读后感
512CBC12EEECFB438EFFE68F3F1CA368,3,胸肌炎有传染性吗,老翁徒手击退黑熊,黑茶传销,齿字成语
B39CFC1F8BAD0675C741E0B0E42877C5,1,软件编程有前途吗,药学是干什么的,kidding是什么意思,刘海怎么弄好看
5EA53DBF34A9AEF1DCE57263BB22D8AF,1,广州工商,焦虑,win10装到安卓手机中,u盘装系统
D1A186161FC8117293AADC4D0D6B3DC0,4,英特尔i7,i5 6500,世界第一初恋,擒拿术
894D6F1F44E3742CBEDAB724B3912BE9,2,美国德州大学,northstar鞋,running man,bilibili
0CE89EAAE62ECF26027767FECEFEB695,2,翡翠和玉的区别,西安14路,得鲜口红总是涂不匀,西安丁家桥到体育场
B3CAAA686908D60595ABFAB209A082BF,2,重生宫妃 朕的爱妃不好惹免费阅读,至尊狂妻极品废材小姐全文免费的,备孕要多吃什么,韩国贝拉婚纱摄影无锡崇安店
FE8D045CB7D32DEB14E42B07DC903FAC,1,克痤隐酮凝胶,维a酸乳膏用后毁容,猫和老鼠全集,歌词是baby tonight
FD22CB90CF6D159CB542088DB0257A51,1,520泰铢是多少人民币,西安工程科技学院是几本,放开我北鼻五个孩子,面膜几天敷一次最好
41F504A3277BA13B64C007AF07A40885,3,"隐婚总裁,",青云志小说,贵州省财政会计网官网,吃龙虾的步骤
132914ED51FC18A9F4F30A5125815CE1,1,轻音少女,蔡家坡到宝鸡汽车,花千骨之吾乃白子画下载,镇魂街
17186C179087D0DE74354A150F8C7118,2,杨洋电话能打通,牡丹江学院王欣欣,上海房价多少钱一平米,食牙裂了一半
05A0E0605F40BEBF5E81A9FFC7397A87,2,为什么微信语音不能用听筒,油管,b超多少钱,六味地黄丸的功效与作用
39E7014D577BE8A0CC08D894964FE1D5,1,炟,重生之希尧txt,洋葱表皮细胞实验结果及分析,6笔记本电脑
BF97992B34D949399E060ACAF2B933CD,3,拔罐多长时间合适,染发剂哪个牌子好,西装,宝鸡到乌鲁木齐运行图调整到什么时候
83C5C6050E7BB58C188C314288D5D170,1,300英雄诺瓦露,王者荣耀神代重临地图改动,广东第三套健美操,笔记本路由器坏了
0F524FD1AADB3A5C132592452A8B2A00,3,两张显卡怎么交火,cf,电影,守望先锋定级赛分数
A2172EABCE1502EFA64B557B35E5EE17,2,微信如何群发信息,苏州特产有哪些,螨虫一般在什么温度下会死,电脑看视频没有声音怎么办
5006782A1EDA30273E479FA880C5E47C,2,沙宣洗发水含硅油吗,超纤皮,河南大学,我去上学了
05A6606A8D48A777FC3C96B630DB1ECA,3,木工电视柜书桌一体,卫生间干湿玄关效果图,现代风格玻璃金属背景墙图片,卧室ab版无纺布壁纸
7F0165BBF9FB3100D240C87FA0F81AEB,3,刘奎东肥城,女装全是字母带m、u是什么牌子的,郝蕾董妃,乔任梁去世
B5A68F20D41AD7AE8A9248461709A725,3,2015交通事故死亡人数,中山新光天地电梯房房价,过失致人死亡罪,"帮公司送货的车忘了续保,公司有没有责任提?货运资格证办理"
FDE522F10F6A5D80CA59EC8C7962E289,2,湖北交通职业技术学院,不什么不什么,八字暖心话,武汉哪里可以考爵士舞教师资格证
C115CA349DE2FAE3728FCA3B0D2620BA,1,北京时间,李钟硕粉丝为啥叫巫婆,班娜娃·黑玛尼,学计算机的电脑里要有什么软件
38D78E7A86313145E182A6930D6AC3E8,2,情侣玩的互动小游戏,理字组词理在前,天天向上mc天佑,陶欣然
54858DA2C44E39B5F3C4FCE2D1680F8A,4,安徽合肥古称,杭州汉人,杭州516路公交线路,白细胞少说话都没有劲了
D4F8169CA4D392B5B6E2CE31BA5B7DC1,2,qq购物号如何开通,升到皇冠需要多少天,励志说说致自己,电脑屏幕反应迟钝
6599F1AAEC26B1C1F3EE3D416E2D01A6,4,牛肉炖多长时间能炖烂,外企会议小结格式,aom,外企raci
44646CEC930BEBAE3064AF81AE2C5581,1,用自己的12386账号帮别人买票别人怎么取,高铁站台图片,南京宾馆价格一般多少,让人一听就心静的民谣
A98284C83CA2A6ED325629842BC05456,3,厦门旅游攻略,朗行,出国常用英语,山一程水一程歌词
4FC50FFF982779C824A2F2D25DE9538E,1,北上广不相信眼泪,美丽的秘密,腾讯微博,facebook注册
88D200A8DC46D58DE7ABAF957D97D5B4,2,贵族男生专用的香水名称大全,亲爱的汉修先生好词,会长大人是女仆2,笔名大全女生两个字
BADA1636874E5F0AC04D8294BD4F2F6C,1,qq飞车怎么开永久雷诺,终极一班1全集爱奇艺,全国征兵网官网网登编码怎么看,赏金猎人大招怎么放
AB2803FB9F89AFDB5995AEE2420CBBB2,3,扬州农行审计部部长2016年是谁,免费小说,江苏无锡彭子云,奥运竞猜
43CBC2BBED2932A43539622AB1166382,2,氧气筒吸烟,美人师兄和ko的番外,诛仙曾书书结局,替硝唑氯化钠注液的作用
8BC18237D910A970BF383A0425961F41,4,东三省是那三个省,香樟树价格,辛亥革命,教师节贺卡图片大全
55FE700F57F6364D9B3045B414767907,1,跑步机锻炼效果怎么样,淘宝买东西扫二维码显示是正品都是真的吗,技校学什么专业好,旋风少女3演员表
56F2D94CF76DCCA2EDD3E0EF21923373,1,桎梏怎么读,唁,茔怎么读,槔怎么读
553ACF8B3CABF4487AEF16E1DA7B5608,1,男神杨洋图片大全集,工作委屈的说说,塞外民谣 单曲,好听个性签名大全女生
D5E573C68E4DE442E88F94B34565914A,4,跨行转账卡号输错钱多久会退回手机,自然堂适合油性皮肤吗,中国新歌手,康师傅方便面使用的是地沟油吗
9D9303A3D71CD572BBDB773E0B318E7D,1,江淮越野车报价图片,焖面,一种菌能止血,说说设顶怎么设置
47ADA6990EA8E335BE3981043262CBE9,4,16年8月28出生是火命吗姓于取名字忌讳什么,李鸿忠将出任天津市委书记,安全套和避孕套的差别,里约奥运会22日赛程表
14ACA0F11F774CC61AB0BC556CB2F2C9,4,植物粉网纹草,毓婷饭前吃还是饭后吃,甜品店图片大全,淘宝账号怎么改名字
FAC51DC61C8D75A93E66CC5809FDF0A0,2,寒武再临下载,虾线怎么去,郑州婚前检查在哪,徒弟们 放过为师吧
FF462BF6FAD71EEBCCE88EA21EFDA285,3,za适合什么年龄的人用,沈阳公交124,金正昆商务礼仪ppt,地表最强龙
5F674ADB6749B5E297B4D88843E948B1,1,胜者即是正义,双背,松浦弥太郎 作息时间,西太货运 招聘 操作
3A94C0C655A64E6C8424980D4811E349,2,资生堂妆前乳,玉人百度云,微微一笑很倾城1617,w两个世界女主发型
AE9AA4B08A4BFB1CC99745D024C634B8,1,上海糕团,多吃什么才能长高,跑步天天跑还是隔天跑,神奇宝贝xy133
F9FC24321A4DAD38142315B8FD67BF26,2,php幸运转盘,文章刷点击软件手机版,oppo r9怎么取消来电断网,qq浏览器连接手机手机助手怎么退出
CF0DE7D4405998535A98A9CC99BCC0AC,1,关于宗教文化调查问卷,渔洋诗话 陌上花开,乡道编号为什么是y,美团客服电话
34884C3DDCCFEBC7E2CBCA67D3F00756,4,朴槿惠提早回国,孕妇能吃红豆吗,书包网,孕妇梦见小老鼠
8C53A48969E159B9F4B9EE0AA5E08DF4,3,小小彬,wibox破解版最新版,wibox5.6破解版下载,朴有焕
AE532F16651E7579A97DABB60B01474C,3,莆田事业单位工程师什么级别,十宗罪1,邵武水北小学校长,imiiyo
FA24585813E4FAE31971085EC7AF5C27,2,阿莫西林消炎药药店,鲨卷风,止疼药安眠,早上敷面膜有效果吗
8DC299CB9AE4A84495C68469F4C10B20,1,我一见你就笑,swatch touch怎么改时间,百度,捡到一只刚出生的小鸟
E29F35DF8D7F0B292337F5A2EDC988B6,4,吉赛尔邦辰穿最贵内衣,男款皮毛一体外套,麻辣烫,宋小宝全家福照片
0295AB8B2A96E9131BF916518F9A68BE,3,跨界歌手冠军,受精卵三天六细胞,促排期间吃什么好,英语
1B83262084E05E18A46306BFDF79FB2C,3,食管分段,电影,大话西游3,鬼吹灯之精绝古城
F8D2453FAE13119A0DE783CFE4CB232F,2,澳大利亚硬币20,卡史诗是真的么,里鬼剑术加到12,笔记本电脑键盘失灵
008F644BA2017ACF608F708ABB5012C6,0,超级主播小说,体彩11选5开奖查询,费县邮政编码是什么,山东银光钰源
07B430C820F6C5107354C4FDE312BA0C,1,沂南二中高考成绩,薛之谦图片大全,小学三年级上册的中秋节手抄报,怎样测智商
BE7D5300BC0D93F031373FABEFB52853,2,雪白的反义词,幼儿安全小常识,论文的格式,aabc的词语
225070051FBBE2BD2753EFF8CDE0982D,2,邪王追妻废材逆天小姐贴吧,第七代导演,管理路由器的软件,激光脱毛仪器多少钱
3A3BC2167023235303D4A9F8376EC7DC,3,带态的撑下去,尺子上是太阳猜成语,一个香炉一个女孩拿个玉,一个香炉一个女孩拿个玉猜成语
5A67037EAA203F4A1ADDD718A0821802,2,杭锦后旗海鲜,假体隆胸手术图片,假体隆胸手术后不能吃什么,燕窝图片
754EEDB17C3CEC436CABD1A118359BE0,2,dnf90级ss武器属性,酸浆,dnf90级史诗防具,手机充电器响
FC76AED7E18D709C0171B9B798B9FE20,2,生日祝福英语,半海水一半火焰完整,皇话第二期,颐和园郝蕾完整版迅雷
CA242F5F784FE3DAE7E6E063CD808E3A,5,波司登羽绒服,搞笑吧动态图片gif,芜湖大桥镇租房信息,夏雨荷是谁
59C552956C4862F3142E7BC98948EF8A,4,破解版午夜播放器下载,马达,破解版游戏魔兽,破解游戏恐龙快打
15B119B39CBD6EC25BB2BBC8AE8E02F1,2,北京时间,破产姐妹,vivo y29第二个卡槽,vivo y第二个卡槽
8650460FACB815712EE8672045F11D37,4,陷字开头的成语接龙大全,炒芸豆的做法,通心粉的做法,无限极产品怎么样评论
F3C19E4F49377AB0386883BE6A2D88D8,4,清薇小说里有没有写关于卺侧呀!,快穿我是他的未婚妻,腾讯青云志更新时间,tronclass下载
30CCCB89453E7904CEE85FC404506A75,1,路由器怎样复始,天天向上李薪,观三国演义有感,布丁的做法
94D469B91C05F53F809B9D3BEDF0ADCA,1,cfj礼包暗夜多长时间,安东斯拉夫斯基,关于别开枪是友军的歌曲,海贼王斯莫格
5B756EF30FF6C2DF16150B9F954C7DF8,3,将军长安,公主微臣有疾,情陷野山村,萧县高铁站最新消息
72DAE058D80A3548E2FF68A452EB8F60,2,安神补脑液什么时候喝最好1001安神补脑液什,考研数学有步骤分吗,林志颖,减龄刘海
080DA4EE52FD125E31C28CD3B2CE167C,3,龙庆峡,武凌园,经期间能喝咖啡吗,新浪微博保存不了图片是
367D6EDB90429870F48560FDB2528895,4,寝室床头置物架,你不是别人博尔赫斯,英魂之刃,金华酥饼
C9AA4FD46AC11E66CAD126A855B0CAEA,2,学生会能学习到什么,文玩骨头处理,cp是什么意思,学生会宣传部竞选演讲稿
02C907CF3F56CE1CF7C842ABE38BB4BF,1,王者荣耀那个英雄最厉害,考科目二最重要的是什么,庄心妍,fantastic baby舞蹈
12077BD0BEC790504AFF7BE3F19F0825,1,碎发短发女,朴宝英为什么被雪藏,在校大学生可以考cpa吗,雪莉
C42C52E1C1466C146F0BA4EFC78BAE9E,4,秀丽江山之长歌行剧情胭脂的结局,和珅的后人,五年级上册数学课课通答案,柴门闻犬吠 风雪夜归人 全诗
64EE02F921A53ECD0667F68AFF0E1C26,4,广东珠海简介,知道姓名怎么差住址,乳房多发囊性结节,建筑工程资料管理的基本要求
C18A96F4481681D7949BD71ED2F5C9D2,2,休宁县家庭私人旅店,合肥市桐城南路369号,休宁冯村视频,休宁阳干
65F3F9C08C3A7234012E97759C0EFBA1,1,dnf最佳球手裤子,会长是女仆大人第二部,dnf75暗强史诗戒,提款机倒着输入密码
70E30DD9EC190139DA6BCA86E00EB225,1,无线升级契约,新倩女异人怎么加点,台式电脑,里番app
285095066A13E3C40EC8F9226130AE69,2,美丽誓言口红,招商信用卡逾期的后果,平顶山中心站和长途汽车站,少林寺
5698BB833209F83C6D597380EAECAC51,0,电脑宽带连接1062,问道乾坤锁,百度,lnternet怎么设置
E380D2B7C040F0285A679A6D5844471E,2,杨幂h小说,关小迪,淡如水相见欢,梦见下雨下雪
C8692647AF866B66E54D0CB378AE9130,2,枣怎么做好吃,银行卡忘记密码怎么办,160马力的牵引车能拉多少吨,梦见和女朋友结婚了周公解梦
6410304FD9F3649D71619683CDFCB18B,1,电脑突然关机重启,上古卷轴5天际,森林,辐射4配置
D45DAE033B34E36E7A165E9A0147D526,2,武器的大招如何使用,大学生网络安全教育,贾克斯的大招如何使用,mini kms activator使用方法
D0FE99B5E1A08AF14B95638A407F03AD,1,播放器下载排行榜2015,qq头像,笔记本电脑怎样向手机发送投射屏幕的请求,湖北高考
F35823EF91C832067042A7E54952858A,1,圣罗兰橘色系口红推荐,rosemary是什么意思,芜湖,起床的英文
BD8E6143595EE9E8E63CDC7313FAF31C,2,老师雅菲,武警老兵退伍卸衔,青城山下白素贞,有什么是形容家人的
F8E77493C2CD5F908DEBF8DEF8DAF36B,1,美肌面膜男的可以用吗,怎么摩嗓子,大主宰,西安地铁三号线车厢
891C3FBAB1D94352329A2FEECA913945,3,飞机上有中国国旗的国家,我的歌声里 曲婉婷,clear solution,小宅门
4D55E61BDBC4005D869BB99E3D152838,1,工口漫画h,老翁徒手击退黑熊,学号不好辱骂老师,九阳帝尊
8E614A37AD57ED93DE4B038435088241,4,韭菜饼,木耳价格多少钱一斤多少,胡萝卜香菜肉包子的做法,干白蒿泡水喝的作用
D479CDD0073299401CCD9AF7859BC118,1,从头宠到尾的超宠文,最萌夫妻,军宠文 超宠,网配宠文
3B0113B2BF35CBE58CCA3BA2FDD395B9,3,肉桂的功效与作用,北京养生堂宋祚民视频,猕猴桃是热性还是凉性,肝气郁结可以根除吗
10DDCA98B5CACF5F2B06889C8F9454A3,1,士兵76语音,士兵76号扛枪动作,为什么不能用流量玩炉石,充电时手机屏幕失灵
25243A7C9D16397BC2BD4A82A595AEE2,1,唯柏莱雅隔离霜,厘米秀故事卡雪怪的故事,亦博和赫拉哪个气垫好,火车简笔画
BF1BDB6DB881CFD3BE956BCB31269423,1,诱导公式,上海滩,白晓燕命案,197646
8186693D6CEF993A05134AAEA8D61B56,1,dvi接口,王珞丹,夸张小黄脸表情包,inode连接失败 请与管理员联系
97170FA19433C41A0687FF8644AFD4F4,4,郑州市城乡建设局,北斗卫星,:http://pa n.baidu.com/s/1gd1dozp,郑州市城乡建设委员会
EE1702632EB96E988115351F05D26501,3,高长恭容貌复原图,厨房卫生间吊顶用什么材料好,儁,张三丰
A2D53239918C17F9022BA3970306AB8D,1,磨砂杯能喝热水,尤尼克斯arcsaber10,梦到拿了一大把硬币,噬神者另一部
D55997D24DCC8723A3CDD5231E255DDD,2,重庆,从青岛站如何去崂山,保罗,"本期完工产品,已验收入库"
42DCE1FC35ED886DC4C01B116ADDB5F6,1,早上吃什么可以减肥,山楂茶什么时候喝最好,聚美优品的东西是正品吗,荷叶茶的功效与作用
52444AFAD0C95B320EEE76E42A2887E3,1,女子弱柳扶风,男主和尚有肉,谎话800,女主考状元
C9D3B6C459CEBF23956E49E81BFE649D,3,兰博基尼,鸿芯净水器,领动,kx3起亚
FC35A74CE256A7A1149797F8800B9117,1,微微一笑很倾城txt,自己找工作的叫什么,集 数学,一人我饮酒醉
3D4A74B518C1AECBFF7784EA9AC9F07D,1,华硕,c语言,女汉子真爱公式,周宸佳
A55411579D2C50DC8E548A8CA657B682,3,新白娘子传奇翻拍演员表 2016,三生三世十里桃花什么时候上映,猫咪哈人,吸血鬼猎人林肯
EC768FCA9013A1F8658121D66CFE6085,3,小别离导演,史密斯热水器插头是使用时候插不用时候就拔,化妆眼线怎么化,油烟机电路板多少钱
8A79FE2A5AE85F95A2D22189C74BE35E,1,深春弄潮水尧儿,一戳一蹦哒,返校通讯稿,社会实践活动先进个人主要事迹
E5DBF09AFB2A8C58D1BA386A19358308,2,保和丸的功效与作用,夫西地酸乳膏治痘痘,河南中医一附院孟丽,男朋友老是吃醋生气了怎么办
710A545E907248E5372D74C0A958DDC4,4,河间华纳国际影城今日影讯,肃宁电影院,别比我结婚电视剧35集,数学名言
F2F14BDC638533C659D8C987EE13808E,2,平板爆炸,中小学教师资格考试网上交费失败,倩碧眼霜,ipad爆炸
CAA3CE01744B8B3F42826C06D7F04888,3,唐朝国旗,笔记本可以换cpu吗,vivox6,笔记本关闭无线功能怎么开启
53AC964B7C0362203BBF06556C779F7B,3,liquidsky账号获取器,cf名字大全5个字,cf超级会员活动2016,那好吧下载
FEE601ACA6B4D0741106ACBFF0299767,1,拇指姑娘的故事,梦幻西游手游职业推荐,肖骁,数字含义
EC5B222242471F637B0B95668525C3AA,1,高三怎样申请留级,魏则西事件是怎么回事,量子卫星,高中贫困补助发放时间
5DA8EA521EEC708D468939B7AA1EE503,1,嘴角有黑印怎么消除,刘烨个人资料,猫咪脚痛是什么原因,nananananananana
BEA0ECDDD4D39ACF09A17C5B9009B0F0,1,教育心理学考试题型,柴鸡蛋作品,干湿画图片,连环画图片4张简笔画
486F667AC96DF8D2D4C29DE3B225B30D,2,篮球裁判规则及手势,收保护费构成什么罪名,手机版饥荒如何开地图,饥荒攻略
F11F7DB266BCEE58BE71FCA9EC788603,1,侠盗飞车开飞机,同学酬客要随礼吗,侠盗飞车怎么把女的抓住,苏州到南京的地铁什么时候开通
62A0B12F90BA290E699D2A3B421CF880,2,个人总结,杨洋的女朋友,沸点,小米4s
95AC5059FE75D1660E58014C43A24FD3,3,做面膜影响喝酒吗,g7292,里约奥运会德国男足名单,重机枪
ADA8FD3559C8098B03A9D87B7F4E5CF0,2,没有脊梁骨,狮子座歌曲曾轶可,百度,收苹果机
E546302E527CE8E240B29616197320FF,2,怎么下面条好吃,怎么看笔记本电脑是否被人打开过,卡特打提莫怎么打,蛮子怎么打诺克
446B3A60E4B8331B4B85ABF864602313,3,南昌市青山湖区北京东路上牌在哪里,嘴唇脂肪粒怎么去除,面膜贴在脸上有种刺痛是怎么回事,脸上红痘痘一直不下去怎么办
63D32B014C7ED8BA8142E5C4194DADE3,1,田龟源五郎漫画,破产姐妹,查理王小猎犬,聒
5B83F3AE1521123B2D6D134B2DBEC4B4,1,tfboys最近行程,联通校园叠加,登记总账的直接依据,爱豆app
AA276EC79C0598AE5C1555FF486A0B4C,4,济南铁路中心医院,三星蓝牙耳机多少钱,星光大道官方报名网站填写资料后需要上传视,"全民k歌唱好了,能参加星光大道吗"
7A414487C229233104FFDEE6D27E1350,3,昂达v130豪华版,百度云破解版安卓,lg vk810参数,魅族mx4总成带框
6F35BC791F1B7848C727109FC271795E,2,麻婆豆腐的家常做法,欧莱雅卸妆水三效合一,法兰琳卡化妆品怎么样,assimilate
0B546ED30DFCA0E77D30E71B542BC856,4,小米应用商店,金刚网纱窗低价批发,奇瑞,富士康卖电脑
21BD8089A501CB64256BF938EF199436,2,欲满杏林by万灭之殇,上海五官科医院,高德导航语音不说话,跋锋寒
02F1378218DFAE46AD214258F8AD5F4B,1,大公文交所客户端下载,大交所挂牌版手机下载,实现他的愿望是什么歌,上文申江活动
84AC57384F1905412E10F22EA917780E,1,三甲医院是指什么,移动漫游费多少,手机qq怎么拒绝任何人添加,vc
25001CF1B64EA483D904E1C2A2B91440,3,人生若只如初见电视剧,八月十五平遥古城有灯展吗,黄淮学院,绿茶的功效与作用
FF17AEFAFAE9AEB5204A9BC2443F05B0,2,婚纱摄影门市顾问,为什么影楼里的照片都要一个月之后才能拿,动车上的饭多少钱一份,最难喝的五种饮料
88CE364FE00056A3C62B9F4DBC3666FB,1,每辆自行车除了车型还有编码吗1001每辆自行,快手怎么传本地视频,球球大作战段位,tom ford口红
B6595CEE0B1983A2A64B6D82C51BD39D,3,杨洋电话能打通,美容院产品摆放图片,谢杏芳,重生宅斗文完结推荐
0F552D5C088E4E48C13480D7C93A2C33,2,韵达快递 小说,大班美工区材料投放,幼儿教育网,在墙面环境中学习
9029B41BEC082EC6762C8481EF3F847B,4,楚楚街的纸巾是正品吗,进入天猫要先登录吗,做包皮用的可吸收线是化学线吗,楚楚街女装
6DD09D54E3FE766537FAF772B1EC8D06,2,阿细比基尼,京东钻石会员特权,阿细,如何直角转弯
18BF82DD3E1E784309553BA2BEFD48D9,3,外关,针灸治疗抑郁症吗,鸡翅的做法大全,神门穴
7E68B42EBDEAA9E04A3DA88EE7810487,3,男生称呼另一个男生昵称,眼角大颗脂肪粒很痛挑不破,费洛伊德精神分析,倩女幽魂手游时间
E1CB7ECA3BB2085B94EAC3A1BDB0CFD1,0,冬天穿的上衣,大衣,地瓜和雪糕可以一起吃吗,宠物王国
837372820835DBF560EE4BA3BD34F632,2,vivox7和vivox7plus,苹果怎么查手机是不是正品,手持身份证图片,为什么怀孕肚挤眼
796A07A698940919FF9F88BF27DB23DC,3,提车注意事项以及验车的步骤,百度,许昌到郑州火车时刻表,柿子树供应
61E052448356F232E8FB1202699E2D09,4,故宫那个什么斯门,干部推荐可以自己推荐自己吗,羊肚菌,看图猜角色
1069F334B829E9231A9FC807D58268E1,3,郭敬明,戚薇,手机怎么删除微博内容,看到什么我知道秋天来了
A0431AFE7B61F03065E8FCA3DD986CD4,3,不想吃饭感觉恶心是怎么回事,去哪儿网机票,藏红花的功效与作用,脚脱死皮的足膜的工作原理
5F960801788A855D826CE42D58CE136B,3,高通ms8916,国服第一鬼剑士,lol明星主播对抗赛,lol明星对抗赛2016
C9D4FF113418921DBBB8E52DE37EF3F0,1,微微一笑很倾城电视剧在哪里拍,说明美中两国政党,y=2^x+2^-2的单调性,大主宰
611C1AC013E95456D91E88E0B4B3317F,3,小米有投影仪吗,http://pan.baidu.com/s/1i4kstvj,红包助手哪个好,冥币
F59AF39D803141272B543805BDBC12ED,1,"手机闹钟不响怎么,闹钟图标消失",王旭东,王旭东东东东阿东,杭州师范大学音乐学院
6C1E3290B4C28E99B7A04E5133B06FCA,2,李若嘉,周冬雨男友,何春瑞,英语四级考试2016时间
68106FBC3B73EDDE4537B1A17CF3C59E,5,2016年photo上海摄影博览会能拍照吗,元气是什么意思,玛莎拉蒂06款总裁,2k是多大
3B91E7AD87106E3DFB254DA6F680231B,1,鹿晗的汽车,十二星座谁最丑,兰博基尼,怎样才能睡着
9C87BFF95788382B4E6C13211B26C955,3,猴年女宝宝名字大全2016,诛仙曾书书结局,书包网,天肖是哪几肖
7C9AC0FADF06C88E307C51DE79F5B45F,2,内烧反复,羊肉怎么做好吃,惠普pavilion dv7,煎切片
A35079C4839B78F6AFF42D81CE69108C,1,天津职称古汉语考试,百香果的皮可以吃吗,ms office二级考试,彭心宜
4B2C40462CCA948ADC1C634B4287170E,2,男子直播示爱马蓉视频,何润东婚纱照,瑜伽入门基本动作,淘宝密保怎么设置
5F6E39FAE1A56281EE45B57F1DFAFD1F,1,笔记本电脑触手,微微一笑很倾城电视剧在线观看,龙王传说,第一次应该怎么跟妹子qq聊天
302753A88DBBFB84FE16697A80152E6E,3,抱个瓜围观,蔡少芬,31数字含义是什么,蛋糕唯美图片
45456E34CB938CC4E3DDD277E9778D52,1,冰箱电磁阀工作原理图,纯水机安装视频,jym01020ed引脚图,三门冰箱电磁阀原理
BBAFE6EB6BE252AFB3006718F7CF619E,2,车模要求什么条件,优步绑定卡没钱怎么办,顺丰快递电话,蚂蚁人生的产品
67955525900640277B8B1D4764E3EEB0,2,一年级语文上册课文,完美芦荟胶图片,向日葵头花,田字格写汉字图片大全
8286E960BD53F84612F78948E3EE4290,2,川美涂鸦街在哪里,钟繇,川美涂鸦,大话西游3
174485F023509FD0366A6413B860E11E,1,纤体梅,鹿晗iwatch型号,蔻驰怎么看真伪,星巴克咖啡
8438126887B6D61E9DDF3BA640DD30DE,2,镜像里面的自己和真实的自己哪个好看,innisfree,中国广核集团待遇,上海迪斯尼有学生票么
23A66ED921CD8CA5BA01E038F680AE55,1,百书2,陈子潼,艳遇 poid百书楼,宫宠
7F1C61E4106B0C98DF584FEA062D9F8C,3,养100只肉狗投资多钱,工艺品怎么在网上接订单,九联饲料厂收购玉米,什么工厂招工难
CFE1AEA490FD2D993A175A2DB5BCC10A,1,男生平刘海发型卷发,大都市破解版中文,qq头像,假装一天都没红
C05C2A366E035A017BBF94E5752CE299,0,走婚康九免费阅读全文,如何用排卵试纸测早孕,如何买生育保险,呼吸抗皱套盒
4E1A9709A95525CF08D4EA2E5994930D,2,酱炒鸡胸肉,找个爱你的人不容易歌词,阿卡迪亚大学,ubc
4AFD04530B1FE0A0A918BE349D0E0295,2,水滴互助靠谱吗,大乐透,住院发票图片,张珍医生
31423EE9F04CEBD683210EDBB50DC4D0,1,十宗罪1,长沙会战,十宗罪2,中国人民大学研究生导师目录
B5C93E9B111338810C57B30A3B00B953,2,赵微演户士电影,赵雅芝个人资料,苹果未接来电显示秒数吗,饭局也疯狂
40D5F9C55E6AAA287AD80EC4B28F9E99,2,掌上营业厅中国移动,莲子怎么处理不苦,闲鱼,华为4c
B36D848A9537F5466DC7BEB3607164F1,1,苏州大学双学位退学,英文翻译,诺贝尔文学奖历年获得者,二级解离如何算pka
4716F6CF525E9CD1B5D7027FF7C1C2F3,1,桔子小说,pp6s,古代的舒心日子,爆宠萌货:灰狼boss绵羊妻
9DAFE81A8AD94AA2D18102F89DBAC180,2,一斤等于多少两,蚌兰叶,五年级数学题计算题1001五年级数学题计算题,卷发棒之前做什么护理
D13BAC71C7B5C8C3F0A407AF525DB920,2,ideapad y700-15isk和thinkpad s5 i7 gtx96,球球大作战赛季段位奖励,1280*1024 24位色3d图形加速器,联想thinkpad笔记本电脑保养知识
E0E302AD35B51586295C6158A3B2E020,2,qq头像,那好吧下载,上火了吃什么降火最快,腾讯认证图标v
887C52F2DDFA2C1FBA0742E7226512C3,1,诗人为什么赞美月亮,魏则西事件是怎么回事,李宗泫,读英文软件
78BA51D041E50F75724D12DA68484F65,1,thursday怎么读,draw怎么读,眼睛进辣椒籽怎么办,healthy怎么读
A1361EC105FB45D8806F668B43EE95CD,1,凡士林自制口红,那好吧下载,淘宝上专利文献是什么,百度
7E0CB47DA9EB8005174E6644F1892496,3,大乐透八等奖追加多少钱,维生素e能去眼袋吗,购买如新是怎么样的规律,胃幽门螺旋菌阳性怎么办
2CDE3FFEE27B90B61CD74670265A44D3,2,曝黄海波低调复出,奥黛丽赫本,大便不臭正常吗,同仁堂海参为什么贵
6D8DCCC211EAB9F5FE2A367E534D8A1C,2,一个月之内打胎危害吗,京东一元抢宝如何晒单,mt8389能玩黎明之光吗,新买的苹果平板进去应用商店怎么全是英文
F344D276C7BC39A4BBAB2CE72847E6F2,2,硬盘用时间长碎片多,朗科,黄连素饭前吃还是饭后吃,2016天刀国庆
8BDA7AEE223C244749555435152F302F,1,什么石头可以转运,北电表演系招生要求,父女迷情小说阅读,美图面
9AA412D68E7F883363AFDA16C314363A,2,那人却在灯火阑珊处,从前车马很慢 一生只够爱一个人,韩国樱花水光面膜功效,切阳什姐
D6DD6481F8492244CA25888DF8BCBB7C,2,创业培训,liable,prominent,电脑版淘宝网首页登录
12B04EE5C994C352A725F806F1BBB064,2,大学物理第三版答案,按合成不确定度算,手机微信下载,国家二级计算机考试
C6CD4EBC0954F864EED3CDDF0DC77B71,2,青云志剧情介绍,vivo后台运行程序怎么关闭,宿舍神器,社会实践名称
B1FC11E4514B2DF52935A0F7F37B90F2,3,中央财经频道鉴宝栏目赞助表,女性荷尔蒙是什么,瑜伽入门基本动作,治妇科病的中药
DF82072A7443BB80F846B48FB0163FEF,5,排骨藕汤的功效,维生素6b起什么作用,香蕉的功效与作用,"古筝曲,江苏民歌茉莉花简谱"
85AA6B5479D5250FDB50745A017AAB5C,1,需求与供给的例子,北京四大会计事务所,历年来商品的价格与需求,振宇网
B3AB7D8E4351A2C7DA789326B260A43F,4,儿童橡皮泥手工做月饼,3.2小时等于几小时几分,混血儿香奈儿,怎么做带子
6B72B9A13A87015A7F8737FE52B7A1F9,3,韩国好看的电影推荐,不来月经会排卵吗,金 卡戴珊,人流后心里难受
2A9EFCD2854B71EB7E27161F5A732395,3,公积金怎么补缴,坤宁口服液,公积金断了还能贷款吗,拌松花蛋
72CDE1D2570B2FE2445E99FDA3C7CD78,2,阎婆惜,北瓜,张无忌,倭瓜
A8AE86D295B4629A58B20880CB524FA1,4,嘴唇周围起皮发痒,卧室适合养的植物,燃气热水器打不着火1002燃气热水器打不着火,中国和里约的距离
035E89BF8DBEDFB44A9FA51463BFE2E7,3,疣怎么读,马上有钱广场舞王广成,借钱不还可以起诉吗,和牌香烟价格
8CC4325F753AD5B3F28C37ADFCA89D15,1,古惑仔:江湖新秩序,红牛v5s,思凯捷鞋子多少钱一双,胡歌生活介绍
B73B8A7355B55FEC5031E012F528AAB1,2,被淹多久救起能活,潘基文,设计类专业大学排名,双截棍视频表演
53CC317CFBD6C58204054FF40D274727,1,古人对死亡的看法,琴瑟仙女出装s6,妖女 用英语怎么说,http://
60F9CB658B9C6CE38648B4F43CE010BA,1,好看的治愈系动漫,而不怨尤,八一农大,韩国魔术裤真假
83FCB8B9D45A4443EA1C3F993D304AD5,3,童星演员王莹,龙凤店电影完整版,梁潮伟电影,螃蟹清蒸放盐吗
2155B46B34D05C6A9B98A41DFB437550,4,纷组词,髻的拼音,军训心得体会300,描写枫树的句子
094CBDD68EC336CDD23C8B2097FCB048,1,永恒纪元戒绑钻怎么用,芦荟凝胶是什么,永恒纪元:戒麻哪里能玩家对战,veneno怎么读
C1DA97E54C8BB331684035E9B4F843DE,2,天津滨江道女的要钱,i5 6500,ips屏幕,刘琦车祸
40E8164F6F7B5AA8B5B87397E34ECDD8,2,盛开,同居万岁,呵呵是什么意思,权财
A68E4361E122533B106E7F642E00D7F5,1,天蚕土豆,优酷会员可以双开么,微微一笑很倾城里杨洋用的哪款电脑,小米笔记本可以加内存吗
136444F8C6AE952A92472733CBCA9EA8,2,心肌梗塞,钛合金和钴铬烤瓷牙,大话西游之仙侣奇缘最后的台词是什么意思,vivo怎么强制恢复出厂设置
62266704661013F427BEECE253381601,2,超极本,恋恋笔记本在线观看,属猴人2016年每月运势,热血青春剧情分集介绍
CE3D1853EE2D3C7935E9C4547F184464,2,魔兽争霸3冰封王座,君麻吕厉不厉害,戴尔一体机,狼人游戏遗言
047D14A14A149B4FBDAACD6362590963,2,黄岛论坛,15155168559,阅读网站,开放记录数据在线查
C934493A9BDC1496F3033DD34BC1DE27,3,孕八个月胎心率146,伊利和蒙牛纯牛奶哪个好,胎盘提前二级咋回事,金典牛奶
22507970C0B38C1AC29CD68908BB4567,1,你可以夸赞他们翻译成英文,金泫雅和张贤胜,格列佛游记格列佛游历了那几个地方各有什么,造人的小说
4632DB144A136523768006FA1456843F,1,租房收款收据样本,霸道总裁爱上小白兔,家里为什么会有蟑螂,租房租金收据样本
6135C24C451D0201FBE6B2B3617B4078,3,山东富豪排行榜2016,苦瓜炒鸡蛋,国色天香花开富贵十字绣,把蝙蝠打死了
A8667E685E72E1D18CC0A79D61752FF9,2,安师大历史接受非本专业考生吗,什么手游好玩,北京站怎么坐地铁去圆明园,为什么安装office2010很慢
2E276D3FECC14C6B1C42C8750E5BBA2E,3,孕妇感冒能吃醋吗,香港苹果7多少钱,大乐透,云画的月光小说txt
9291F465DC526E9C5E814FCF640D0F3B,2,太阳金字塔坐落在哪里,m2是什么意思,日神驾车,山重水复疑无路作者
A17E631AD159472D59BAA6457C7E17D6,2,黑椒粉有什么好处,醒酒的最快方法,鸡煲番薯,拿什么煮面好吃
F388822423EE47CB4EB58133100C06AC,3,关于中秋的段落,烧饼修改器,难忘的中秋节600字,呵呵
276ECE53AE6A93DB75721D13C952C512,2,僵尸道长3,微信,金立f103,孙红雷电视剧
5D690AF80ED20B246F77B34D4D8303C6,3,南海九江哪里有宠物医院,怎么补肾壮阳好,纵横四海演员表,oppo7005
A529E82F759D0887DE4928F6AD192F8C,3,优酷与爱奇艺那个接收歪歪信号强,用快充充电对手机好吗,家常小油菜怎么做好吃,土豆价格最新行情2016
1FBD818ACB4430DDC5BE36E4A26C8B46,2,微店怎么开,国家规定老师工作时间,名片,电脑杀毒
119B494FEF1AB962A30BFF918B566591,1,熹妃传诗画大赛,入党积极分子思想汇报,儿童手工制作灯笼图片,欢乐谷门票团购价
64CA3326D9D04CCC52235B8C5FE16796,2,早产4个月,紧张想笑,荨麻疹吃什么药,裸粉衬衫搭配什么开衫
5779D27DEC8C47789AD1EEF380DB8DE7,1,死亡之虫,刘震,韩国马油价格,顺丰速运
348C7A82BF2A9E28E673DB6164E74A66,2,呜呜呜呜呜的英文歌曲,dnf安徒恩是王八,dnf手游,国服dnf大转移视频
4F974E580E873BDD7098C1AA7EE9E9E8,2,晚上戴耳机睡觉的危害,穿越种田纪事,针织包裙搭配衣服图片,刘胡兰
0CBF189FB9BBAE8C51EF4410DE9B4595,2,老师怎样保护嗓子,八年级班主任工作计划,百虔地图,"作文好的,称号为"
7C5EDF7F4094545943E05F4424DC33EE,2,钟字开头的成语,最原始的欲望小说目录,最原始的欲望女儿稚嫩,岳西在线家园招聘信息
FB1E7D0BC5E378F462A3299D55D03AA2,0,丰巢快递柜使用方法,腿坐一会就水肿,g5g6牛仔裤官网,金毛和拉布拉多的区别
1925E8075491E24C60A1815AA1402454,3,兵役法,义务兵不愿意退役,办理临时身份需要什么,携程网订酒店担保什么意思
1B06ACD7C184C5FB2F9D2052FCF3D16C,1,转移支付,冰心出自,冰心,庶族地主
8B7AA60D3F5E7E796E304677519F9D18,1,英语阅读哪家强,做完痔疮手术后吃什么,军训后脸疼,化学四个基本反应类型
B70BD95BFCF534D321514C53D7E9E4C5,4,连一连,大如娘上桥后歇后语,125678 910打一成语是什么,古诗三百首1001古诗三百首-搜狗网页
96FE9316F845C4B85EF0173821011415,3,前列腺的位置图片,胆囊炎,港怎么组词,姓氏的邢
CF31A6435490901EBAE9BB6CE10077EF,1,处罚规则,驾照扣12分如何处理,肚子疼怎么回事,付清账单
F45FB064870AA70605A8F56F02623570,1,广州到佛山要多久,天下3论坛,生姜水涂脸上可以过夜吗,独立显卡和集成显卡的区别
FD08415A4B91B39AEA9409ABBF41AD0E,2,扮着天使的魔鬼,rk rg928,达尔优机械师合金版,专科可以考公务员吗
65E3214FB04D450DE85A41C13411114A,2,邮轮,大学课表时间,fancl维生素,韩国痛经药
53329F62F8DB3042FA4621301B6E80DC,2,91年属什么生肖,快手红人玩得软件,人和万年路到鲁能星城坐什么公交车,重庆一心堂商品路
CA7E8F8238AADDC0FD51999934A9D5AD,2,戚薇,安井千惠和费玉清,琅琊榜王凯唱的歌,夏利
EB858F7601CBC8AED9C0906BC417AA0F,2,舒尔se535怎么辨别真假,球形风化,威士顿w40和akg n40,akg k3003最新编号
F8C36874F2DA258EDF74A94B4B6BC940,1,杨幂喝醉酒的视频,好玩的单机游戏电脑,热血无赖怎么开车灯,曾志伟电影全集
697190F9FCE3053408E501965B37F2D9,2,炸药分几种,445544现场开奖,赵小磊阴霾歌词,那英
B01F068DE4681A6C4674660BDFDBCAA0,5,甜品的做法,香港什么手游好玩,月经来后多久可以游泳,lol组排规则
203FBF4E175C6710BBB66C722F09AA8C,2,oppo打架动态图,美国不敢让谁碰电脑,上大下力念什么,浙江鑫龙工程管理有限公司
C51BF6FC4836BC851E05204D4E88B70B,1,中秋节干什么,严厉攻罚受,耽美都有哪些类型,重生之学渣系统
B7D8EDFF4196DAC43EBBA36817599824,2,傲娇的表情包,嘴唇发苦是怎么回事,幼儿园黑板报图片,健身房什么运动瘦大腿
88250A96F299ECDCB4D0DE49EEC4A2AA,1,电脑有漏洞要不要修复,龙之谷巢穴在哪,龙之谷宠物怎么获得,华硕
30B4F55E0765AD8428697837E82038A0,2,买游戏账号去哪个网站,三度诱惑,善良的小yi子在线观看影视之家,金瓶梅在哪能看
E52235FA006738BAC968EC78C78BD10A,1,生蚝一次吃多少合适,睡觉前洗脸好吗,吴明遥,joey.z
1FCC8895D50A5B64B80951BE8EF9B048,2,张家界在哪个省哪个市,刘邦在哪里建都,描写九寨沟的诗句,九寨沟绿野青年客栈
8F823995974F68F300A4C7859ED72017,3,上嘴唇两边长红色小痘痘,第二代身份证,玉米和胡萝卜可以一起炸豆浆吗,河南省上蔡县教育局电话号码是多少
7E39CB62B0C4EFBAF70AAE4213FAA214,2,第几期跨界歌王有李亚男,从大同到朔州大巴多少钱,宫颈糜烂如果不再同房会不会减轻,跨界歌王
B1456D60F4405C7C7B9865E018482184,1,男生想留长发怎么修剪1003无标题,mudbox快捷键,百度,监狱逃脱
7CCC2D28061C40986973531FE9B3AB3B,2,死亡邮件,月球,鞠婧祎怎么读,大学生来了周尔康
E1DC6D128C781214AFC87AEE6DC3CEDB,2,枭宠 慕少情难自控,美人鱼歌曲,内蒙古教师资格证报名时间2016年,玉肌散
521830D849A3A8A34C1C4D2A6096D610,2,最近有什么好听的歌2016,农胜在哪里,今年结婚的明星有哪些,顺丰快递官网
D0F4286098830B1550477E86CD6E05F2,1,新出来的手机直播间,电影资源,熊猫tv,文森特
44A3B3EC6D16CBB0B332EA2570C45A54,4,林志颖,信阳到重庆高铁,林志颖腾讯视频,孙红雷电视剧
769EF0993847E473AA689294011B778C,0,医疗安全不良事件 非计划再次手术,ctnm ptnm,股骨头坏死 首选,微信消息免打扰什么意思
6AD5A8629770EDDE6C0EF4D6AA05ED2E,1,牙医收入,衡阳市协合口腔医院,玻璃离子补牙多少钱,一叶子属于韩束吗
75F7DC067A0684712F715E0094A725BF,1,体重管理,美国共济会是什么组织,畅轻酸奶,香蕉的功效与作用
6429D00D4195231CCAD847805762A02C,1,qq部落怎么砸鸡蛋,小龙女被尹志平玷污小说,带清的成语,货到付款是把钱给快递员吗
2D0776E5873771F7FA4A48D28E999B1C,1,好看的动漫电影大全,眼睛红疼发痒,长期不去角质会怎样,场景好看的解密游戏
9458178AE36007BEBDE9049A2F0582B1,1,中国旅游景点排名,谢杏芳,沙滩排球3,5毛特技韩国真人最佳10015毛特技韩国真人最
269D4602372043161664D9FEDB94E2BA,1,一直打嗝怎么办 怎么止嗝,英语作文软件中职,感人!实拍母鱼被钓起 上千只红色小鱼相救,汤唯代言的化妆品
0FE0625C26657697C7A6D890EED99934,1,腾讯防沉迷身份证修改,兰博基尼,宋组芵个人资料,鸡眼初期图片
6FD7DB50023AE855CCAD75CB35044C48,3,天秤女配对星座,大智若愚,蒸馍馍的反应,阿拉伯语问好回好怎么说
043B55FA7E851CD1249665F35EB8D175,4,失眠影响怀孕吗,形近字是什么意思,排卵强阳转弱生男孩,艾灸治宫寒的最佳时间
3B834091B084399E3FC72690A5B682A7,2,夸人的话有点创意的,这么给女朋友说好听话,飞机票,跳舞兰接转单平台
08F5F2291F340D0D8E78F9EEF9E3F1E0,1,黄超铁蛋黑社会,大连最牛婚礼车队,风吹动他的从前,大连芬迪专柜
B1EDBB7E88517E295AB6AD680D0143D3,2,炫舞双倍通关奖励什么意思,荷叶袖,电脑体检分数低有漏洞游戏就上不去吗,美图秀秀苹果版下载
83231FA80EF799F2D8796CA236964525,1,hebe林俊杰,成都协和医院地址,粘土猫头鹰,紫色的草叫什么
F645309FE2A68863F3956730CDA80B63,1,u盘,雅思书籍推荐,桂林是几线城市,windowd10应用商店下载以后为什么没显示在?新疆哪个景区最好
7A8E83625F457F2D6383DCA528A44EB9,2,感觉白带流出来,新手机正常的耗电情况,湖南卫视周四晚十点播什么,excel序号001
8A0D1D742994F5270135D15683A2D13A,2,努比亚z11评测视频,温柔的谎言,妖精的尾巴漫画499,微信
40AA481CCC8986B5729FBD954C463B24,2,火影佐助哪一集,海贼王漫画那里看,严星月唱过的歌,百度
1DA62E5718C82DF73BF1FF5A27BC9DA3,3,凤凰山有多抖,梦见和男朋友冷战,印度,孕妇可以吃河蟹吗
4821B6FBBED2951C7400A307F5962339,4,在线免费拜佛求签,海藻面膜千万别买,梦见寄生虫在身上,地藏经全文
86F95DA90FC5CF1EA4A6D3EF695E0507,2,延津县马庄乡移动公司电话,大懂位菜,老鸭冬笋汤,手机黑名单在哪
54492127532D14924362887EFDFF7312,1,法兰琳卡化妆品怎么样,外用雌性激素的副作用,bf风是什么意思,春雨面膜功效
CC5C2F1DAA9FF8D11C558ACCC6D4D91E,1,小辣椒,我们的十年,怎样辨别护肤品真假,学设计从何学起
ADF25756AAFD74BFFB57AAD6EB2FAE54,1,复旦大学宿舍,tmt行业,长图片怎么做,联通号码归属地可以变更吗
CE33BA5D1271817439B57211FA3F2C8C,2,我的淘气王子总共多少集,爱学贷怎么解绑银行卡,阿迪达斯女鞋碎花,淘宝达人馆怎么才能让达人推广我的商品
1AC2B18D81DB684A8500C14C818A645A,3,太极推手,周星驰电影里的大师兄,万能钥匙越狱版,段子去吧皮卡丘是什么意思
FDB2F12A78F45B20C43241E3C0C9D042,2,美人渡君,总裁崩了对谁都不好,没有软尺怎么量杯子配杯盖,鉴宝名媛有妖气txt
56F4B74B48287F48DA5A3962D7F7FD95,2,大乐透,乐视安装包,三精硫酸锌,发财树树叶有白斑
79D4DD95546CA4D8C7AD6637D4A89AA5,1,合肥红缨幼儿园在哪,水调歌头配乐,猪相关的灌口,羊蝎子是什么
EFF8CD08BA5CE144F31FC51320D10AB6,2,揭阳移动宽带官网,终极一班之雨冰之恋,百度,终极一班3之大东雷婷
DFD3E99CBA5D51C5DA2B275918BC6C0B,3,清朝末代王爷,明星保养皮肤的方法,微信怎么建群聊,桑黄灵芝怎么吃
C9DAB7DAB20FBC3CC91958A93FE2754C,1,什么颜色的口红适合40+的中年人,parked影评,英文,科林摩根和布莱德利
9B93EDD26F9CC694E8B52A8EBB1BADED,2,假酒的主要成分,学号不好辱骂老师,德国国旗,prejudice和bias
B91E521DE8D037E4F0AA5C97A4762E43,2,你住的城市下雨了 很想问你有没有带伞,佛经经典静心名句,痤疮会传染吗,中通快递单号查询
3BEDE8A6DEC66D14164775D65CB3FF40,1,经期之后还有淡红色血,怎么预防妇科炎症,高俅当太尉是什么十二生肖,头号帮凶打一生肖
EE5FF639BA422CAA22D7A11BCBDE09E7,2,肠胃炎敢吃鸡蛋炒葱花吗,买热水器带喷头吗,excel中vlookup函数的使用方法,台式电脑怎么进入bios设置
6B18F06ABD33B0D590103F72FD31BA67,3,微信零钱密码忘了怎么办,做剪花图片,别人加我微信加不上,英语音标怎么学习
9199B55459F3710FD43E422B6FB4DB84,2,山西省晋中市太谷县农业大学快递地址,黄景瑜图片,男生义务兵年龄限制的21周岁是指验兵前还是,打印机里面的墨的价钱
64D2CEA48A231235D1914158B7989A81,1,ontime发型工作室,用一梗吐槽时,美国加州时间,安妮宝贝
88F37AF601A795E38C6CDF8F216F1C10,1,王宝强新片遭抵制,第68届艾美奖,为生二孩和哥结婚,林志颖北京坐公交
403CBF9EAC665EE901515B8088C2ED37,1,老干妈,资本论里揭示了资产阶级压迫无产阶级的奥秘,湿疮疥癣,湖州
35FFD80348744D310C7637A3FAFED7C6,2,网王之麻烦协奏曲,综影视耽美,恶魔之子网王,网王算命的莫大师
C4B358AA4314AED0FE9C0A8113C67083,4,盛开,天天流汗会瘦吗,蜡笔小新剧场版,哪个外卖软件可以用微信支付
EC3BF7C451568A1CFA89A6B2DA561407,1,台式电脑不用路由器怎么插网线,约会大作战剧场版,天涯明月刀怎么挖宝,网上卖的台式电脑一套有哪几样
A6D4E5ADD287F6AF0913672578535627,5,西瓜大饼,唐安琪烧伤,魔兽通关,秦时明月之君临天下
86DC17C461EAF871F294702890C776F7,3,做蛋糕是没,做月饼用的碱水,刘谦魔术视频在线观看,张孝勇书法价格
41DF38C13B2EB26507B58A99E529AF3A,3,天下三手游打不开,075595511,代课教师辞退补偿政策,驴肉火烧
5F3FE1DF2667B834C13C08A9401446A8,2,头发颜色种类2016年女,头发颜色种类2016年,鱿鱼汤不能和什么一起吃,有备无患是什么意思
210F3117850D6EB57A540F2FF53FC576,2,兰博基尼,女生,火拳艾斯,taobao
5067918C0AF8567DDB64280EDC5805D5,2,壁虎进家在风水上讲,小学英语听力在线听,购物中心的英文,教师节贺卡图片大全
890034E7F86074063BF08679E7C3E90D,2,网络兼职,养蜂农蜂蜜怎么样,切完辣椒手辣怎么办,百度
3FFE99F3C3C520022A4980BEC0707DB6,2,面膜每天都要敷吗,自考新闻学就业前景,洗完头发是先用护发素还是发膜,大丫鬟之流云似水
73BFEBAEA325EA4C571DDE4F81A552E1,1,手机聊天赚钱软件,聊天赚钱软件,童话二分之一,手镯表
CD6169AAA0A9B9A961CD935A606167C6,0,北交校内邮局关门时间,异世神级鉴赏大师txt,请君入梦,强势攻防百度云
602F09994D41F326B7015E7FC64FF8D8,2,qq三国卡79必须知道的事,青霉素过敏会死人吗,像武警作训服图片,活着
229154B668751C96EE70747B4F00312D,1,暗帝的魔晶幻影阵是多少级的,2016逝魔套改版,她说 我阉了你好吗,腾讯网
2473586C111734C16E209DEBC65EF708,1,豆蔻洗发水怎么洗,人民币和韩元汇率,微博怎么激活,黄一琳直播
FEF07EC0BA57967148F5D189B1CE7FB0,2,瑞信,美图秀秀,太原比较出名的小区1001太原比较出名的小区,亲爱的公主病真贱
4C84EEAF7B809930041E686D1C7989DB,1,兰博基尼,十多万的车排行榜,李易峰和赵丽颖演过的电视剧,刷卡付款
EBEBB17CDE6C320A4E7999A621BE1322,2,电脑进不了系统一直重启,闲鱼上买东西可以退吗,贵州有中华香烟卖嘛,南京地铁1号线
BA57782352D93ACD5FFCC5725F7B83D3,2,豆浆敷脸皮肤紧致,什么说,天赋基因检测怎么用的啊,为什么去了拉萨后痘痘好了
D4083E4F8499322F3BDB398D06A604ED,1,阿娇是皇后吗,孙行者为什么对胡适之,百度,贴吧绑卡支持什么类型
F5FE3CC801F8CF62004292B2C09BFDE4,3,苹果核战记2,冒险岛爆破手,冒险岛输入法不显示,冒险岛咒语痕迹怎么得
396E3D849463001FC553704C83DF1AD0,3,菏泽市立医院,天天酷跑蚁熊和绿巨熊哪个好,天天酷跑怎么一键滑翔,移动星级用户标准
29B75BD8740EE59D41185118E447135A,2,安赛龙个人资料,yoga3 14,win10系统还原,dell xps 13
B3F10AB90698FB5F134289DA53608555,2,僵尸道长2,僵尸道长3,戴口罩下巴长了很多痘痘,刘涛唱歌
6EAA9DFD15C436774BE4D6F8DC625215,1,在iphone官网买的手机怎么自提,苹果官网买手机分期付款对信用卡额度有要求,滴滴打车我没在规定时间内上车会怎么样,达芙文
E983DA0F4B73D46B501DBDA80991C1E0,1,天天敷青瓜面膜可以吗,现实生活中的诚信例子,良心经营的作文,良心油条哥高中作文
1FC937579731A3A4D9297C1A7FCDEDEC,1,教学楼102室英文翻译,鸣人小时候的图片,以语文为学习内容英语翻译,玩自由之战哪种情况会被扣信誉值
A0A33C631A4218323C48135E601F98C5,5,自制牛奶蜂蜜美白面膜,直肠癌,装酷网,手机接收彩信收费吗
0805BA8C53B0D9D39A0294CDBAADAD93,3,玩耍的近义词,数字歌儿歌1一10歌词,数字1像什么2像什么,汉语拼音教学视频
496964540C93AE75CD4D1730C67796B3,1,9.3.4越狱,ios10描述文件,18岁青年的房间装修,自己组装iphone6成本
25B4513F5F82810C71D3BA8F0A90E060,1,应该咋么整理鞋,神马电影院,西门优纪,一起作业
8A235A2E8512C65CBDD6B9BB8433C3FC,1,qq冒泡装逼,我的世界拔刀剑视频,1元人民币等于多少日元,拍照技巧
71E0052711235CED2C695F948EFB9A43,2,优酷下载安装,经常丢钱有什么预兆,来月经可以吃秋葵吗,最近老丢钱怎么破解
FBE98D9373DD4EF1775A4B217EDAC897,2,绿衣诗经,太平洋电脑网,问道忘记三项资料,驾驶证挂失多少钱
C5C12E2C4195A95D0035824E3D55E77F,3,安全诗歌大全,www.1122ap.com,三字经全文,家常卤水的做法
4F141529EABD415111CEFC31D9481152,1,性格色彩测试,七年级学习目标怎么写,选树心理测试,长发中分美女图片
F61FF856A45647D5800B303560814870,2,pdf水彩萌猫绘,奇迹暖暖15-6公主级,教学设计原理 pdf,政治考研
A5CEC24E9E3D986AF8275B4B4F183839,2,南宁59路公交车路线,当代大学生品质要求,广西灵山县扶贫办的地址在哪,胸前大学
676A2C354640AEE7685E36990D96F6E4,1,食物中毒吃什么解毒,歌词留言的好句子,皮肤过敏用芦荟胶可以吗,怎么看好友的附近资料
CC38EF2DDFDF50632AAB284CBFA5D7CA,1,中秋节周记写月亮的,一笑倾城歌词,自然数包不包括负数,学习方法报语文人教七年级(广东)第一期的答
C85A10FEEFB45FA3F2D7399A33E9395C,1,上海江城,怎么让痘痘快点成熟,十月一日高铁怎么停售,上海华山医院皮肤科
C499E79C4E4A48C8E5A1CCD5AF738CA1,2,台剧偶像剧大全,我们要爱在一起麻辣烫电视剧,支付宝客服电话,颁奖典礼2015完整版
A36D8AB90FE383D98D5F5A39DD48E762,1,王茂蕾,具惠善,梁旋,小时代最后的火灾谁放的火
25779CAC764880580EE403F75B474F64,3,子惠思我 褰裳涉溱,手机照片上传到icloud以后删除手机照片,行尸走肉第五季,具惠善
8BEB770AE14F2104F9914F636E0D783D,2,时光不会在倒流我也不会在回头,孝敬父母的句子,西米露要洗吗,十五的月亮十六圆[月亮]
D01281355AC3BDA90B85E0758276A6CE,1,转学,华硕是国产的吗,语文必修五文言文报任安书,国产笔记本电脑排行榜
12335FB23947C7B06AF8C26F7ED38F56,1,抚玉,防晒霜,http://,薄酒
2324240D7CE206EFB741D0D5584B3252,3,不要动不动就倾其所有,英文翻译,林夕梦,腿抽筋
DDB482F52C2BD8F6270798529E58AF96,2,梅毒图片,吉他自学三月通,去疤痕,腿上起红疹
3366332ACCB8F25B7109ECC275E8F67D,4,中国聋哑人手语视频,中国人娶巴基斯坦女人,二手苹果手机,mompron
7A057CE2C17E1E92DD9BCE51C5C734E7,1,战锤,日本里番漫画妖气网,工口漫画h,宋喆爱杨蓉吗
16DE0E234401C18E9F73D938A5535FF8,1,偏分发型图片,孙中山,充电5分钟通话2小时,吴邪
D499F056AAD1B7FC635C87C7C39D9729,4,齐白石画虾的特点,品牌女童鞋,我的课余生活作文300字,paint怎么读
8D515D2AC49748265F861BCF49BEBE42,1,入殓师电影为什么被禁,字节计算公式,免费心理医生在线咨询,不饿但是想吃东西怎么办
558F273EAB315ACAFE9DFCFDB98328C8,4,三字经全文,我们的成长离不开什么,描写书的成语,四季的风的各自特点
AD35AB127F8CC291D4367C6C6C9087E1,5,永州哪个医院看妇科好,一叶子面膜怎么样,acome逍遥全文阅读,微微一笑很倾城电影预告片
65BBEB09AAFE1C4153D2756825DBE4B3,2,北上广不相信眼泪,深圳海关招聘信息,不忠,"ct中的1i,2i是什么意思"
7C42111966BFD9FBA88C2947ABDA1DD5,3,两只手图片爱情,跑狗图,刘在石心形手势,形容一个人无聊的句子
2923A0CFE3506C91CDB28F8FAD8EBB5E,1,靴子男神真名,类似trendiano的牌子,花椒怎么用faceu,蛇蛇大作战手机版
70E9018F5BDB1D3CCEB3B92A330C1FD8,3,fb-730k打印机,保卫萝卜3码头12关攻略,保卫萝卜3码头44关攻略,保卫萝卜3攻略公园40关
866CBE324F850873BABBD694A06AB895,1,傻白甜是什么意思,战舰少女南达科他怎么样,奇迹暖暖攻略,奇迹暖暖夏季游园会
BBAB5524413C0557F290232EE078F065,2,如何在群里成为特别关注,王迅,crouch,有什么好的电影
33D802BD79B369AA4C5C6C8801F2784A,2,重生名门千金,乔任梁去世,淑懿皇后( 高h 、,有苍蝇是因为什么
DA1D888374FBABCD481BFCB9E9824E10,3,梦见有人给我钱,大话西游3,捉迷藏电影,电影
63A8F1DC45D787AE3210F69A39ECAAC0,1,南京大学2015年录取分数线,王瑾,类似这碗粥的文风,265公交车时间表
3065C82D70F95844E964E084782A484C,1,化妆教程软件,中国结编发头发,聂磊,深圳天气预报一周
43C497956E57ECE803C102BE6FE51F93,2,怀孕四十天,突然没有孕吐了正常吗,怀孕脸上长痘痘怎么回事,梦见自己生了个女孩
B9F2AECDE94034E6B70ADA5C0E8BB213,1,死亡之虫,angelababy,理解用英语怎么写,怎么检验手表是不是正品
39E54FABB33CBA5A8440C5881FF19144,5,兽类指导员,泰山学院宿舍怎么样,等我长大来爱你,男角腹黑师生恋的小说
D06DF4C37725CEEDE332985292125C7E,4,有没有用身份证查开多少手机吗,大乐透,皮肤黑痣增多,罗汉鱼皮烂了怎么办
272813C87EB5A0E4B3DE4D27D392EA53,2,nec投影仪,江汉路二路南京路,你是我学生又怎样,跨界歌王
15360D28CF8FB4B97747310C6AFECC74,4,碱,普通话成绩查询2016,顾家家居,半壁山
BBA35ECD4A4C4047853C051569175A70,4,广西体育馆成人学游泳,泰国寺庙请佛牌,教师节快乐的英文,酸菜鱼的做法
852D1906681341240E008BE6E0CE6BFE,1,大写的卧槽 图片,王虎寨村,中国品牌鞋子排行榜,上牌照需要什么手续
EBA8F3ACE5DDF8C8A01F7D79B3E2814A,2,考驾照,阴道口,宫颈尖锐湿疣症状,感悟人生哲理句子经典
E352D4502D5E55002F5684F1DBF11AAE,2,一毛二是什么军衔,browser,相对分子质量分布,echo回声
D329EBD811A04F2FDE99BE8454B17101,2,快递价格,硬盘有一公斤吗,车架加装v刹,长海县
AA4C7D77768B650FD8C15B0EB3632801,1,午夜快憣app是真的吗,定制手机壳的网店,动漫手机外壳,六星上将
FFDC0FE19534B5E3030602FFB73A2F07,2,鲍天琦,卯时冲,早上六点多是什么时辰,属猪的和什么时辰相冲
3E391A26788AAB4836610212AC197F8F,2,calvin klein皮带,有关天气的句子,恒大集团,南京同仁堂
CF219F2FBCD42E51E645514BC6DFEAF4,2,来月经吃甜食会胖吗,菅韧姿邓晓雨,三个月减10斤,木材包装材料分类
2B39FB15DD54D5E44F32783BA417834F,3,电放提单,妻子的诱惑,为什么会胎停,脑白金
71993C60F444EEC2F183DFA6C84407A1,2,恶弟的放纵,男主重生悔改的文,肌研极润化妆水,精米提取液no.11
FB317820BB7C17F5EB9578AD4529A418,2,剑灵怎么解除安全模式qq,透视小说,我的女神未婚妻,钢铁魔女种子
FF64A8ABCF22520B0D989DC81D7D25F9,1,悦诗风吟防晒霜韩元,思维导图,口臭怎么去除小窍门,明星的简笔画大全
2A3E8FAF8E60CD764E4983FE756A1274,1,卧铺的热水,南京地铁路线,建设银行个人网上银行,邮政银行改手机号码
2083B0CA5B841BE67FF4C8C8E2E97315,2,白莲攻略咸客,屈臣氏碧柔防晒多少钱,建设银行悦生活,童趣文言文
1D3856A53EB94CF0D26B8E91B3FE4DED,1,尚美,准新娘吸毒被抓,顺丰速运和顺丰快递一样吗1002顺丰速运和顺,追凶者也
663EEE947D711EBAB9D92D8D50E07BFB,3,奔驰sl600图片,任正非简介,致热资,超生了怎么办
56920D7BA83B24B4890D49C6AA8AD7D5,2,运动完多长时间可以洗脸,首都师范大学研究生院,河南财经政法大学代码,郑州166路公交车路线
0AF8B8D051947B178D0E682C51F9FD2F,3,佳能7018c硒鼓型号,小米手机账号密码忘了怎么解锁,enlarge是什么意思,受限制或无连接解决方法
28F467DB8E577E8FE08F1B6722EC2BFD,1,国家排球女运动员名单,qq音乐清除缓存,柴犬,qq音乐清除缓存会怎么样
813CEE6E22E96289C3476B6A2D2F8CBC,3,戚薇,搜狗图片大全,口苦吃什么食物最好,短发
06003786BDCF41B820116924A63C02B4,2,茶文化旅游论文,宜春市医院儿科,浙江杭州美容,vivoy23l手机
5BD1F27B0FFC3473FEF4EAD7EB05059C,2,过敏性紫癜症状,放手给你所有碧海蓝天什么意思,老吴公考,毛囊角化症
FC46DE57AC0E349B3082D88AD99037BC,4,欧舒丹官网,万达华府,伦敦塔桥英语,完整的反义词
BB12BEB9E9F9EF9F04117C18995D554F,2,荣耀7尺寸,coursera,mellina,圆通客服
A04B50738C92517198507D322C73A666,2,湖洲到徐州高铁班次,七月七日晴,没那么简单,爱昏了头歌词
F27DE9D3A24B0004D6BA63CA7CA59038,1,余罪第二季,鞋带的系法图解,cf,高潮
8B614C7D0DEE6C95C0AEC011EB441563,1,vivo青云志手游多久开一次服,脸上有红血丝图片,web用户注,化脓痘破了发炎怎么办
0D45A965ACD368F8AA6C93BC9750F310,3,夏末初冬,星座配对查询,abs工程塑料是什么,双子座和什么座最配
125340BA342BBB0E744CBE096CEBCCC0,2,更新网卡驱动后不能上网,烧饼修改器,吴磊刘晓庆'',angelababy
B672AC2EA96592D63E397503639B6B5B,2,佟铁鑫,大鱼吃小鱼,哈达,现在的乔羽
A3C3BC3F1D7779B049DB2E8055E8BABA,5,清代御医图片大全,八旗兵图片,武警站岗图片,古代毛笔的别称
9F9AC08BAFDF9A7112F1551E59BF6B0D,2,薏仁粉加牛奶美白,充电断断续续什么原因,电池坏了能冲进电吗,中国医疗改革是什么时候开始的
41B0C0DE5B26DCD7341F5E5E5A4C6469,1,新百伦997.5灰色多少钱,http://www.qyule.lol/popular/,指尖,河北哪个城市最好
4727B0D36475876FC79E51B75CD3F361,3,宋欣佳怡,落英缤纷的意思,落英缤纷的小说,宠物之吻
BEB844EC3FA835641B4217D5FC589947,3,老翁徒手击退黑熊,对朋友失望看透的句子,鹿晗图片,母女考上医学院
DEF6B01763940600F844670256EB450E,3,百度,福临门真伪,宝宝睡觉吧唧嘴然后吐,化验大便转铁蛋白阳性
ECB2B9472F89940481F9613382A882FB,2,什么味道的香水比较清香,文具盒密码忘了密码,为什么一拔充电器电量就不是100,梦见给死人磕头
484C6B807C5A8F693FB781786F3E1377,1,郑州人民医院人流多少钱,用顺丰从新乡到安阳多钱,19岁中奖咋办,婴儿面膜真假分辨图
DE2BE7FB1B2855E8F0EDFC7ABE37355E,1,湖南卫视培养艺人的节目,为什么我的手总不能,邮政银行卡不用18岁,聚酯纤维的优缺点
72EF72E4B9DB2B3C3CDF2003746A0A8D,2,311教育综合大纲解析用哪个好,上外中高级口译,华中农业大学研究生院,广东外语外贸大学国际商务专业考研
929D4295693C0F042599865C65EB505A,1,秋毫无犯的意思,错过性别错过爱电影,餐饮服务员的心得体会,具惠善
B9B77957A8DCA563153CBB1FA96BB558,2,龙水湖导游词简介,ai,乳动码头,西游记之三打白骨精
1852C20E76B4EB1C694B80E8809B7439,3,龙珠软膏能治痘痘吗,迷迭香 黄俊杰,百度,johannes
587A60513602A4C2E080EB564BCCA859,1,山东医专济南校区地址,英语写日期的格式星期,微小渺小的短信,苏海燕
585E37735C70D82862CC675A92E607B6,4,逸动xt怎么安装软件,2016铜川事业单位招聘,病毒性感冒症状有哪些,崖柏
5E648B7D66134796CB7C5D7E9CB3FB92,2,loca事件是什么意思,无能为力显得苍白无力,湿性坏疽,白城在哪
B30C7E0D812662898D5660BF35C7AFB1,0,重生宅男的末世守则 章溯的cp,一品青楼云崖,马克思主义基本原理概论,淘宝上怎么联系卖家
C687497584BDE88A05945A5B6296DBD3,4,死亡邮件,宋瑞平,荣耀v8全网通标准版,无痛唐筛
B1528CC5360139F9B7F0A7AEF8D0ABCC,2,分分彩挂机方案,后二怎么杀号,后二做号技巧,神圣计划手机和电脑
AF7F1C9D52515065FE16C2A584CC0D8D,2,怎么在球球大作战中得到棒棒糖,怎么让word文字分栏,杭州g20峰会即将开幕,聚宝盆电视剧图片
5696FADFD02251E88BA391D48CB1545A,3,香港名人榜,酸辣汤,孕妇能用香皂吗,outstanding是什么意思
66D41CAB459C6F88D4585A0E813ED08C,2,天津 胃病医院,天津市第一中心医院,瑜伽入门基本动作,java的应用领域
7AD8FE2AAB57C0F10FCE44D9E9F45801,2,独自一人在家教案中班,中班幼儿歌曲简谱,教师节手抄报图片素材,图形教安
4DC97E6E1CDB1FF8898146A9BFA00959,2,孚祥背景墙,钢化玻璃图片,肉体的恶魔,描述女性云鬓的
99D42365AE7B9F9AFF12EB1E3098A2A0,1,痣周围痒要切除吗,碧桂园生态城,女人要爱自己善待自己,腰间盘突出的治疗方法
BA7773413B45B7B95CB5A56EB585EFAC,3,173开头的是什么电话号码,aabc的四字词语,中班数学教案:大家一起玩,"做一个长8厘米,宽6厘米,高5厘米的框架至少?大班数学教案:认识时钟活动反思"
1A0B4612EA12FBCFA48522604DECA7CD,1,月夜之恋,短发马尾辫的简单扎发,少林寺,没有钱动漫
3CB16ED7591C1E0ED840FB32ACD33F72,1,头发比较长适合什么发型,王者荣耀没网可以玩吗,耶鲁官网,唇装需要的材料
781EC0DC1DFB8243582F414C79EAEB9B,2,天天打波利战队怎么玩,骷髅腹语表演完整版,网店的市场定位有哪些步骤,怎么备份电脑系统
72F642F7D04DE9880DAE6FCD19672CE8,1,形容闺蜜的四字成语,莫比乌斯环,咖啡陪你苏州,跨界歌王
7BD08F6F93BC2E0FF9AB14B45B75AB4B,1,巨蟹座男,在中国家里没有汽车,怎么看的出男朋友喜不喜欢你,很久以前如果我们爱下去会怎样
CBE050EA465FA970D34A822CDA9CCBC1,3,杭州g20峰会几天时间,郑州身份证开头,郑州47路公交车路线,郑州绿城广场在哪
92EC30DF32ACB3342DEEF4F79EBFCF23,1,号令召三老豪杰的号,铜绿的化学式,bysz20141920@163.com,陈涉世家翻译
1BDCF6C7B133CA7670DECC7B85A9E367,2,15万左右的车,怎么看是什么时候关注微博的,长沙老干部退休第一门诊,胎盘
9ACB08E8CE0319BA5A245BA939421DFD,1,我的人生诚信诺言,重庆,办贫困生需要盖几个章,英语四级多少分算过
4435135CFB38DCEB51F2B19CA259C1AC,1,韩版女装休闲外套,中学生鞋子男,白色鞋子,黑色哈伦裤
E1F8250498B12D64DC8549CF36C94787,1,燕大附中,石家庄市118公交站点,包皮手术,湿疣
EBE34E733130200274F88AC952E8EC87,2,烫发顶着机器要多久,excel,浙江台运集团,螺旋烫
EDCD26C6559F70171AB58C67A5F3CEBE,4,郁抑症有什么症状表现,鹿寨新闻网,佛珠手串可以戴脖子上吗,洗发水什么牌子好
95CD35187D1A9D17794A4C8CE449A91E,2,苹果7和三星note7,爱情公寓五几月上映,徐峥,夺路而逃
80A4E4B368E859E797BFA88B8F00768C,2,入党申请书格式,华为5a 刷机,陈若轩结婚,参观机械工厂的意义与目的
7857D0DD792964284A2A58007C04BC63,3,脑筋急转弯坑人笑话,武警老兵退伍卸衔,美的空调遥控器坏了怎么开空调,张艺兴代言的游戏
398F2012B9FA30D33AE15BAB178B0617,3,找工作赚钱在家做手工,汪俊老婆,万达副总裁,孕妇梦见树上结满橘子
6996F7ECEA3E8D6E4024D2FD43A01518,5,延世大学韩国语教程,致炫2016款,哪里注射乙肝疫苗,葛平
57D582AFCAE2FD47457BFA7EB299E346,2,余先生请多指教黎箫,一头热txt,余先生请多指教,瑜伽入门基本动作
0E7CB078268411E1F9A171BC62CB3343,1,逆战内存多大,逆战既能,营口到哈尔滨,逆战商城
4E3766C238168ACC99934EC11DCC2A72,3,吃驱虫药会拉软便吗,验孕棒多久能测出来怀孕,怀孕四十天有少量出血,怀孕建卡流程
F572ED661EF05EC3ED9517859C56E87E,1,锦涤桃皮绒,百度,网上买票身份信息待核验怎么办,情侣头像背影
F7ECE51FADF14404486EBC16193B647F,1,抱抱,dnf冰结师刷图加点,魔兽世界的yy频道,惊天魔盗团2迅雷下载
9C1EB19356201437B5668854A5D80042,3,10几天的宝宝肚子胀气,初生儿什么时候能变白,婴儿饿到了会怎么样,产后怎么睡有利于子宫恢复
30E4A49CCF9967D8FD3C2F8CBD0FBE64,2,圣者金牌月之女皇,赫拉斯什么时候开,掠天之翼远古首饰选择,赫拉斯改版之后什么时候开
4D8E8B5A0CEF56F414F1300E219B2262,4,霍启刚个人资料,玛丽黛佳粉饼怎么样,什么牌子的粉饼好用,交警合同工怎么样
13AAE38668CF4834202E060D44179E5A,1,异世灵武天下玄雪凝和陆少游,手游火影忍者千鸟千本是哪区,王美人,冰锤减速不明显
C0F16E86FD9AFC1E20CF9176983509F8,1,车牌有个使 小说,送美团外卖下什么软件,阜阳格拉条,蚂蝗图片
AC4FD72382079F2935F148E1285B9904,2,百度,对e的x的二次方减1分之1求积分,应力张量,格温妮斯·帕特洛
A4661153974B081D25D9A4F5E07FC4BD,2,假猪套,秦时明月之君临天下,ap大嘴输出,魔战肩属性
61D929F88BEECC65E36BBE630BE8F584,3,皮肤怎么补水,美图秀秀,"为什么有的人咬肌大,有的人小",割双眼皮多久成型自然了
CD71669F725F6382A4FA6A2A14C33024,2,贵州省针灸学会联合会,三星note7还买嘛,百货,售后服务
8FFA7A955C8B72E64E9B4A1EA03286A5,2,戚薇,隐形眼镜护理液开封后能用多久,音乐论文开题报告范文,百特喜
287D63FECA40E92A4A2CEFA12CFA9F06,2,咳嗽热咳和寒咳有什么区别,寒咳的症状,金属氧化的原因,微商成功的秘诀
85FE2E4E21A9AFDA4A816A84C8167DFC,1,征兵,文山,土屋主要分布在哪,酒店管理知识
17270C8B1496C1CE5722D8DBA072F46C,2,聚划算整点支付抽红包,三生三世十里桃花什么时候上映,等你的时候我像个傻瓜微盘,西望遥安
7E69FA50C2C876F75F8E32902CA224AF,2,郭敬明,全球十大通缉犯,美人鱼票房,死海为什么淹不死人
CB16C21C6EA316B6A4937AF8B77F6850,1,flag是什么意思,活着就是恶心,if you音译歌词,industry是什么意思
6368593E6801D0845BCD1F88CF4F754B,1,吴秀波,皈依,支付宝发了信息又删了好友他看得到吗,征文怎么写
0FB82E5428AAF9825D6A2EFFE2DE850B,1,唐唐big笑工坊,angelababy,奇秀主播莎莎照片,笔记本电脑的无线适配器的驱动出了问题怎么
D3384101046817F07FC1098467B2B4C6,2,胸水吃什么药效果最好,为什么人的情绪不稳定,吃什么可以消除胸水,61岁属什么生肖
030844E6C3ABC3F447B704EA8A314C1B,2,我们去大草原的湖边等候鸟飞回来,毛泽东诗词,入党申请书格式,中秋节短信祝福语大全
9B247CB80785A97C0FB8D9D714B20ED0,3,小雪电视剧全集,南通大学体育科学学院,丽尔维美图片,韩美女抽泣鼻子塌陷
53D1871A248A6CCB3E1DF0389706D6B5,1,恶心肚子难受怎么办,鞋子女生,拼种什么意思,avena
CE0BDF11A45182D726DF85C6EDA64A44,2,宁县人力资源网,学号不好辱骂老师,颞骨颧突,我们复婚吧免费阅读
740BAB3996249C6F2BC65A41F18B5614,1,课程与教学,前习俗,王子福,juandiniupi1
81ADF1BCA9D073967C252FC9CCE7747C,2,怎么查用的iphone4s用什么网络,福特双离合变速箱什么厂家,点球大战规则,发动机舱护板有必要吗
8D14695E6912C70E051BE611A0B01732,1,373和580,余罪第一季和第二季有联系吗,迪士尼新电影2016,果郡王扮演者
4278273F51F78B0B5698F73DFC393219,2,试婚老公用点力全文免费阅读,重生之少女未长生,重生之末日逆袭书包网,恶女重生
A7C851A4CA81A4D59D9067A462E30977,3,新房子放什么花好,感觉床上有虫子,盆腔炎应该吃什么食物,感觉好胖为什么会这样吃什么减肥
33191E86BB35707FD3EB7CA5E262CE03,3,笔记本电脑忽然关机开机没反应了,哈弗h7l论坛,传祺ga8,海马是合资车还是国产车
C0D5F13D27D6745C77E8FDC6064E7466,2,沙井电动车爆炸,京东忘记密码找不回,微信感情诈骗,1382438
F9C96D0677767F0270A02C209340258C,1,7天无理由退货规则,睥睨怎么读,宏碁,会计是对电脑的吗
BAA65EC70D5033AC3F1BEE767337C8C6,4,哪种洗发水防脱发效果好,祁隆的全部歌曲 情歌,夸张句大全,听雨短文阅读答案
08B0D498D8943FEB6C4D0ACC495DC3C6,3,秘密爱,胚芽大小与孕周对照表,skull是什么意思,腹茧症
66A286DC3B8A1831F45F70A5D25CF1CA,2,宣威公交车路线,电影听见天堂,民政局,新民
7CBDAECDAEB2E2ABEF5EEDBC1212DD91,3,京东维修上门取件收费,汽车之家2016最新报价,自己做沙发怎么做,爱茵堡美语国际幼稚园学费多少钱
A0614D91A54E1241994956469BDC28E1,2,事业单位有钱吗,思明区怎么去同安区,做家电的怎么聊天,林志颖
9C66171FA1938D4FE1FF2079AAEC861A,5,edius教程,2016年8月27日电影频道节目表,百度,登封跑腿公司电话送餐
A9208309220E989BB5945958FF336AE2,3,百度手机助手,北京时间,苹果10,gtv牙牙
611A3824A05295DE5A40CD7259A4D488,1,喊麦压声技巧,王者荣耀血王宫回忆怎么过视频,吊丝男士第5季全集7,完美告白
00A10E8E6F096678F8D267C54921783A,2,农村商业银行app下载,越南制眼药水,喜城食府,"原来欢笑里,迷失过去"
8020A09F58D54141C00CCAE3A915582B,1,酱板鸭怎么吃,鸡蛋炒辣椒的做法大全,诈骗号码怎么举报,y23vivo手机
357EA068D674B769840B4C14E986C73B,2,淘宝卖家自动评价,amd显卡,跳脚是什么意思,淘宝店的信誉等级怎么来
25B54B1889CCD7CCC128F992D19C3178,4,西葫芦胡萝卜饼的做法,纹眼线后的注意事项,用激光做汗管瘤多少费用,小沈阳的歌曲大全
1FE3CCA7E2A4A40B7A6BE8CE7C04917E,2,百香果的籽要咬碎吗,黑曜石消磁多久完毕,通心粉的做法,黑曜石手链颗数意义
1152B65B16205E5D25D22C80F75C330B,1,郭德纲版的济公电视剧,无限恐怖之我是剑圣,手机性能排行榜2016,日在校园h版百度云
231247DA9EC6CF52CFE1573C44ACAB12,2,子时是几点,漂洋过海来看你原唱,windows黑屏,英雄联盟惩罚制度
FD9A392D163893E361B85A5490D8E54C,1,简掠朝歌,招风耳修复,宠妻如命总裁他坚决不离婚,类似强行染指的小说
1DF786B1BDA7C8AD4D09FCC6C381F752,1,仙剑奇侠传里的哒哒哒哒滴滴滴滴,上海四维影院,电动车发动机怎么拆,路由器有吱吱声
A16B17F53593A0229F000CB37F0DA755,2,和尚受戒,男士古装衣服,云泉法师,男士刮刀
FEF06CD38AD43FFA269AB53513826B44,3,孕期能用手机打电话吗,石家庄地图,孕期电脑离多远,四个月肚子一阵一阵疼的发紧
3BF6C8DEC2B67071187DE057C05BCE1F,2,教师资格考试用选语文之类的吗,折线图咋添加数据标签,vivo忘记隐藏图标密码,教师资格证认定体检表
D82D7E6E943FB6E756E033B1D1A994F9,2,贾鹏礼,新丰小吃,乔任梁丶,杨洋qq分组大全
DAE74D8357DA2A37622888387F97B812,2,ems经济快递是什么快递,女性尿道口在哪,沈阳市康平县东升乡,压气机盘
FC8CBE54DADE60FF1ACADEAF161104FB,2,城管面试会问什么问题,兰州高新区招聘面试,"移动公司那个岗位好一点,我是本科学历,谢谢",2016年甘肃省引大入侵工程管理局面试人员名
F9DF189D8E6DE6F812AE125106F9E1E3,3,特权商店鼬碎片多少金币,1比3比例录取公务员就三个人报,跳大神小说txt,兴业银行信用卡
7863FF10B4B4DF022FCEAE5745FC3C3A,1,屠拼音怎么读,为什么我的手机连接不上蓝牙耳机,长城gs4,"为什么我的手背痒呢,过段时间手上就有白色?尤其的近义词"
FD6D33B3AFF5C51003685DFF60D7F2E3,0,肝炎会传染吗,牙疼脖子有肿块怎么办,额头上长斑怎么治,亚麻籽油的功效与作用
1EBEFBB2C33AD9E707B0AC0DB53E3451,1,幼儿园一日作息表图片,嵇,一日作息表幼儿园小班,小班有哪些区域
0A3BE716345D66F37218F08F53F8DCEE,1,qq钱包超多钱,绿豆的一生图片,草虫的村落,烧饼修改器
6062AC6ABD5A3337086D05CB49F13543,1,刘在石模仿bigbang,借贷宝注册流程,具惠善,微微一笑很倾城演员表电影
93A32C4A9104AB466DC667D08BA9683D,2,有没有约的,青河在哪,乌鲁木齐空军医院,乌鲁木齐治疗头痛最好的医院
6A347BF2C783C9D25AF1E856C1333910,2,湖南自驾西藏,厦门旅游攻略,表白男生的一段话,xt是什么意思
D4AB6B21EA0E10CEF1FBBD23920E32EB,1,"一群人休息了,没人搭理陈赫",山财大选修,死神头,汪峰徐歌阳视频
48ECFC78A69B27126A696394C2C3F187,2,巫师1仓库里的东西需要在下一章前拿出来吗,心悦会员,塞纳河畔的无名少女,魔戒比翁是谁
4F0AFD0A9F80F19A72AB516B4C59D237,1,地底世界崔斯特新版视频,中国富豪买私人飞机,gloria,麻是怎么回事
F0AA28723A72D1ABC8C39D127A87E361,1,"警察检查身份证,怎么办",怎么安慰丢钱的人,复旦大学宿舍,2个建设银行卡可以绑定一个手机号码吗
AC7B7211E4C06D663E91870D722C2CC7,2,出轨俱乐部漫画全集,玛卡和田七能一起吃吗,男人补肾打鹿茸针有用吗,4个多月打针引产后怎么恶露才会排干净
4AFF2D6EC8580F1A5827144DFA5AB540,2,怀孕八个月乳头有白色分泌物,37周胎宝宝头位还会变么,牙齿畸形图片,猴年女宝宝名字大全2016
52726DA4D9A3F04F88D7F5A3C2FABB01,1,路巴特,白百何老公,夷夏秩序,正切值
BB4594E4CE585C7D57254E02D0979BBE,2,口红德国,kiko口红试色9系,圆通,资生堂的唇膏要美代
D788C46A85AD9236EBF5789BF4F4A512,3,健康 财务 管理,怏充充电对手机电池伤害,fdp对糖尿病的优势是,妙女仙行
938EF6801B50898E13BF73814361DDE5,1,百度,burma,troops什么意思,手机号换成全国通还要钱吗
B11B9A3C2153A3F4FFAEB5E3EBF7610E,2,产品召回通知书,小沈阳二人转全集高清,小米note4图片,4m准备
519ED3959C05E9BD7AD9C38E6928919E,2,淘宝账户被限制登录怎么办,林云志,installer failed to initialize,兼职饿了么
0D22175DE57F8B26B5CA41A335043324,5,日本花王染发剂使用方法 中文,耳机bose,lanvin袜子,日本花王染发剂使用视频
38282A8ABD7AC2332554A0104C4C90E1,4,凉拌三丝的做法与配料,潘迎紫近照吓人,甲减的症状,岳云鹏离开德云社
3BFF6CF6E6666B6D45F6969792A74E62,4,龙腾小说,盗墓笔记外传,向佐,白乔寨大土司谁演的
30C22ECCCD307EFEA3F084E30679E7AE,1,节哀顺变的安慰话语,烧饼修改器,tipo,刘天佐谢宁年龄
A2CCC37B5E37BD83214436DB3392FB6B,2,利川小吃美食,钜盛华是什么,恩施大峡谷门票学生票,图片头像
D47F41F3630FD8480DB7280430A7AC50,2,用农行卡取邮政的钱手续费,规模经济,兆,"从六个方面看待小沈阳,郭德纲,周立波的区别"
F324EAF119BF71BECAF512AAD7FC182B,4,男皮衣真皮绵羊皮,男士新款羽绒服,手机怎么看奥运会直播,心灵鸡汤经典语录
2890F57494ED0D9BDF998420D3A272AC,3,碱,安宫牛黄丸,哪家医院可以做射频热凝术治疗三叉神经痛,悬挑板阴角构造钢筋
C633A229B47ECB52469B6447638A08C9,2,厦门校园移动合约机,厦门思明区邮编,外贸单证员考试,荣耀5c移动版和全网通
7555723E1A395F646C0736C75C3EA818,2,中国银行异地注销可以么,残奥会运动员身亡,甜美的咬痕漫画免费,女保镖舒心走红
1F7139C63DDC5F83E0806D1A4B27BA64,4,化验结果里rbc.hgb,化验结果里rbc是负数,大王纸尿裤和花王纸尿裤哪个好,怀孕七个月养水多少
BA5CC7808F52E49E8D89AA7E78274BB8,1,鼻血,雪莉,合金弹头载具模型,clannad智代
989986272FE452FE3329CA154C4D9203,4,哪些路口有闯红灯拍照,嘉松中路与纪鹤路口闯红灯,幽门螺旋杆菌吃什么食物好,新手上高速
757007E36D5FFCC035B5C691B84A97D7,2,巨剑海獭配招,炉石啦啦啦优酷,口袋妖怪 变化类技能,三星电脑拆机
1DEDD26C3877263414505C59679E7126,1,加禁忌之恋,不悟,且试天下,唯美诗句句句落泪古韵
E7E784CAAE6C3835C54B268DD041C54A,2,吴倩莲,北京时间,中秋月亮照片,只有你韩版电影
230CB2EFD03EB96D207B06AED4A314F9,1,vivo x7 屏幕闪烁,ips屏幕,vivo x7屏幕显示,中国ems
5AED38CC6BA36AD7002ED0D270526AA2,2,重庆房价,沈阳化工大学就业信息网,沈阳有哪些正规的妇科医院,鞍山骗子张雨柱
54E54AEFA657F923121FCF69EFAB22C5,3,魏晨,美味菜谱及做法,吉林大学张雯晴,主持人刘茗茗
EAD2948015A501A3140C6D272835A1A6,1,g383次列车时刻表,阜新到吉林的虎跃,老男孩韩国电影,恶魔城晓月圆舞曲飞空鱼掉什么道具
6D78F55C0E5E910ACDDA70410FBEE6BB,3,手提包钩法大全 视频,金其林服装,休闲服,手提包
B38A206A9D8FC42BF96B59B4E73218D0,1,张云龙,韩孝珠,宋欣佳怡,极品新娘
ED38FB3B1AFEC8569C3279F197A1C645,3,艾灸的作用和禁忌,梦见自己给自己烧纸,梦见自己要饭,闪电麦昆
E8063FF4A88C98F41E6115F16B19AB5B,1,阿拉德历险记,假猪套改版无影剑,光战士,皮夹18伤害
157D43A6F2D33ABB0B0612136BAAD3AE,2,怎么去美国,油画风景图片,树上可多虫向哪个部门反应,怎么把手机的音乐传到电脑
F3CABAD48BBEC6E627CAB3FE084CBA73,3,人面兽心漫画,脱色剂采购,隔世阑珊,韩池和陈三在线阅读
E5F2CAA2226057FA7EFC07B9F2C694EC,1,帮过六级的app,杨洋穿的球鞋,华硕i5970,数字平面设计
AD36E29B6009812279FBADF076B3DD8F,1,天蚕土豆,龙王传说,什么叫应变效应,圣王
910EA441504FFF4ABC8F90621DD7A073,1,写给母亲河的一封家书,中国最大的黑社会,贪婪洞窟修改器,业余活动怎么说
3ED17AA8AB3F8BC1CCDE0B86ED0F6614,1,爱拍,龙王传说,康电情歌,lovelyxcation
7CB0CC82F34F1E9229AC409CB7B8E3C6,2,缠头发的花样,糖醋鱼图片,鱼汤图片,和男朋友几天都没联系了心情不好说说
D59E1AE568F448044B50A84060A5B6CE,2,东北虎的男媳妇(,流若寒情(,穿到蛮荒扮大神》by打狗的小包子,痔疮怎么治
4408F7B40B26A637FD18CB97A1301E60,1,蝴蝶结的折法,别看我我正在上,路由器亮两个灯是怎么回事,失眠症状与表现
65A55F2F4BE35FCE0003AC8659C0BCAF,1,国服第一露娜,王者荣耀怎么显示野怪血量,里约奥运会博尔特比赛时间,手势密码图案大全
B2E9E9687C25BFCE70521D45EAD6B83F,1,吉安职业技术学院宿舍,童话里都是人的歌词,primly,古代有一个秀才
DC8F38E965C16DA1E9A6E95923974D0A,3,好看的店面装修图片,永顺县大顺物流怎么走,含百馨柠檬面膜,温州批发小饰品的地方
A3AFA4BC8024607BB423FB9C2EC70B7F,1,虬,痤疮和扁平疣的区别,皮肤疣,台币对人民币
6B99A8A4CFD67E88690E25F9436C7F42,5,顺丰快递电话,量子卫星,北苑路北地铁站,中建国际港租房
DBF11D909B039DACDA36288C003F1546,1,女生,506女生寝室,506女生寝室老农幸福,熊出没之熊大快跑破解版
CFF713680315DF7B28865B0701580D31,2,子宫内膜薄怎么调理,流产后能在空调房睡觉吗,有没有一刻听到关于我的消息突然失了,迪巧维d钙咀嚼片儿童
EF0FD9898CAB3D9CA2CD0DC403EECD9F,3,microsoft手机价格表,廖记棒棒鸡,邓肯,行李箱忘记密码怎么办
60935EC02F7B45DED1A9B1D2F1477D04,2,忧伤背影卡通图片,李亦航,循环内科护理查房,如何提高基础代谢率
93DE99B061730D62C1B4AA2B606E0447,1,宁波到南昌经过停靠站列表,lg曲面手机,南昌理工学院里的网吧在哪,宁波到南昌经过火车停靠站列表
C10BB061ACEB1F0921C875B2D5BBD5E2,1,本田冠道,五菱宏光飙车视频,三星c5,rmvb
688ACDA06E5DC8396D5E39D55DA0C610,2,天涯论坛四大未解之谜,微信群发即可领取iphone,权志龙所有纹身,天才在左疯子在右
E32E677ECAD3A0D41DF52E33C7637D1D,4,5元能换多少张一元,从0数到7是第几,32÷6保留三位小数,作怎么组词语
A4D38BECB813B78959C6F08F4166BD4A,3,三星手机开不开机怎么办,徐娇,婴儿6个月验血可以抽脖子吗,去外地孩子疫苗怎么打
EB590BDC837DB8DA87037972884F968B,1,合约手机卡不用可以吗,vivox7,欢乐单机斗地主,win10高级启动什么意思
F4F3686D1B7FA95BE261D5015B8509C7,1,无印良品散粉,大学异地恋成功率,usb线,广州地铁海贼王
B35FF55CBE60E5B9314D79FB8D754CDD,1,欢乐颂第二季什么时候播出,刘嘉玲,学生短发发型女,赵雅芝个人资料
2632E2A5954B2EA0B6F7F1A6AB2C5F00,4,南昌哪里有卖宠物狗100到500元,附加税申报表填写,南昌哪里买衣服便宜,江西广播电视台
35EF1A94CAE0E33113778C2D5CF893C6,2,独特型,侠客风云传天龙八部功怎么获得,华硕,aicd
94CA756B3E3010C641EFE928AF0DA9EB,2,后杜柏杀人案,炒丝瓜的做法,圆明园和颐和园哪个好玩,河南省会计信息管理系统
C99ADC3B93DB2C3045F4C1A048EF7964,2,什么是虚拟机,固态硬盘能存东西吗,i5 6500,保罗
3BD5BE995DE7206B92ADBED0CCA0C522,1,y6拉杆箱怎么样,为什么邵东到贵州火车票那么贵,中介为什么星期天不能转钱和上午,乡和村有什么区别
4D8090DBC49598119386D0104EC14C71,3,红豆糯米粥有什么功效,泰国药品必买清单,顾北辰简沫全文阅读,中译英
47DB7C01D98E4ED0A9B6E8C8B70EC416,1,昆明摄影器材市场,雪压青松挺且直,一弦一柱思华年,云南艺术学院官网
F944DB2CE9BC6F1DFA4F9C5B58AAD1A7,2,考研5500分词性,密室困游鱼番外婚后篇,安全擦除驱动器是什么意思,国民党主席洪秀柱
501E9A42665B7018A97AC0CC93B08261,4,方沟盖板砼试块留置,连云港远程教育,市政工程检验批有主控项目吗,连云港孙志伟
60564668B5BE727914BFF315EFA4CDE0,1,蓝天社区医院在那里,抬头纹,怎样祛除脸上的黑头,wifi为什么连上不能用
C51FB1CA910A7A498E33E544780422CE,1,银行存款利率日,八卦算命,龙王传说,返还功
2A9E518DC6238CBD53043F8F2B4F7305,1,掌酷小说网手机版,全民wifi,电信4g信号已结覆盖全国,超级调教系统
D47585F1FB66527C1BAAFC9CA75407F9,2,只是一场意外是什么歌,自然堂雪域精粹冰肌膜怎么用,等待最后一眼最后一遍是什么歌曲,月经量少第一二天还好 第三天基本没有了
2D26FD1207FC0E26E511417DEEEDEA13,2,孙骁骁,宋欣佳怡,虐恋情深 小说现代,莆田家教群
B6428BB352E8B3D8829B12EB0723D420,5,广州1850创意园,圣心大教堂开放时间,切辣椒后手很辣怎么办,广州立达尔生物科技股份有限公司
A7C123314F7CBA21AC75B4A52E9EEB6D,1,青果在线,石家庄出租房屋,丫蛋演唱的歌曲,石家庄出租房54所3室
6F120930DF4647AC15D4B2F9530BAA60,3,零失败芒果慕斯蛋糕,电池续航时间长短说明电脑的好坏,待处理财产损益属于什么科目,国家对农村搬迁政策
0CD2384C30F723AEA649A6518C65C933,4,滴滴 考试,恒大酒店,绿源电动车,都市小说
619A11B8B27C6A86FEE766A6791877E9,2,凉面做法大全带图解,死亡邮件,晋城司徒小镇在哪,舞蹈分类
B1A2C26A3CDE6F99B75959122858FBB0,4,顺丰快递电话,交钥匙的时候需要交契税吗,微信视频怎么切换摄像头,nuc80迷你pc
7D140E97F1444227D3B4E52A824BD9EA,2,冠军瓷砖,甲鱼会自动找水源吗,炻怎么读,常大官网
6A596412BB3754B617C6C5C02FF22A0A,1,北京实创内蒙古分公司,龙发装饰内蒙古分公司,多情村妇章节 多情村妇无弹窗,内蒙古新兵
13A147E9738E6BED64D35D49638A7FCB,3,尸新娘,怀孕十三年电影图解,泰国尸油图解,2016特岗教师招聘公告
B59F3FFE125BB07A7D785D4D56D4C537,2,在百色事办学的大学 小说,咱们穿越吧金圣柱退出,宁泽涛下面多大图片,龙符txt下载
4CE123DD9F16D5DB39A99CAE106B3D7C,2,正三边形的半径,oppoa37m价格,玻璃的好处,等边三角形面积公式
A6867D0F6851E4FA466D45A2D1850C0B,1,北京时间,天才在左疯子在右,孤寂之狼写的小说,我可能想改个名字
29D769D5955D7CA588AE79E4584643A9,1,盛世军婚,战恋雪,未婚先孕小说,朴宝剑
B7BECD4A04C2A80B927903C33660418E,1,一个时辰等于四刻,五更,南充二中高一2016好久开学,嫁衣
700555FC35A69FE77A112E06431B03C6,1,童年歌曲,教师节画什么送给老师,儿童凉鞋,我们在大自然中成长作文
5AB0702DD7E2D9B642B38490E3AB85A1,4,微波炉工作原理,羽绒服有鸭毛味正常吗,同步电压,宝宝额头上老出汗1001无标题
082995147221D94DA61C7A8AF513BCF0,1,河南科技大学贴吧,普罗旺斯,如何打领带,河南科技大学图书馆官网
07B439352E0589CDCA4A68D9EC46C250,1,hello女神18强名单,经常头疼怎么回事啊,能不能用话费充q币,肺部感染会传染吗
ABEBA7761D1A1CFF35A732163707923E,2,千百鲁众里寻她千百鲁蓦然回首www.,头孢克肟片,盗墓笔记写作背景,森马羽绒服有貉子毛领吗
A0FC8392963AE39FA8EE57F786618040,2,洛阳龙门和洛阳站,藕煮熟,lingvist 安卓,藕生吃可以吗
CFB27D0EA38B8221A5CBCB09BAF32D46,1,军校可招艺术类,小辣椒,手机64g,暖宝宝贴片
B8332C208F2AFB4097649B4639E6EF85,2,相册贴纸手工制作大全,党规党纪知识测试题,马鞍山邮编多少,手抄报版面设计图
1824740A6A5D5B5A4874F97332100D85,2,顺治1厘临,怎么让喇叭的声音变小,400i金属探测器代理,苹果手机发短信不显示已送达
10CDC3F1D27D7E6F4BD2C140587D3705,2,2016英雄联盟段位奖励,助听器验配师工资多少,i7是几核处理器,七龙珠第四部
5F251A1E7A3939B316F69CA682813463,4,手提十字药箱,指甲软化剂是什么,平阴哪有卖二手液晶电视,喷雾瓶
5A2513DB809E754B681376C0E9E5A934,3,泪的告白中午歌词,顺丰速运,一人我饮酒醉,回来吧大叔
BBC4248062A4C6C3985455744FABD911,1,新五二漫画,里外两层染发,午夜影院在线直播,武汉打架公司
4159BC2449656D90BD6EDBF29EAD4F1E,1,英达小儿子图片,艾灸的作用和禁忌,六个月小猫喂养,步长脑心通胶囊48粒
57B31E7F75134E51E9A785D7419776DB,1,医生有洁癖吗,帆布鞋,为什么早晨起来嘴唇厚,切尔诺贝利日记
BE81DC80E731DE8D1A3C13C3DF9F8A06,2,哪些黄金品牌适合年轻人,掌中宝,三天吃一次肉会营养不良吗,消去反应的定义
D9BF80B91EF1799726A2F9472F86EAAF,2,女大一的说法,皮肤稍黄的闯什么颜色,物流怎么算钱,金立s8中关村
323E97B4A3415508BAFFBF67553E2D0A,1,少妻艳欲,怎么关闭梦网,tf卡,绿钻
5B88ACFF47BE44EEF0F5043B3FA4C071,3,mhk是什么牌子,方便赛程,怎样让手机下载境外app,美国运动鞋销量排行榜
83222A4001BED52784B7F51E5FC5A7F1,1,嘉行工作室,做梦宾馆遇见强盗,星星不是发光体,太太万岁
C9AFE35F12C0572A1C7BE035DCAE7DF8,1,1979五一七,洪金宝黑社会背景,中国新歌声,灵魂交换
45EE0B890E0202D92C1895BD10E5C101,2,苏荣,苏荣是部队什么人,高潮,骑马扛枪打天下导演是谁
41A4EB77027DF744F169FB15F406DD17,1,朵以画册,笔记本电脑怎样用f,word2010封面不要页码,美人一笑很倾城
E44C2C1DD7A564DDC06F6CF14FC43C76,2,苹果id格式是什么样的,iphone官网买好还是实体店,西游记后传万佛之祖,ipad mini2玩游戏卡吗
3C2C2D3A8BE525CF16DDF544E72CA584,2,衡水市桃城区检查院官网,衡水电大考学位证会影响拿毕业证书的时间吗,银行汇票是什么,会计证是全国通用的吗
5234205E65A86C6D94471BBF69FFE76B,3,大澳漆,杭州招聘信息,阿拉善,市场经理面试
2A3A4C1B282DB2381EA1445E5746B440,3,季节性过敏性鼻炎用什么喷剂好,表姨死了丧葬去的着吗,猪肉芹菜饺子馅的做法,黄河路东光有黄河路吗
7B6DD5636A22FD176751D8A96686A6DA,3,艳鬼发狂,单片机之间的通讯,三菱系统刀库数据错误,七匹狼图片
40C2CC84B7746A5D4A255B5DCFEE0502,3,骏峰国能怎么样,石龙面试,好看的美剧推荐2016,文坛崛起
85C8DAEDD0E7E94CB64241550BA0015F,1,酷派大神f2致命缺点,吉首大学,没开过光的玉可以经常脱下来吗,艳娟的英文名怎么取
36EA4CB0D4FB8D8C29A99D0BE63AC243,3,amd显卡,江苏联通网厅客户端下载,表格重复数据,三只眼的人
40516DEF62B48F9670A5F16D4CFC0F16,1,美元与人民币汇率,美图秀秀,男孩发育期吃什么长高,鸡米花的英语
3C004BA97CCB1A4AF2874BF68CC657F4,1,网吧营业执照多少钱,如何拆开键盘,天龙八部打图技巧,天龙八部拜师要求
1A44F10B9F1C8AD6E645749A0F247519,2,天气很热还是感冒了9月,企业组织结构,校园智慧物流发展,我国的企业物流属于哪个阶段
F531341BC2AA3043038E1FE563C15CCC,3,浙江新力新材料股份有限公司,求安慰的萌图,大时代是什么产品,领动
7149945B3C2713AC592A191C96A84AA5,1,女配后宫升职系统,亲爱的公主病7.8资源,宫宠,誓不做玩
B7A255DB5C74B827D48F44D67C64891D,1,凄冷的拼音,手绘东方月初教程,王者荣耀貂蝉五杀视频,貂蝉出装
A50A8D8CA659DFA4A1CDE978D26788FC,1,英国利兹是南方北方,暴风影音mac版怎么用,alevel进阶数学内容,为啥苹果订单不能分期付款
7AC9091DCE420CFDBDA331ACFB911AA0,2,营业收入为什么要减营业外收入,闪电侠,夏天的太阳 海子,故宫灵异事件
AE103C3B212D6EC57B527E20088F838B,2,中邮消费金融app,人民日报海外版,山东省公务员考试网,95087是哪里的客服
EBD9DBB49C49197A3AC5D4B42A546F2A,1,手环,货到付款怎么操作,山大倪怀志,科学的锻炼计划方案
3AFE4457E24FCC39D3EA36CF826C831A,1,西安事变,贵宾犬多少钱一只,康师傅官网,健力宝被谁收购
2A73B50B0E743C836B2FD7215DC7276A,1,英雄联盟票在哪里买,朋友的酒,十年戎马心孤单,微信掷骰子1图片
84473FEB319F5CE7539B055254F9B637,1,合约机是什么意思,云数据,补办银行卡卡号会变吗,三国英雄排名
42E0A35694D42D227536EF9386F12FBA,3,一叶子面膜怎么样,婚庆布置乡下怎么办,古董收藏图片,超极本
70A024FD74900FA7A7AFF4A74AA3E8F9,1,百度手机助手,手机选择运行环境,王者荣耀做弊器,手机什么是根目录
A1768C397764C026FFF67EC2401A7932,3,汽车之家2016最新报价,企业所得税计算方法,武威特产,夏凝易云睿小说
F11BCEEA48AA89042895D61DE19D21FA,3,laneige/兰芝臻白修护睡眠面膜 美白补水保?百度,测试皮肤类型,啊米托佛bb霜,9月9号武汉梦想之夜巨星演唱会 韩国女团
9E21A82075227395D64905BE6FF604FB,4,里约羽毛球女单奥运冠军,歌曲从头再来旁白,如果再回到从前歌词,黎姿
68263FE5A12911D1E9AB9C7E25F646F5,1,什么时候买车最便宜,"长春哪里卖衣服便宜,质量还好",兔儿岭折扣店服装超市,萨摩耶多少钱一只幼仔
F7FAD1A027B013F73A2E1833F4CFCFAE,3,碰到对方别车我怎么样才不是全责,c罗记录片,nba2k16mc模式刚上来是哪个投篮姿势,nba2k16里面哪个经纪人好
62D27F124BAF54B13F12E10651BC3C9E,3,大润发网上商城,手机定位找人系统,胸里面有硬块是怎么回事,雪梨和王思聪分手微博
18F96301F835C11290BB7CD8127A839F,2,微微一笑很倾城插曲有哪些,心理学的气质概念,汉语言文学专业就业方向,葬花吟简谱
7599B9A28ADCF10F765935832B4103E8,1,盛开,魏晨,小彩结,狼性总裁囚爱妻
B640C82216CCC6263EF7695F92F0EE7E,4,三人行必有我师焉择其善者而从之,谢谢大家听我的演讲,羁怎么读,从一个地方到另一个地方英语
325FC2A0E7DF6BA2ABC4C6C5F1656578,2,公路防护管,meyaro红酒,受力钢筋的直径,梁长
F9D1D43F89F1BE2152C3239422FBEDB0,1,电镀是什么,火影忍者家族排名,锦绣缘华丽冒险,华硕
A2B92BA39F89E3DFFFED64D26C5C1303,1,村庄日记,乐视,那种拳法杀伤力大,王者荣耀评分怎么算
53A5C4A1920AEE5256977413E1C22ACC,4,第二个母亲在线,临朐酱油传说,关于,老赖查询网
789797243548263567BA37AB625C64FF,1,台铃后视镜怎么拆,上海华东理工大学,主持人自我介绍,高中随笔
66D85F74FD1BDFAC2FCB35846A2A8BBA,1,吸烟丁丁变短,英雄联盟人鱼兔宝宝皮肤有,115网盘会员多少钱,x骄子起虫了
EC81E05A08CA2D1C039BF76C8A8D1B3D,3,切尔诺贝利核事故,羽绒毛发霉了怎么清洗,阳彩臂金龟,猪尾
F4A898BFF39F5CDBB882AB43C404B345,1,qq头像,r5 m240,纯黑的噩梦资源,百度
E8C0CC7A3F583E6F87C42AB7B6CDA4E2,2,昆明有什么好玩的地方,小媛媛个人资料,许笑语,防晒霜是不是时间久了没效果了
2CF2B4315BA39BA0BCA5C1260A197338,2,好听的老歌,一人我饮酒醉,社会与法沉睡的秘密,刀山火海文儿
2CB3B8A3D9A70F6530D0E68F0682BD26,2,安妮宝贝,刘诗诗步步惊心舞蹈,宋丹丹个人资料,教师资格证报名时间2016年下半年
409B3EBD446C62BDDA3EFABB86C096B8,1,上海市新云台中学,人民广场到外滩,为什我这个月用支付宝消费了好多不加分,老西门到城隍庙怎么走
62B83C2A2C5EAE0BEB780610712DD7FE,2,微微一笑很倾城插曲有哪些,盘古公司简介,宠物医师资格证书考试考什么,颖州区万达广场百货三楼m-yoga美瑜伽
A4B5B0422DEDFF92A7D0561EDA179EEE,3,伊夫圣罗兰气垫,马伽术,阿玛尼粉底官网,世界护肤品牌
892F56FCAC437215D56AC344217F9BD2,1,林格氏液的作用,成都第二人民医院招聘,runingman0904插曲,成都市第六人民医院
1580CEBC3C9588184D5CE5EB01636B71,3,小区门口开什么店成本小,初中毕业可以参加成人高考吗,原液的使用方法,怎么练普通话才标准
1E9816590D8B44396A356728E5E37917,2,叉烧月饼和五仁月饼哪个好吃点,如何申请qq号,http://,赵一颐是修道之人吗
95575F291608989E3BD61CBBC3CE08A3,4,人生十好歌,安利碟新,红墙内 萧克,姓杨的男孩名字
69550E6285AE919B75780B9E10D64FD8,2,无奈化妆是什么意思,桂平有硬糯米饼吗,抗拒的意思,高速收费员怎样五班四运转
F1E9300DD920F6443BCB3568D70B6FF6,2,男生染什么颜色头发好看,s6vn教学视频,乔任梁印客直播,为英雄鼓掌观战老是链接失败
AE0A066D508F2CC5C642C8E17025A22E,2,建筑类网站配色,斗鱼,u盘装系统,重庆翡翠科技有限公司
2D6135CED5AE69BA6E0F96A067C02F4E,3,2016五年级下册数学期末考试卷,百变大咖秀第二季,杨玉环,小学生发型女生
CEFD7610178471430CA55D7FCC66CBA8,1,退票退升舱费吗,东野圭吾放学后,玉石鉴定,国家励志奖学金
53E925EA016E21A053EA2152B39F9D98,2,飘萍猫小碧,当兵需要什么条件,怎么区分陶瓷碗的好坏,猫和老鼠1992电影版
039CF67713B2837CEB5405E643601C1E,4,李歌,没有权益性投资的关联方利息支出扣除,海一天,纸青蛙的折法图解
E2F329A364A573E6931EE544FD8A1177,1,在哪能看魔法甜甜圈,avplayer,鞋子23标志,lancel是什么牌子
60BF9E99C86223358AA31387BDD15762,3,高通骁龙820,沧州东方世纪城,索尼大屏手机,手机亮度多少对眼睛好
FFDF4A2B09F488E3792A7A4C4F0918DA,3,谢杏芳,广州必去地方,海南大学符灶儒,去哪儿网机票
DFEF3FBF8E1D9381F54F469895E6EFB6,1,笔记本电脑怎么才能上网,中国政法大学迎新网,"有一个故事是古代女主重生,两世都有空间,父",北京西站在几环上
FECBC4345E5C2E5AA6C137E160A8E394,3,平凡女人的春天,北京市海淀区户籍中心,自住型商品房申请流程,海飞小说
9BBE57A2799761139A4050135C6B5AE3,3,微票儿票房分析,赵鸿飞,成都,米开朗基罗
E7E58437EB1274CA80E00B515BEFA889,1,麻辣变形计演员表,脚扭了 脚肿了怎么快速消肿,黄铜和青铜的区别,2016lpl夏季赛总决赛
BCB4E7D9784F03AAF6C95EC07FF871BA,1,橡皮的英文怎么读,图片改背景颜色,恶狼老公宠宠宠,结核皮试每天变化图片
B54EA2E45F718D4E844B67967D160A97,1,欢迎新人入群动态表情,汪峰2017巡演,月光之时,广州地铁线路图
150CB04E511B4D71F7482E962CE2183F,1,西塘从前慢时光主题客栈,18270090861,轻音少女,百度
4BF25ADBF82B73BC0C7DD30A1825E32E,1,西门剑姬微博,波波虎exo,馆陶,涉阿迪达斯
FF10FCF48984E63B35F8528568F781E2,2,周慧敏晒28年旧照,肖杨,王美人,紫薯有没有毒
D419AA96C85A147576AEBB4A86A4E1A3,2,科里美尔,烧虾,雷克萨斯is300,白雪公主文字压缩版
FDAC6B55C8CB7DF25F54733390259A35,1,平价好用的口红,比度克,我爱你大叔,徐娇
CB4925A7788A4B9FFDBC7C027C0FF64B,2,中专生怎么学画画,眼睛看起来很呆没精神怎么办,阿图什第二幼儿园,刚出入社会的感受
0DAD602582BF441A55C4688D55F30520,3,肝胆脾胃肾彩超能喝水么,慢性胆囊炎,餐后有氧运动对糖尿病疗效观察,龙之崛起鲜美的食物
6B30AF75189117D670813EC14A4E82E3,2,比利时啤酒,ol在食品代表什么意思,长春咖啡店兼职,丹麦气候类型
6F8CCB3B9FB462BDDDBFC6704F9D9DE8,3,中秋节搞笑祝福视频,新手机里有我的文件可以删除吗,13323824391,白醋与陈醋的区别
E6EAC473A27D6AD4D1502E4B38E4CE2C,3,男装婚庆陈列照,一首韩雪的想起唱的意思是什么,别傻了人家不在乎你图片,晚上睡不着喝什么药
BB6D33DD9F547E3B0F4B82B156AE2F56,3,介休到临汾的火车,百度,临汾有去介休的火车吗,oppor最新款手机最新型号
56A5011B2B0BDEF9CF6452CDDF4B8EC0,1,小猿搜题免费下载,响亮的反义词和近义词1004响亮的反义词和近,双11是什么节日,吻戏大全视频在线观看
9C43E7C257EA1CBA3B7C333E136818E9,2,乌兰浩特,白城金致货站,小苏打可以洗葡萄吗,白城金正物流
D271702946CDCE40E8A464522E94AC71,1,m2梦幻三部曲,草虫的村落,只是爱着你,数学分析第四版答案
3F1938DCEFE702C13E5A489E97B4D4A3,3,总裁离婚吧,《故乡》读后感,用爱之名总裁别来无恙,科技小制作简单又漂亮
133232D72048CE2739AE264EC73C514D,2,梦到去修鞋是怎么回事,长颈鹿简笔画,痛经为什么腿会疼,村长跟书记那个大
10BB5979B3C21078B0D85DA4F6E4C213,3,毛衣编织款式,网银怎么用,哺乳期乳房烂了怎么办,产后多久来月经
45F050B6D9DA063376D65729812C6FCA,2,蛇红色腹部白色,陈敏敏新浪微博,范冰冰李晨缠绵两晚,奔跑吧兄弟中奖信息是真的吗
D62882CC455E7004E14766517E8B3DB6,2,个人优点,纳税实务实训报告,星火英语好还是华研好,余额宝什么时间转入
DF994E07A90803D34B836849B3DD646D,2,qq头像,爱我别走张震岳,马云刚卖的,卡通qq头像
85023DABFCB76C683ED9B7935400C859,3,喀纳斯机场,补锌,租国际航空铜牌,含锌的食物
EBC07FF8F9ECDF0CFDF62F88FF6F27E3,1,梁启超,吹雪漫画网,什么软件能让人转发我的说说,南艺新生颜值爆表
0D661E5DCD97296B930E5E6D8ACE7B18,3,月子餐粥的做法,洛阳到嵩县闫庄镇的车,草字头鱼利刀,河南车牌简称
F578F13CE40CA57F10FCF2F618BA39AC,2,戚薇,宏基读音,奔跑吧兄弟第四季场外幸运观众,笔记本电脑什么牌子好
220630A5ED09AAAB56A10D0D2641A338,1,乙肝携带者平均寿命,win10播放视频提醒管理员,笔记本2016性价比最高,跆拳道教练工资淮北石台矿
26800151AD6FFAD4FFA6BCC98993B638,1,伤感头像女生,北上广不相信眼泪,七里山塘,社团招新表格模板
4275A2711BF991E5F0A56DAB371E4453,1,薄荷叶能消炎吗,crayon读音,锐欧鸡尾酒英文,上眼皮肿如何消肿
799899DD91E9295A06FFA3D8F4F8F215,1,qq头像,北京时间,龙王传说,平板电脑pin码解锁
9D32B2FE62EDBC0342E9D0504ED3FF15,2,百度,第61章 仙脉来人,脖子肉松弛怎么办,乌龙院
2E728CD40840331F82CF74B370950050,1,我去上学啦第二季鹿晗摄影时的背景音乐,鹿晗什么时候离开exo的,肺水肿是肺癌吗,我去上学啦第二季第九期插曲
1DB727E4D3E4E3A78718B062634D401E,2,上海搜房网,北上广不相信眼泪,英文翻译,新苹果6听不见声音
DA8C75C898574FA6E5569FC8EAE1AFE1,1,苹果启动图片,悲伤中北隔离什么歌,yy直播红人,淡漠
F5AB30FA8CCB805E7D4A07B19B61AAB9,1,表情包 你不爱我了,执着英文翻译,联通19元4g流量王,寄快递收费标准
6968A7392CEC52442C39629C455F4C74,2,妇科胶囊,怎么去烧水壶里的,亳州天气,北京时间
BF8DE20BC9700502C634FCDC61594172,1,指南者右前门多少钱,车喷完漆能刷车吗,健腹轮使用方法视频,大连床垫厂
B15CA52251AF82C66DD19729C5A80888,2,陈伟霆女朋友现任,tf色号51多钱,上火了吃什么降火最快,睡着的武神章节目录列表
59781013CD15E059D606CF000040AD23,1,海珠区穗华心素质教育培训中心能打野战吗,中秋节有趣的谚语大全,如何学会自由泳,天宫二号发射升空
4B3B93AED66A265913C2E7DAD614546B,4,学号不好辱骂老师,tcl液晶电视32寸价格,鼎的笔顺,"暑期家长通知书,写写对学校的意见和建议怎?观潮一课第二层写江潮刚来时的特点是"
1A5E8F0BDFE7C766B8B82079D2AC79A4,1,平南县扶贫办,笔记本电脑什么牌子好,陨落星辰的全部小说,一艳九鼎小说
7D96A972EB305CD527DAE1E3A9193F9E,2,螃蟹炖窝瓜的做法,僵尸企业处置办法,新挑战女狂和男狂那个厉害,台式电脑
AE26834CF8B982D52EC8104488DB84C2,1,街舞女孩小说,微博流行的face是什么意思,神是中学生完结了没有,带状疱疹怎么治疗
63469455E86FF3CD89550D34A46B5564,3,kose cosmeport面膜使用说明,天津食品批发,会籍顾问,梦见老人
EE62CAC2F7E4D20658B6A0129BD2648E,2,青岛中医院,柯震东判多长时间,学师身范,助消化的食物
6A639231F293495B8C885EBCCB817F8F,2,杨洋的资料大全,x7和r9哪个好,vertu,周杰伦的韩国明星粉丝
F2D2EF0968163499A0F5A8155EB9F72E,2,山鸡古惑仔,菜鸟也绝色,笔记本电脑键盘右边数字键锁了怎么办,洪荒之最强圣人
BFF582CE3BBC52DB55A1F7068528CE8C,2,拉丝粉的作用,郭富城电影,大专一年级怎么写,我们无法创建新的分区也找不到现有的分区
2539E39AD60D6A252FE77F3D8034D2C8,2,知错能改善莫大焉什么意思,b超检查肾,早上起床对女神说的话,巴马眼宝有危害吗
1929FE7E1773418F3E2B167973AE5137,2,白百合跨界歌王巫,2018世界杯亚洲名额,科沃兹试驾视频,木板绳子过河
F66A65DFFA4C51AE395D5884CB3D47BE,2,男人不舍得花钱,林建,纪梵希303,纪梵希304
95225C7CFD9255DC92ED0347A8175132,2,抚州是哪个省的,广播剧ed是什么意思,胸围162是多少,表弟凶猛广播剧第三期
7899FE162035F5183F034B4ED77A6FEF,3,笔记本ye,行尸走肉第六季剧情,沃尔玛,智能手环
163652AECA9F637DBF5A14237D4FB018,2,什么软件可以看小说杂志,小米2s,玄武纪写作小组,东方血修txt全集下载
A8A0C3DF35383B884348922043345394,1,只差一步,男枪有没有皮肤特效,玉置浩二的friend特别好听,开罗游戏
7E4B3477B41F72B363A397C65096783F,1,那好吧下载,食品上没有qs图标,后背左下方靠近腰的位置疼,狂犬疫苗多少钱
1EE668F37108F8B3690AA5DCF13E5736,2,戴云霞,2015世界gdp,首相 特蕾莎,三民主义歌
22AA07FA18E0DB332D3D6C6244DAF5A4,1,u盘,我不想一开始就拉下,2 4 8 16什么意思,急性尾炎
23286EE036187A7C745A668124A04C19,4,金毛狗狗起名,飞机上可以玩ipad吗,iphone手机备份,金毛有几万的吗
1C4D69E54F1DF6C6F646102F8E56375B,2,梦见丢钱是什么意思,宿迁高铁站建在哪里,如何在目录后设置页码,战略支援部队
904F44A166B39FA76C4FB05DA95616CB,1,移动happy hour时间段,如果有人言之凿凿的告诉你 世界上有一种天?买化妆品最高版本是什么意思,南昌火车站,王美人
53B5FAFBCEA94D86338A4FFE603D0BD7,3,科鲁兹多重,奇瑞,车辆过户绿本什么时候给,西安包真皮座椅
BEA5501C57C1CCA356FBA0C4650D5BA8,1,异影图形,世界地图高清版大图,烤鸭简笔画,烤鸭简笔画图片
2A452E7E65E1B8780110924FB3E09229,2,10月30日是什么星座,法令纹,黎姿,广东工业大学
EE41E8A86662BBAB9F57DE60E79F448A,1,空气柱,苏教版八年级上册物理补充习题,if you音译歌词,何妨吟潇且独行
050563268234D81F88A31E240BAD591B,3,怎样才能学会纹眉,狗的肚皮为什么会变色,全民k歌sss好还是a好,快手铁岭小辉求婚
B6EA4C82725547BD9FB2D60288962522,2,王紫璇演技获赞,课时掌控教师用书,weiwo手机,我喜欢我们教官
53283F8B7F505194F12D51D119DD9BA1,5,中秋节彩铅画大全,抗光幕布原理,穆斯林的葬礼韩子奇人物分析,gtx 1070评测
3F3C7FD2AE85BDCAC873AEE16925838B,2,刘的日语,考研英语和gre哪个难,致亲爱的你云葭书包网,宋欣佳怡
36946E094E138AACCD47EC122968B98D,2,家教计划书怎么写,英语六级用英语怎么说,明光自驾到滁州多久,有一部国外老动画片叫什么顽童
DA4115C4D0632248E3E34BEBCC291A3F,1,高血压的原因有哪些,低血压吃什么食物好,镇巴渔渡镇龙溪村,1.5公里走路要多久
905A1AE1A8BECF51FEDD01895F975D26,2,武林风直播,跟梦的翅膀很像的歌,帕奎奥vs梅威瑟,女性什么体检要抽十几次血
4954EFF5A0BBBF79826F9D43A684A57D,1,新买的鞋子磨脚有什么办法,岭南天地,"已知,在菱形abcd中,角bad=",都江堰国家森林公园
3DB417A4D404CA72044444F550BE440D,3,河北省教育新闻,河北省继续教育网,活着就是恶心,妻居一品
5F7A8C0BE7ED9343E7B66A339F78455A,2,南昌麻将胡牌最大,魅族6吧,星际迷航,vivox7
C18819C7D3B53FFCC19BB3D810FFAB9F,4,梦见手,梦见公司总经理,梦见男人的命根,梦见和别人做爱
EDE2660739B7AB28E35A6CE3DF500E1C,3,杭州g20峰会参与国家,珠海星华花园,郭伯熊简介,珠海雪园上海菜
3D1D71FD03AA333D32FA545C525C1A5A,1,兰博基尼,欢乐喜剧人 第一季西部牛仔,腾讯微博,就赶趟麦庐歌名
C74446AE97E11E6BAA6D4F8999168AA3,3,阑尾炎拉粑粑出血,鹿晗黑料,鹿晗腿粗,来例假血颜色浅
11860D6722159DECF2E957B958058F6E,1,制作春药,肌肉狗怎么练的,圆框眼镜适合什么脸型,海贼王图片女帝黄漫
3BB94301663AD901983590E9AB3D0D7C,4,最完美的离婚,席慕容,qk请回答,福州大麦网
A4D36E5DC87701A6BF26A95152FF8510,2,洋溢近义词,农家媳妇书包网,狼牙土豆,土豆的做法大全
CEFB4A77F7F972A72B9D4E8C8DFC4EF0,2,为什么iphone用耳机拍不了照,减小腹,农商银行支持提现吗,你来比划我来猜词语
97ED2AC314AFF2F03CD06898B0CD2ADE,2,老师入编制的好处,w两个世界16,怎么让学生学会拼读单词,翡翠恋人什么时候上映
4F42C5014AA387A3150CBCAC4C04E849,3,又白洗衣片多少钱一盒,梦见去世的人盖房子,古城中学在哪,情侣取鸡蛋
7821C21489FD01213C6068DC669725AF,2,skf轴承是哪个国家的,伊甸湖,调心滚子轴承,山东省聊城市冠县邮编
CE361636D56BB64AC6799E027EB848FA,1,walabot手机壳,安锋游戏助手,机顶盒连接的是什么,马云给创业者的忠告
F916B0E5272746B9F362635846500463,1,上黑下白图片,大圣归来,苹果戴耳机通话有影响吗,3311930237995
16909EEC8855BC84B6B6AD853AD26F87,2,严千千,中原泪 李白原文,射雕英雄传,女汉子真爱公式
6287E1332B68E4B2B6FCDA0B15495B00,2,和杨洋拍洗发水广告的女孩,任娜英视频,个性头像2016最新版,拔完牙可以一直空着吗
2E7E6E4C8F146BF7E464CD39D08EACC5,1,2016撸,杨钰莹被多少人睡图片,cf夜玫瑰被僵尸插图,怎样破解快播会员
C4BF75C600E71E81D5F88781D4C5C71B,1,会师镇,curly,曹刿论战,试用的英文
C363C8C6D631E7A2486C865C7F5E4AFE,1,源氏大招mp3下载,百度云破解版安卓,王者荣耀体验服下载,泰瑞利亚破解版
3BF346050DD535685D77D8C93078B8B1,2,周柏豪,优速快递,头发要护发素会不会一样过敏,晏殊清平乐红笺小字
C520BA31D81D325A0C87685830C52530,1,大连天气预报,支付宝是马云的吗,北戴河,打仗的电视剧
5BF2129D62E4E62ACFA5B38FFCBF61FE,3,微微一笑很倾城txt,微微一笑很倾城ko番外,人民检察官,江苏卫视有个调解节目
D651D6389EEACB8741DA4A80419BD598,1,全名k歌怎么搜人,拜拜表情图片大全,客厅有一个财神爷有影响吗,来电背景图片怎么设置
D098EB26F8B389186FE6BBA77A43EC18,2,阳光保险是世界,从石门营到万寿庄多长时间,山茶油,东三省是那三个省
83A252D9E4E9CAC7A75D9DF8802C1BE3,2,一个灯两个开关电路图,皖西学院,皖西学院金数学院 专业,王者荣耀多少钱可送赵云
72634743580B19257A1B3561F3480F88,2,好看的都市风水小说,成都老支花卤,成都唐氏康宁科技发展有限公司,上海志行合力
FA5428006B2FAE3F2E84B3CD9285EA03,1,嘉峪关,vivox7,陈赫,去外地上学 心情不好
013897632313BD45F3CC8E17DAAD9234,1,qq群里的机器人怎么弄,沈阳职业技术学院,充电宝冲一会电就断了,暗画风的壁纸图片
ADC551EECD40850FB9D9FCB66C9C9AD2,1,超神偶像,九州天空城手游官网,怎么发快递给别人,九州天空城
8AF71F51F78A0AA4BD866231D63C206D,3,中国移动,http://192.168.1.1,内乡亲民网,中国电信官网首页
82E3256ECE36659D48F5D4F3B6DD9DCA,1,有时候莫名其妙心慌,古代说睡觉怎么说,constantly,穿越电视剧大全
AFEF17CA48D7B2B5BC8DD2786C2F4ACA,3,马龙对张继科,q3,马龙怼人,何以笙箫默小说
7614ECB419524A4DB11D2AA0D532D4C4,3,草虫的村落,安福武功山游玩攻略,此夜曲中闻折柳,为什么小孩子会长虱子
20CE522CB962006C373708224419D2FE,2,星际纵横,红楼之夫纲为正,簪缨世族,柳暗花明又一村
D7962AE5E6AE08D00D9DB797D0158253,1,女卧室装修效果图,你说别在笑了,女主叫顾依依自己妹妹和未婚夫背叛自己,一首关于寺庙的诗
B15022A249111D93C4F5B70EF4BA97E7,1,遇强则强的人,客人结账是前厅的服务,恩施火车站,克里斯关下门是第几期
65DC7A53716A976653EAA2047B90F006,1,远上寒山石径斜的意思,好段加赏析300字,聊天背景图,吹面不寒杨柳风
112EECCE1575360310EF911A805FE613,1,纨绔弃少,素描苹果,亖,gameloft
1C8EDEC59951F4B4CEA9D907F0E06E05,3,秘密爱,吉他介绍图文,http://,魅惑娱乐圈
277D4A6186B1E6EF3E1E45DE9B5BA36E,2,陈奕迅手机壁纸超清,吉他自学三月通,高仙芝,哈佛h9
7DC44166C1138C2DC91FE1C46E97D188,1,重庆到建始的火车票,呵呵,百度,散热器抽风的好还是底座的好
BEDA1FC0BF14FFB540CB709CFC8E8EAC,3,485串口怎么焊接,为什么g20峰会在杭州,随e行校园wlan业务,真心对待的句子
248C7673B2E1B886C80842FBA46FB363,2,五岳分别在哪个省,松下问童子,好看的已完结的小说,airconditioner怎么读
C5259AAD3FC49F3A7CE1F0D1C6E5A3C1,1,做超声波去眼带 能维持几年1001做超声波去?1.9.81年5.1晚上12点多出生命运,属鸡的人命好吗,电影脱胎换骨,男人兴趣用品
4F9DF637DC8E39A36E4E807539EBA2DA,1,质检员是做什么的,得了选择恐惧症怎么办,宝宝胀气怎么办快速排气,平车工是做什么的
0CAFC1D7FB4CAC73636A6993F435CB48,2,甜梦书库失禁往死里干,北京老布鞋2016新款女,配套检测卷单元检测二作文必修5,尿急惹出的秘密》作者:娜娜毛【完结】(
384E0DBF2915DA57C06680CA60900F2A,2,铺,天津农业大学,岛的结构,山西大学
DBD6175AB122BB939EBAC05FD151952D,2,帝女词,金主在上乐文,html区分大小写吗,四六级查询忘记准考证
8A1DAC3157F1CCE9E9801B7907981600,3,smt轿车,红豆薏米粥可以加红枣吗,金城武 日本电影,鲁邦三世真人版
149052388EC0CA7810778E6E427123A4,5,qq头像,王宝强最新消息,以强开头的成语有哪些,qq牧场黄钻动物经验多不
F83D20ECDCCC0A9B568C53F03613AF96,1,魏晨,野外生存60天视频全部,国庆节手抄报图片简单,陆战棋规则
DABE2A426A4A09A3663203AAFFBA215F,1,盛开,等我长大来爱你,杨洋动漫图片,笨蛋!你不是我妹
0D93C73EC0DD413BA9E1C925BD807FC3,2,侧边辫子编法,天龙八部角色介绍,陈好个人资料简介,洗发水什么牌子好
ACC0FCB1B83E66F5410B3AE6AD64A33D,1,做一个不辞劳苦,商标大全图片,文字转换器,天使的翅膀下载mp3
30A187CDF8B9A537E6354E7F5340ECB2,2,酒店泳池遭抢座,自制手机教程,淮河,乾县杨汉中学周倩
2CF23F0A5144498704A59F8DB3F2C697,2,蛙趣视频,华硕,蛙趣视频在线观看,惠普畅游人360旋转显示器
18B502AB029A48800B0261A09E927EB5,2,社会主义和资本主义的区别,荨麻疹会传染吗,卡地亚官网,湖南大众传媒职业技术学院
3577BA26BAA5E1E5311AC8F02DF9B4EA,5,u型衣帽间隐形门效果图,tata木门怎么样,489路公交车,红景天的功效与作用
BE3CB82B6E1410E139D1002C584D6210,2,路由器网速慢怎么办,excel表格工时,二手手机,手机怎么看信号强度
03C08FD682460E47FC110EFF60FF0C76,2,我的世界安装了砍树怎么用,重庆医保卡激活,小别离大结局剧情,书包网
44EFF1FF4170EAF20C36BA9E9EBA35AA,1,柷敔,一叶子面膜怎么样,沙漏经典台词,如何评价若曦这个人物
4D291933B89461BDC00F18F2BD2F3327,3,圣子,http://,手表品牌排行榜,梦见有人中毒
751274ED50F4E4B25BF1F990C676E768,2,比较文静男生适合穿的衣服,qq绑定了别人的手机号怎么办,肺结核引起腿部水肿,怎么设置不接受短信
C5FA3A091B4441D22AD6C953D45EC4E9,3,魔兽7.0坐骑大全 获得方法,魔兽传家宝可以用金币买吗,魔兽仙鹤坐骑,键盘错乱了怎么办
33423E870E664B06CF8D5F271F9797CC,1,怎么建站点,空腹可以吃薏米汤吗,面线吃了会胖吗,紫薯和西红柿能一起吃吗
D357060E0C170B35982841DD16DD48BD,2,重卡战车在,兽血沸腾小说,开罗游戏,黎姿
0C08FD59518EB0B6E03E4F80D21C5EB7,2,10ml牛奶等于,骑鸵鸟上班躲高峰,龙王传说,新闻评述
F558EBEF2A7A2A94BF6D7581F4FD6D4B,2,英文翻译,贵州有什么好玩的地方,熬鸡汤的正确步骤,爱你所爱是什么饮料
CA45D7149CE57ABFF68FFC708CBFE9B8,2,函授本科怎么考研,huawei 麦芒5,恶女重生,月亮变化
C365419B18C78A241AF6BC26B176722A,1,剑灵天空成长树,超声波捕鱼器,剑灵新手礼包,幸运破解
1C7F20C8A9A94E61688F08CB5766E0C5,2,微微一笑肠旦斑秆职飞办时暴江很倾城》,一干到底txt,精华会形成脂肪粒,21金维他的作用及功能
ABE7470D0B5B3A864DEC8AF25D6EC2DD,1,气血和胶囊有几个牌子,卡其色裤子配什么上衣,筷子多长,中药和中成药的区别
F8CBE4314C1D7CD7BE4759B61B3BC1DB,2,玉可以放盐水里吗,怎么买码,重庆时时彩钱能取出来吗,外国篇关于恐龙
14AB3ADDAE002485BDFDF5204FA949B8,1,美羊羊本子百度云,电玩巴士,阴阳师召唤画符,黑切的避难所吧
A78FCFEC1F41C11306FB15B9038ABAD5,1,大乐透,开锁小巧门,枸杞泡水会有颜色吗,六里桥东000公交车
A69C96BB7CC80E3049E9DB122AEFF8B7,1,bifer这是什么手机牌子,闪钻品牌香水一喷柔怎么使用,拉直头发好还是洗直好,2016放假安排
36924F1186B40991B476E5E28A844BE2,4,酸菜鱼的做法,洋河酒价格表,厨房用什么颜色瓷砖好,洋河蓝色经典价格
536CE491C36D9BCC905315CBA4A8CB62,2,佰草集官网,spaceuk,文字纹身,贺本清男士
FF98D743CF5D876C89C870554EC43DCF,1,烽火,办深圳通学生卡,吴梦奇,水杯
9C7A63F83E6136F9EEF3BC297B5E569C,3,抽象逻辑思维举例,百度,去集中化,动作图像符号掌握学科知识结构
44BDAA67C433848B1D57319DB772AD95,2,传真机怎么用,创意手工制作大全图片,儿童手工制作大全图解,沃尔玛网上超市
613AEBCCC341351358F0E40675A61C60,1,大型强子对撞机,能连上无线网但不能上网怎样解决,35烟,诺基亚奢侈
CAB735A494EA8329B2C8D2C88DDE57E5,3,人参归脾丸,酸菜鱼,酸菜鱼的做法,血塞通胶囊
11517C20BABB554444F0A42E033574D8,2,怀孕多久会反胃,怀孕半个月会反胃,同房半个月会有早孕喜食酸,早孕的症状有哪些
F197B03A6809D5219D4A4D7FB7B9233B,2,西门子plc反转指令,"操作四个按钮,小车进行自动选向",plc实训报告总结,百度
E610D22EC0A30C167CBD607334A3AE52,5,非那根,天麻的功效与作用及食用方法,中国电力新闻网,雪铁龙c3xr优点与缺点
92793D2BE2E9C1B2A574E7CAB7D55B64,1,沙井到防城港北,specialized,羽毛球规则,去德国旅游要多少钱
B006266FBBF57A3CAD5FA4A961C3045C,2,cf商场,长痘的脸适不适合去黑头,黑头图片大全,有没有药膏对螨虫
E7B04BD778898725E7E97A6ECDB1F428,2,中国证券投资基金业协会,摩天轮图片,观看须知,怎么找人开户
958D4C72311A097437842345B16AF382,3,苹果4多少钱,雪球狗图片,爱奇艺登录上面有北京安卓网页,雪球狗
6CB951BB72B477B8FDF878F044958EB6,2,幻灯片如何设置背景透明,千图网,苏轼简介,星座是按照阴历还是阳历
983686007E6F6541FB59D882BCB7A363,3,赶紧的英文,a8-8600p与i3-5005u,amd专业图形显卡,acer 掠夺者predator
15F2BF94A73D07B0C96D240E3A0657EF,4,法兰琳卡化妆品怎么样,数学资料手抄报,哪种海鲜粥适合青少年吃,姜堰励才实验学校
7377E7BEB65724FAA78111E59834B15C,1,yy怎么设常驻,艾琳艾德勒,狩猎美男之古旅,泰安马桶维修
FFB292D3F83F874AA5CFAC96B1D70267,2,传明酸容易过敏吗,21岁乳头颜色发暗,韩国什么面膜适合50岁的人用,应收单业务处理
D1ACC81E29B64BC0703A161E43B57BDC,1,钙铁锌咀嚼片吃多了,手机漫游怎么办,双卡双待两个号码可以同时接电话吗,地址邮编是什么
FBDA19C75101D4CDA6F6D43F5AD6286E,3,为什么总有一种大脑冲血 不清楚的感觉,苹果6s和6plus的区别,苹果6s和6splus的区别,吃什么对咽炎比较好
12F2360AEAAF58A76AD3F476E961E232,3,火疖子手术视频,山东丰源远航煤业有限公司主要人员,练功十八法口令视频下载,御室1677网络电话
5C8E6DC3D5EC51389E09593328F00456,2,凝字组词,拣字组词,丈字组词,带月的成语
33D2AF51B87E1B6B5BF3DC38F2109F0B,1,"豪门契约,恶魔总裁饶了我",骑士幻想夜漫画图片,傻白甜是什么意思,痛经上大号时非常痛
9DEE4D76830F4EB41204E944D47A9F7B,4,房门尺寸,嫁给厨子以后,将军家的农门妻,好奇的近义词
84EE7A2597BC64A666D7271E23E77644,1,老九门txt百度云资源,王者荣耀体验服下载,以纯官网,江西军训教官招聘
8B61B8C882DD5BE41E9446C1CF2E16BE,2,d的意志游戏,刀塔传船长王值得培养吗,优思明,熔岩巨兽出装
141E230C022E152998F4A54FE0438D64,3,九画属水,风水装修,属木的字,销售人员自我评价
ECDAA5398B72873B3449D86F59B173BE,3,七星潭图片,我是罪人心痛,福州店租一个月多少钱,99999999
7B424976363F08CAAFC2664D607E7C05,2,李兆会现任妻子,眉毛长的人好不好,新兴县汽车客运站,12360火车票官网订票
0C0A3ECA1574857F6E9E035FF60237AC,1,笔记本要买网卡吗,超级本与笔记本,欲成欢,类似欲成欢的宠文
7EEC2FE62A6FE1D83047AF2C3337B30D,4,拒不执行党组织的分配,百度,天宫二号发射升空,中国共产党廉洁自律准则第二条
34CDBB09E9EB14C300127081778029A3,3,张作霖,中信信用卡金卡额度一般是多少,太原光大信用卡招聘,保险组训
518DE9B9A98C6CFA2B665C3E2E139737,2,婴儿拉肚子要不要多喝水,坐月子胃疼光想放屁,婴儿能吃几桶奶粉,高锰酸钾污染手
EFA6295B456FC8B2CB324DFE9912895D,1,九大堕天使,高中学籍档案,军用笔记本电脑,大学几月放寒假
B1B7021318D1FA6C6A8A8558B1971913,1,公交线路查询潮州,崇拜的成语,nabati威化饼超市价格,penbeat
F79E10163FDE01E52913EA46935573F2,3,菠菜和豆腐能一起吃吗,中国冠军范,farewell歌词翻译张英席,社会科学院毕业厉害吗
92F383B3EDAD84BE23D40192AD40DA44,1,小米3怎么设置来电闪光灯,衍字拼音,力士洗发水,匣字拼音
9FE37F7191228E4FC7567B7002ACB37C,2,妖精的尾巴漫画499,骚男歌单,戴尔笔记本电脑蓝屏,a8c3629fd48ab4ab4912c7f1424e198a
39217970C5593453CE70AB3747E60AA1,0,白冰冰,商家豆浆调什么才好吃,好看的abo小说,抖m神
33AF40F4EDAC1794B0943D8678D1435A,1,梦见长黑头发,像框架,性生活过多了会不会得子宫癌,炒南瓜子
CA0F595AE69FF2CF8D15BE3B1F0A6589,2,没吃早餐喉干头晕恶心,单纯形表法,图片噪点是什么,全民k歌怎么升级快
007CB080F1F6D18F1502A6CEFAC5E349,1,龙王传说,dnf手游,龙王传说写完了吗,哆唻a梦大结局漫画
B8D4486E52F35EDE8517814451E161A9,1,类似电锯惊魂的电影,c语言,赌博过三关,丝袜小说大全免费阅读
25159C094E434A7D04395AFEF05CD735,3,杨洋微博告白郑爽,国际名模杜鹃,国际名模刘雯,青岛到河北
65E9E51B04A90FADED0A49260921C1F1,4,四个月引产吃药能下来吗,上海人流哪家医院好,抚州市红十字医院在哪,怀孕四个月做引产疼吗
CABC3740A83F5C922F35A604BCB0AB0B,2,高铁站可以取普通火车票吗,七日杀视频,支付宝点外卖如何领粮票,哪家的超级本比较好
8DA37546B00C876BB6349A4FE76A47E8,2,神医贵女盛宠七皇妃,头孢拉定胶囊,吊包,青春修炼手册手机铃声
900257072BAED3AA81C668F27956B664,5,朴槿惠提早回国,清道夫鱼吃什么,武警老兵退伍卸衔,曹云金再讽郭德纲
3D065B81784BEFC80052409DE84BEAD3,5,王的男人,马陆,餐边柜效果图大全2015款,辽参
8698F8DA00B80907CC662F0A8F272A28,2,居ibm全球五大开发实验室,微微一笑很倾城 第二部,泾川一中跳楼,火烧
1C37A9B90935DD5867D353F0AC39112C,1,遮瑕膏,英语故事短文30词以内,convenient是什么意思中文翻译,葡萄糖酸锌片的作用
48FE07E574905BB13342FB3644156112,1,北京时间,缘之空全集在线观看1001缘之空第11集在线播,护甲穿透,纹身意思大全集
2D5675418DB117E2F172733F971EA2DC,1,棘突,穆雅斓,首席老公霸道宠宝贝继续,浙江湖州中考成绩体育占多少分
9F36ACA6F4DE0AE45901A68EF123C70B,1,恶心的虫子,河南是北方吗,勺子冻冻能去黑眼圈吗,腌黄瓜先生
0DC6A749421F842469FEA360AB4C056D,4,绝经年龄是多少,龙王传说,沈阳花粉过敏,风铃花
31C0344A804E9D0F0811D19BAF743AB8,2,现代史大事年表,发根毛糙用什么洗发水,洋务运动与明治维新,2015英语二真题及答案
2718FCC74129806C27FBBD0E0E681DC5,2,阜阳还实行火葬吗,黄鼠狼知道报恩吗,qq聊天记录删除了怎么恢复,鳌拜简介
71EAC6CB14947AE2B314BE7A8E22D22C,4,电动自行车电池售后服务有那些,"电池电动车,厂家",超威黑金电池,超威集团董事长简历
2ABCB27638DBF3FA474488A22C576228,3,人民检察官,新生儿吃完奶不爱爱打嗝,新生儿易惊吓用朱砂,捷信现金贷款利息
7B601EBA12F715E80546D57A9C9FF00C,1,杭州属于哪个省,想起个艺术的游戏名,郑爽整容了吗,薄熙来贡献
38EEC0D0BAD60F486ECFA085B71B6C2D,1,鸡眼图片,音标发音表点击发音,大学体验英语综合教程2第三版,华硕jx50
67A839C148567658E65285EFAD645903,2,cpu针脚数目型号,电脑突然多个efi系统分区,联想硬盘保护系统卸载,电动车控制器在哪个部位
2E907486707AE0B087C8937618FC64DC,6,沂水到青州多少公里,形近字是什么意思,百花山养生泉,交通银行信用卡电话
912EC51D12816C165ECB6E45CD8324DE,4,王珉,开车如何防止跑偏,白城天气,建设银行
29DEDC4C9F0F551E73746BA5DBD22F53,4,深圳市小学生讲故事比赛,马蜂窝怎么处理,头发掉的厉害吃什么维生素,爱康国宾体检中心体检项目
E537476FCE1ABD64EE20991DA79F2461,2,u盘插笔记本上跟这台计算机连接的前一个usb,大嫁风尚夏母叫什么名字,点到线的距离公式,支付宝在哪里可以查看自己的余额支付额度
FC5E37EA3A16A61B21EC59E59C4637E8,1,薛之谦参加的节目,金福南杀人事件始末影评,车晓现任老公,明字开头的成语
E309C8D960670CFC1A4C327B94B2D296,1,光盘行动手抄报,简笔画小鸭子,啦啦,宁东镇离方家庄多远
F49D8889109C7B7ED37F8368B3760206,1,茧单,红钻秒8活动2016,世界第一初恋,元气囝仔头像
48CB2D669C279D3F0AAC8C3F41A8F1F6,2,乐视,斗鱼,胃下垂该怎么治疗,手机cpu天梯图2016年6月最新
07E79EFF4D48394E29454443F1724A1A,2,惠州西湖,广东亚视演艺职业学院,美丽的锁骨图片大全,大闸蟹
280A32E75D98927227A757BC4ECD9018,2,amnesia失忆症小说,女人哪里逃,河南财经政法大学贴吧,狼性总裁囚爱妻
C0E85451496BE03F6A18CBEE93FEFD35,1,大食头,部落冲突辅助手机版,好基友头像,剑豪 id 名字
273279C17E3BF95463CC776D557270F0,2,考的个人,青汁减肥效果怎么样,和时间赛跑讲课视频,工会女 工部工作总结
4492901C36C8D5D6A2E2D839250F91DA,3,怀孕初期肚子隐隐作痛怎么回事,怀孕8周注意事项,怀孕第8周孕酮ng ml表,猪为什么要阉
D8D4B15D64B55F27D0B9DB52592397ED,1,时间终不会停留,王秋儿,一见倾心首月5元爱奇艺vip,漆黑魅影深之洋馆咋走
50607A087267780C5CF11363DA9B4757,2,啤酒鸡的做法,珍嗖啦卫生批号,k1165火车11号车厢座位表,怎么通过身份证号查询手机号
DDADCC43A5944A562026220D43483E12,1,中国槟榔产地,清晖园简介,山东高考改革新方案2017年,电脑内存多大合适
89FAA9FDC140A3F7133DADA35D93313A,1,2016流行什么风格,林允儿,长时间对着手机的危害,bl肉百度云盘
C290E58F0627474569D0FFECB5057B39,2,天启者皮肤,上个月来月经了这个月还没有来,"形成了中国特色社会主义理论体系,确立了",in里面的图片怎么保存
793073B12969FF685EE624E7BCAACCDA,2,盐水洗头发的害处,生源地贷款利息怎么算,魅族3,大军阀
FD5F761F269043C90CC18C4C165C9142,1,柯南剧场版第十一个前锋片尾曲,阳光学业评价地理八年级,孔雀羽,九州天空城
FAFA4F76E6E606B74B8FC4AEBC6699CC,1,"如图be平分角a b d,cos平分角a c d b e c f",做梦梦到明星代表什么,中秋手抄报初中生,怎样敷面膜才能吸收好
5A463A8C79A6A0C45EEBC5C8B5C708F6,3,利波特斯,好想你,王宝强离婚门,黑人兄弟第一季
B1BAEA1BE5EB50A165A53E553360B509,1,重庆,12306如何选座,洋人街,阿迪达斯adidas adizero tempaia iii 动感?披麻戴孝
A2C700D5018885A525D4108D77361E09,1,南农接站,中国28金排名第二,g224,性价比高的笔记本电脑2016
38A3E279DADE16EEBD83D36FCD136A2E,2,仰卧起坐的好处女生,桂圆红枣枸杞茶,wheredyougo,1996年9月15农历
9FAC5FC3BAB6667501A28A124BC00132,2,驾校举报,方向定位指南针,中秋心情短语,驾校学员举报
D989025B6BDA8D30BDE2D03FEEA01E45,4,美人心计13集,刁蛮新娘19集,刁蛮新娘9集,宫杨幂主演
6DAA9CC29F87AA77EE1CD670B1E3721B,2,无痛胃镜一般多久,桂林象鼻山故事,让子弹飞,李洪基
3D356627689134E5F4268DAF4C59721C,2,湖南地址,cc,球球卡关注,王者荣耀射手符文搭配
776AC419DE43190208D73170C8E7AC9A,3,淄博玉皇顶价格,光电望远镜,屁股上疱疹,淄博小公寓
AA873C7AAE539FBEBD6BB070CC1C0479,1,太平洋电脑网,万有影力常量是谁测出的,陈思成佟丽娅,3dmax中旋转视图按哪个键10043dmax中旋转视
3901B910B53BC38E6D4ED77CDDA59351,4,廊桥遗梦简介,小影和彩视比较,读经味如稻粱,手机能下新闻联播吗
62CE5148C7A8D24C11CBCACCCA60DB0B,1,艾叶泡脚有什么好处,带心字的两个字网名,深军绿色裙子搭配图片,斗鱼
61B2F8D254166E0A967B551634854E7C,1,北京时间,闲鱼,绍兴北到温州南动车,死丘事件
180F0B1B28448E95C47B09C880E42CEF,2,gracegift是什么牌子,好看的电影推荐2016,你的天空我的城,警卫排的指导员
D4624584DF0B13D8A808D1813DEDA1E4,3,轮胎的生产日期怎么看,大乐透,体彩,室内假山流水喷泉
5E6F1C539A017ABA735E4174597B4115,1,3000的笔记分好吗,南安普顿大学交通运输研究生能挂科吗,大学生可以学新概念3吗,g20出席
2DC4A706E650095964C3EC7CF9C315A4,4,2016年新农合生育报销比例,2016年西安市新农合缴费标准,唐都医院生殖医学中心,肝功能检查结果分析
E407DFE819F6849A2A2D80925698A758,1,韩国面膜价格表,张一山杨紫综艺节目,急中生智反戈一击,6934803302907
5D36FF0D2DCC9356CCD70A431A65B07B,2,g20峰会化妆品能带吗,旅行者暖暖7,过敏找不到过敏源,一个脉字下面有很多树根
5B7553F1E5742EA481FECDE8315660A9,2,不能插网线的笔记本,数位板,因缺思厅,瑞莱的冰晶节杖
8A8B57849CD15F074DBCF17E405CB4BA,3,线槽和桥架的区别,成都祖师墓是谁的,请把你的歌带回我的家是什么歌,笔记本电脑起动不了怎么办
D3BF84CA1980776FD26645A79C3C774A,1,土木工程专业就业前景,火线手游刷光之刃,坚持的英文,手游火线抽奖技巧
C3992F2C7FE85C90E9D85E89FF2A8060,1,腰子是什么,有个爱你的人不容易歌词,王迅,pptv云播资源分享
843AE39E7679010C64BCB01A064786D9,3,孟非崔永元同台领奖,蓄电池修复同行,电动自行车48v锂电,install是什么意思
C81E2C133AEB0A3C7AFF1DBA59D2944A,2,趋吉避你,入党积极思想汇报,康熙来了配音那期,沈阳到大连高铁
4DCB59FC91822DA5082076BB6F5F9925,3,东鹏卫浴,圣教堂 葡萄酒,各种混凝土塌落度,企业购买设备与租赁设备 正确
0F4E3DFC576492F01A6A61C769E98AC4,1,生命真的很脆弱珍惜身边人,angelababy,as衣服叫什么牌子,韵达快递单号查询1001韵达快递单号查询
EE23B0CFF1C008202FAB1FAB229A3259,2,古代师徒恋小说,独步天下,求速率是摩尔质量,水浒传98版电视剧
4996B4F30B2B4CDFF0BD49D562E69B37,2,南宁高速死10,皮肤过敏症状图片,电压的单位,气球造型教程
2F3438B56EBBC4D07296EF27EB4CA39C,2,贫困认定申请理由,顺丰快递电话,偏偏喜欢你歌词,么么哒
FBC225EABCF3214B4DB30945102D3F53,2,华尔街日报双语阅读,627875395@qq.com,掰掰乐,oppor7splus手机壳跟oppor7plus
7B5D2FFFA0830A9A2C7C6453BC678CF0,3,郭圣通,花漾,朵唯手机,七日年化收益率是什么意思
02E660C25CD67CD4E3B92B67A4E67BCE,3,奇瑞,十字路口没有箭头左转路口绿灯我能左转弯吗,秦皇岛大地保险公司,秦皇岛开发区保障房
6F9C7E7B5669FDAD3CD398D98C3B142E,1,傻逼用英语怎么说,douchebag是什么意思,咯,王青
E8AA546B995075CE044A9CC7F4411459,2,旅游专业考研好考吗,铜陵学院新校区地址,潭,word文档怎么插入图片
E48C08D8D42BF7818129AD0B09636761,1,为的笔顺,韩安冉,我爱爸爸妈妈,董一涵
50EEBD065FDED7460992CB4C13B857E7,2,行政管理毕业论文,2 4 8 16什么意思,erp,iphone6s尺寸
D32F74C06F04D069136373ECBD79E9DF,2,黑脸的表情怎么打,球球大作战段位,2016湖北一本线,千图网
F4637BFFEB1281FC8AC13A2A632EE584,1,小家军吧,我喜欢快乐时是哪首歌,bingo,电脑绣花
A3A62905E3A531EBDEE34184D8BD4202,3,小兔子乖乖,神探娇娃1暗夜毒枭演员表,养生sp1001无标题,头痒痒的厉害怎么办
A0BB799B73BA06C611812B12707DF4FB,1,菏泽医专2016招生计划,dnf一星期,2016山东注册入学,dnf14年国庆套
054D18E7E6D70355F1186E6580B704A4,1,赵丽颖丸子头图解,郑爽婚纱照图片,张子萱照片,赵丽颖同款丸子头
9A33D03D342536FD50BC4F9C2C09A139,2,老友记 小说,湖州丰盛湾,草木虫鱼日语读法,非月经期出血的原因
43433570E67FB7585891B02223CBBADF,2,奇迹暖暖攻略,计算机二级报名时间,法拉利主题公园过山车,中分刘海女生图片
EE9BC5B29CC6F86EBA8F5845D237015E,1,对不起爱上你小说,安岳到自贡多少公里,独家私宠总裁轻点儿爱,九宫键盘
EFABD91BBA181C36DDEB176770E84B8F,2,移动电话卡不注销行吗,郭晋安演过的电视剧,本田冠道,兰博基尼
4A93AEF9C97717B111E3480C77E5B905,4,12伏电瓶用逆变器接100w灯能用多长时间,姚贝娜死亡现场图片,木著收割机,歌手红蔷薇图片
768683553D008A3554B1472FBAE091F8,2,侧边辫子编法,步步惊心丽海报,洪欣带女儿参加的节目,杨洋图片微微一笑很倾城
B200E24240EE6BC6478575E5127D3024,1,水的比热容,跳绳用多长的,adidas的书包,锥形瓶的用途
6F1DED10F8A3F3F790BE79028DC35619,1,汪峰徐歌阳视频,榴莲不能和什么一起吃,雷石点歌台绑定房台,奥里吧
14342C191C559204CDCB090DD299C17E,1,八年级下册数学知识点总结,天宫二号将发射直播,酒精挥发是物理变化还是化学变化,一只黄色长的像七星瓢虫
508529E36949FD6DCFF1443975543F7B,1,飞机怎么折飞得远,网购奶粉有活虫,最经典的一场维密秀,中国女排
EBA9208B22B6EA8DC43A248C5900F808,2,惠州西湖,嘴唇紫色是什么原因,百花膏,想吧狗狗染色成熊猫
56373EE08FBD3E278D89A6531F3842D0,3,奥美定注射鼻子摸着什么感觉,怎么样能看出面发酵,法丝丽玻尿酸,玻尿酸吸收以后会不会皮肤松弛
2E6D2F570E5BFB6F39CBD86FB08E5B47,3,带饭哥手挑8份外卖,追凶者也,工资卡竟是信用卡,法国第戎发生爆炸
0E5C961FBCA5CDEEE7CDEDF692B79F0A,1,办邮政银行卡的步骤,网王里有谁用平板电脑,血族小说,洛基
C458FFDD1F869AD9DA3D8E519B6E94CE,1,北京望京金百万,r7数据线多少钱,茜婷面膜官网,rng无心
01030F13758EB69D18A86E030D25EDB5,3,韩伊美化妆品旗舰店,大众怎么样,遮瑕膏,顺丰快递北京到哈尔滨要多长时间
C1FFACC1D5385165BB7FCF17E00B9B52,3,羽毛球决赛时间,大众集团国际分布,无锡汽车到虹桥汽车,百度
3126270448D0005AB10E708BBE832503,2,二连浩特边境口岸美女,中建五局,移动宽带怎么样2016,怎么防止长胡子
77FF983E5E5355D78A38553D17001A4A,0,lnternet协议怎么设置,"norton、lntenet,security正在执行后台任务",笔记本电脑健盘win那个健,网购奶粉有活虫
D619B06230D47116EB5DB77B90331405,1,春风十里五十里一百里,巴伯瑞,以后无论是有福还是更有福,dfs免税店
994D0FC7A74048DFB46EFF79F07D3D2F,1,在图片上写字,天弘基金1.0,wps手机版,更贴近垄断竞争市场
5C52DAAF72383EA1DB2ACE450F209CB1,2,锦州锦华街金城宾馆公交路线,甜品大全,外套,高级英语第三版第一册课后答案
6DDA09E706F90CD49340E28E0191B577,1,怎么查询adobe软件的系列号,移动硬盘能当硬盘用吗,广西职业学院排名,碳
B7F6C416148C0927C690E591BA4E1A8C,1,东莞理工学院分数,50兆宽带下载速度是多少,dobby,佛山电信流量卡
D3ABB07DFCFFF27A319F8176DF329EB1,2,死亡邮件,英语四级翻译多少分,白莲花,西游记后传
D0EBAACD410CB442FC4BA65A1371FCC7,3,怀孕了梦到自己来月经,怀孕14周小孩是在固定的位置吗,孕妇能吃红枣吗,怀孕13周肚子多大照片
3336A607C3C73E890A5AD82E1DD70CBD,4,龙烟价格表和图片,达坂城西域美食,阿里为什么注册不了店铺,新疆味道
9CBB151E78F716428385EF026B87BDD8,2,导出excel 乱码 poi,跳绳能减肥吗,calbee 食物纤维+铁分营养膨化麦片800g,导出时outofmemoryerror
D19BBBF4F633CD61F77C0F5F76D259C3,2,股市,吃泡面会发胖吗,秦时明月之君临天下,自
D41952F53EBC87D3B2370B5BD74E9016,1,烹饪二十六工法,dnf鬼剑士各职业觉醒技能视频,玩大型游戏什么牌子的电脑好,江一燕老公
98383D69EDB7C713773AA463C202B80D,5,怎样用qq交话费,天津地铁6号线线路图,北大才女赵婕,风韵情长
38A22C278DF708BFC992D1EFC2E15A3C,2,回天by犹大的烟196,[五毒]星际宠物店,微微一笑片头曲谁唱的,安妮海瑟薇老公
351F3D9AF4CB388D562868BCC74FFA76,3,智齿发炎为什么会流血,糙米红豆粥的功效,小咸鱼干的功效与作用,什么水果是降火的
BF44C4B9C736D53C538833CB495172E5,1,桂林米粉,罗马三皇之,孙中山,抽水马桶
877E516EC365C8412FD8E72C34962411,3,做月子可以喝水吗,刘嘉玲,张翼,王钟男演员还在吗
9939B77D56A3E06EB4467A632708E4B0,2,2016英语六级考试时间,谁动了我的幸福禺说全文免费阅读,电脑连上cmcctv后翼讯,电脑接收的文件打开后是空白的
43852AB4604F49A65E808B3AD74D82AE,2,挂耳式耳机戴法图解,数字五行属性查询表,哭哇思密达,剁椒鱼头的做法
D1C2BCF5E31F4F087EA94BC38A5AB795,4,处暑吃什么,五朵玫瑰代表什么意思,莎拉布莱曼斯卡布罗集市,北京北京歌词
07C1F93B65BFE83799C12103649E17B2,0,反应距离,一波未平一波又起,万合天宜,郎咸平小三廖空姐
7DBC992C873C7E48B76E162854F1EEB3,0,家有喜妇全集现在观看,西黛尔官网,在线观看背着奶奶进城,在线观看大秧歌
D7E0C08170225BC44C64A04B45869C84,4,南北往事 长宇宙乐文,芒果台,扶摇夫人类似的小说,太子妃花事记乐文
F2B2932D3C987B777DE780E1EB591815,1,手机壁纸文字简单,比度克,neutrogena露得清清透防晒乳,日语哥哥的发音
BAB23B312489654070919C9C6A27BEDF,1,键盘怎么复制粘贴,侠盗猎车手圣安地列斯秘籍,侠盗猎车手圣安地列斯牧师,星汇国际电影城新会
52040026C3BAD4F496372A65B46B2234,3,2.5产业园,苏州旧木家具市场在哪里,鼎泰新材,顺丰上市借壳哪个公司
41C06C96485EDE7EAC3DFFDB7420E5C1,3,带秀的微信,幼儿几何图形粘贴画,叠衣歌,g20峰会晚会
F749B0087AA44F3F2F645DEBC774B9DF,4,灵魂出窍视频,粉刺,魏碑有隶书,storm
90A038E86F3EED2CE4792C7D5C853EA9,1,探探app下载,神马电影天天看电影,青春不下线,手机制作图片加字软件
C87A7F8D4BC2B17FFD10E04B4A278DFE,1,女生缺爱怎么办,秦时明月最强阵容2016,好听的游戏名字,手游代练网
646B8420B0F5042D25DA2F3B5CF0221E,2,萌宝宝图片,平顶山到杭州的大巴,西财金融水平,公主择选
5973EA32767D03AEF5E3616C7789538F,2,会计从业考试安排上午考试还是下午考试,英国为什么同意香港回归,中国新歌声,广州第四期会从考试时间
F7F7567B5FD6623F0C4DDC06DDC7F5B5,2,佰草集官网,固原到大武口火车票,换药的目的是什么,梅尼埃病
BEE0E1F2D987B8CBB1756CCE8880E67F,4,湖南湘潭莲子,漂唇,在朋友圈怎么发文字,红糖熬薄荷
E27DB1A6A66DE8C73AA9A0B21FE0D4C9,1,微微一笑很倾城txt,jizzall,两种不同的爱漫画,月夜之恋
D4FEF1E90F7F309599559F05F2EE53FA,3,怀孕用蜂蜜敷脸好吗,怀孕是不是不能带黄金,孕妇用素野,袋鼠妈妈橄榄油三个月用
7AABA1E7229AD94B9214E81F5C0AD534,3,白桦林,乔峰后谁是丐帮帮主,王祖蓝,女排张常宁
EF1C4E9EF34909A2A10F9160C037CBB8,1,二狗子你变了图片,大学军训需要跑步吗,三蹦子图片,鬼父百度云
43503DACF2DC668EF45FADB63B249422,1,思维导图,太阳简笔画,太极简笔画,八卦图
CAB42B9EE3303E0BE2BB91CF2A9DD706,1,罡杨集团,维克姿和谁有仇,源氏视频教学,霍建华图片
D35C8FA6C7046F31F540A2A76A801BEF,2,穿越自制电视剧有哪些,企鹅fm怎么录制,50天狗可以喂益生菌吗,快递下午寄出几点有信息
1253422750F63A1D4C67C6E14343072D,2,360云盘,传闻中的七公主中朴福女的扮演者,四川大熊猫,绵竹新天地高分子
0B1409804DC6322BEEEED94BD26537D1,1,定向流量怎么用,午安英文怎么说,素描单物图片,名牌鞋子有哪些牌子
F7797D2C3C02541D69D22F87F6652347,2,"最近很流行的一首草原风得和,女生唱的,4个?再次见到你 金娜英",佳木斯一中老师工资,一群人在地铁上笑看不懂,牡丹江一中2016教师招聘
C0C9E843ADD161B51E4761F81C1C0C9C,1,微博上的购物券可信吗,微博上的购物可信吗,eliminated,怎么提高心理承受能力
D2FA9D5E9F78F79374EDCB34E76DB531,1,微梦想破解版,范冰冰走路图片大全,魔幻粒子安卓可设置版,阴齿是真的吗
D60DFC4C3170C5DE3B5051C303649E71,3,张一山电视剧,有乙肝的人能多吃西瓜吗,有内风湿的人能半健康证吗,陈玉莲年轻时的照片
91317CF503E5E983A485B30090A84BC1,3,深圳哪里有到五华的班车,兴宁到五华水寨有多少公里,385路公交最晚几点,本科是什么意思
D41AD8513D51104D7396B4C9D741D99F,3,吸烟者能不能吃金嗓子,澜庭集官网,tct诊断中度炎症,侧脑室体部宽:8.1mm吃什么药
3E5C03AD5A518EFE86214C51B8BA2D62,2,宠妃,安幕希多少钱一箱,160微胖女生穿衣搭配,杏鲍菇怎么做好吃
86EB9C39AEB47AD8182ACE898A967FAB,2,修眉的危害,1234再来一次,教育网,上海学生游玩
507325656951376610AEB6E9428B7C98,2,唯品会里借记卡没钱也能买吗,男士必备物品,耳钉耳帽戴法图解,唯品会的收货时间不限是什么意思
C2BE653E8C17ABC4FE2421BBB2D8A177,4,邢台小学排名,邢台二十四中,fastboot mode是什么意思,开心消消乐239关攻略
AC38B508C5461FD106596D99C62BAD9C,2,面试时的自我介绍,给小学生做家教的经验,短篇新闻英语稿带翻译,带阁楼的房子装修效果图
4E8DDDF5B1630836D523AF3237A0B18F,3,受的成语,私的成语,针的成语,然的成语
A85C325DFDB8935DAE093205FB44FD96,2,祛痘的最佳方法,洗面奶用完脸部紧绷绷,补水面膜排行榜10强,女生剑眉怎么画
8DD144E522B0C1A429FE5A487F12DD6B,4,行船跑马三分险下一句,风景画,我相信歌词,至尊月饼礼盒
5432D9AE1E54A72942D53351E6700973,2,什么是核算,金宇彬结婚了吗,黄大仙灵签100,朗豪坊
2DBAA367990573FE3240F7843EC02CB0,2,漂唇,性冷淡,线雕隆鼻,"太阳穴疼,天旋地转"
C027CA885348F7BFD22294CE82F7CAE5,2,孕妇脚痒脱皮怎么办,怀孕五个半月背疼,孕妇可以吃豆沙月饼吗,红枣复原乳
717B4630A12615BC1225C355AFDF7BE2,2,以漫开头的成语,四字唯美成语,头字开头的成语,李莫愁
B3044EC21910577A12A40AC792796B92,1,今日说法,自制葡萄酒的危害,澳州神奇水光面膜,鬼佬区超市
B1BDABB44D7B13A8F5CB4B4F4337B164,1,韩国眼霜排行榜前8强,乐天免税店柠檬排毒膏多少,悦诗风吟极细睫毛膏价格,制药工程职业生涯规划
94475D19F40D99DABA27EA45CB80A42E,2,优资莱化妆品适合几岁,桃花图片大全,瑜伽入门基本动作,装宽带
EBB192A6D531BF02950023EC17ED4D6A,4,贵州交警app下载,饮用水安全管理制度,春花秋月的意思,矛盾论
26D958131187B8F14CFCC68A0B949CD4,1,我们要结婚了英文翻译,新闻题材,平面构成创意图片,苹果手机充不进去电是什么原因
C44DDD7E8117BC8ACDEC2F33E504B3ED,2,重庆房价,浙江宁波,死亡邮件,thinkpad s2
E224E22A420F4A6D8522A8015C6151FC,2,鲜有汇聚和聚百鲜,大灯笼青椒算辣椒吗,三文鱼虾饺丸子哪个牌子好,最长的陪伴后面一句
5E741B7E6124DEFAF988C5AF472CA9F8,1,张云龙,我去上学了,抑郁症,任娜英 鼻子
3481C8F20B930DB8237637014E8267F5,2,欲成欢,抵死缠绵,去哪儿网机票,咸阳交通瘫痪
4041B004CA2BA0C10EF20B265FF31E72,4,炫,添丁是什么意思,东莞的教学质量,生男孩古代叫什么
E8D83B7C77AF6920FC6B1DEF34FBC558,1,桎梏怎么读,唐雎不辱使命翻译,中国女排,吕小雨性感
2B0A9B595471A291CA9CE1445FFCB4A3,2,敏姬安抚水,血滴子,动车票可以改签几次,梦到已故的亲人第二天就生病
892C7C03FD5F8F1B50CCC05E0DA7DBC2,3,津巴布韦总统下令逮捕,经期来了可以吃红枣吗,辛拉面是油炸的吗,宁海县
476A1C6FB8181227705EF0E10AA912FB,2,温州到遵义的飞机票,第二代身份证,宜兴到宜兴高铁,官林到南京的汽车
A89C1D3A24808A240DCDAC66091BFAD3,3,天津属于哪个省,婚前试爱,防打印机辐射,蹊的读音
C802323D3F3C87298E1339346C31D003,1,魔兽争霸,龙王传说,妖神记,魔兽争霸3冰封王座
8F39177719C408AAD58D8E6105E8A128,3,厨师炒菜口味秘诀,玉佩穿绳 隐形孔,如何开光本命佛,桂林客运站时刻表
F4B996135B8725D142D26BCB3E1C4099,1,学校心理咨询室面试,李敏镐,送你一枚小弹壳,横店影视城怎么去
05EB988E167EBD30C5461D1A2B1A6F0B,2,江苏大学,2016中秋节法定假日 三倍工资,苏州科技学院天平学院,生活有点甜
466654F4ED988E761705A1E044DCC778,1,电脑开机qq自动弹出,迪奥烈焰蓝金唇膏真假,手机qq怎样一直显示在通知里,迪奥口红真假辨别
68DD1755DDC5B0CE507E860F9820CD66,3,范冰冰 苹果 结局,冀t哪的牌照,搬家送礼物 适合送什么,带隐形眼镜可以哭吗
E3300B0A7F144050C1D16B46CFEAABC7,1,张艺兴工作室微博,完美芦荟胶最新包装,已知泉路近欲别故乡难,林允儿
B8815AFB9F679E21926D1D975CC4F0E1,1,欧米茄(omega)手表 海马系列机械男士手表23,针织衫风衣,飞机带鼠标,飞机带充电宝新规定
DE7555328FD9ACC3F46B44D64CD889C7,1,组装电脑,水星路由器智能管家,宋欣佳怡,封面图片
30522FC8D07AF07DC68922D603B559C4,1,302多长时间一班,英文名片图片,ipone6可以更新ios10吗,陈小春应采儿视频老公
572C9C17EA5F7E8675CCF6D73114088F,1,世界上蛇的毒性排名,wessex,范冰冰李晨缠绵两晚,内马尔最新过人集锦
3657337114A2AA2A413CF55C9719346A,1,吴倩莲,广东新兴发生地震,邢佳栋,范志博图片
961808E2A6122F9E3BF345BB2ED6CA53,2,百度云老九门小说,刚体是理想模型嘛,东北离婚率高的原因,向佐
45313F9F8F311DAB7CEB5CC72A3B2189,2,兰博基尼,王美人,杭派女装招工,幸福派
758824AC94B4E561C2D4FB714ED9A58F,4,电力工程设计资质,乞丐,英文翻译,输尿管上端结石激光碎石多少钱
BCE74807CC4BA7B18243EB47C6DA7EE6,1,唤神,炒丝瓜的做法,熬可乐红糖姜水的做法,好看的黑客小说
4B0A1EB65BB8CA8FBF4C9AE360B13019,1,螺旋烫,丰台区外环西路在几环,刺符禁忌,花球怎么折
2FF671277E6A086421B050E5B2B53F49,1,dnf追星逐月武器属性,请随意开火吧,dnf男女鬼剑哪个厉害,守望先锋多少钱
B4CFA3A124F1BFBF3E2BF9181D765F14,2,多基因遗传病,为出轨丈夫开脱,12306支付票款需要30,李亦菲震惊全国照片
6361132038BD61D03A6F1A08F532AFF5,2,骨头在胃里能消化吗,江苏大学,第一志愿,江苏大学研究生院
FB85ACD428383696093203D566A5E7CE,3,注塑业能用到金银吗,什么是硝酸,东方财富app,金渡铜元件
F069ABF9F41C7DB0B2F36DDB11D4BF62,2,法兰琳卡适合什么年龄,微博被冻结了怎么办,二十岁女生护肤品品牌,膀胱癌死亡率高吗
169A1827D4288844595BAAF96D701281,1,惠州市陈江集散中到沙田镇,微微一笑很倾城电脑,方舟生存进化手机版,罗字头像文字图片大全
644D30982E79AC40A66E41502E6BBB20,2,江南大学的专业硕士工作待遇,积极分子有啥用,肚子拉了一天的水,说别人宝宝看起来健康好吗
DEFF3A5F7DE5FFD6C166BC34825B394A,3,海南自由行,热门手游排行榜,1161609239402,七里海镇祥和酒店
34C821202C0E63655430815805E7B28D,2,去污粉,"为什么20天就来月经,而且量少",微微一笑很倾城更新时间优酷,广州花都天气预报
408587DE5C681E6B58DD4B758A96356B,4,pace是什么意思,起动噐,齐齐哈尔第一医院挂号,内蒙古莫力达瓦旗出租车能过户吗
C0D367880794AD3DAA6965EF54BF1A3C,2,钟丽缇晚娘在线视频,开心果,什么运动减肥效果最好,脚后跟没有弧度
2E81C76C3918B43C3572C48D32D1698D,1,歌尽桃花txt百度云,火车票提前多少天可以买1002火车票提前多少,受凉咳嗽有痰吃什么药,一天洗了四次脸
E28A5669E227398519A2AA64A5E1C00A,1,百度,怎么屁股上的肉减掉,大主宰,lol网名大全
3B7331C42A3E4E6C9FC892D866895453,5,可可粉和巧克力粉的区别,热巧克力,伊能静为何喜欢黄维德,上海宝山交警一分队
D886BFD26057FA77D1B82349977B69CD,1,什么都可以,http://,骄阳似我下册全文阅读,鱼缸曾养机
D285A32798E6B567C3A367E4E4576396,3,blued直播提成多少,教师节礼物图片大全,贵港哪里有手机麦克风买,blued直播赚钱
AFFA77AF5B7924AC6D3BE2EA8B1855FF,3,石榴的功效与作用,吃梅子可以减肥吗,车祸头部受伤昏迷不醒,肥胖纹怎么消除
B6AF07956CF15C2DC624138CF7F4D74E,1,王者荣耀官网体验服,apk安装器下载安装,久久热只有这里有精品,瘦腿
06CF4DF92A141ED77E8FF1FAECAE8EBC,4,康婷,净水器增压泵怎么安装,安吉尔饮水机,亚细亚瓷砖是几线品牌
E156AC7F60D81AAEC98E8749F1CDCDF4,2,盛夏的果实,近视眼怎么恢复视力,草缸,宠物蛇
B6A1ACD74FA503C6964CB2361D0DEAE6,2,公司上市,为什么要提前两小时去机场,dnf气功吧,ac→dc
EE0F5235E88638D54F89FDEEEFCE571D,1,兰博基尼,考拉网易海购是正品吗,高仿鞋和正品有哪些不同,红珊瑚
AE65AFAF41C1B979AA797E524266AC7A,3,做完眉毛结痂 后什么样,南阳时光整形美容医院,埋线双眼皮能做几次,苹果6splus哪个版本最好
6E5C7A43D1E898AADEFAD6A5F13E3364,1,马蹄,怀孕老是困,生完孩子再回婆家,牙贴
42443A8ACEEA8B56A8E0E69DB40FF263,2,耐克aj官网,财神爷图片,财神爷生日,好看发型图片女短发
4F1F2A1C15C2D9743D721871B47B1737,1,qq头像,四川的大学,瑜伽入门基本动作,怎样才能让人变得勇敢、开朗
FFD350D7E5F3326BE580BA3B220699B4,1,bbc新闻,优酷下载怎么转移,凤倾天下,超级调教系统
E0EBE168A27DDDC4200EB24DEE26657E,2,淘宝进货网,男人什么时候智商高,梁静茹2016演唱会下一站,李尚尚
144CA8AB919623002744FA1E8B17B507,1,真正男子汉军歌,桂林旅游攻略,零基础学英语,旅游心灵鸡汤文章
8C8A207C5B71B88638DF33CC9044BFFC,2,大拇哥二拇弟儿歌,恩喜曼,怎么短时间内让白带正常,折儿童纸衣服
DD3EE4BF61BD0551E0778F25E88DCF5C,1,服装销售答疑,西单附近的医疗器械,北京招聘中介黑幕,绿色痰
9D0F04E50E2C85C2ECF303CFE6FF962A,5,南昌高楼顶楼起火,妖神记,王牌御史漫画,贵州安顺客车侧翻
A014ECA75E38E3846366223A8F76B748,3,前世五百次回眸换来今生一次擦肩,法院公务员档案组织部管理吗,团队是一种,盖章骑年盖月
4B2453FB32F39A8F2523CD90AEFEE51B,2,江北机场t3,乳头干是不是怀孕了,重庆云篆丽苑大火,重庆泽科弹子石中心
BF18FAF0A49943D6A4474F290058381F,1,培根随笔读后感600字,嘲笑 英文,培根随笔读后感,初三开学计划
52015B9DBEA747910AEBD6F14DB9F518,1,雷震国资料,台湾国籍,盗版书在哪里看,卧蚕是什么
BC0C275D761DF49CF99713917D9B2F7F,2,发信息显示尚未送达,空格符号复制,河东华昌道邮编,state是什么意思
3173B395F673B9916BB42D01730BDAF8,3,宝宝怎么受点风就打呼噜啊,叶童,1岁宝宝消化不良症状,冷情女帝惑天下
2F43A11215E632F7F2F1C2D5592F16CD,3,武汉开发区招商局,无极限化妆品,多乐特,萃取原理
C44762DB433C6E022144A92B04232F5F,1,遇见的英文,邓紫棋春晚多远都要在一起,青杏泛红,有一点无聊的英语
89586817E4AB69A8F53CCE9C8FB04EB9,2,月经拖尾的原因,夏天拔火罐好吗,成都鑫欧顿,补益气血的中药
E1CB5FE840BDA7F5CE564E1503C3FF8C,4,tiida东风日产,金钢cross,ipad平板电脑分类,过热蒸汽的焓值查询表
E3EFA9C97031E6CC8DCADBC8A77BFF21,2,tache的意思,谁打败了蚩尤,munaar kerala,会计继续教育时间
62BC09256C6A2A772124A0E50A9EC2B3,2,有没有类似瑞达恒之类的公司,活着,性感英文,演员薛之谦
BF265735AF33E6DE85D845CB83F1B410,2,小学语文五年级上册语文出版社生字,张嘉倪床戏,人参洁面乳怎么样,麦吉丽素颜三部曲价格
BCD2397EB0D286DD2CF720CB09DD1768,1,二手书交易网站,补水保湿产品排行榜,ipad mini2二手检测,空调排的水是从哪来的
B71DC4024F169BF70440256F3DB57408,4,打完狂犬疫苗可以喝酒吗,诛仙手游合欢阵灵搭配,echolife hg8240 f,金橘树苗盆栽
1B5908B868EAF96CC92CAAADAF33BAF0,1,老干妈,手指头贴了创可贴皮都皱一起了,去新西兰办签证,炖鸡
A0C4CC3D073B410C96B59B62D337A439,4,运动后小孩心跳每分钟多少,纸树叶折法,学习机贴膜,怎么选择学生平板电脑
43D85286187922950A1F88CD3DCB0BBA,4,oppor9菜单键怎么设置,手机自动更新网络时间不准怎么回事,红米note3在哪里看充电的百分比,手机看网址会不会中毒
F3AE056361E7AB0AD26361DEE25EDF84,3,参苓白术丸的副作用,雪莉,武警老兵退伍卸衔,五胡
FB28499573C3F5A4B3906CE8857C0832,4,学经济学要本科吗,义乌瑜伽多少一年,义乌临时工招聘信息,白白切鸡的做法
1FA086447001E88E555C48B70CC4ED3D,2,上门修车电话,支付宝客服电话,猜猜你在想谁,心跳98次正常吗
AD82FE5D7C640309015D9224AE536291,4,关思慧个人资料,胎儿什么时候不打嗝,乱码,那英
12BEF7A06A665C59FC36A33EB55125E9,1,玛奇朵做法,世上总有些遗憾开不了口,麻雀更新时间,烈日灼心
69A867C8116181CADB85B50DF72F9DB0,2,巴鲁姆克,毕十三,老楼,六国论
09EE941DDB35DAB943B900045AC2D1DB,2,火影忍者手游金币买英雄,罗,汪峰五强,跨界歌王
B3B28D4C8A4CA0A6CA047E4E682D56BD,2,皮蛋的做法,广州高铁到钦州东站,2468打一成语,g470 电源接口
E41F8670F451C096B2E90D0252492E1B,2,招聘网,快递单上的号码能修改吗,甜品的做法,童梦园
7A6768CBA90570CD4DD79E30059CFE4C,2,柯南同人bl完结小说np,世界第一初恋,穿越到知青年代的小说1005穿越到知青年代的,塞夏吧
0BC550BD9822E53B69D44EB0C25AA19C,3,宁东笔记本维修,安吉尔净水器a8怎么样,百度cuk面膜机多少钱,有用过cuk面膜机的吗
ACF2C5D18F75E9732DB46EAD02C3AFFF,1,四字词语,安娜帕奎因老公,湫去椿来,本事诗翻译
5E414DADC2AF17A631EFB1809DB2F6B9,2,东莞拍个人写真,"乳房左边多了一个肿块,疼",百度,baidu
2B2B30AC7093487236901A1C06577CAB,3,永城豆粥的做法的比例,发面饼怎么做又软又香,倒车左车尾碰库边,汇百美海藻面膜
4F98103BC0548DEC504BF71130A972A7,1,五虎上将纹身图案,龙王传说,诸葛亮墓,甩棍
C4E30DC43A773ABFC952ED85D45EA884,4,无缝管,刚开始下小雨好钓鱼吗,减速机无外圈轴承,垢怎么读
124F1F9B8618EAD72575F072FD5526A6,2,更喜欢男友叫亲爱的还是宝贝,雅思难考吗,男票叫宝贝和亲爱的区别,罗晋图片高清
90A1F702FB03913EB822CC8E5BEAEE51,2,silver发音,大椿桥附近快递电话号码,谢娜节目有那些,图书馆英语怎么说
0ABBD503685809A89B70F8C0E0A2D4BA,2,品牌机安装系统,华硕a43s,上海哪里好玩,百度
F3F01DA13A9B56209B853DDF18676927,2,三生,保罗兰柏洗发水怎么样,戴眼镜画眉毛怎么画,校园天翼宽带客户端
72F71D723646E8EB9DE7A8176EA7DA5B,1,穿越火线手游bug,穿越火线手游bug大全,http://192.168.1.1,林允儿
99DA30F7FDE805A80828BC439E3D294B,2,中国移动流量多少1g,哪部古惑仔山鸡的媳妇被强奸,vivoy23l,柳州城市职业学院和广西生态工程职业技术学
B474E27313BDC75989C5FCB2230DA19F,2,移动数据网络漫游是什么意思,angelbaby最近演的美国电影是什么,猫咪头像女生,超级战舰
A1C012D77017A8E38E2D3AF2EAA5742D,1,爱拍,百度,平凡之路吉他谱,幸存者遗忘的森林
AFA413080AA8D5370B684890BF16F345,3,所罗门王72柱魔神,鬼界超级混蛋,凯缇·萨克霍夫,张纪中
BBE4FAC84C741E9DA768CE4804B01B46,1,锦州古驰,gossip,craning,content
204D32B787A1B5C82DFB047922F29218,3,访瓷刮过还能再刮吗,造型钢结构房屋,楼梯护栏,家庭楼顶天台设计图
AF2550B0E43459AB52F45A62BD6075BA,3,买黄金首饰哪个牌子好,直销公司招商会主持稿,2016最新婚纱照风格,形容一个人无耻到极顶
084BA39A7D2796492870369468EB1A59,3,正切差角公式的推导,空间几何体的结构视频,敬加手念什么,新教师培训心得体会总结
CFF54CAA824F1D88D0D0806301238744,3,蒙恬简介,斯雷布雷尼察屠杀,机器猫h版,秦兵坑杀
14D0D1BB309D795CC4D50A6149C86C2D,1,用电话查验证码,今日说法,能不能用蚂蚁花呗支付,动车安检不能带什么
7A5965672BB2C7518543F4988004C890,3,天门山是天下第一山吗,张家界在哪个省哪个市,我停下了脚步作文,一个星期不吃盐会怎么样
EECC5D809DAAE29E5BA4405893062CF2,1,射到阴道口一点点然后马上洗干净了会怀孕吗,湛江师范学院,广东第二师范学院,广州地铁图
1CF28D8D9E08295D586DFE6095C9F2F8,1,圆的命令,国民革命军52军,陀螺系列动画片,安庆到池州
657796BC4028A494423E9DBEFF82ECEE,3,伪装者于曼丽同人,含铁量高的食物,"三个月的宝宝右眼内眼角发红,有眼屎,老是流",打完卡介疫苗不良反应
4178958143A6EEE68875E3E28BFDBC79,2,花与蛇图解,英语能力普通怎么说,青妤记,归离
199F32B8E85B3015E39BF73CF4A62047,1,一夜未了情,爱拍鱼网,巴莫尔哈,陕西tfboys cys组合
66EB71BC2F31E9057BB39C535D3C8B50,3,水瓶座配水瓶座,绿萝开花图片,10659775,杨洋的女朋友
6BC8282A593315D13C99957014EDC175,1,减肥套餐食谱适合学生的,古文化街地铁,火车退票新规定,河北工业大学北辰校区浴室
1760CC83D54622600D19A7A2B55A8164,3,rc眼镜,大乐透,民国十文铜币现在价值多少钱,广东制造光绪元宝价格
E94BB56B96047A67A39BE1693EC63B58,2,醒着做梦的人小说,神木挠不尽,大刀滟的小说,切肤之爱耽美
C33E4783050FE6E94A92077D212B20A2,3,孕早期,刘嘉玲,"一部电影,讲的下体要吃人",百度
06FE981DC1F5481417F678F3810930A8,1,mhdd怎么修复硬盘坏道,小米4手机来电没有声音,苹果a8gpu,魅族怎样设置来电闪光的亮度
8C364617C38394E2B3340F07FAF7B7F6,4,nature瘦身圆子,如何开网店要多少钱,my葡萄籽皙颜价格,水库动物面膜
ACEC3C9EC9D9CFF9D92C5306144A0D73,2,蔡少芬,尖锐湿疣这一类病变的可能性比较大、导致癌,百度,b超彩超能检查出什么
DAFAE4FC9F005A4320ED3730241DACF9,3,分的多音字组词和拼音,麻辣变形计里面的关小迪是谁,少帅张学良的父亲是谁,例假少吃什么药效果好
ADF542B491D2C4169AC17362928D5066,4,用什么软件可以把照片做成视频,车辆过户需要什么手续,违章太多分不够怎么办,农行自助缴费终端可以用信用卡吗
87318D1A7431B7E882F3603197696C45,3,澳洲催奶神器一天吃几粒,2016台风最新消息,6952707900685,一个多月的宝宝眼睛好多眼屎
58876CD0DB147C89C430EFD71BE48326,3,沙特阿拉伯,郑恺,雷尼·哈林,王志才身价
A11BACD96BEF5BEFB6A16E555C45449E,1,怎样消除痘痘,天津城市职业学院官网,第一套格斗术16动名称,笔记本电脑太卡
36B2598EDF8D9AC77900BDEE1FB880D0,2,百盛皂,蓝鸟 福克斯,宋丹丹老公,以色列和中国的关系
091D7D76353E6BE3C5DFE8144D794BE9,2,微信绑定老婆的卡现在想绑定自己卡怎么弄,运动鞋后面的气孔干嘛的,帅与俊的结合,保济丸吃过能吃蒜头吗
52F1C0649116039FCF8CE95DE9BD214B,1,美团酒店预定和团购,河池学院宿舍图片,怎么包书皮,百色学院宿舍
CC506DD9FF8E5C3BF18A0CC73B3F4246,1,一体机电脑,现在都有什么职业,一体机的电视模式怎么调音量,逆战
5E981D6A4B1E0D91D2A1274AB1DEDA59,2,淄博陶瓷,谢杏芳,considerable,九州天空城插曲
31B08CA52248F9A8172EC5F2AC3A8772,3,纳达尔,食指痛是什么原因,豆角焖饭,西班牙买手机
F9FCBA7D4A49A195D0E305F990E9B9B3,1,华为荣耀v8视频,武汉城市职业学院南校区附近的兼职,bingo,武汉城市职业学院南校区地址
ED6B655924B678306CE5C1C94650EDC2,2,多米音乐,金钟国同人完结小说,快穿之祈愿人生攻略,快穿之男配攻略
6EDEAC83B16C6D76FFD183C410F3D93E,5,黄蓉外传,消炎利胆片的功效,麻婆豆腐的家常做法,余罪的作者
F01D835E428BE56B68D1FC1C324DD117,2,为什么银行卡转到支付宝没有短信验证,大话西游3,干性支气管扩张症的体征,尿毒症
6D14A1091398856F5281551D33F6D683,2,从北海到大良,北京通州乱不乱,兰博基尼,李光耀祖籍
385AC264A1AC172FCC33F635D18B3D5C,4,石榴籽能吃吗,派尔兹克,化学是什么,石榴的功效与作用
DEB87E2AC8D19256DA18B11800D38A60,4,乱杂烩,雪花飘落的图片,行楷书法欣赏,问卷网
098B0861B503D7EA932FF5720C44E8DD,2,兰草的果,陶汝坤,bilibili,胡娟 华中师范大学
604C5E56D05E16F42EDB41E532900A21,1,性价比高 薄 的平板,柳岩性感照片大全图片,苏州那些地方有小米专卖店,小米平板外置sd卡
394D74F22C1527D56AD6679B08D471D1,1,女生怎样增肥最快最有效最健康,天将降大任于斯人也必先苦其心志书法,电离方程shi,doubted
EE1470DB8C43F48671210E91F24DC6CC,1,杀出重围三,恐怖鬼屋逃生3d攻略,铝离子与二氧化铝离子水解方程式,黑之契约者
D3C1FB7428B32077B173EEAF5821191F,1,翻译图片上的文字,俞正,耳后纹身小图案女,孙红雷电视剧
B69D6C07B0B832A843F47E495C263648,1,内衣少女,胃癌保守治疗方法,轩辕剑是什么游戏,龙港甜甜记
9D76FE5D4D81F7CF9DA2E449B1AB3017,2,惠凯平板电脑多少钱,无锡拈花湾,杭州g20峰会时间直播,无锡招聘信息
89589C9F3D6DEC12572E009055921190,2,新倩女幽魂杀怪攻略,想离职还要签社保嘛,诛仙感情线,shinco空调遥控器怎么解锁
45B2049F291874F45DC427C2705DC1CE,3,澳门特别行政区法院,三黄洗剂,澳门房屋津贴什么时候开始有,内分泌科
9A57FFF6EA2E511BFF47DFAE6EF7E925,1,伊甸园中文版手机游戏,男生唱歌高音发声技巧,怎么选电脑,迷你世界存档位置在哪
B97EF09029ACCCB0A16291672492E3CD,1,u盘,盛开,美宝莲的平面广告,薛之谦2016综艺
A2A3E8C614298AB00AC66D6040D42646,1,中国领先世界的武器,山东体育学院,小栗旬,痴人之爱电子书
76E7EB85024BC0D9663E34D44D32D1DE,2,蹿的读音,教师资格证2016报名时间,世上真有看见鬼魂的人么,给大学闺蜜送什么生日礼物好
CA5A3027048D5CB4AFDA0E5820CD8B69,3,美图秀秀,中国新歌声汪峰五强学员,张梦雪夺金视频,羽毛球规则
EACD77544B84C7E57C2F92E12E66F4AC,1,同济大学大一课程,同济大学台湾文学与电影,第三十八年夏至,明涯白玉宝盒
C0549BFC93F5A81F923BF9FDE8C53CB5,2,火火家手工编织视频,杨丽坤个人资料,男士毛裤的织法图解,阿诗玛
5B9410D8325173B6E775A0560BA51645,3,雌雄僵尸,黑白闪图,闪图表情包,骚嗑套词
D8D6871B5A862462E85C4EF6EBB7193F,1,怎么把手机设置成空号,怎么把手机设为通话中,南阳淘气猫游乐园门票价格,手机壁纸欧美
BFA35BE402482FFFF623DE1FC5D5740C,3,金双歧杆菌四联菌,马天宇老婆图片,千里什么蹄绿映红,宝宝6个月查血常规贫血
74B67A356C5473A4FBD7F8C7198D9EFA,5,惠州赶集网,惠州赶集网招聘,鸽子两公两母关在一起可不可以,北京赶集网招聘
4758D065755E4DFEA1D63E777CE6E3A4,3,怎么能见到死去的亲人,讲给女朋友的笑话,中国布加迪车主名单,我的世界搞笑段子
A0CE48DFCA1F66805F6AC5258F704C41,1,男士去黑头产品排行榜,守望第一赛季65相当于第二赛季多少,plc指令表,守望第二赛季什么时候结束
32308CD7E4D6865184115CDC62566757,4,张云龙,郑爽张云龙,徐娇,微微一笑很倾城有点甜谁唱的
2DF22EAD4F58FDCD16BA7BAC096E80F0,1,二手手机能卖多少钱,韩雪移动道歉,短句吧,笔记本电脑什么牌子好
A60222A007E32C42DC77921DD28B9B8D,1,圆通快递查询,e5 2670 c2,cdv ag是什么意思,摩托车怎么挂空挡
2ABCAE3F7364F7E756904ED4D62514C6,2,公告期三个月包含,天逸300和ideapad300,玉石鉴定,114图库2016
0B726F7EF975C767D59D4F2D27326CA7,1,养老保险可以中断吗,龙与猴相配吗,一品木门多高,通辽奈曼
B290789DDD431D19192F957F01A5EFEC,1,星际迷航演员,乐心官网,电话号码查询机主姓名,德云社曹云金和郭德纲
5302D9E5FB87BD93BABCAD64846A9BF5,2,2016教师资格证面试时间,电饭煲焖鸡,澳门风云在哪里拍的,无痛人流后要休息几天
D83AEFC68C82DF93F505A5213CD1776F,2,郑雅文,西凤酒60周年中奖送的收藏就是什么酒,日照金马工业园主要是干什么的,茅台收藏酒价格表
FE70829C4527494657511923711BA0F9,3,好看的电影推荐2016,名典女靴2016秋季新款,展风女靴2016新款,保暖衣
F01CDBE3EB5F2A7B735FED9B67F6A0C8,1,内涵笑话段子,酸菜鱼的做法,什么是新能源汽车,只有脸是白的兔子图片
3F95A88DA291DEC42E791A516A33C94F,2,翔@林微博,香港现场开奖结果,腾讯微博,echo回声
94D41798FE9E5EFDA6B37907E11BA00D,5,光学传感器波段,势不可挡by柴鸡蛋百度云,怎么使硬的猕猴桃变软,耽美电视剧推荐100部1001耽美电视剧推荐100
CA83E38CE5E95D3C689BC9594B1E1A91,1,一代枭后,红颜乱,盛开,穿越之绝色王妃 小说
AB9A74E914C268DC0E3BC4D1FB282C71,1,联通流量查询短信,驴拉磨为什么蒙眼睛,心形折纸怎么叠,"国标码,区位码,内码的转换"
573BC8F11A570B05B1E071550A28E29D,2,锁屏软件排行榜,亲爱的公主病910百度云,公主梳头发型好看简单,李钟硕最新电视剧
3772DAB674EC73403EEB6EDAB75EB0EA,2,粉刺,重庆移动,糖醋白菜,简述设计板书应该注意的问题
B160A5C12FE53C3C4BE9533EF5F048A7,1,口臭怎么去除小窍门,"初中男朋友不这么理我怎么办,小办法",初三开学计划,异地恋情侣玩的游戏
5196DFDCA791233A929D6078BB8B6472,2,盛开,努比亚和魅族哪个好,林惊羽喜欢谁,李医生祛痘系列
BBBA03604D4B289320D8111704076362,2,新生儿十五天头偏了,英文名名字大全女生,拘奶发烧会不会引起刀口发炎,产后十天胃难受
95E6053C1FC0A64075988DB2EABDA235,3,爱妻快到碗里 俞静雅,qq阅读在哪里做任务,宋欣佳怡,优漫卡通冰激凌机是什么节目
3B659A15A05F581731AED819C257D75F,1,鲁迅漂流记好词好句,泰安,鲁滨逊漂流记主要内容,笑猫日记主要内容简短
FBC0C1C6EA3D085E311AF36E896655B9,4,陆丰邮政编码多少,上环半个月还出血怎么止血,男土洗头水品牌,全民k歌怎么唱好听
77FBECF31A5683453031F045F6AC667F,1,黑鱼,qq头像,太岁生长在什么地方,死飞绑带怎么绑
E15A6DF814F5B1AE5B219C67F419C824,2,k391次列车时刻表,"我想,我爱你",2016cbc街舞总决赛,书袋网网址
E6E6320A6226C822D29CB01106C49EE0,4,心跳97正常吗,诈骗电话 大学生,白癜风 头疼,电视猫 微微一笑很倾城
F423E2A02B2D326B40729FBE25219533,1,头和身体有些小是什么原因,肖师兄好巧,人教版八年级上册英语书答案,重庆大学
EC08AEEFFCD058D59FCCA8419C733E9E,2,芭诗丽祛疤骗局,可莱丝卡通面膜,"宿舍的床半个月没睡,为什么会有一股霉味",八岁帝女重生凤霸天下
5E1938B683F6948EF78079647C98A7EA,3,悦诗风吟洗面奶,英国牛栏水解奶粉怎么样,排比句大全,塞责
17432B1A3FD6F7FDF4D5A9E367A23FBE,3,盐城到大丰汽车时刻表,手相婚姻线大全图解,涟水到盐城汽车时刻表,腾讯平台电话
D78A4B8AC51B55E888CAA8D042B5D156,2,济宁到青岛汽车,天天快递青岛市北代理点,女星卡梅隆,cf杂碎哥
B45503CF46E8405EFBBF8CDDFD1D6309,4,跟腱炎,幼儿笑,瘫痪王爷的毒妃,盘锦大洼幼儿园
6EBF25489901E7744C1C4F566EAF86A2,2,污贼王,吲达帕胺片,没那么简单,嫁个老公过日子
D1A227122454AB41A221196921E540D3,0,中秋祝福语带图片音乐,最新玉米政策,迪奥口红的保质期多久,人
2F2E4923A201BB990E02C6985E83BDD1,4,网上订花怎么订,保定鲜花配送店,中秋节送女朋友礼物,网银怎么用
6538B0C9755138A7044018BB8E5B3BDC,1,快递在路上可以退回吗,海藻面膜千万别买,juvenile是什么意思,菠萝咒伴奏
8B6A93D91B229EF09F2E31F475673163,0,金草鱼一斤多少钱,红白锦鲤养殖场,"江门 ""自家产"" 锦鲤",鲤鱼饲料价格
5B096D50659F33E0841378896C4C2A14,2,视力,肺部感染,城乡教育差异,"带有 ""涵"" 字的卖衣服的店名"
CED802B0412779FBD132BA4C99450B4A,1,曼陀罗花语,王者荣耀水晶猎龙者,约会大作战第二季,英文翻译
29F01521BB6FB2EC76D6E380E8004478,2,百度,大主宰,戴套肛交会感染性病吗,心软妈咪接连失守图片
AEAD9B2300B2EE8D3CC1589D2D59FAAE,1,合起来的雨伞,热辣桑巴光环效果,桔子分期官网,2016年养老保险新政策
325381447972178FE7372965A2254065,1,小跳蛙歌词,如何建立自己的微信公众号,红薯中文网,淘宝身高体重尺码表
0108E513BA2B79156273327EC2E43820,1,天天飞车刷钻石辅助器,华硕k550dusb启动,侠盗飞车圣安地列斯作弊代码,黛一折纸图片
8FEDBAEBD9CC8F0778962F8BF2111384,1,火影忍者百度云盘下载,笔记本电脑排行榜2016前十名,火影忍者究极风暴4可以联机吗,如何区分信用卡和储蓄卡
FD5C7E6EF5D9CD3887A342DB4CADA46F,3,河津龙翔送餐,玫瑰花的画法,心灵鸡汤经典语录,隼怎么读
A63642FE44914966FA1C9E42BECA75D4,4,唐门暗器,u盘,小叶紫檀,崖柏打磨抛光视频
686DA7B8A983E7605BBE47213A87BC07,1,步步高x3,青春期几岁到几岁,小腹疼痛怎么回事,杨洋的女朋友
D54C491F816552EE022CE4D7BE125B29,1,qq头像,王者荣耀体验服下载,满江红赵鼎阅读答案,露娜出装
B9405609B5AC203F4036B4C7670DDC4E,3,吴家浜小区附近托班,优酷播放错误请返回,道顿掘邮轮,手臂上出血点
E7C739EB048A3B951B24025D160A009A,1,中国马拉松,一叶子面膜怎么样,安宫牛黄丸,笔记本电脑排行榜2016前十名
0861FD91242D6C86757668D72D494D5D,1,里约奥运中国女排名单,表情图片大全微信带字,布拉科塞维奇,有什么不能带上飞机
4BD4C4A11686484CAC9376FB6795C985,2,房祖名吸毒了吗,投资金融产品需要哪些专业知识,财经郎眼2016最新一期,吴秀波
E398C233C150881B8B65AF6DD7F1AC58,3,安庆到厦门从哪里转战,怎样将笔记本windows7系统回复出厂设置,梗是什么意思,古代舞蹈教学视频
8086FFAD8BD03CC0E732302A3DEC0DAC,4,vr 陀螺仪,格力还是美的空调好1003格力还是美的空调好,4k电视支持3d吗,希芸洁面膏
831F3F54CD5A70C4807D05BFB2639A70,4,龙王传说,群主搞笑图片,亲情的句子说说心情,未来的桥简易画
D12A6638081603DBEE11B933D4992F4B,0,辉影之石有什么用,"小雪,我知道你在这",怎么能多获得鹦鹉之歌,蔡少芬
9C1FC1D26D902D23E53C85E41EECF8BE,1,触不可及,bb霜贴吧,飞鹤牧场经典1962,金士顿骇客神条好不好
5DA08BC88A0EE4E3F0248FFA2C923533,3,班主任冬季工作计划月份具体安排,萧逸才,跑一档换二档怎么换怎么熄火了,康婷是传销吗
FCDFA13B9C76A4214072C5E8622BC4A4,4,三七粉真的能去斑吗,验孕棒多久能测出来怀孕,佟丽娅老公,什么能溶解黑头
66B9FD1C0C593D36B18298AC74FC9D83,2,日本产品代购网站,做梦梦见跟母亲一起出门遇见,到了机场南站怎么坐车,染发剂哪个牌子好
2E4DD4BFC6FD57E9B4FB98E8F775F3B7,1,针织打底背心女款图片,长得哇,梦到蛇预示着什么,肠胃炎会发烧吗
5E085B34FF65D0A2B472DA65779A116D,2,cad安装了打不开怎么办1001cad安装了打不开,宾果消消乐11关,托盘,天才在左疯子在右
8EF9CD2E22219FB4D297651CA0277519,3,山行这首诗表达了作者什么的感情,蚌埠函授,hello英文歌曲,成人高考文理数学区别
7EF5799AC23078738434F61F98347899,3,一只鸟刚才从草地上飞了起来英文,电流开关的方向,臭氧是单质吗,来日方长我会在你身旁你要征战我会给你递刀
99B8996B862A0E2AACAB53E095ED40B3,1,怎么体现团队精神,支付宝怎么升级额度,可爱动漫图片,加人神器免费下载
48C45DE62AEA5CEA546E267BAFE65B73,3,什么运动减肥效果最好,安静的图片,韩束化妆品怎么代理,面膜排行榜一叶子第一贺博总代
468E1DE63926A0EA664EF989E797DC3E,3,手机赚钱方法,8个月宝宝能吃茶油跟瘦肉吗,康婷是传销吗,山茶油涂脸要洗掉吗
6FE4E750B94CC9902D653088E29BB89C,2,兰博基尼,野马车,红薯煮稀饭,黄世人
52C530A81555B1B9DA301241B7031911,1,安庆文采花园,随e行wlan软件收费吗,圆海绵朴什么样子,"美妆151,150是什么"
C09C4FD0D3692D6B7B8860475F0BEBEA,2,可爱动漫图片,奇瑞,女人短头型图片大全,自损头像
8E8583D1DF929DDBC811C28CCE781ED1,4,电脑看视频就花屏,平凡的生活,化妆品店面照片,表达蓝天白云的句子
D17AF31919B5445509A1BD2C789A3781,2,powerword是什么文件夹,英语method都有什么,肚子胀气按着还有点疼,腹部胀气吃什么能消除
F224F7E514D5F81B6D1BEB629E91BD85,1,公积金支取地点,参加有氧减肥操的锻炼时间每天,小alps无锡厂怎么样,大乐透
79050C1C5532D1051C028224ABD19791,1,葬爱家族对立的家族,十万毫升泪水歌词,可以直接涂指甲油吗,gtn7100
52BD8E29F7682E4CD8F9C7CE6316531C,3,锦江之星宝鸡高铁,陕西张裕瑞那城堡酒庄,西安乾陵一日游,如何减小腹上的赘肉
72A39867196D635EF357D74865FF31C8,1,笔记本怎么清理散热器,echo回声,思念像阵风,倩女幽魂怎么送装备
3DB31678A995230D60674FD3FC8E708E,3,二尖瓣轻度返流,m 鞋子,王俊凯裤裆凸起图,note7全球召回
4C61911E78CA853A5D558AA6A0AEBF20,3,大叔的节操碎了完整视频,b超入门,秦皇岛民生银行营业网点,银器发黑怎么洗白
6BE4C758A57E461CA96AD748E2CB330A,2,炉石传说手机盒子,86奶爸安图恩加点,手出汗很厉害怎么办,type-c全数字耳机
B0B0EA91F09A2EE2B3BA00640C4BD7BE,3,幼儿园卫生保健计划,师小札的小说,韩姨,欲成欢
97F1232A794F11021F9E8B36D00061E3,2,顺丰快递电话,逍遥散人视频,天降之物,逍遥散人广播剧
9FB357ADF3261D47895780F6A133934C,2,为什么会有中间商,散船,两个字符是多少厘米,可保利益
F557A0B86A71854C24E7BC8A2500935A,1,龙剑飞,虬,上海快递到四川多少钱,梦到蛇预示着什么
750AAB314FCC6915E9582E1C92A6F037,1,苹果范冰冰佟大为视频在线观看,等风来歌曲,北上广不相信眼泪,夸人的话有点创意的
5DFB7EC67FADDC00EA969CF608FBA032,1,暖心情话说唱,早早孕试纸必须用晨尿吗,老式趴赛,手机打开什么都出来广告
4E83629314F2BB2D1DF497248A47A09B,1,人间冰器txt下载,医武兵王txt下载百度云盘,医武兵王txt全集下载,梦宁老师
7B0E87E8BC90A76B19A0983C36C96AC4,1,178女怎么样才能变矮,百度,中秋节的传说,中秋节的传统食品
1A1A3D31E21CA68E5EB0E55A06EBA505,1,dnf高级装备是什么,郑州市地铁运行时间,怎么让笔记本变快,wifi老是连接不稳定
ADD455A459B0A969FEC3638293F33742,3,骑鸵鸟上班躲高峰,杨洋电话能打通,郝怡霖,龙拳小子
75AAD77FF85133E0EC35F1E015CA2760,1,海门新文峰地址,白天看到蜈蚣,2016年江苏海门幼儿园考编什么时候报名,杭州g20是什么意思
8DB8A703594769A5FFD45CB80178A4BE,2,株洲茶陵汽车站,醴陵到茶陵的汽车,红糖粑粑怎么做,安莉芳内衣怎么样
7A74D91C46909F0D0A2F8B11C3BEDE11,3,恋爱暴君ova2,纽扣面膜,百鬼夜行,没有钱动漫
EA3E59EB23B2D817C35189E4C56A125D,3,王宝强参加过什么综艺节目,丽得姿面膜功效,丽得姿面膜种类和功效,额头和嘴巴周围长痘痘是什么原因
BAAC82A5DFACDFF3C96612E19C444DBC,1,割双眼皮,高宇桥,在火车站怎么去南方医科大学附属珠江医院,平扇和平行的区别
CB629C6A01D4AD7C823BB9E75D0D9744,2,印江县杉树乡,易烊千玺参加的综艺节目,在冷库工作对人有什么影响,夏姬:
A7973DC14EDF304312CAC8FAB756B43C,1,冰淇淋,怎么搜wifi密码,怎样快速晕倒小窍门,披萨
9D787DE1EE6E93AC9A9157D7B73021EF,3,"电瓶车空转能走,坐人走不了",神庙逃亡2找到一个宝物,疯狂动物园鸵鸟老板,国产一个a开头跟阿玛尼差不多的牌子
56309D922A9833FD543CE114C3E7DDB7,1,汉硕吧,武汉大学汉硕考研经验,上海中口报名时间,追凶者也
20124B872C7C22486D5760C94ECA60D6,2,关于dnf的小故事,居来,亚麻裤子配棉线上衣,休闲裤
4938ECE9958B8A3C792257EB5C885576,1,鸡蛋洗头发可以解决头发枯燥吗,满多少岁能坐牢,呵呵是什么意思,韩孝珠
30001A6120B9465FA9EFA28590DD8BE8,5,孔子和学生中的四字词语大全,教我画海地底,射洪一周天气预报,暑假万里行小报图片大全
6378445FFCE20BD06F206E72E3E5DE6A,1,登记时间1255什么意思,黄马甲配送,冰心,陈奕迅沈阳演唱会20161003陈奕迅沈阳演唱会
FF181BD30DCE62CBCEFBF9D2E4DBB40A,4,引擎,尽管的用法,备忘录怎样用微信发送,温江与成都有多远
B15CBF040A2B30265F8B1293C2FBF8A8,1,眼线液笔干了怎么办,模拟人生4里返老还童药水,吉他怎么量尺寸,内双怎么画眼线
CA66CD4677C804F0493D76B128025A1D,2,张家古楼,上东城属于郑州还是中牟,肘子夹饼,宇智波斑
9EE6E999789DA5BE7F59A66E3109208F,2,怎么给别人冲流量,高通骁龙820,殷姓女孩名字,vivox6图片
118FA11D21D2E9873FBC917559E9DC81,2,package是什么意思,土豆泥,多希望在最美的年纪遇见你,海清师傅谁
6BF634A27752CD5D462A88F9190F098C,1,成人高考参加考试去哪报名,中分和偏分的区别,琅琊榜大概剧情,宋家三胞胎人气
22CE950E7C17C3F1D77E71CDC49F777F,3,兰美欣,家庭情况调查表范文,曼秀雷敦新碧抗晒乳液,快穿文推荐
715F6D27B73D8A022DCD25299727FB6C,3,胡允儿,傅园慧搞笑采访视频,王莜涵,康家净净水器骗局揭秘
F153EEFAA878A571BAB00EA232E144A2,0,重生之奋斗在后宫,长子宫肌瘤可以吃见月草吗,god,月见草的副作用
E7361551EAE2F10A80DF0869BFF16401,1,哈士奇学狼叫,雪龙号在1m厚的,adidas,皎月什么打亚索
C6CF84247F69373178732CC36B1D22A6,2,四级口语考试等级,昆明市如何补办身份证 小说,新西兰一对夫妻可以有几个孩子,2016年国家发改委考试报名时间
5050B11ED5A783300B798D4E65C64CA1,1,水蜗牛壳烂了怎么办,legendary,大同11路公交车路线,花纹
6DDDB39CC3A33D49F605D3B7FF209591,1,包威尔个人资料身高,观《开学第一课》有感2016,关小迪,当做拼音怎么写
97BDA37B76A5FB8A2323C958ECAACCD7,2,在哪看奥运比赛直播,梦三国时空秘宝,古惑仔:江湖新秩序,crankshaft是什么意思
797D9ED09705A919D7760D66B7A2EF04,3,慧创消费卡是真的吗,欠银行钱到期怎么办,双鸭山百姓网,住房公积金网贷
5165A88AE7D50D8D39D633DC60D79B30,3,甘肃省发展规划,机关事业单位养老保险改革,巴拉巴拉小魔仙咒语,切阳什姐
4DCB600D3D1AD0DC40E0CA41430EBDD1,2,王的男人,绿豆面膜,忘川,什么贴吧资源多
E3A88DA560038BF5F9BFD880A55F39EC,3,不跑就出局,微商怎么玩陌陌,圆通,车里起步灯
6ACCD99D2A4B6031A65C84A463F05E2E,1,综穿之拯救痴情女,综穿小说女主做任务,快穿之午夜梦回,综穿之女主要复位
3ED080C14E5D8A0500D35B7D12F858C2,2,丰田兰德酷路泽,迈巴赫s600,miui6相机apk,miui相机
163C147E496BB08B32988F298DD2B32B,1,孔雀开屏用英语怎么说,品牌手表价格在35百的,celine,怎么判断一个单词有几个音节
64063DE28B07D9E1E0B965967B73E80E,2,33天索 小说,深军绿色裙子搭配图片,怎样找到手机软件清除数据,邮政寄东西多久能到
705EB30F9E0ED3E6C489626C6F2478D7,1,联通宽带缴费,郑爽照片,丽水学院专业排名,初中文凭没有了
E9DFC5C057E02036544E34978D26949E,1,威尔特·张伯伦,2016年最流行的手势是什么意思,三星盖乐世手机,纹身多少钱一个小图案
7167F47C6992FC16BF44114FF495EF13,2,斗鱼主播打水友,神武中驾驭宝典是什么,抽象类的作用,英雄联盟英雄类型
E9DD884A3B365E85FEBEC398BFF598C6,2,超女6进5,火影羁绊6.8,饥荒攻略,神威鬼鸣微博
FA0A2BCE0FDF208A1A3215167D027AA2,3,网上火车票退票多久到账,拜访的近义词,"文档中的字会自动隔开,怎么设置字符间距",键盘修复工具
3E3E647C5D3D7E537056755287ECAADB,0,以三开头的成语,吞字开头的成语,微微和肖奈第一次kiss,快瘦汤管用吗多少钱
2473A13F92162852A6781AF4CC1A9A72,2,男士眼镜小框图,旅店房间号怎么弄,天猫商城男装裤子,无线没网络怎么办
E0B11263D9031EF134301D25CA750194,2,昆明南站有地铁吗,云桂高铁开通最新消息,美国零零7,高压水枪打沙虫处罚
2BB4F9BEE3C4B5B259753F6A5E896B14,2,兼职学校档案室做什么工作,死亡邮件,doctor异乡人韩剧和doctors,梦见自己的家人抓住了一条蛇
07FCC504BD54B19D3B69711B1617BD2D,1,银行卡里有钱为什么微信提现不了,心烦的句子说说心情短语,地沟油从哪来的,六角扳手图片
F0F25AE806A696C7ED52B33D10337E71,3,肚子疼说说心情,中国移动,宫颈息肉是怎么引起的,用好像造句子二年级
03684150E125A047545C4D3DF78987A8,1,酸菜鱼,女巫猎人,uber,海棠
34515B3E90C7F9FFC07827FD97325D72,2,出云国是现在哪个国家,王思聪玩过多少女的,双b+的院校有,若a中的内容为63h
00A61F031979042F61AB3D2221C0F565,1,怎样让眼皮变薄,上课不认真听讲检讨,郑州82中是不是体校,空灵的意思
37FBABB9FDE3F6C30F89112C27A6F216,3,手腕腱鞘炎按摩方法,四消丸拉肚子吗,女人经常坐腰疼怎么调节,蜂蜜加香油有什么功效
CDA37DA85CEED7C2E25B96E2B1C973FC,1,致同会计师事务所待遇,闲鱼,三水轻轨站时刻表,360云盘
28FE3D52744C89117D02A9669F50D870,1,摩尔,碱,卡通背影图片女生唯美,过滤适用于什么的分离
A3DCBC141D363C05BC06B2BBA8EC3BEE,3,飞享套餐58是全球通吗,全球通58元飞享套餐介绍2016,g20峰会开几天,"我回家乡去,在村边仿写"
0575F2D57E403CCA203336865244EA1E,3,深圳刀疤医院,魅族分屏功能,蜗蜗洗发水怎么样,东风本田
60AA61CAB14C50458A8E2BD61B371C16,2,3504602是,服装速写图片,十二万零五百零四怎能读,德州小学共多少人
B4DD0B1BA0E67BCA8217AE754E2907A1,2,rh阴性血的临床意义,电脑怎么截屏发送,李若嘉,容易学的英文歌曲
7D482AFCD98CCCE28FDCA2A5CA22B58D,2,蓝牙可以传视频吗,形容一个人医德好,南宁有浪琴专卖店地址,其实很爱你 张韶涵
9E32F266AC0C509B6BBE54C35018F46D,1,百度,佐佑理,北京大学计算机科技学院刘汐,我们仍未知道那天所看见的花的名字
B292F653111ED91E4A8B085EF8D41CF4,2,阿迪洗面奶,约相恋,魔兽世界装备要花多少钱弄好,猎人专业怎么洗
23F30477C64E3BB6BBADC6D06A3FAB17,2,哈佛h9,吃掉地球,白银的价格,路虎揽胜运动版2016款
70E58B23439E2BA76041DF1D9283F86A,1,重庆,裤子32码是多少尺,对病人的祝福语或鼓励,legendary
29E1592F0121B76A25E4A8338B6B74FE,1,打造全国最大的注册单平台pt平台,在盛夏等待,闲鱼,火兔视频
DB29515363D628588D9B1D687703863E,4,兰博基尼,"许我浮生一世安,还你笑颜承你欢",英文翻译,莲花elise
A2480C88497648E2992DD77FB2AF0992,3,无锡京东广场,水波纹可以烫出来吗,韩国邮政编码,无锡夜宵哪里
3B0D93DEC20D194C25EC0DF32692500C,2,炼丹师召唤师小说女强,桃花依旧笑春风,昆明火车站砍人,天纵邪狂
A2614DB4C0A92E7C564BC04F8FE28C0D,3,盆骨中间痛,肾结石会死人吗,ftt冠军,lemon tree
6B4FB3AA62857AB8AF1A8542A215C2CB,1,很厉害的狙击步枪,孔子,什么运动减肥效果最好,猫空下的爱情
A6F7FC1633070E91244AA44F27561FC2,4,烂春袋,能制冷到1度的空调,儿童磨牙是什么原因引起的,"图为意大利中部的阿马特里切镇房屋倒塌,一?沼气的主要成分是"
6F19855569B2196F283F5D03F11032B4,1,1011使用说明,有没有姓夜的人,青年卡,乔任梁没死
1998F7270C619B4922450ED00B9BAC0E,2,炟,重庆房价,为什么实现马克思主义中国化1003为什么实现,重庆麻将
A50606AC6EEBB36146346D8817041DC9,3,在北京上学的条件,我是大明星,美人一笑也倾城 顾漫,陈小春葬礼揸fit人
A334CD32B97DA7636AE60F5FCCB3652B,1,司徒翰聿怎么读,神犬小七图片大全,笔记本电脑什么牌子好,平安e行销网
F306184CA5BC2B88864E57240A972BD2,3,2017唐立淇天蝎座全年运势,青云志剧情介绍,处女座九月份运势2016,唐立淇2016年10月天蝎座运势
14ACB09FAA0C99711A9A6095E3928603,1,lol成就大师活动地址,什么发型适合风衣男生,我的世界橡树怎么让它长,地狱之火
893F912C12CD1951A009F94CA34BE87E,2,陈亦飞演过的电视剧,李易峰李沁千金归来电视剧,千金归来电视剧全集,眼睛多眼屎什么原因
3829D2F31BAF4AD473D7D0084E128DE5,1,女一号酸奶中国好声音第四季,中国新歌声女一号酸奶真名,僵小鱼动画片全集,生活段子调侃讽刺
8A6F36E6CC34A3F99D6E0B9660F3CF73,2,尿不尽且有痛,新小读者,百合中药饮片怎么吃,面膜几天敷一次最好
B6450A328F378E11284D41846DB37672,2,高密市中医院官网,小学生中秋日记,室内绿植,三星c7手机性价比
EB312BFA3D3360D79E0B240DA3CC73EA,2,超宠文无虐有肉军婚,教授睡身边 婚恋 下载,蛮姑儿,靠被潜了全文阅读
9B7A0D02C4CA4BC88E480045E3F1E499,2,小米粮食,郑州新客运北站,怎么考专科,苹果有wifi才能备份吗
D9AEF2F7CA0418CBF48204CB4B75BD9F,1,玛丽莲曼森,物权法最新版,热风,兰州大学教务在线用户
0CEB518AD0ECBD200932A1EB8FCE86AC,2,计算机有什么证可以考,资本论怎么样,xpinternet协议,计算机证去哪考
02047254D7DDABA32D17F0F1C9A977C8,4,北汽李学军,广州中医药大学第一附属医院陶莉莉,职称管理,方太电磁炉灶c21aw-q
501214BF4C9F0F1C509668DEDD4F3C4A,3,国服战网手机安全令,释放的浩劫,苏拉玛第一次接触任务,魔兽世界dht是什么
AAC326BE28547516760A642CB4D5004C,5,泰安,农历集,泰安天平街道的农村集市,怎么升级jj斗地主
41BC05B45A386508A58CB08C67B8BA4F,1,名仁苏打水,skinfood的柚子水乳,三转一响,隔离霜和防晒霜的使用顺序
0164CDEECD423C27D512F55AB9DB71F5,2,尊上独步,白起头得名字,我的时空穿梭手机txt下载,止盈是什么意思
08073823714D60AA7A7EFAB1DC93871F,1,qq头像,改革开放是哪一年,孙叶,张柏芝任贤齐什么关系
C76E9F20538C90C17E94FCC033ADBE78,1,蛇蛇大作战是单机吗,蛏子,西乡汇一城鞋子,比心的手势
3AC8885D0D20303F630EE36EDDE0FCDF,1,苹果装了双系统怎么删除,苹果电脑用windows系统怎么样,老九门师娘注射什么药,马蓉回应王宝强离婚
662B37F12892021FC821F87C8CE42981,2,相宜本草被曝光了,水乳霜的使用顺序,nineteen,inhabit
F882878A99AEEB4495E4AD59D4F8B310,3,没有赶上火车可以退票吗,粉蒸肉的做法,河蚌的做法前期处理,跨越速运
3E38F03EAC56B795656444C77DEBB212,3,紫锂辉石,狼图片霸气图血性,肥狼图片,背上长痘痘的原因
764E11A201413D00EFAA7B5DA7CC4F46,2,上腾娱乐毁了多少艺人,兰博基尼,北上广不相信眼泪,和何炅一起主持的节目
7940788CE7A1A32F5FF859465E82909F,2,免费小说,重生八十年代首长妻,微微一笑很倾城在那个频道播放,电表红灯一直亮
06FC9DC78AF2F23B474C02F15FB8FFA5,1,猜疑家家,我的小宝贝,九州港,qq农场
F35FD1B101BD122E9BC657D9B8D2DED5,2,来势汹汹,孕妇体温比正常人高多少,台式怎么连接wifi,晋江 许不忘
CAC98C814B75824ED948FA3BF31311B4,2,马自达哪国车,和田玉阿弥陀佛吊坠,不忠,众泰x5高配报价和图片
CCDE8C2501FF89CBFE554BC908FBB727,1,墙壁装饰diy,栀子花花语,迷你面膜怎么使用,系草和校草
EF136B1D9AC84DAA01220B5D4FE68EA3,1,张云龙,梦幻西游任务链找谁领取,空间评赞精灵,梦幻西游神怎么玩好
C734E89A64FD94470ED54EC4317EEE45,1,改变,往事如风,红军长征作文,一辆汽车前一半路程速度为v1
BE6B47A1C53E1445F5DCD28945EE50D7,1,仙剑三作者,photoshop初学者十课,日本 穿越 车祸电影,范冰冰 小仙女
A8B6390053E31A8D6338790D3CA12DA4,2,宝宝能涂风油精吗,ababy儿童摄影,一个月宝宝脐炎的症状图片,费雪钢琴健身架
191545EC2A318DD82041E94B337E268F,1,滑板技巧初学者,吹啊吹 粤语,王者荣耀体验服下载,平顶山工业职业技术学院多大
ACEFA2ED1E243662D9BFBF400C932279,1,冰雪女王,课堂小作业6年级答案数学,小克劳斯和大克劳斯,徐娇
B1127C09EDFD8B49C3856F989F9596B9,1,男枪,卡罗尔,笔记本触控显示屏,qq音乐下载
3FCCE8516007812F74714E670569E251,3,王立平,4mm2铜线能承受多大功率的用电器,隼怎么读,桉树的危害
A8B90B6C5B028B8EB3990D51BC0EE96A,1,qq头像,韩懿莹,打架的时候为什么会发抖,qq头像小孩子超萌男生
C303211553BBE77F541167BEA2AF9318,2,g6453的列车时刻表,鼻涕绿色粘稠,扁桃体切除6天了 为什么一到晚上喉咙就有点,反流性食管炎吃什么药
3993CD62ACC9C3EE1FAD4986BF5CEB81,1,tasted怎么读,好看网游言情完结小说,二手车交易流程,安排学生上一中能么难啊
C25BBAC416A9A4532B3D4785A57D129C,2,最新伤感个性签名,伤感文字控头像,乐视,婚前试爱
00F1B875AF57BDAD55039F89DF3E5BB3,5,关于秋天的词语,小七补水仪为什么能去除油脂粒,皮肤的基础知识,励志说说致自己
103CBFCF69F4D39411124B209DAE2E6F,1,额头长疙瘩是什么原因,乡村小神医,乡村小神医吴明txt全集免费下载,乡野小村医全文免费阅读
A5CB9847D8567DB64F50BFBCBDF7724B,1,睡眠面膜有哪些牌子,金宇彬申敏儿,补水面膜排行榜10强,微微一笑很倾城台词图片
D09DC52B38A209146567C0785A7792AD,3,ips屏幕,京东白条一般多少额度,笔记本那个孔是插鼠标的,京东白条晚还款会怎样
EBFC1357435E1F25B98200F630CCDA67,4,麻辣变形计 那一集它们分配认任务,儿童公主水晶鞋,王志文唱的生如夏花,儿童床
F07F0B98119A1BD5AC523F81D961969E,1,史庆,擒拿术,学计算机专业的买什么电脑,杨幂图片
15F674B7863592D242DA23E01A92F7D4,4,林静仪图片,引起新生儿黄疸的原因,皮肤黑什么颜色口红,床垫材质介绍
A32D0CEBD021FA6A9D8949A91FCD0D0E,4,曾经拥有歌词,中国国航机票 境外 改签,天空神殿3,ciolin
11A43E7BF381EA7F858CF1C634BF0578,3,人民检察官,霜和鸟,新歌声里的英文歌叫什么,张芸京
0F475858B7F2E4DE4B473279C231FD51,3,黄焖鸡米饭投资多少钱,燕锦轩老北京布鞋,泰安二路车终点站,泰安出国打工
A9BF2FFA79D4542ECD4FBD96C4AAB073,1,500ml等于多少斤,聪明英文,黑帮刘保sheng,怎么瘦臀
464A464BCDFB48966355D5985381C909,1,百度手机助手,类似殊途同爱的大叔文,2016年6月大学英语四级卷一答案,形容离开家乡的诗句
A2DAE29CFFF02C337DA0F442551E6FE9,1,评分9.0以上的喜剧电影,多幸运吉他谱,雪莉,bec
42611DE81B753F59CCEB66ECA3C2EB98,1,武汉纺织大学,湖北大学阳逻校区,一起绘,百度
08AF33586950AAB3E5666AABC02F264C,1,汉诺塔算法,小轩在不在 我是娇妹,h5是什么意思,wifi限速破解
F2FBD76A281682FECD1AE9D255089FAE,2,聊城的手机维修店,马哈马哈马哈是什么歌,天佑快手直播号多少,来好事周期是什么意思
2053589FDF6B16A2A79DEEF25174FEA8,3,360f4怎么截屏,erp,北斗卫星导航系统,手机显微镜
DAF526678664935F64DB06F7001E6290,3,婆媳妯娌难相处,六月的鸡宝宝好不好,几月怀孕生女孩几率大,婆婆说我爱买衣服
30670243833FEB52609930FED1B99E0C,1,手机丢失图片,十八里店家家福超市,巧遇化妆品,自制口红
9EE3FB33CC9FECD41A7726BA96847AAA,1,829什么星座,萝丝莱斯利,罗马数字1到10,plusieurs centaines de grands
7B102CCBDDFE97115814DA4EADC56C90,3,韩国动物园的狮虎斗,华为p9安兔兔跑分,ce,韩国狮虎斗
FA20E46D45E53623F963D8022F4D6C21,4,英文翻译,东海县县医院院长,段正淳,上海圣罗兰化妆品专柜
4DA26BE6FDC60E473B6BE19D27016766,1,长春市九台区邮编,卡伦湖镇邮政编码,金珊瑚色,小糖
5B76011CF310DDF5EA0F46C2B2527C1A,1,心理医师资格考试,英语,你是我娘子 by 如果我是马尾草下载,老板
3C8C38F65134FADB2C20F6D5B013C522,1,左动脉瓣有回流,神座出流,斯卡波尼芝士,乐视
B3B6E7BF4AFB26F24631D7051777C844,1,北上广不相信眼泪,异地恋,http://,四川工商学院
516B5EAD7E65F02BE63CD6F0369C33E9,1,安宫牛黄丸,摇号结果查询,笔记本电脑什么牌子好,柴鸡蛋作品
E4D513B66DE78B32B5589EC6EF08F4F5,1,科帕奇2016款,七座suv车型十万左右,昂科拉,奥德赛2016款
2E51B295EC48D283C314A0D0FD6CC0A9,3,铝材质检得工作,坐时间长了腰疼怎么回事,后视镜记录仪安装方法,临沂农村信用社网点
0B006A575C9DFA0C1089751B995A8A36,1,手机卡不用身份证怎么办,兰博基尼,比度克,杜汶泽
4E140599493DB2C9047A8911B641EABA,1,舒城范家店七星学校招生电话,新飞净水器价格,舒城范家店七星学校,杭州四季青招聘网
459BF9CC79BBF5F225A1FCDC6DE03251,1,森林,詹姆斯价格儿,手机小游戏,古爱民
9CF8C7C5F5A765BFB446755105D769A9,5,梦见在鱼缸里捞了两条漂亮的鱼捧在手里然后,小老窖多少钱一瓶,鱼面的做法,什么是利得
6ABED413D7A9147BB52CE03A8C6F4E04,1,平板有什么牌子,鲨滩多少分钟,"师傅,不要呀",张艺兴代言的游戏
82014003B9171F90902F91BBE76A1450,2,兰博基尼,汽车音乐视频avi格式,超极本,游戏笔记本电脑排行榜
3595D093E826981682F815CE2D90A1C7,1,qq头像,如何用qq阅读的讯飞,无锡湖滨中学,周杰伦床边故事
A97AA3C3C9DD81BE627C29FC667B515A,1,刘海马尾,暑假打工挣钱多的工作,泰安,英国伦敦中央圣马丁花费
0D69B134C401A95720CDEBB77E2F86A3,1,魏晨,孙中山,小米2s,oppor3
7DF679AD6AF6851E6BE26217B8AA7CE3,2,天天打波利330关法师,银行卡签约短信服务,山东师范大学教务处,天天打波利瞬
A367FA5E0C080CDB7D6FF31E886012C6,4,31周股骨长标准,福特多少公里保养一次,mm=多cm,大连理工大学排名第几
167C092E5C70DBB825CC900C816A89DE,4,吊带配背心,网络兼职靠谱吗,团队精神文章,美国派4:美国重逢
E22A3A1A626FCF2004B065967336E0AC,3,枣子含什么营养,哪款计步器软件好用,大圩古镇,找个老公过日子演员表
701815343CA331CA2013FAE601FF1DBB,1,带文玩有讲究吗,2000张深渊票多少钱,青岛摩天轮在哪里,保定地区加入农村淘宝
46F806A31F45FF4D6D1FCD28F7D3268F,1,眼睛下面有痣好不好,oppoa33m,vivox7手机黑边两边不同,巴大米湖北
60BDCD282877204FC277938731D6D47F,4,墨西哥国花,用什么可以让自然的变戌嘴唇变薄变成桃红色,学法大视野四年级上册答案,河童
54E7BDADF2B17BF0B6F3104D053A197D,2,口袋妖怪复刻古拉顿号角,南通节制闸联通覆盖4g了吗,qq安全中心手机版官网,口袋妖怪复刻远古顺序
66F9C4E1814AF128DE0364CF8225A601,3,方子传片段,善良的秘书的目的,霍建华光头亮相,怎么辨别面膜有没用荧光剂
E5349D071DECD2B3A1F01B9E3C065221,3,超极本,amd显卡,网线连上电脑怎么设置,战略阴谋:神鬼狙击手
1B3D87E94913B7CC034786BEB54CF534,2,裴立进百度资料,中国人民大学专升本,抑郁症,脸颊两侧长痘怎么调理
9B11ACC2FEC1BA617EC06E364318A0F3,2,大s月减20斤减肥食谱,下巴两边刮痧有咯吱的声音,xiaoxiwis,什么牌子的眼霜比较好
25BC5641780A25A8E147D12D2FAF1C36,1,吴秀波,八里河风景区,电子表怎么换电池,方磊资料
AB2E961F7F069A5D8E2D2C94FA5B2DA0,2,微微一笑很倾城电脑,地理课本,扶贫卡图片,大学生该不该考驾照
981D5A676E7B709C0173DA14CBCE9478,2,台独明星,李敏镐,科学计算器,汤家凤1800错误2016
9D5BC7A01609D5402381A6C3F34ADAD1,2,刚打完耳洞耳朵肿起来了该怎么办,卡地亚官网,董小姐的李先生,微微一笑很倾城ko番外
B287BDA70A14EEE40F7F0F835BF8ACD4,3,如何做好路边摊生意,狼牙土豆,为什么做的凉皮容易碎,早餐摊多久起来煮
50B10659CAF25AE9D47BF343E799DB5C,6,爱是你我作者,脚大拇指甲盖掀起怎么治疗,led电路图原理图解,蓝牙模块接线图
60AEE47693329C9D89AD88E03D1FE084,2,兰州市限号规定2016,克林霉素静滴一分钟时间,霉菌性阴道炎口服用药有效果吗,中秋短信
61BDF77F3E3970D3051BFA0DBBFEA309,2,凯米课程的特点,行为主义教育和认知主义教育的异同,陈鹤琴的游戏教学法,简单水粉画花
99B4BFBA551F7D7D8639628F4DF43B43,4,做月饼用的枧水是什么,后腰肌肉拉伤怎么办,腰部运动拉伤多久能好,万科金色水岸二期
04B7D76133A4DD28E5199E4FD9B81D55,2,希尔薇,会计从业证报名时间,02038654039,哔哩哔哩小电视抱枕
7DBB9FA3569C45E1AACE390FB9175A82,4,每个数到原点的距离是多少,鄂尔多斯羊毛衫北京,01057089167哪的电话,主格用法
4E4F9382ECE4696C717322C95C0157C6,2,149天是多少周,38周出2天吃什么好,蚝烙图片,怀孕37周是多少个月
2BCF008FE90318CF2AD09875B2E84279,1,素描图片头像女,滑稽脸抱枕,大学助学金申请书范文,通讯稿自我介绍
4C0B4FF3E4896492D436296C82E1E17F,2,有限总体需要采用有放回抽样而无限总体则不,erp,vb,武汉敏实集团招聘
C1D14614608AC5E45EEAA6621E982598,2,吉林省梅河口市,戚薇,随身wifi多少钱一个月,上升新作
72548D611A439581886C9CFD9C8C71EF,2,从化在哪,k2186,看购电影什么意思,央企和国企的区别
DD930FCAEA036D0097A39058CC0220A0,1,c语言,傲娇与偏见第二书包网,八千里路,暗恋表白
B16D936100FBBBEE663C963F27D22DAA,1,项王军壁垓下第三段心理,芦荟胶头疗,肌肤的意思是什么,"中秋,,,,现代诗"
B41CBCE3CE4A5B4D21A744B0FDBC2BA3,1,旋风少女2所有演员表,公交ic卡网上充值,关于中秋的诗句,苹果手机怎么关机重启
5CD649779EB2C092E79CA4F0AC0CE3F1,2,龙王传说,天魔六道,记忆调教器,大主宰
483DDAB6CD2D006F41AB3CD2F2EE5B70,2,范冰冰卜,曹操放关羽,韩红和那英谁厉害,ps4航海无双 双人
B66DF3D388E12F5F7B48FB0EDBDCC3D2,1,魏晨,苹果手机怎样关闭后台程序,恶魔少爷别吻我中那一章是韩七录在盛世ktv?vivox5prov多少钱,恶魔少爷别吻我哪一章出现了盛世ktv
49DE037A28D9B16F5AB914C1C8B78EDE,2,为什么坐久了肚子容易堆积脂肪,仪陇县,每天学点说话技巧,最近老是感觉头晕怎么回事
DD9483649FE899CF758FD063A3F22480,3,看片软件,腾讯论坛,本田冠道,儿童乐园
3B58C4F44CE950B8CC59AF6169215A15,1,风水10种不能买的房子,捷顺道闸控制器,利君沙和罗红霉素,启东二职校园网
C319150B497E3A0541BCB878B5E88331,2,袁心悦,猪腰子的营养价值,erp,厦门集美南顺鳄鱼园
40A2CDD345D7CFA66FD41EAF65048F02,2,怎么释放手机内存,中国近代史最主要两大矛盾,腾讯客服,安徽贫困生家庭月总收入大概多少
B3164577B666FEBCFE8A3B1C451951AC,2,我的小宝贝,欲成欢,天猫怎么用信用卡支付,回来吧大叔
60BE2172B51213EB198FE0A1A28D7E60,1,王缪斯三件套 用多少钻石买,赵丽颖的孩子照片曝光,大乐透,少女泡温泉怀孕
1BAF14AC9AEA2B22801DEC77D1A27F78,1,修行女下山施粥,文森特视频,央视批天价片酬,这个世界充满了光亮是什么歌
8D7871E5216A2AD671FE973942E4F00F,4,顾戴路儿童医院,金铭,"客来乐,谷锋超",百度
C8A539F9D09E572F43923F36C2F5E865,1,afusa眼霜,4minute解散原因,活着就是恶心,only对面的 tree
DC2C3D808A839424F766AE9991FA30C0,2,红楼梦白话文,江郎山附近酒店,张蓝艺被潜,衢州小吃在哪
E1A37876AA0931F4983524E1A54E0C14,1,pc官网,黑钻石听说为什么被禁,北上广不相信眼泪,easou
87159B92F8DFD50B6A83E93FC3071288,2,重生之异能盖世,重生都市小说,龙王传说,疯狂金属
193CA1CFA7F4450A599F030A219FFE7E,1,微微一笑很倾城男主角,微氏山核桃奶,朴槿惠提早回国,希拉里疑似晕倒被扶上车
48EF9E38EA5A8447B529E073D20BA020,1,有没有类似英雄联盟的单机游戏,什么是行内样式,http://,阿迪达斯
1BE0B6BBD7CF589602840AFC68C3E581,1,定向流量怎么用,真字写法,梦到蛇预示着什么,碧洋琪
3C2D0ED2662F01E7D1D8D20C8A46ED6E,4,护坡草种,歼20飞行速度,蜗牛移动,熙宁元宝小平图片价格
4AAD68D3EB9943445E6BC5BA91B2EA38,1,去医院感冒输液流程,加热盒饭,吓死宝宝了,韩式花束包装图片
6341DC30E1D080C2C1A7388DF01B6AD7,2,腰好酸是不是怀孕了,全世界我都可以放弃 至少还有你,华英语怎么说,手机相册的照片删了怎么恢复
E2AF786B07DC29191C1678787344BCDC,3,梦见换鞋,支付宝客服电话,手指甲出现白色斑点,北京地铁6号线时间
E89761880B82900FEACCD0F7418DD576,2,素描男生帅气,英魂之刃,婚配,yy6080影院
828AEEF4BCB850BA95DD888B9D317867,1,苹果笔记本电脑上咋装dnf,择天记第二季动漫,dnf占用内存多少,1g流量等于多少兆
A69BF30DD540F880F889DB50F29F3E15,4,男的微信名字哪个好听,左边肋巴骨下面疼,活吃牛蛙,摩托车转弯灯不亮
B126998AD7AB7F4413A68BBEBB9FB28A,1,申通快递单号查询,非主流头像,床单被套,摩天轮社区
064249D0C38839C31F3CE9B20BAF6DDA,2,传真机怎么用,桂花茶的功效与作用,2016最流行的话,有痘痘的皮肤怎么护理
E655BB2EC626C5704855F001069F9231,2,作文为神马开头第一格不占标点,running man,洗脸盆下水管安装图,银饰价格今天多少一克
701F5ABD44F9FD38C74BDC2F352E77D4,1,大乐透,汉译英,男士洗面奶,局外人
4B44BBB39B5BD0260944FAAE9E65A3CF,1,魔界复仇攻略,冒险岛洗血,冒险岛蝙蝠怪不掉血,余罪裴渔扮演者
5905B92E415379746D21B212CBC37862,2,公共英语三级词汇,公共英语三级保过,亲爱的公主病小说资源,相亲时问问题测试对方
E7FABD24FDA2428F3171FEB8733A5096,1,北京时间,王者荣耀队员能扩建战队吗,飞车萌动青春,柯震东图片最帅的图片
17BFE38738BBB040EE9D90532598F437,2,pon灯一直闪,电影,学姐知道第二季,杀马特贵族的爱恨情仇
15CE7442895E54B417831789BA6565E5,1,本田冠道,怎么把手机取消业务恢复,五子棋七星,厘米秀无限扭蛋
BD246536218B5D194B51CA995FD29406,2,情不自禁歌词,单车迎亲,百度影音,昨腰靠前疼是怎么回事
B39D3D1C14E82F25B510EF6CDBFAB56E,1,戌怎么读,qq亲密度怎么看,acer电脑锁屏界面打不开,qq飞车怎样让电脑页面变大
B210ABD3F15025E640CE04394AD1AA12,1,给老师的一封信,龙王传说,里番排行榜top10,死鱼骑
473AD64CE2EB6722CCC52A6D51F84CBC,1,美女倒贴的都市小说,懆破苍穹之花宗秘史,笔记本电脑开机黑屏,银行国庆放假几天
58BD3BC644CC2616F79B53DF4415AFEA,2,微微一笑很倾城txt,嫡妻txt下载,五十度灰剧情解析,庶女庶女
D1C265290FF749FE7382953218BA3734,1,古惑仔:江湖新秩序,白粉,尼古拉特斯拉,阴模
3C9424F3AF18D4147B5CB9504F208E73,2,大花胸纹身图案大全,苹果手机能下载360云盘吗,纹身的讲究和忌讳,吃醋了很伤心的句子
B5B35BF1937D7D1B240ACF2B11F6F591,1,男子直播示爱马蓉视频,龙王传说,黑客密码破解软件,成年人消化不良
E624C1AD7605A93199530DBCFC29CA2E,2,马华怎么读,德阳东湖山公园,奇蕾电动车配件,颜宇鹏
6021E9DA9D8553F49205C5E3FBDEABCE,2,气短是什么原因引起的,苹果6splus多少钱,玛雅渲染视频教程,玛雅怎么制作皮卡丘耳朵
13C1E7BD114F15A9C1B312B49AEE5F4F,2,淘宝开店可以用别人的图片吗,百度,江苏省教育厅学校国防教育,茉等花开背景音乐
AB9005DA15915D190690841A87D6C714,1,郭敬明,云胡不喜陶骧初恋是谁,小雨妖妖,18onlygirl百度云
C7C7135CC4EC8ACDCBA6FE71F192E3EF,2,江苏宿迁沐阳桑墟镇蒋飞虎,stringendo音乐术语,西安音乐学院选修课哪个好过,马克思主义基本原理概论
76FE8F5277FA57E6182B783DEE944CF4,2,中国考研网,视吧官网,胡彦斌,浙江大学研究生分数线
4E03BB980CD6B4EF3CC49B3A1BF5FC18,2,重庆,新疆101省道哪儿有丹霞地貌,新疆的好吃餐厅,布尔津郑记烂砂锅
77ED71F91178F74ABF078563165270BE,2,usb 手机电脑同步视频,自慰频繁 少精 早泄 吃什么补精,电脑网卡流量怎么算,小米青春版耳机 线 插口 顺序
C947A6FF6ECA70343735AA283E21FED5,2,excle2003不能更改模拟,郭圣通,书剑恩仇录吐槽,002293罗莱家纺股票
39EC49450F5A68EBEFF020EE3751B9E7,3,当我孤独的时候还可以,笔记本开机密码忘了怎么办,南陵花神直播,南太铉纹身图片
F500B04B4AC315B21FE8112DEC45027E,1,娇养,守护归来,宠你一辈子,叔宠小说
FDB3D266B16A8635E65C64773FDF5F94,5,出人头地的意思,血脂高,昌北经济开发区哪有招聘机修工,莱美
B6AEA836F3A53D8AEC6A9792B2E43B6D,3,沽源到北京汽车时刻表,教室布置设计图片,钟汉良图片,打抑那通可以吃感冒药吗
31B239B6BCADBB0550363B7CF895C7C8,1,明星之攻陷,穿越到男主小时候,反派邪魅一笑,白莲花
B16E775EF66BF3B03248C3C462620B80,2,关于中秋节黑板报,临沧临翔区马台乡平掌完小,2016年初级中学教师资格证和高级中学教师资,essential
0575900575BC3B28674263B4DDE324F6,2,民心路在什么区,开发票都要那些资料,形容心情舒畅的句子,wifi无法链接到服务器
CF256FA5957FE1CCEBCA932C1A58C6D6,2,前景色,爱国主义征文3000字,河北农业大学官网,灵异事件簿
6246737078867BD7A722DFE6FBC9ED11,2,杨颖住在哪里,动车,阴阳师召唤画符,李晨
A0E13ACEAC90351229C1C8B029544E82,3,刘涛最近唱的歌,用流量下载大于100m,滑菇的营养价值及功效,福州古田路划片哪个小学
696AC0844603722C311E24A0E72EA57F,5,草虫的村落,金星脱口秀,被火山灰覆盖的城市,柿子的功效与作用
7C7B61960A7774077ACC6F89236DCE6F,3,暖奶的热量,济南到湖州的高铁,乌衣巷,助眠音乐
637A28D76489AE9CCB1DB0FF26051C89,3,亦是美,"下载的电影拷贝不到u盘,文件过大怎么回事",二手物品交易app,笔记本质量排行榜
1475B3D8018409FA19D510C98FFB6AB2,3,寒门媳妇望江影,穿越娇女日常44,庶女奋斗日常59,重生农家女六丫
49172D6BAA1336972AECDA2D7CEB4001,1,南京邮电大学仙林校区地址,"是谁放走了野人铁汉斯,",纤体梅,漫漫何其多
FB3130B85AF0804F21FB140FBEFE6C4D,1,幽默的自我介绍,相连房酒店,莫干山酒店预订,e.a
F6C9DF32A14DF27C4E67C1E915488064,2,新乡市新乡县图片,vivox5pro,鸡蛋和蜂蜜可以一起吃吗,肠胃炎
9051AB6BA3294B48B719A4CF40AC4FA4,2,大鱼海棠电影,福州旅游攻略,微微一笑很倾城拍摄地点在哪,罗马数字1到10
424B7185993A2EF9AB74A7A8ADED7C7D,1,笛卡尔积,顺丰 拒收,百度,智能手环
EE1E13176C29C873A54A9EC13715EA9F,1,触手x姐妹,另一个用英语怎么说,七夕古诗的意思,荒岛求生新手攻略
A0DB5C12FD47677DB96FECEDD0E8FE0F,4,木香顺气丸的功效与作用,百香果的功效和禁忌,怀孕四个半月服用孕妇禁服的药,多胶草
C32BC024A3EA519AF813B0D21FA48863,2,单位公章什么作用,长发编发图片,一个鸟一个老虎什么成语,一个五打一成语
ACDCF4EBCD9D32C8816787C25A5FCDFB,1,蛮好,何者为卿狂,一层方形别墅图,好看的韩国电影
61E9DC27F04A03D61B006B545C98249D,2,跟慢热型的人谈恋爱,部队最高会议,浪鲨全屋整装,鸿荣源禧园二手房
5A6A2EB3B07CC82046EBED5B1BE13957,4,做个性激素检查多少钱,番薯西米糖水的做法,怎么做沙拉蔬菜,男生暗恋你的20个举动
404089ED199E12B0222DEBA7D844348B,3,前男友5种纠缠不清的表现,前悬架弯了,梦见2012地球毁灭,消化溃疡能吃维生素c片吗
31DE6BE5E704A7896383375AD5EB77AD,2,tcs在汽车指的是什么,通输卵前可以同房吗,蘑菇街白付美是什么,小户型房
EC5221CD1BEC1D899C759B4324758D85,2,360云盘,需要大内存的手机游戏1004需要大内存的手机,无言独上西楼 月如钩 寂寞梧桐树1001无言独,固相反应属于均相还是 非均相
391733B86D10BE4F17B1778551CE4C11,3,p2314h显示器,显卡是ddr4 其他也要ddr4么,电脑无信号,安乐死多少钱一针
E95CA51EC3B1DB5017F01A71300C8292,1,樟脑丸的主要成分,风弄太子漫画皇风,蓝麻虾,短发
4FBEE453812781FC46A2F3B40CB9952F,3,双腿痛是什么原因,缝盘教程与图解,简单编发教程图解步骤,电动车转向灯
77A5F898653DD050EFFF9A17486CEE69,2,笛卡尔积,小辣椒,喝枸杞和玫瑰花茶,嘉禾汽车站时刻表
58D186F93A71296F6B2051ADB851142E,4,复方氟米松软膏,皮肤疣,泪海,我的位置定位地图查询
629C5B9DB18A03BDDEA6955111F4CE42,4,女排录播,二手宝骏730价格,华尔特,纤维板
D5176AE6B589B224B647554BEDAD6E4A,2,接地气头像,怀孕八天能尿检出来吗,失恋歌词大全,卸妆水怎么用
56D5E0D10B55A2ACAFF8A3A8221BA3F7,6,苦荞茶有无有效期,26度的气温适合怎样穿衣,:中年女人穿包裙还是a字裙适合,耐克板鞋女款306339一165
5B772FAAD40DB3247E09B329EC228290,1,手机加入黑名单后对方,淘宝开店要交保证金吗,安徽中澳科技职业学院,来大姨妈阴唇胀痛
C7D868CD16F148E20B84724DD41AD300,3,奥黛丽赫本,忘拉手刹爱车入海,大熊和小白兔的感情,大熊和小白兔
03E98B8B754F2DD839E43D627BAFD13B,1,没有激活的银行能转账吗,猎场,练字方法,课文
15A058677463796522484CBA502BD658,1,简单学习网傲德,昌平县城招聘送餐员,北京昌平家校通电话号码,蓟县到北京东经过的站点
171F112E143B4BA4D33B37CC27497BE6,5,小太阳花编法,2016老凤祥黄金价格,马蜂胡蜂,胃跳动
6A3AC5109BA39979C8798CA95FC0A25F,2,神农头像,路飞头像,公章图片,怎么在靠谱助手打开游戏
90D83BDFB7AB1DF3C1A68F82DD8C6794,1,qq头像,"8月20日,中共中央局在毛儿盖召开会议,批评?8月20号中共中央在毛",山西阳泉到六盘水火车有没有直达的,炫龙
162DC8AC055F53B86AA58B11BB150F3B,2,2008年到2016年韩剧年表,东方盐湖城,女种马,小说女主多情np
6253719E9870C260CD9B07183908E37B,1,雪花秀拉丝面膜从下往上撕吗,最近一段时间没吃早餐,海汽集团,徐娇
D045AA869E163F4EE8E1D75401B17007,2,福利炮网址,https://dou.bz/31brxt,陆雪琪照片,金泰熙整容前后
9468B97172FD5FA2D3BE72137B9A6ADD,1,脑瘤什么原因引起,怎么才会死,鞋带的系法图解,怎样才会猝死
A1B667589DF92DC0223A4434B7AE92DD,2,杰恩贸易有限公司,吉他自学三月通,无人深空地球,last man standig翻译
6A87E1DF09B0943521A59F550F8900AA,1,三尺一的腰围是多少码,卡宴2016款,用英文写吃苦的好处,西藏大学
2A0A40F1AE3AEBE8972757C00B947208,2,三十六岁生日祝福语,模的,名侦探柯南日语版,小孩近视眼怎么恢复视力
FDF71E14838ADB03DCAF601875301F6F,1,一叶子面膜怎么样,韵达快递多长时间能到,知夫泉奢宠水光面膜,只是朋友
D35DB32632376BCCF2738FF201CB975C,2,唯品会怎么分期付款吗,热风,搞怪头像,菲诗小铺洗面奶
1F61BA3EBD92359DC83198C6B2362F43,2,练字方法,吉他有哪些和旋,钢化膜贴的有气泡怎么办,怎么让头发蓬松起来
3E05A14574951E89CB35375AE90216B7,1,钢琴曲欣赏100首,release,世界第一初恋,卸妆水
2BDA1FD32ECF4D750C2E38EAD746870D,3,排卵期老是梦见蛇,排卵日后胸部一直胀痛,月经后有褐色分泌物怎么回事,余秋雨一年书单
541381ADD1579C68AE2C33625095A4C6,2,学化妆有前途吗,手机不能用wifi上网,学化妆去哪里学比较好,1996年出生属鼠人相配
48FF48581315097C33A8896EBA101087,2,鸽子 英语,abbreviation,faithful,macbook
66032DB6153F75F7B9CD4415D8D7714F,3,鱼泡,瞪,文艺评论杂志,商量读音
AE7331AE5EF9872CB13A158BF1E64020,3,怀孕7个多月宫缩与胎动的区别,"法医弃妃,不良九小姐 4.55分",吃话梅喉咙有痰是上火吗,怀孕7个多月脚肿怎么回事
5A67267BFDDEFB5B596D3A3CDC6FE463,2,贤者之爱小说在线阅读,电脑i7处理器好还是i5,笔记本电脑更新后黑屏thinkpad,重回初三
9BC5049FDB0FAC542A948D1D58BE565C,2,"165cm微胖,买大衣应该多大号的",肉苁蓉泡酒功效作用,办幼儿园需要什么手续,东莞打工生活
608C2E31957E054E4589CCFA92C3CBFF,3,苹果7港行,江北中医院,白糖洗脸的好处,驾照扣分查询
3C47350F91F33B21BCD2A0F4E090F070,1,高清滑稽壁纸,宝石战争,暑期实践日记,天天幻灵
BD279E51BAF092B96B0A7B4442FEE8D5,2,狮子座男生送女生礼物表示,倾城之恋为什么传奇,魅蓝note3屏幕失灵怎么办,火车站到交大路线
119146E8D57496C5D36B24ED76027BB7,2,杨永信为何逍遥法外,少女希尔薇老板娘,游戏王no和rr有什么区别吗,百度
0A93B03458C60B998CF9F673B3D3E750,3,qq华夏爱拍视频,滁州市地图祥细,滁州到合肥汽车要多久,滁州二手房
522E2767065D5A1ABBE3BDF9944D2B88,1,鹿晗邪魅图片,幻听 音译,killmehealme,查看非好友权限qq空间
6BF0974FFC2DA49212E3A8D6A713E01F,1,马蓉和王宝强经纪人的偷情视频流出,高中物理学史新课标版,理综答题技巧,egyptian
56861BF1BE6DA4FB4145380BDC57CFD2,2,唐门吧,青白江新城小区,加入美团外卖需要什么条件,口臭怎么去除小窍门
6AF4E87200537D987A6CAC5656F4169E,4,盛开,最美的是遗言最丑的是誓言是什么歌,怎么样唱歌才好听全教程,战恋雪
47F0D46B12A693EF2ADA7242F7482940,1,曝黄海波低调复出,郭晶晶,残奥会运动员身亡,怎么把qq上面的应用管理器
A64E4864A113862D49ED5F6E823C2188,2,月球,独家密爱 帝少的独家新娘,地球,麦当劳流量刮刮卡
BD64BA599C0EE086F255C0361DF38F38,1,为什么贴吧进吧黑屏,北斗卫星,教室电教平台怎么开,学号不好辱骂老师
BE8777E0BB14C0B7C4ECFCA1ED713F03,1,毓怎么读,潍坊考海员证严吗,避孕环多少钱,曲奇饼干的做法大全
4F5E6D38181E7258A006140629776B8C,0,别克excelle是什么车,联盟小学生时刻,心悦称号属性,天帷巨兽之眼
7EA80720C1BBF9FF99B0854A68A7F785,1,秘密爱,赣南师范大学吧,刘翔女友吴莎个人资料,甲硝唑片说明书
132EEA4D06BDE9E8F70C04FDB4FA6A59,2,英文翻译,0512 53670799,苹果考虑自动驾驶,7系新款表盘
D522D930446880D18426AE6AB50F7ED0,3,小孩嗓子哑了怎么办,下个行人,口字组词,中秋思乡的诗句和诗意
060AD4B11A6AC3A5D4D5B43CE68AA9BE,3,百度,山东各市gdp排名,冰虐,买多少原始股好1016无标题
A0693AB11480CB331BD2D39D68E14C3D,3,记一次辩论会300字,芳村服装批发,广州到狮岭多远,佛山皮鞋批发市场
F947327CF076A5B8AB8E59A4B86EDB9E,2,希腊神话人物,穿成妖精后苏炸全世界 系统,小鸮,总裁崩了对谁都不好
C7593E38DD1FDD23207A8E04E60A5CCB,2,发展是我们党 的第一要务,广东新兴发生地震,淘宝订单截图生成器,新闻联播
32BE7CEBDBC685CF82AB386B37DD2C2A,2,"豪门怨,无情总裁你别拽",上海中级口译笔试分值,王的男人,眼皮上长了个小白点
EAA5CC8ACF2A40E9088DA052C09095BC,3,bet365体育在线投注,女人出轨后悔改会受道德谴责吗,建设中国特色社会主义,坚持用制度管权管事管人
871B1A71009486937CC021343A7CF083,1,英语,vivox6怎么切换卡,惠山万达广场卖的东西贵吗,惠山万达广场有什么
9DF74D2AC25C6D57448E5EFECFD97ADF,5,天津免费旅游景点,绿豆纷,掉头发是什么原因,狗不理包子
3DDF32F957CEB1293D0D5D2C052BE115,3,苹果六能加内存卡吗,建设银行,百丈祭镇到百丈祭没车嘛,中银通支付卡余额查询
B9669B7978F6E0851C0DB5CDC838E820,1,假红包的制作与领取,仓鼠图片卡通表情包,警察学院,百度
D406EA8E823DB1D5D4CBCC79280E725F,4,粉葛与柴葛的区别,巴中市海拔,手机号码测试打分指数,刺儿菜
FE4D97DCEFBB62B02F487472EEBA3A08,2,闲鱼,阿芙天气决定表,抑郁症,微信
6977DF2842341624CDB8516F754EBD68,1,贾玲和刘一帆,郭昊伦,杨魏玲花,冷月
029696E8914BE8DF6FCFCFC58282E12E,3,杨洋真正女朋友,无花果怎么种植,廊坊医院有内分泌科吗,宝宝得了甲沟炎怎么办
97C8F073422A62FCADF65D6FBC12F0DE,2,光明城站,13544084696,湘潭美亚口腔,深圳臻美齿科
1EBF138FBB156A76F38CAA6BC64D8E7F,1,东方卫视回播在线观看,最新lol段位级别,宋茜和杨洋,lol怎么后退
948F3541C5A49E4304E05AFA0F82FAA8,1,中秋适合去哪旅游,上海哪里好玩,浙江省旅游景点大全,绍兴到宁波
B7CDDD7B36393A4837420DECF1DE7EF7,3,经常用笔记本电脑开wifi好吗,"编写程序,由键盘任意输入三个1位整数(第一?重庆南岸办健康证在哪里",自贡市贡井区邮政编码,联盟发展方向
B1F387E03A1A3CF303FDC0FD6619FFF0,2,窗边的小豆豆pdf,电热水器怎么注满水,qq开通微信,全能扫描王
AB524CA6E79A35C313463BC97E23A96B,2,老弟读大学祝福语,狮子座女生,海边适合写的词,李伟喆
326B760AC79AE9ECB5C175A04F9AD8C8,2,都市逍遥天尊,花生煲冰糖,联通流量一日包分地方吗,附近哪有饭店
F81C083E7832499E25B6448F507F2B88,2,3d面膜怎么样,是真的吗主持人黄西,抽噎的读音,宋茜的男朋友
D05AE9C0C596525469B6DC21378A4BD1,1,广场舞舞起来大家舞起来,大海航行靠舵手广场舞,云裳广场舞漂洋过海来看你解,女孩13岁白色运动鞋
8009A7813DB0D028C91637AF178E4578,1,李春波是哪年出生的,傅琰东,黄致列,影音先锋 先锋影音
2E370977A54137B464E9E8BDB0BCE619,1,中捷代购,阳光灿烂的日子,百度,鬼火一代二代三代区别
176197B034E0D9E4CDC43AC067A19FA6,2,螳螂几条腿,拉肚子为什么会发烧,酷炫海报背景,流行语
37E14997DE33ABEAB762F1559BC76219,1,快穿系统之女配逆袭记,傅园慧微博,辣文女配不好当,快穿之女配逆袭记
A94F60A0F97DCFF60E166533D2DCB8E6,1,王珞丹,纵横,太平洋电脑网,百度
1181BD54A6EA9AA69DF3BD0E5ED5C577,2,人在囧途演员表,乱世生香,blockchain,红楼梦中周姨娘
078A7421F803767A495F6F41C94B5903,1,苹果手机颜色有几种,d速快递客服,有in the fire的英文广告歌曲,沈阳圆通
AD7EA9AEFCAD44DDBA22AE70F5ED4E6C,3,脚手长湿症,哀悼长辈,七封最后和谁在一起,骨显像的危害
4E4AF6ED50F5A8D6980DEDBD575F331C,2,赤裸特工2,黄俊英粤语相声全集,真人网球王子第一部,西游记后传
9CDB52BD83E72B4BB4C104366110357F,1,白光透视眼镜,iphone手机显示已停用,年抛是什么意思,美白瘦身海盐怎么用
AD50AECBAF5ADCB814C0F675D57F2D49,2,替硝唑栓的用法详解,从大润发到万平口的公交,谜尚魅力莹润无暇气垫粉凝霜兔斯基限量版,健康生活的图片
4296956A9E197A2CF9F0A3FCD65D6673,2,同步信号为锯齿波的触发电路主要由什么环节,房屋中介,幼犬需要打几针疫苗,北鸿花园
F0B9859CB3F0FEA2F53E528AB3D0FD46,2,微微一笑很倾城电视剧出乎意料好看,眼睛小怎么戴隐形眼镜,主动给男生手机号好吗,bilibili
2C402D52F1A2AD6A4ED0479992ACD7FD,2,小李飞刀,欲成欢,吃饭时间怎么划分,耽美小说男主叫斯诺
D8EBCB032CC72725FBAB33F0E995CB84,1,伪装者演员表,灰姑娘与四名骑士,信用卡最低剩余应还,full是什么意思
EA3E0F06D4B69EB6EA2F04A16B63F547,5,百度app,cable是什么意思,数码结成显卡,大白菜mhdd运用教程
A92741936A7AAAED0F9184B2A3DA4FE7,2,曹政奭身高,婚后甜蜜蜜,比喻事情没有一点破绽,马特达蒙
A490545C6D8F2D279444EB3F2D6CE73F,3,哪些牌子的化妆品好,怎么把照片大小设置为小于200k,中南大学文学院,摄政王的冷妃
EF3DE1E67E25A6B88A8B6816F661FA80,1,学幼师有前途吗,demoneye美瞳官网,个人简历表格下载,支付宝余额宝收益怎么算
3917998C502813CA78162DC00199013A,4,旋风少女三季,方立泉洗衣片,桥牌图片,河池金城江有什么特产
778C53AD776D600BC580C3522165C092,3,电脑显卡多少钱,精仿苹果6s,电脑独立显卡多少钱,三星大屏手机
094278B920BA8E23F5D274ABDA37EB36,5,苦瓜炒肉,黑帝99次宠婚 宝贝别害羞,红菇价格,身上莫名其妙出现淤青
7B527EDC0F8E0B8F5201A9EAE3ED083B,1,腿软是什么原因造成的,最凉不过人心下一句,乡村艳福,西安到铜川
59358C4BF142707DE31C3E93CCC9DF0C,2,吃柚子能减肥吗,圈子怎么取名,吃不穷穿不穷,oppor7换个屏多少钱
0BAC711717959AB9B8C218DA7CD2696C,2,看片软件,热性皮炎图片,有身份证号码可以买火车票吗,关于护士的电视剧
6C07885E9A84862E655343094BB92C77,1,微信听不见语音怎么回事,失恋听什么歌,亲爱的公主病第四集插曲,外向的人的性格特点
D9E05F47C9B19F2F4085A90E9FAE830C,1,用韩文写自己的名字,合应打一成语,四个大字打一成语,中国银行官网
C76BF2D77B52E9B708ADCAE4D7D2C568,2,微微一笑很倾城土豆独播时间,贤者之爱小说在线阅读,神贞王后叫什么,玩物电影剧情
A30F5B2FD431E4E97145C67171A9019D,3,废都删除部分精选,什么是银行员工非法集资,如何套取银行贷款,法院保全房子
0BE303D7D449764AA19FC761D301CD11,3,胖为什么胖肚子,香港万宁官网,电信呼叫转移,香港购物网站直邮中国
65F244F3DCA7317C215950AF33493DF3,2,常宝华,ak47机械键盘怎么样,联想电脑预装的office,k2使用inode
FD65F8D3289CC9613CFFCD294854A878,3,角鲨烯外面的胶囊能吃吗,没少妇的哀羞阅读全文,暴风影音广告背景音乐,港独分子被香港人暴打
F1313C6878779886B61B19E27D1A90A1,1,声色犬马,海河游船价格,王颢森,家有喜妇演员表
EDB7A90101138849507EEA424424B8D6,5,家常做排骨的方法,耿直是什么意思,中国女排对荷兰视频,嘉荫一中贴吧
77BB71732006A7A357752A98F095504E,1,为什么百度云群组加不进去,电工技术实验报告选用测量,重要的 词组,深刻的英文
ABDF7C4A416C30DD2E2223F5350006D0,2,blingbling视频网站,冰与火之歌作者英文名,比度克,为什么会流鼻血什么原因引起的
2A5672AF253D9E7C32E9C2540F7305BD,2,抓娃娃机技巧揭秘视频,京东校园白条额度为什么是零可以买东西么,笔记本电脑黑屏怎么办,maya里面做的人物建模的照片没了
5C75F3942F96186DA527159F570A7853,2,萝卜丝汤的功效,苦荞茶可以加蜂蜜吗,薏仁茶的功效与作用,壁挂空调用电
B57C7677F113A3C7F4BEA89B6BAD7554,1,u盘,qq头像,大学生个人信息介绍范文,笔记本电脑什么牌子好
3D1380565DB243020794079F0FB61F60,2,球球大作战兑换码大全,烧饼修改器,紫,爱拍
CDB4E4DD4D30C20C7B50EDF0F8C75332,1,快乐大本营李易峰,钱咖类似赚钱软件,cd,大连艺术学院音乐学院
7899E2BAE61063DB28B9361AEEE50C82,1,漂浮的摩天楼,诱导公式,兰波,content
C8D80F93D043E1CEA42DEBFC80F302E5,2,cad钢筋的点怎么画,曾国藩血祭,查信用记录,混凝土强度选择
EF8662EA7AAB17C09D31295CC8EFC8A1,4,艾草辅助,你的另一半呢是什么歌,colly胶原蛋白,淘一兔淘宝信誉查询
D35E21F3FEB743F942D2612930B2A266,2,脸上起脓包痘痘得原因,怎么一直拉肚子,脸上起粉刺痘是挤还是慢慢恢复,鸡眼初期图片
C0AECE798D364B07EF1319C7AD8DC8B2,2,老是梦见一个男孩,珠海25路公交车时间表,grandsfam accelefation,深圳到珠海怎么走
A50F5690589ADB90005ED8651E3D5B49,2,平顶山到许昌的汽车,平安驾校,好想你,二头肌
EA441DB69178E503D9C903C4F166198C,2,史玉柱简介,割双眼皮,一直脱发怎么回事,为什么肚子老是饿
8488439497C67D19C6DF4DDEE5E94F61,2,i/o是什么意思,新洁尔灭,腰椎穿刺,力士洗发水
9772C2B00E9555D5F90329EECE4B0B74,4,特别的近义词,羽西化妆品怎么样,金边虎皮兰的养殖方法和注意事项,最简单的三角插
3373C657C97F261BE6C03A78B71D4D04,1,福特福克斯2016款的换个轮胎,暴走大事件每期最后的荆轲刺秦王是什么意思,华硕笔记本电脑开机后有声音,网络警察在网络中
C61C9A809BF24CF8E48635C0B7B86423,3,红旗h7,走草什么意思,朗动,没有找到libeay32.dll
4DE09BFD7C5A7340141D9337165BDC20,3,乐视,海花岛,嗨淘app,2016美网女单
F5455D732F7EF727DD699C581753A5CE,3,面包机做面包,锦里,开心消消乐森林运动会,婚婚蜜爱
4B44D04983DAD750C8E1335CEE026923,1,人绒毛膜1724.50,蛙腹肚图片,安徽人八月十五给娘家送啥礼物,夏天衣服有异味怎样去除
FE6708709A5B695094D58EB21EEE9018,1,王珞丹,木耳一面颜色深一面颜色浅,海思麒麟,徐崎峰
E2F32DE78603C34483D70F409491BA71,2,头像意境唯美,水光针涂抹式,奉贤酒吧,蚂蚁花呗怎么开通
C7E5C6D3654CAFE78857B14203CF70EF,2,事实就是这样的图片,跨界歌王总决赛,那英,跨界歌王
23FA378BC162FD0DA4F886055A661335,1,华为5s手机壳,地球大小,电影,镇魂街
D49B4D2E8C0E61B372A846A7A8928828,3,室内设计师有前途吗,519公交车能到财智广场靓声ktv 809,澳门球网,球探比分
B39D93DA7DF3FDA81A97BE9C9375BBBF,1,国际劳动法,傅慧园采访视频,"印度,神油副作用",大孩子能活吞蛤蟆二孩子能喝厕所水的电视剧
B0BEC0CAE25F713A74DDD415AF3A14C7,3,方子春照片,探探这几天停止运行了,15936867760,太太万岁曦子的身高
6911938CD282F7EEA576B3DE8B189E08,2,天蝎座男生,洋葱放脚底能治感冒吗,天蝎座配水瓶座合适吗,myself的花式写法
594E14EA651AFB2E701DCD1C940EF7F2,5,黑色扁平的鱼是什么鱼,旅游岛的批复物价会不会再高,绿色花菜叫什么,大雨滂沱是什么意思
0B33E096D9939CEBD4455CA88404B145,1,潮州有脆皮玉米吗,诗句,纯情丫头火辣辣漫画,洁柔和维达哪个好
3A76174D4B16F55E62FABF39D5506478,2,穆卿衣,360云盘,铜氨丝水洗,破戒
CDE5F568C9AD2FA88452636BEC573013,3,谍影重重2拍摄花费多少钱,在电影圈内哪位明星人最好,约瑟夫·肯特,谍影重重3票房
0DDEFA2DFAD3BB5F73EAA5C2759CCF42,2,甲鱼是乌龟吗,法斗图片,维嘉,爱建园
35D9CC4374878774B0964792A37793A0,2,病例书写中or是指什么,原发性和转移性骨肿瘤,慢支为什么是早晚咳嗽,金铃夫人谁演的
AAB6718771A8CF7BE2BF5E83FAACE464,2,"我想问你盖房子打桩,出现离地面2米左右的只",大前锋一般每节拿多少分合适,香格里拉旅游攻略,非洲扣篮王视频
ED18B0A23594E04901FFFDA47840C68D,2,笔记本电脑搜索不到无线网络,推理故事和答案大全,火焰纹章新暗黑龙与光之剑第十九,梦见被蜜蜂蜇是什么意思
9CCF979B7157137314D8C163BAC06226,3,上门换纱窗长安,墙纸,dota单机命令,投影机
37ADA646907DE08D7194437172FF58AE,1,戚薇,快手网红男神图片,韩安冉,qq签名个性网
1B53ED5F3F1DB31B784BCF5101339B0E,1,塑形镜的利与弊,兰博基尼,手机如何保存秒拍视频,i honesty love you歌词
669DABA092314F3B2D0260B7CA557F74,4,罹,马薇薇微博,乡下宁宁的微博,刘佳勇微博
B092FEE2F5FC0322212BDB0F2F371A26,1,中国直辖市,金百万没带会员卡,三星智能手表gear s2防水吗,销售部经理工资
4062D6B2BDF317BC5237797413FD74F7,1,奥黛丽赫本,福建省会,武汉职业技术学院,微微一笑很倾城郑爽吻戏
A6B744C47CF7E4DF316BA863222B4CD8,2,青梅竹马总裁虐心文,林小喜正文大结局txt,军婚,霸道总裁文先虐后宠
415E61BE6A3F1E464D9F8C298E9C1C50,1,喉咙沙哑应该唱什么鬼,http://pan.baidu.com/s/1hscvszy,高考体育安徽评分标准,梦到蛇预示着什么
61C78ED8DA9EF180EF49AF83BC0ACA92,2,心跳48正常吗,我们成立于美利坚,ninilu睡你麻痹起来撸,286公交车路线
3A94C239B5A95852CCAE67263B7235F4,3,进口矿泉水,基辛格 人际关系 农民 副行长,基辛格 人脉关系故事,中国葛洲坝集团国际工程有限公司
FD53AAC42DCCAFADA3BC58C6F8171EAF,2,顺丰快递单号查询,无线报警系统需要哪些电子知识,中心沈阳软件产业园,久辽宁安消防安全评价
B5497437CB43EC94BD71ABE7C2C457F3,1,falogincn手机设置,macbook,连云港金玫瑰大酒店,falogin.cn
15A891A19DDBA4734EFED3A76AA299B0,2,安徽新闻出版学院贴吧,鲍天琦,合肥什么时候成为呼叫之都的,广东邮电职业技术学院
C1DDB08B67B3E6AD93D35E114B76EFA8,2,秦国历代国君,存档案需要带什么证件,m2精纯液,西安众腾电子科技有限公司靠谱吗
90EC4AC46F25B69D628D0B8DE22BD508,2,沉安,高远遥一,重生之师父不作死,三国奇谈
95AF71EA26D7BCB440806530BE00E01F,2,狗头卫衣,土狗五个月是人的几岁,"有一句话说在爱的人面前打屁,打嗝",胃胀刮痧刮哪里
04DD8B8B9FBCE3DA0876ED80D5A3A7B2,2,黑田悠斗个人简介,老翁徒手击退黑熊,华硕,5羟甲基糠醛
6E337FE43BCEC1B3C20BEA5156AC8475,2,有报到证和没有报到证进公司任职有什么区别,男胖子发型,六芒星的含义,佘怎么读音
75B1C94A15C2186E49BE6D63F0FDB5DE,1,反法西斯战争胜利70周年1001反法西斯战争胜,北大对新疆录取分数,王者荣耀打野法术,湖州
65417833A3DEAECD37FDB52F317F2555,2,怀孕初期有褐色分泌物,大腿根部疼痛是什么原因怀孕初期,怀孕第一个月有什么反应,多开助手安卓版
C56D8D29F27BB5961B8CFE161BC043FE,1,十三怪谈汉化,精神病院3,恐怖解密手机游戏,雅蔻瑜珈
96C50AD50DFF0384FDCC2C82758A880C,1,哈密瓜简笔画,华山,然开头成语接龙,烤翅介绍
793826C0ACEF7CDA5AE0E728C04FD309,2,傻子睡觉打一字,食品安全,狗狗吃羊肉串好吗,"狗狗驱虫药吃完,呕吐那就没有药效了吧"
21574096F7E7B0CA8C6F424077AEB0F8,1,吞天决txt全集下载完整版,买笔记本电脑送啥,迷你世界黑龙雕塑有啥用,武乡火车站时间表
EDDEA5A5354B918618B3B877054AFB2D,3,大衣,3的28次方,怎么判断二极管是什么类型管,如何识别电阻大小
6B0E6082F06027892600E7A4804ED600,2,生源地助学贷款还款,学生助学贷款提前还款流程,中国新声代第四季学员,无限商社
1856D4A550B3534E8579EDA78B750EC1,1,用zuzu面膜脸上火辣辣的怎么回事,淡淡的幸福,签名简单好看的,妻子的诱惑
2ABEFE19181B2899E1A47C993B436440,1,银行开通网银怎么淘宝,suger,林语堂生活的艺术,respect
5C7D4F675662BB1BDBE386F81AFD2394,1,金庸小说h版,天天炫斗疾光羽翼突击,金庸小说,百度
576AEBB6D59702D7CECEDE0110337222,2,3ce什么产品好用,季节性过敏性鼻炎偏方,欧莱雅适合什么年龄葡萄籽,经期如何保养
0A87E627A050251F5422768E41C3FD83,1,体面一点的生日礼物,4minutemv泫雅图片,指甲油涂一半,柳滩到水牛城公交
F7BA49374E4D5F674DCC39BDECCE16E5,3,兰州理工大学冶金工程,5000左右的笔记本推荐,泰国曼谷成人秀,华硕
AF0090EBE35FD864515BFB672692505B,4,印出人脸的玩具,出嫁请帖怎么写,广州本田最新款suv,kia车标怎么打出来
A4ECD6B4D6CA1A90DD725D2A6BF4A070,2,会长是女仆大人本子,武汉轨道交通二号线,加布里埃尔·伯恩,武汉轻轨二号线来往汉口北
C4BA9B231CDC24CA8F90D8350916A6D2,2,打耳洞多会能碰水,烧饼修改器,照片换红色背景软件,我家后门通末世
4E21BB29BA8EF622D37DC1DBA6F2BC24,1,氯化氢化学式,奏起凯旋之歌,男孩子脸上长痘痘怎么调理,呵呵是什么意思
3111B9E63CAF9FD9F28B7A246F72E6D6,3,汽车喇叭有个不响,冷库门关不了,5000升等于多少方水,纯净水设备
D4BE7E7F17400543119A4BA82766E298,3,鬓,贤者之爱哪里可以看,来自星星的你千允才,蚂蚁花呗购买手机分期还款
77F240FDAD57A35B7BF7615358C17E44,1,如何去角质又不伤皮肤,跑步会瘦吗,艾芈面膜怎么样,ahc水乳怎么样
5AA3804F899055F3FBF1AEC4C37DD304,3,多少钱,"支付宝,和淘宝账户可以不一样吗",慢性湿疹怎么治疗,为啥现在移动农村无线宽带不让用了
DB09AF2CA1D9F210C5A6617CDEDF748C,1,成都水上乐园有哪些,橘子的意思,关爱留守儿童空巢老人自我小结,化韩妆视频教程
FC534765466BE842F6963E47F5A292DF,3,手机上网慢是什么原因,昆山电工招聘,非承压式水箱,江苏信访局电话号码
F96DD333D01459E22F4CA1106B13FED9,3,男士洗液,房产营业税,微信定位精灵,虫草花的功效与作用
32E03432487DF7BCEC4019F4976D8A84,3,地面数字是什么意思,乞儒宗,美国悬疑惊怵片,煮鸡蛋几分钟
177DE7C06FFA8BD8D008E5D6B79A5D44,2,widows魔幻,widows魔幻桌面,安徽老杨,女性专用品面包是什么
D54AF80C09885EAEA6FF61A8C06B7D07,2,我老公有过敏性鼻炎很上呼吸道感染会传染我,新生儿轻型地贫b有什么症状,什么奶水对宝宝有影响会传染的,低血糖新生儿如何处理
69AE7B835AF0E091C4E6D647E9BAC336,3,汽车之家2016最新报价,威望m30,农村好项目,高骁龙820处理器手机
0CF7F45626F0328425D131FD60094226,1,爱校黑板报,晖,华硕,朱碧石
6664233D8F412A70CB578572FAAFF5A6,2,遵义茅草铺客运站电话,贵州大学勤工助学中心,贵州大学一卡通图书馆密码忘了怎么办,"吃多了,胃不舒服怎么办"
D5355A00D0A8467A2112290A69EB50F3,1,魔兽争霸森林大逃亡视频,正整数包括0吗,十月馨可以和叶酸一起吃吗,我的世界搞笑动画村民
20389A41A9F92A888BE77DC306A82F9E,2,烧饼修改器,神盾后台修改软件,为什么装上ddr3,宇龙机电控制仿真软件怎么用
7C0E7AEE4E22A8DCA35A556478EEA4BE,2,洋洋自恋,美食天下菜谱,闲鱼,马尾图片
8B13502ACDB556F65084A6E6C56B7360,1,泽芜君,手机坏了修手机能拖吗,非卖品的cv,红米note换主板多少钱
9A9CF8DD7BF9F0C5B4A80587D2B32B79,2,电脑维修店装修效果图,bga焊台操作,croe i7 6700,bga是什么
27A9592A7083E49A7E3ED5255B4263F1,1,乐团的名字取什么好,三个女生好听组合名字,快乐大本营tfboys和李宇春在哪一期,柳岩黄灿盛最新动态
0CCBE1598021B8E58CF74F7FDB7D12FF,1,右侧下腹总是长蜂刺是怎么回事,喀,郑板桥是怎样的人,美迪惠尔和可莱丝区别
916155B02D43BD28DF674E2FAE716A83,1,玉帝和王母娘娘是什么关系,网易云音乐能不能导入本地歌曲,高中读书作文800字,屌丝影院
0C9B08676A10703CE9F0447A2E3C9379,2,四讲四有,望京miniso,魔兽世界军团助手,excel
D494844A542028CA10FAF05F432A534C,1,you are 开头的英文歌,歌词come on baby一个女的唱的,丽字草书怎么写,太多的借口太多的理由是什么歌
5E76E39EDF3B71588ED47A66036DAFB5,1,私人定制教师模式,山东南翔高级技工学校,费玉清荤段子,鹰阅读答案周涛
318A3BFA0EA05228BC0D3172143C1682,3,一年级语文上册课文,二手车注意事项和攻略,批发卫生巾利润多少,衡水人去石家庄买二手车可以吗
64FBC71711D2AAB128E0A9FAC083B4A1,1,军训心得体会300,上海建桥学院特色专业,练方阵寓意,戚百草的身世
52C1FD80611347463CEDC54C27A5918D,1,人民检察官在哪能看,灰姑娘与四骑士全集百度云,人民检察官,cf
2F1943A2A2039EB8D42C00464A5AA820,1,峨眉山金顶,97年农历五月二十六晚上10点运势,涤棉,什么花好种
2617461B7BC48008817E157ABC7779A3,1,qq头像,南开大学滨海学院校花,郑州航空工业管理学院吧1001郑州航空工业管,一首描写美人的诗
9F638CB2FAAA3BC9DCFB6133E48483ED,2,雨林木风与众不同,我告诉你win7旗舰版是哪个,装完系统后安装完显卡后重启进不去桌面1001,为什么oppo可可版时空猎人 一直客户端出错
3CED3B877F5CAAC8B96A9E97763E1025,0,沙滩凉鞋女款,女士牛仔裤,耐克运动女式套装,卫衣女装2016款
ADFA0A141CF8E5A97C41953549B3EB42,1,cpi与gdp不同,ddm公式,中国联通陕西客服,二手ipad吧
0221F0B96548A199602FAAEA7DFD7BC5,4,警察打人视频,治疗早射吃什么药,梦见取蛇胆,双色球中奖详情
22C32B8BDDC4501155537D627DE4586E,2,1元购是真的吗,光宇办信用卡电话,猎场,尤文图斯vs
174BA928E33A1AA45F6F83B66A0C9162,2,韩币汇率人民币,沙门,郑钧,kpl
DBE23B965457A687E21542A24F100E83,1,北京时间,在我的电脑里面怎么看2个硬盘,工具侠官网,兰博基尼手机
2AC9C3F9D0E848C9C040D5EC9BD07E8C,1,xrv2015款报价及图片,一汽车标,哪些鱼没有刺,农安籍车在长春能年检不
C3DB9A23ED01748529F317B1F39CD65D,3,六年级数学第三周夺冠测试题,气体容易被压缩是因为,三个金叫鑫三个鬼叫什么,"玻璃瓶中有少量的水用塞子塞紧,然后往瓶中?点读机怎么下载教材"
D701A37DBF12604074347D7C86967E18,4,菏泽烧饼,怎样梳花苞头好看图解,二人牵手是知音()乞求添上一横眉()恋人无心,怎么包花饺子视频
CAA392E140D126CC4FB76B32E19B11A6,2,空调没电是什么原因,席慕容,如何做龙鱼干锅,boost
C5AD19FA95775E0A496F03F6C73F2177,1,闺蜜生日说说一大段,美术班名字大全,qq奇葩恐怖,百度
C5412C5325133A0060F6B5427B87E671,3,卵巢囊肿手术需要几天,欲成欢,阳光高考信息平台官网,哪些大学宿舍有空调
0BC24D15465C9D6B00FFA1170651906E,1,吉林到天津动车,6a财务部,微微一笑很倾城txt,孤单遇到你小说
D863A5B8E70C351D50BD11FD0C7FE2F7,3,景田水,布头可以做什么,米生虫了怎么去除,裘德考怎么死的
8406BC8A8D9470154370A7AF807BAC3B,1,复旦大学宿舍,去银行总行工作需要什么条件,会计师,创建文明城市议论文
D198A2D357E6384250F10FD769719B97,2,河南省会计信息管理系统,选择洗发水的原因1004无标题,世界地理节目单,支付宝不能免准考证查四六级'
137B5F4234EB4071E11BE3D142F56D51,1,华硕tp500l不读硬盘1006华硕tp500l不读硬盘,光盘装系统步骤图解,内核丢失或损坏装系统装不上,微微一笑很倾城更新时间
BC9D501B209F992298CB13C6FFA6F10A,3,女机械异界套异化9怎么得,i52450好还是i32550,dnf手游,大众报警图标
BDBF087991561C7699FF9CED7137E5FB,2,更改银行卡预留手机号,南京半永久培训学校哪家好,连云港旅游景点大全,自己做的口红好吗
452700D150A7B36316538747A2026FA9,2,交警拖车规定,登机口怎么找,在哪找自己公众号二维码,不喜欢姚明
8F9254B8D0F607CEDC18D645B2EDC86B,2,向加什么偏旁组成新字,冬季兵,冰箱宽度一般为多少,歌共几画
08132C14AB453678ED5161A6E9DDEC71,1,一叶子面膜怎么样,类似于妖精的口袋的品牌,迷儿钢琴简谱,lohashill
ECCEF4879D432A132E82648F26C4BA21,4,一万小时定律,宋花鸟染墨,绵阳钢琴学费,古朗月行
A69C1F003010B8A29E54AA25CA620C8F,1,百度,乔布斯,熟悉的味道,微信
7A760C6D9D8885B5A360B98810A4C362,2,之媚,记账软件哪个好,谁的青春不腐朽2全文,屯溪一中2016高考
DCF81AC88A940CFFFC6F28ACE1F7E010,1,校花的贴身高手有第五季吗,angelababy的偶像是谁,未来30年后拿什么来养活自己,厕所女神电影
5E5C7AE73F30A771F63DC5912FED1236,1,"sexoquene,tv少女",好听的英文网名 女孩,张云龙,张云龙图片神犬小七
70A42D92A749E3D97FE7F2A4303DAA86,3,工商银行珠海金湾红旗支行电话,一叶知秋什么意思,欧惠眼霜怎么样,沙棘的功效与作用
6A472F7A323BF918039263CA2C7115A2,1,笔记本电脑开机黑屏,好听的老歌,逆战军衔显示别的图标,鼻子出油怎么办
97018550CF286A1C1E682064EEA01F82,1,如何自学cad制图,要拔牙的那种牙齿矫正好吗,272是谁,如何做微商
EE55F6262C8C6D8EDFF5E6FC9C5691B4,2,手表定律的内容及运用,盐城是南方吗,腾讯公司,绿豆粥怎么煮
D5CB347616E331B7EF7060BD49384450,1,洪辰,火枫,紫砂壶如何开壶,李宗伟vs谌龙视频
476974AEFF5B0C5326440877ECD8654D,1,俄罗斯方块照片,关于云的朋友圈,拼图照片软件,没头没脑电视剧
DD1A0C4B8AC852FDC7B3FF597F76E03C,1,偈,"评论里有加号,点击录音",梦见头发由短变长了!,梦见自己和男人做爱
4A293B4129A779B380D48CCB8C230669,2,教师证报考条件,大众旗下11个汽车品牌,收到假币怎么维权,大众夏朗
B5A2A6C3482543DBD3B089119DF84F27,2,izzue是什么档次,鹿晗运动季荧光跑鹿晗去了吗,社会实践登记表内容和体会,肯德基鹿晗玩偶
E1D71AA2EE4DFF630D6FF5D8EE8EBBFA,2,重庆房价走势2016,重生之鄙爱,web前端开发,初级会计师
89E125B3FF5CDBF6AA6906DE532BAC92,2,捷信提前还款怎么算,华硕a455l,太多的借口太多的理由是什么歌,极品帝王1001
B7CF30B11DB1F4086BED461247B822E5,3,合肥到杭州,武汉离武昌火车站多远,商合杭高铁最新消息,庆春乐购
57D2E5772CD2835D664B7A0614ABE019,2,母婴超市,cad旋转快捷键,灯箱手绘,合肥哪里可以逛
BB27C577ACDA4C9FBF00DB68BE32EA7A,2,一叶子面膜怎么样,武汉五里墩地铁站到武汉玛雅公园,磨脚的鞋怎么处理,狮子座女生
F6D268D563BFA8E98BC2BF38242000A1,4,000629攀钢钒钛股吧1001000629攀钢钒钛股吧,广州番茄田华景中心联系电话,st股票什么情况下不设涨跌幅,广州公交车早上几点发车
78A8CE3B48B1C946EC6FC9076EDC78F5,3,伊宁西北国际物流园,微信,玛咖的功效与作用,施元蛋白质粉怎么样
547D151669F3CD1D2562FA7265F19E48,4,缪斯棕美瞳,淘瞳网,韩视公主棕,花汐棕美瞳
7D34696943CBF5CE3DCF63A2EBD6D864,2,什么手游好玩,什么回合制的手游好玩,随便找个麻将馆打麻将会被坑吗,美式幽默喜剧
46F732066AC590D2D9011C2CDC8BB5F9,2,北爱,计算机二级报名时间,火影忍者手游第二届忍者大赛,饥荒攻略
103AB1673A9D3F187552827553A060B5,1,武动乾坤漫画,鞋带的系法图解,冰箱有异味如何去除,怎么包书皮
6D45663F913369BD3DB5E7F82988607D,4,美食天下菜谱,英语父与子读后感,12星座日期,吴昕撇清与杜海涛关系
5C46F181374C81B6B420E581081942B1,3,六君子汤,原平八音会小二猫,手工皮具制作,芝麻信用600分以上怎么办光大信用卡
F76E82EF1798F679FECE4444618F1ABD,1,微微一笑很倾城插曲有哪些,近视眼怎么恢复视力,优化与提高附带试卷没,微微ko扮演者
59CFE250A73E139CCDE0D0C167112379,3,男孩女孩早知道最准的办法,月子期间可以敷面膜吗,产后多少天喝黄酒,兰州三甲医院皮肤科
674867C668B393216A07EA13BC07EE4E,5,替代细辛的中药材,低血压低血糖,小鸭洗衣机皮带a-630e是什么意思,柴胡疏肝散加党参
9F7C67115C7EC1AE2FB9B83FB506EE3A,3,泪,创业干什么比较好,口臭怎么去除小窍门,南山蛇龙珠干红葡萄酒
DECE62B860BBAC6CDC8D7D43250BA932,1,福布斯,吉利和比亚迪哪个好,奥特曼的英文,如何不花钱玩stm上的游戏
66847F56B4C22ED9F7CA604980EB0614,2,苦瓜炒肉,麻婆豆腐的家常做法,酸菜肉丝的做法,乒乒乓乓摔东西
94665A52A6D06E49BB336F522BE49466,3,中国人寿保险好做不,石榴籽能吃吗,"如果有来生, 要做一棵树, 站成永恒, 没有悲",360儿童手表怎么激活
779DBAC47A106AA389AB756F06E515FF,2,微微一笑很倾城txt,大师奖,全国大学生工业设计大赛,东来莫忘浴室场景
C6A922D92F69765155D91DF1F19F9A52,1,纯白衬衫怎么搭配外套,下载英雄联盟手机版,人与城,美图秀秀
F28E848F12072170DC24BFDAD723D01A,1,股癣严重会怎样,紫玉名府,大师有多少点,点痣价格
E174B5A595D403AED4635229377D280D,2,烦躁英语,洗发水英语,辣的英语,yugurt
CA5DC1F77D53B5CBE6E79AEB26CCA1DB,2,顺丰快递电话,酚敏胶囊能喝酒吗,cd,哪个品牌玻尿酸好
C600D7463CAB70901A9BBCF0640191F9,3,3ce什么产品好用,苹果电脑型号怎么看,单一来源采购流程,河北省政府采购网
07179DDF2A09C11FDC9054ECB8D7D1BA,2,安徽移动,六道仙人,两寸照片的尺寸,电视台
9344E11A640555F7CC6946CBB0BDD09D,1,网络营销,河南省西峡县,手机福利导航,富二代装穷上非诚勿扰
D7D735BDDC70A0873025E12998B85A88,2,迪丽热巴多高,欣兰冻膜和贝佳斯,琼州学院五指山校区,百度
F520B89E3899B0835C2BFF83637E0F45,4,同祥城,天山国宾壹号最新动态,怀孕喝酸奶好吗,怀孕初期可以用三八妇乐吗
86F1252A8BD8051239DC110333AB492A,3,韩东京,韩东东,蕾哈娜,两万日元
140D0513CC4660EB6FA91CC2DB81EC16,4,燕鱼起飞后死了,平安车险怎么样,鱼缸上滤改造最佳方法,廊坊中安信科技有限公司
0FCA0FEAFFBBE026FEBDE437D307BBD9,4,怀孕大暴走,教师节手工贺卡图片,动漫怀孕大肚子动画片,怀孕生孩子动画片视频
C5FAEBB75912782DBE003FEBF0556B20,1,王俊凯是不是喜欢王源,凯源修罗场事件,费沁源,hit-5组合
0A5F1BCA6346E7F63E52308206ADC645,3,oppor7t刷机教程,第二代身份证,好难猜 求答案[调皮] 树有心眼 西下美女 手,连宝通
22F171CC0E1D58BB868435E67A4B4BB2,4,带状疱疹,钓鲤鱼装饵方法,8504167开头是哪家银行,家常水煮鱼的做法
982DE537C60E6245DDF19F3FC931B6D4,3,朝鲜战争评价,我本将心向明月 奈何明月照沟渠,全球十大名表排行榜,bj90
674565D5CBA588F67F8B0755A231BB08,1,吴倩莲,妈妈向前冲冲冲,尹博,aom
43CF69E81B4B9B9202792D41424480AE,2,石字的小篆怎么写,一株紫丁香评课稿,什么叫作养成教育,10岁的女孩生日礼物
979F8F570F306DF8EB96DFE7A24DC711,1,飞段怎么不在龙珠直播了,cfc4工具钳一年多少钱,卡盟cf抽奖,飞段
C4FF4C9995F82992481E2DDFF070FEB0,3,微信头像男带字图片,伤感男头像,诚信网名大全集,制菌霉素片治疗灰指甲
B909760086F79A05F0126A6E02983A5C,2,360云盘网页登录首页,活动游戏节目,宏碁官网,牛大力的市场价格
A265B826B90D94EEB9A2F064618917E6,1,排卵日受孕吗,密子君资料,易烊千玺妈妈,安淇尔
2B7E2670DE3CFD48BECE5CE99B364AC3,4,张梓琳老公聂磊,独宠无二,胡杏儿着急要小孩,男主皇帝独宠女主宠文
2487DB0B1AB4EB1ADB48ECE66BD9406A,1,林允儿,守望幸福,大胃王密子君,日字的拼音
8669D9AC5D0CA7795C79E047F80954BD,2,动车,申请注册qq,甘肃省教育考试院,激活工具
B187C64E6D53E827742D2AE209C283D4,3,住房公积金查询交几个月可以差的到,二婚登记需要什么证件,招商银行信用卡中心,秀丽江山中胭脂的结局
6ABC9F95F5A1C91F2E58C4CC96226B19,6,安妮的口技,腹肌轮使用方法图解,神马电影院,知了猴
10B1308E7248AD87B66E42919317FF4C,1,怎么录小咖秀,三千块左右能办公游戏的笔记本,去油补水的什么面膜好用,四川电子机械职业技术学院是公立还是私立
6B1D92909916CB9259D31829497E0DEA,3,oppor7splus报价,开通qq购物号,美图秀秀,黄钻多少成长值到6
F8720AEC75AEEF801D6EE85689ED0693,3,蛋白质粉怎么做的,美丽约下载,面相怎么看,商品房买卖合同简约范本
EFDA784AB5935B7C02FD5BF0A622BE03,1,北风行中的名句,八年级上册英语听力在线听,安迪,濂
14F7B343B942CF8065A117C082ABECFE,4,白银连环杀人案图片,怀孕无胎心,马诗看到的画面,孕妇突然受到惊吓
3D1A643309F42FB62E1E6B78F6FFC39D,1,没带驾照开车怎么处罚,长安之星1020空调接线图,百度,领动
89C1F556F446CED5B031C0702F7D8927,2,中国选手遭恶意殴打,电一王者号多少钱,守望平局为啥战败,巨型鲶鱼
5E925C966DBEB52657D3A1197208C7A5,2,kcl分子量,为什么app下载安装了在手机里显示不出来,http://img04.taobaocdn.com/l1/134/7485/f,微信
E25F0FE43059BE32B75A3F358FFCA60D,2,类似黑白的小说,微微一笑很倾城ko番外,华为商城,安娜情欲史
F36150E7B50760EC9C4B5CF393C50BEF,1,下载王者荣耀最新版本下载,周杰伦计划拼二胎,"土豆侠二,",微微一笑很倾城腾讯
F0937306054230CF7A9BA3E89DBA8041,2,怎么泡妞泡到手,21岁男孩恋爱经验,腹部绞痛的可能病因,测攻受属性
CF32082696BB4303A2D9B6E4A93DC2B8,1,微微一笑很倾城txt,微信的交易记录删了怎么恢复,朋友圈谁可以看的标签怎么删除,英文翻译
5B670452DD053E669BC00CAE476782ED,3,在一起十年的话语,羊年出生的人的命运,苹果直接看 安卓用浏览器看 视频 http://t.,洛阳哪里有回收玉的
5FAFD4B718B3A828D840F7C14D3E9D32,1,笑傲江湖孙建宏全集,古惑仔:江湖新秩序,韩国首尔大学医院,群殴打架视频女中学生
B38444E0C4F3B569FD0916FCD769EA67,2,高中机电一体化学什么,补锌,win7系统配置,我的世界技能插件挖掘
30F128F9436768DCF3CC5D0EF044A5C3,2,腾讯论坛,angelababy,说普通话写规范字手抄报图片,国家允许电视上使用的视频播放器
FBB5832BC396AE481B73D64BDE09FF78,2,粉饼和散粉的区别,掌上营业厅中国移动,动态邪恶图340期,中秋节给长辈发祝语
562051E1AC50929F68FEA8CFEE5D5436,2,微微一笑很倾城上面的是十么电脑,南京浣熊,苏州中介工资高吗,图片存在哪个磁盘里
8BA4E77DE10A8768EC74C123D83681B9,2,伤心城市歌词,男孩手掌大刀圆圈,伤心城市,马肥果
9794AEDFE0843442FC921EA039DABF5F,1,国家电网频率,考研数学一二三区别,马士兵,乐视
AF3379463E5D79F3CCBCCA2172A11801,2,塘沽有卖衣服的地么,蔡家悦,天津飞机场在哪个区,深圳荷兰花卉小镇
287338297E20E11221277D567D33A275,2,三级网络地址播放大全,戒奶,戒奶第七天吃辣的后乳房疼,打玻尿酸的后悔死了
7E345166CAE1A69B072AAC34ED1D627A,3,办理护照和签证需要什么资料,百度,视秀微信直播,千聊直播讲师版
02D7DB7D2404555EDBBB3A9E2EEB1169,1,生日创意礼物方案,靴子男神真名,唐代服饰的特点与发展,莫泰如家是什么
1197038C8A5BEF7365F3B628D8AFA68F,1,劲度系数分别为k1和k2的两个轻弹簧串联在一,博物馆宣传标语,5!+6!+...+10!vb,秘书部招新宣传语
0BDA967D1FE20AF337527A8E3E90E2ED,2,大话2时间宠多少时间到10级,笔记本电脑开机黑屏,win10没有右键菜单,极品飞车不能全屏
7E0CC09DF4F2F7C9427A64AF8FE62B67,4,诉讼离婚程序,国台18度酱香,移动手机卡1200分钟,鞋
F8082E8F836652B59E5B89573057211F,1,哈达,东菀,呵呵是什么意思,leopard
2CC48A9CEFF93B709B882FFCD24141B5,1,国立银行,关晓彤资料身高体重,国家教育网助学金,magoosh
8ABA484DA375C97A4F6E5131D54191D7,1,你会不会突然出现在街角的咖啡店,入学必须品,平度市厦门路,炒青椒的做法
F1CCD5A4B002CBEED22690520096A4A3,2,重生小地主类似的小说,总裁的娇宠宝贝,渣女重生之前任,尽在不言中by宣芋
184DA612AE5AC6AE4148F2DF9D20444C,1,君若惠顾诸侯,"君若惠顾诸侯,矜哀寡人而赐之盟",则报璧琱生翻译,冉子退朝
CD1CF694C68B3C947D5E7982DB15CC94,2,蓝月亮,变身女儿行,甘良滴 视频,因车祸男变女小说
520B017ED7D19D964B556EBA354532DA,2,优麦思香米面包广告词,权志龙高清壁纸,iphone百度云怎么下载种子文件,腰围70是几尺
FEE2461A3BB9F3BEF14528E3FB7624BD,2,天蚕土豆,龙腾小说,古风诗意网名游戏名字,5021胶水粘不
C6AED72FD0B8ED11BD9AC4E8F5AEC8A9,2,青年志愿者协会外联部,不吃早饭的危害有哪些,重庆渝北中学,重庆理工大学花溪校区地址
2360B5BF588F86314C9B8A7C21F7AF91,3,白莲花绿茶表什么意思,眼霜和眼膜的区别,杭州g20峰会停工时间,齐刘海适合多大岁数
7180363E6BF5F83F62B920BC7FD74A96,1,日本催泪动漫排名,报税梦得到普及,究极忍者风暴革命怎样解锁忍者,猿飞阿斯玛
EDB5DFA18F92E4496B5836C898682C35,1,高潮部分是寻寻觅觅女声音,约定 卢,移动卡消费高,cp是什么意思
038110F1726263531538629050AAB31A,1,最后一束米迦罗雏菊,男主和女主是好朋友的小说,杨洋郑爽发布会视频,杨洋郑爽视频
844835F1847D29AF333B4D70EE8CC1E0,1,女生网名吧 贴吧,穿越剧为什么被禁,t发型最帅的图片,六字女生网名
589D6F60EE01492EFD5B4C0C7B383968,1,歌曲国家歌词,雪莉,文登那个快餐店收短期工,一人我饮酒醉
8B412B7F2E459C4385467F381F4F5071,2,20160716李艺彤直播,沈阳建筑大学,万方数据知识服务平台,akb48和snh48什么关系
36C2BD692E548362158D49FF0313BBFE,3,我头发为什么不好不黑不柔顺,汽车为什么会跑,新水浒传潘金莲哪一集,二叔演员徐婷的图片
D1D035E3D06826B8A573B2BD68574000,2,北京有哪些大学,北京信息科技大学,脸大丸子头怎么扎好看,斗鱼
3D97DE894CD80E2C68407072670BC1F0,2,如何下载word2010,最新小明看看台湾,月经总是肚子疼怎么回事,win8系统如何下载word2010
C583146488C236DB41797A498E06FFE0,3,公务员第一个面试,宿迁中豪国际星城,tfboys张子枫,政审不过还能递补吗
C6D1B123D0570B27EEB3D75BF68C2A87,1,顾维钧四个夫人照片,谌龙读音,长征一号,周冬雨男朋友
F35D8FC13E1691729A959F0AA53900A7,2,囊肿是什么病严重吗,田东实验高中地址,经期拉肚子是什么原因,白糖洗脸的好处
A3081499E940EC46E649D33128E57E1C,2,北京时间,艾灸疗法的抗炎免疫作用,tenda路由器怎么设置,沉珂的故事
48750B1ADF9A46AA70D19BB707DF03C7,2,朋友圈免费送苹果手机,太原铁路局2016年招聘,有裂纹的翡翠手镯,用勺子烧化妆品科学么
1C2D4E5A23E6C85CD78E54628CF6FF0D,3,酸菜鱼的做法,舍不得的图片带字,微信号推荐的减肥微信可信嘛,iq啥意思
0ED8731C6F7A3CC03FDAB32865307526,2,诱妃入帐王的第五王妃,五官集中的女星,将军夫人又私奔了全文,陈深喜欢谁
E8E3DA610F83AB3384FC7824505FFE19,4,纹眉后不痒怎么回事,画框里的女人剧情介绍,雾眉结痂为什么有厚有薄,金龙山国家森林公园
EBADE274CDCD31713EDD4C5C9FA30D5C,2,乡村风流韵事:遍地春潮最新章节,乡村风流,无懈可击之美女如云,乡野诱惑
0C9354222B03B2D1EBC329FD0710C14F,1,洗衣机怎么清洗,人民检察官,貂绒好还是羊绒好,二贝勒阿敏
2D78273E4708438C9D1F1E2D2AB1F0F4,1,qq收藏的信息在哪里找,新买的苹果手机怎么激活,谍影重重3:最后通牒,缠绵入骨总裁好好爱
78E559237CAC04AA6192D3A2699AC365,3,动车可不可以手机充电,李连杰个人资料,南宁东坐几路公交车到琅东,中央气象台台风网
1B8706EBA7540493069BC35A995503B7,2,维a酸乳膏用后毁容,喜马拉雅fm,绿豆粉面膜的危害,新乡到太康的汽车
E0A11BD462F6020BEE5C1FC212F467E6,2,重生之无悔人生,官策,重生工业帝国,重生之资源大亨
6F3EE1E3D22F950EB53F433C94F4B435,3,每日财经数据,无线路由器破解密码软件哪个好,举牌利好还是利空,硅谷密探 书籍
55770F0B1CCCAE86AD5B6A08F74EB7E6,5,梦见前男友,蜂蜜抹脸有什么好处,杨洋郑爽视频,说出我世界
F56A162B70F6D1E490ABFA426372FD0C,2,台式电脑,win7吧,猎场,笔记本win7旗舰版
B127D878AD2E3C8EDD3D14800A90E987,1,400字作文加评语,旋风少女二电视剧全集,旋风少女二,重阳对联大全
A43461C71C0E50FAFB1284BDE6FD9F98,2,你呢英文版,小儿咳喘,午时茶,挡泥板图片
158E08685C4CA1844EDAB83BF81954E7,3,贝佳斯粉泥真假辨别,张云龙图片神犬小七,张云龙,敷完面膜是马上洗还是拍拍再洗
A8AC142E0478E81C78DF590CC35601F1,3,逆天绝宠冥皇的魔妃,中年男士补钙吃什么钙片,看图猜成语365一个圈,看图猜成语中国邮政封
A3FF114D5101DB116D11C76F8B1D9E4D,2,安图妮1-5攻略,手动挡的车打不起火,怎样耍灵魂猎者最快,shift键的功能
3F60DFFE2C221801911A7DD1E2237E76,1,幽若怎么死的,那里的学校有金龙雕像,二十四史最后一部是什么,主持词
785E9E155A3CECE6487C2B8BBDC2FC31,3,翻版情人,一夜为奴枕上碟,贤者之爱小说在线阅读,缚爱 弦弄
4144B1ACD8A646378E6FE3126744AF09,5,2015年高考文综全国卷1答案,沙洋永辉汽修,历史记忆方法,松花粉吃死人新闻联播直播
D58E7911CA12B41A05BEF27CB0A48BFB,3,减肥符咒图片,一吨是多少千克,百度,生活启示录
78C85E4125F9643BC9039E3EAB76F61D,1,什么样的洗发膏防掉发,邮局寄东西多长时间到,qq头像,空腹吃柚子好吗
786DEED823DE263920331AB21ACFC304,3,疯石围棋2016,石家庄龙泉大桥,固肾功,笔记本电脑扬声器设置
1D5554B70D10B93A7C789062BAC42FFD,1,qq头像,王依琳个人资料,qq怎么怎么刷赞,一人我饮酒醉宝强版
C52AC59FD7405D9A9A85DC237FB20791,2,招财猫手链,戚薇,抑郁症,牙膏柠檬面膜
3B9EC0969793A1BB2190C4B603D5E40F,3,联想电视怎么样,广州到江门多久,网络兼职,监狱几个月算一年
F9E188B115D388FDC3BF444A91F9AEB2,1,内涵笑话段子,漫画生日蛋糕,幼儿园大班中秋节亲子活动结束语,洒水壶简笔画图片
2412D853B2158D910F9AD4A84F42C2C0,2,邮币卡托管是什么意思,乐视,表格软件,济南哪个学校有金融专业
EE162120B67D9A298CF10E31DDF007BC,1,柠檬水可以放多久,鼻翼两侧长痘,补的牙好不好,1996年12月初七 女
CA1AAE64120AD8B62F1B416A63FE3B3A,1,豪门主母浮光锦,辞职申请,猎场,微微一笑很倾城接吻时的插曲
9C6D852DAA517DFBC87F6B5EBAE16277,4,跑完步头晕想吐怎么办,第五自然段中作者在描写无形无味的春风使是,初一上册生物导学案图片,螃蟹绿豆汤能一起吃吗
31F29FF313AB90EF3799E1217477E32D,1,qq闺蜜说说大全,qq闺蜜头像一人一张,九州天空城小说结局,初中日记大全60篇
18859B06D321AEAAB3BE57F6CB73F4A3,2,郑爽马天宇演的电视剧,益生菌粉的作用,江津奎星广场在哪儿,幼儿园学前班家园共育栏布置图片
D5478C7B6ACAF5AF32EC127D27BFCEAA,1,骑马与砍杀mod模型文件,溥仪,手游排行榜,三角肌哑铃锻炼方法1001三角肌哑铃锻炼方法
17DBD86713255732ABF285E9A1F9A6A1,1,怎么改音调,华硕笔记本怎么进入安全模式,上古卷轴5随从黑脸怎么办1003上古卷轴5随从,夜幕后的魔女
0D0629520BDFE66AE88BDDA02B9DD4B2,1,热力膨胀阀内平衡式和外平衡式使用场合,ai,青云志剧情介绍,淮北师范大学是几本
1C744ECE2027E21F7BD7D96CDAF07602,2,笔记本几核主要影响什么,bitlocker是什么,网络摄像头,神舟电脑怎么样
A0114C63E0F41F99AEA1D588FEF3FA7A,1,qq头像,美丽誓言3d霜怎么用,花絮微微一笑很倾城,高潮
9135F5C836983755B1C709F4AC12E39C,1,处事圆滑测试,中度阳痿光靠运动能恢复吗,性刺激不勃起如何调理,疲劳时不勃起
BC560E175A1B7EDB3A34700A1F107525,1,香奈儿香水多少钱一瓶,人流多少钱一次,昆明那家综合医院看妇科最好,验孕棒多少钱一支
8BB1B6EB048F18BD36F3D3B16059499A,1,r175气门座铰刀图片,打鱼电瓶全套,老式175气门座铰刀,r195气门座铰刀
15A0EC9C40B33F39C25967F8720DCC01,1,电视剧古灵精探,做视网膜脱落需要多少费用,和服制作教程,加入心理部的理由
3389A29AFE71BA3F94887A39C867C1CA,1,总裁大叔的小宝贝,25000用英语怎么读,八岁帝女重生凤霸天下,江西外语外贸的邮政编码是多少
2F3732B2908824BE8315EEB587062FF3,1,红豆牛奶的功效,北京时间,降阶梯矩阵,艾斯臣鞋子怎么样
E88369064080672E1BF7A3EC31546137,3,怀孕喝酸奶好吗,i5 6500,长安铃木和广汽传祺,本田思域和思铂睿哪个好
9A2C0A6FAD1C85B126F567A3B766225F,3,狮子座是几月几号到几月几号,婴儿俩天大便一次正常吗,坐月子可以吃醋吗,欧瑞莲彩妆哺乳期可以用吗
F82452A8962D0A8BD6628C6CD554EB45,1,女生,百度阅读,如图某储藏室入口的截面是一个半径为,保守的女生
565CFA3DFC90E9850070C25E615AA369,2,毓怎么读,音阶歌教案,谷是什么结构的字,华夏银行信用卡加油85折
2F4DF8F697C1F7B048448D60B99846C9,1,魏晨,老翁徒手击退黑熊,邢台三院,大家庭英文怎么读
78F1780A85BB9ECF995981D9A1EDA91A,0,曾经沧海难为水除却巫山不是云出自那里,如何关闭屏幕叠加层,村色山野多娇,熊猫tv
899CD3697796FBD0A0831CD80C8F7E14,3,兴业信用卡建档,内墙颜色,打瘦脸针的注意事项,梦见参加葬礼
8A828210198D8F102E79B920321358EA,1,所有花都为你开是什么歌,牛仔裤配什么鞋好看男图片,现实纹身纯花臂图案男,你这花花世界歌名
C7B1CB285AD063B371334D2480385C93,1,viger锻炼法效果图,加多宝王老吉不能喝了,遨游中国2下载,不手滛多久能恢复遗精
48DF1C915D6B91BC588107AC2118D1D1,2,佰肤草面膜相关价格表,周生生官方旗舰店,小男孩传裙子的照片,小精灵
7428CAE208E92EE00AE3CF339FB7BFA9,2,春秋配打底裤的裙子,苹果电脑下载的软件在哪里,学校颁发的国家奖学金有多少人,韩安旭韩毅最近连麦
9DB545F43411CAAFE11C88B1058491B5,1,穿越之快进入纯肉书包,跨界歌王,跑400米要耐力吗,战恋雪
DB02C25B4A0EA11800E075DB8142EB77,3,海棠,农村好项目,找工作,电动车遥控器使用方法
6DB8499675A63E35231C9A91F15D13DD,2,何首乌的果叫什么,构,呵呵是什么意思,内涵签名
9DF97272A08FFD7A89D5852403008625,3,王珉个人政治期望,唐良智习家,唐良智习家大院,王珉
D37AE9E6DBC8897B93FC27252132DD73,5,时尚长袖连衣大摆裙,杭洲真丝布沤,朴槿惠提早回国,裙子v领时尚还是圆领时尚
3F0F72BD3C34D9A7231C6483137C93CA,1,运球姿势,跑一千米感觉嘴里全身痰,牛奶可以做什么好吃的,如何做代理
1C4F06F741B809EE97EBE503ADE08860,1,美的空调天花机显示e7怎样修理,::…与,tplink无线路由器恢复出厂设置,tp link无线路由器设置网址
F414007DE0973E7DFF13D0C23FD43475,2,为什么微信号修改不了,微信,力士沐浴露哪款香持久,灰姑娘与四名骑士
5BBDC24AF56D0516DAC1A4395F334016,3,三元瓶装牛奶,苹果 发布会,f2240 netapp,工作 996
7BFA26BED0E65AE5868B0EBACCA3852B,2,白夜行电影日本,谷崎润一郎,拯救美国,动漫二次元表情妖妖灵
E41AB72AB4D1879062FBF4308C0EE784,4,佛珠手串21颗,撬棍,树大招风什么时候上映,丧尸国度里用的武器
54DDE93E2242ABB8F46C9BF8A5F53FE4,1,好好学吧杨洋,笔记本电脑什么牌子好,杨洋和王源,杨洋李沁
740278848E383B590269951B6437C0F2,3,怎样困尿片,飞机头发型图片,林心如怀孕,宝宝的头贴到宫颈
71DD21F3D6DF13F4ADE40576938E991B,2,欧诗漫防晒,唐山67路公交路线时间,从唐山市公寓村到龙泽北路公交,719449260904物流
40DDE8A7624EE4290BE1F4C65FF491B4,1,每个星期有九天,爱拍,办理银行卡要多少岁,绿钻
81F57F04E700029709078759B62482E3,2,骑鸵鸟上班躲高峰,血检显微镜使用方法,邓小平什么时候去世的,灰色背带裙怎么搭配
118FC44813C0A1FE6AAC1531C71E1709,2,陌陌直播怎么提现到支付宝,网购护肤品哪个网站好,中大速运快递查询,打玻尿酸的后悔死了
E12ECB255CF7453F9724BE8D34C6FA2D,2,美女你好漂亮用韩语怎么说,北京时间,入党积极分子思想汇报,龙王传说
A1193D566647284B56419B735105E9EC,5,中铁集团海外项目招聘,中国土木工程有限公司国内市场,三角形构图的特点,考研什么时候报名2017
75D5724A8C043F3BDBDA55188FB0A6EE,1,郑雅文,乐分期app,doogbye,护民图库
311932E664D05B8068DEC0CCE3A86AC3,2,换种姿势去破案,工地实习,优资莱适合什么年龄,[网王]小丫鬟
E8D96CBB0028A711ED644EBD9BBC6B23,5,消炎利胆片的功效,郑州开发商排名,甲硝唑治疗幽门螺旋杆菌,积食的症状
EB7723BD4CC2C28857A6FDD4E21D8E2C,1,来月经前有什么症状,快手个性签名格式,丑小鸭历险记片尾曲单曲,为什么小腹会隐隐作痛
8AC3CBA7ADF6627DA62D7704D6908565,2,西法兰钱包6179#克色,洛阳中英文域名,太子与妖僧 重生,淮阳县冯塘乡有建设银行吗
10EEF3794F405C7A84C1A152DFD031F2,4,牛奶面膜可以天天做吗,网王popo毒药,黄瓜面膜能天天做吗,快穿之肉糜糜烂百书楼
4D8B9739E57186AA8A4671174271F671,2,遮天九秘各是什么,金刚菩提有的发白了,广州五龙山庄,邬倩倩演的何沅君
B02C0E49ED7919182AC96D2899C15D7C,3,新桑塔纳灯光图片,行车仪怎么査询车辆位置,大众汽车贷款免息分期,上汽零利率还款
5FD8419BE7B96E4614FA4B38D733F6AB,2,苏州东方铁塔有限公司,路由器网速慢怎么办,小栗旬,书包网
C91DE8E72655F5AFEB800A9CAB5309A2,1,被滴风油精感觉像捅了马蜂窝,方便面热量,珂莱欧气垫套装官方,热量高的食物排行
7804BC51139D427CD81793FDEEDD8AA1,1,手机制作u盘系统盘,u盘装系统全过程,u盘,高通骁龙820
99ACDEAEA7886919690D556D0229DE24,0,红旗舞阳光,鸭绿江在哪个城市,香蕉的功效与作用,衣裳坊女装春装
61D6277687202AFFB75AE63303AC93E8,2,影楼修片师工资,微信6.1官方下载,春风十里歌词,扶她
351A4D6A58623333A334B803E4C43242,1,怎么腰围尺寸图解,浙江离五华有多远,华硕fx50jx4200,广青年职业技术学院
3D5D16E7CAAB66FB109DEC655726D54E,1,谷歌识图,tg,百度,女性主义
B56451A3FE4EB1AD2D6E79D35A9A947A,5,健腹轮使用方法视频,晨铭电子科技有限公司,用电子称怎么称数量,"我一心想着诗和远方,你们却想着到东莞嫖娼?俯卧撑多少个一组"
59BD51E1EAFD8A0DB431739BBD6938DC,1,酸菜鱼,tgp最新版本,姚贝娜死亡现场图片,有个爱你的人不容易歌词
8CE0E52BA806785A8B643783808A7DB2,2,背后的秘密剧情介绍,恶魔王妃,电视剧少年天子顺治,韩国原来是美男演员表
D3E7A526DE096D442D765E2F4BB00CBF,1,大学毕业证书照片,广州的拼音,北海夜市还有哪里好玩的,滴滴出行快车券怎么用
E6F6DC7FC443092C7B580A6EC0EB916F,4,过期的面膜还能用吗,微微一笑很倾城同人小说原创女主,bau,女主空间修仙文
CDDED0D8BF7AF46FF48C560708BAD333,4,流血流汗不流泪 流血的读音,三星note5像素,孔子学琴教学视频,电脑开机后进不了系统
316080B2CC434DE7052584EEDE95A7ED,2,如何取消手机套餐,如何迅雷下载百度云文件,望乡柳番号,"笔记本电脑白屏,扭动显示屏就好了是怎么回?岛国成人片"
CDFE672A0E4F8A644EA4925856179631,2,郓城火车站,张静,猎场,范冰冰vs李冰冰
569FFC4BE39E91E29C5563F1A21A3276,2,走路脑袋晃怎么破,什么是联网核查,未婚女子梦到婆婆,联网核查
98AEEEA4874ACC7752A534B4C864020F,1,大学装网线,乐二手机,比较有名的洗发水,进口洗发水品牌
3FCDE701BC40E5DA5355CB6463A61220,4,兰博基尼,毒药李颖,张彦博的老婆,噬血珠和摄魂
B1E29F23F7FF8C6F18BB901233DF9A53,2,百姓量贩,韦鲁斯皮肤,上海景点排名,倚天屠龙外传全文阅读
44C6B08793AE721502A8F2A2D8743ADF,1,u盘,动车,烨,砖红色适合什么肤色
C9EDF892FD28A17DB268CDE4A61A7EE2,3,快乐大本营几点开播,关于英国人对父母说的名言,生日2月14号是啥星座,"孩子并不属于你,他们只是对生命的渴望利用?剥石榴的小巧门"
B73A4481A4165C70804A3F31FA5C1667,1,漯河香港|高科电车厂的电话,无花果苗,漯河经济开发规划图,杭州g20峰会有几个分会场
5A9B08416380B7C278EAE5A7E225980A,1,北京大学和清华大学哪个好,北京哪里有卖艺术品的,北京图书馆的书可以借阅吗,陈丽得抑郁症成都安定医院
5B14B42E686D224B2D194DF90C7BFCF7,1,俊男坊,蒙城到蚌埠多少公里,吉他有什么音,怀远到蚌埠多少公里
E67F1DF0B4C4DD868C8553749F0C36A3,1,当作我最后才明白,福州微星旗舰店,破伤风针打的疼吗,55开为什么丑
4D0BFA06F63B0BB571B1401420FE2533,3,一叶子面膜怎么样,微商代理费设置,在小镇上开个快餐店怎么样,我想有个稳定的工作
B976B2C0CEB6F97F97A9BB9BA503ECCD,2,either表达我也是怎么用,安徽中澳科技职业学院官网,瓷肌官网,一部小说女主是老师是日本黑道的
D0B6750194628810372788E4E577E3A8,2,今天什么日子,饥荒联机版,饥荒攻略,奢理氏精油有没有国家备案
175EBA7A9E4344FBD952D462D362608E,1,考研课程是大二学吗,考研211985招电子科学与,考研考工程数学积分学,tg
21D8C7139C5EF86AF1CF98B328948BEB,4,谭,葫芦素,三色花月锦,雄黄的功效与作用
F3470EBF12C7BF16D775213336A11EC2,1,疯狂动物园鸵鸟老板,比利,66战绩夺金什么时候刷新,疯狂动物园隐藏任务
4E6F00475D6F6610F295A2480308C90F,2,漳州哪家医院好,当别人回复你胖子的时候,肺癌晚期,当别人骂你时你怎么还击
5BEBC73DFC02D53D2FCC46B7C3DDAF5E,3,hkc 4k显示器,32g内存卡价格,超极本,"信用卡透支款项已严重逾期,已被暂停使用,卡"
F669471C36B59AA432523CC08E291D4D,3,age20s精华粉底霜,163邮箱注册,嫁个老公过日子插曲纯音乐,补水效果好的面膜牌子
BB584F4431A4CE2E3A1688E618079DF7,2,李易峰手机图片壁纸,百度,南陵百世汇通地址,李易峰父母及家庭背景
1D0213B7A9C0FE8A65BC3EDF0BB5E85B,3,军训自我鉴定,怎样,电脑鼠标双击,手机服务密码忘了怎么办
53A1CB5A94A67D0929512900BC1D2739,3,洋葱生长周期,清远漂流最长,刘以达,广州省站汽车时刻表
A53766C67E802A10DC042D7E1C57FBD2,1,笨鸟先飞,静女内心独白怎么写,祝融,无冕之王是什么意思
FE3D83F8E5F792CFE6F5B66EBD7C10E0,1,反三角函数微积分,怎么在网易邮箱大师手机版删除youxiajg,个体理性导致集体非理性,bec
D8541AE2D41135CB864C9E948A916E89,2,cosplay花千骨,卸妆水,皖西学院,醋有什么功效
E120187ED4C35E87B355A8CA42B2F192,2,苹果id密码忘了怎么办,刺玫果泡水,秋天吃什么养生,壁男
1B7178F4AD3AD5E98215979FD9D9184D,1,我问佛 仓央嘉措,百度,陈昊,山东政法学院
1979B13AFE1CC618501C3E34480F2B6C,1,郭敬明,社会民生问题调查报告,白冰冰,世界上最贵的手表
979642905C632599CDD1F94454AE78D5,2,遗愿清单百度云,肥志图片,百度,sql中union实现了
44DF9A40C30A539651FCDBF13DEB2DD1,4,图安的底盘怎么样,宝骏510后排座放倒图片,特步运动鞋女款,polo后排座椅放平图片
6AA9F54327DE1F26723237E19D6DB18A,3,手提电脑的无线开关在哪里,草晶华中药破壁饮片的作用,老师小说有,中国共产党历史时期
5F7ADA789318BDD8CFA1CE5BB65C730C,2,河北医科大学东校区附近卖自行车,3500左右的笔记本推荐,amd显卡,丹生谷森夏
224A20B7123BF2E5D9847826C1353C6E,2,减肥最快的办法,为什么胳膊上有刺痛,墙上画了彩笔怎么擦掉,带隐形眼镜时间长会失明吗
08DC54821659147A01780B6A3BB5E76D,1,思维导图,微信的聊天记录怎么找回,正方管理系统,烧结砖液
2255B28ABB6FE92C6CB33135F190A684,2,明木店,8848肖仑照片,g50,党员的党性意识不够
7696681B573DE6783C0AE64A24B09A49,2,直发梳和夹板哪个好,马奈雌酮,草房子读书笔记,尽信书不如无书的意思
3D57A7C8E614AD733E7EF319881237FF,1,为什么我的手机淘宝上的商品打不开,运动后喝牛奶会长胖吗,大学精神征文,百雀羚草本精粹四件套
B7E9C19F5043D49169FAA47976AFBCBA,3,独生子女费发放新规定,梦到路上有很多蛇,经络疏通多久做一次,彩超和b超有什么区别
4498367AB184B939AF04446DCA864D31,3,高职单招能报几个学校,原地跑步能减肥吗,想做男配其实也不容易微盘,黄瓜减肥的正确方法
56AB1651238B6D29AD5A7F47072C984A,3,孕期耻骨联合分离症状,孕妇能吃芦荟吗,幼儿长新牙根尖炎会好吗,泰山医学院操场跑道
4221971BCF8CD5B4247855FF79E7682D,1,胡佛水坝,量子卫星,澳格菲洗发水,十全老人
7211852B53AEDAD3B3750EAD07527B5C,2,"够劲中,同家的够级牌能打吗",招远天气预报,橙色的鞋子配什么颜色的裤子,蓬莱机场到招远的大巴
D4BF01373D0B10EC7DF0756825C0FFD0,3,一斤等于多少两,马拉松,英尺,第二代身份证
08E8150A04AA19D71D31F20866B7B0A7,1,cad轴线怎么画,末世重生之绝对宠爱,工程造价专业求推荐个电脑,青霉素过敏者不能接种什么疫苗
781E67745018AACAF8ED0FEB7DD85759,4,ect是什么意思,国产水陆两栖车价格表,老西游记电视 高清,微信表情
3266C3E287680FF5010014EE952BA426,2,肚挤眼周围疼是什么原因,东方树叶致癌物,亚健康怎么调理,不习惯正常跑步一小时多少公里
10115432BEB5D02E3B1559DBFFA8EFE3,1,塑料卷发器的使用方法,卷发筒不加热,缅怀先烈的诗句,空气刘海要留多长才能剪
0BF0A3D917D6715B0E82FF41C2C0BFE6,2,若物价上涨 商品的需求量相应减少,实施科教兴国战略 体现了邓小平关于什么的?甘肃临夏长途租车公司,敦煌军营,发展经济为民生 民生之本是
775C6C0BA226472C8254DF2CCAE60655,2,皮蛋的做法,推免生研究计划,首都师范大学研究生院,hera
D7E1E98B8DF9F0A067AA105EF1D36A3C,1,赫拉斯什么时候开,果汁味的酒,海棠,百度云视频都没了怎么办
5D84D6592F600EB3ABA0D3BB2AFE4F63,2,初学者相机推荐,vivoxplay5s运行6gb与x7,new balance999图片,newblance mrl999ag(钢铁色)实体店价格
2171B5C311D7635BCD5201A960137F97,2,相声吹牛台词,世纪公园有什么好玩的,魅族手机数据线用一段时间就会坏,可以躺的马桶
22DB9100D4D50FA9B8B917379ADD0067,2,啤酒鸭吃完吃了榴莲会怎么样呢,榴莲不能和什么一起吃,马白良珠珀好吗猴枣散,宝宝睡觉老是哼哼唧唧
460604CD8FCEAD7932A66BF8C5B0D38E,2,台电平板电脑,肺癌晚期,夏桀,肺癌晚期需要切除肺叶么
EED319D3DFDF426F1046AA64C9491994,1,阿吉豆,河南财专校花,国产美妆品牌排行榜,圆脸学生适合的发型
4F86D1204011AEAA7ED3DE10CC4138BF,1,最性感国家女排,以太网网线,游泳脚抽筋的原因,香港谷歌注册
5B3D74D8B1337BFAA3076853CFF0CF31,1,刷棒棒糖软件,aoa猫步轻俏mv粉红色头发是谁,vr手机软件,周杰伦正脸照
161ED9EC928A0B49F1D2FA3D68ED0A72,2,部门规划,妙巴黎口红,蛋糕卷发型,angelababy
54BDE6A6AB5D56B1E53D53FD6190CDEB,3,带王字旁的字女孩名,峰峰矿区滏河湾,血糖偏髙能不能绿豆面条,核桃中间是什么
2A67552BC91430609501E89DB3567DB1,2,qq头像,迟来的爱用什么节奏和和旋,梦的婚礼电子琴教学,电子琴弹唱的时候不能弹出歌的旋律吗
B55387EF4F69C48BC420D9DE9FF8248F,1,湘雅常德医院招聘,广州市荔湾区人民医院招聘,联想天逸100-15ibd,广州二甲医院护士招聘
35C1BE33010EAED042113D02E012C44A,1,黑色加蓝色头发图片,如何天然染黑发,染发黑色系那种好看,染头巧克力色发最后会褪成什么色
69D606A4D94478B6735155A83850B478,4,送梳子代表什么,紫霞仙子的经典语录,葵花药业咽炎片价格,龙居瀑布
5A6F63EC53E142DFDEB8E0BD261C6393,2,一叶子面膜怎么样,郭富城电影,精武风云之陈真演员表,免费小说
7F9ABD4FA7437A25B03E660935B1A99D,3,小辣椒,腹泻吃什么食物,腾讯大q手机官网,大qq6手机多少钱
E0C56B333C5F7D332F3683DA5CE56C28,3,京东商城苹果7预约,neither,蝎子辫,一岁宝宝吃什么奶粉好
73E8E2F226B05BC1BA433E82F3B48FD6,1,李晓鹏,腋下出汗严重,傅园慧百度图片,脂肪粒会自己消失吗
2F009CE6446346B0CA5EF946DC3622D9,1,宏基xb好还是pg,闲鱼,船长240和h100i,道德绑架案例
53A83F76C3B4ED3BC2E1FE0CB18DD7B2,2,狗狗伤口感染化脓图片,狗狗伤口感染化脓,长虹9寸四核平板电脑v5,胖人穿背带裙图片
CC84119363F844FD9227B9E1CABE1D26,1,满族是什么民族,素昧平生的意思,我美女总裁老婆,中国少数民族中去掉那两个
4A178C565F6B7780EC72FD59BC21F26F,1,敞篷四座跑车有哪些,山狗sj7000,中华酷宝,一勺蛋白粉多少钱
3D46BD4C04DF95C0AC5DE3E99602AF23,1,关小迪,假牙的种类及价格,公园的英语单词怎么写,旅游中专怎么样
E13A920064BB0F0BEDEEFE8EA019D780,2,韩庚前任攻略,港元,汤姆猫图片大全,跟踪孔令学观后感
9520B92B1F6B76540F3B0F758532D5FD,3,石膏粉有毒吗,郑雅文,戚薇,东风本田官网
C70177149A04B7542606FB1F82D812D0,1,"滴,",qt语音上不了,丫头的歌词,视吧怎么赚钱
6AC553C043E2563628D0EBB0E6DEA6A4,4,老司机开车什么意思,兰陵王使用技巧,奥德赛2016款,荆轲怎么对付满血英雄
10ABE81642B6DCC25639B8C3E2684C34,2,上海浦发银行客服电话,八大心态素质课35分钟,孙中山,淳化镇
8755DC88579D6E0FEE03315D55911CF4,2,微微一笑很倾城番外全,类似水滴石穿的成语,灿白 送日ost,bobbi brown 口红刻字
7FEC7FD5A10141E32E31B1B0E8C15665,3,尿道口红肿 性病,折腾 英文,得了龟头炎什么时候治疗最好,生殖器溃疡
81223EED909BECBDA014B047C3D9BB12,2,名字打分免费测试,剖腹产多久可以喝红糖水,坐月子可以喝白开水吗,剖腹产妇早餐吃什么好
3030F68CAC695FC1FA7BBEDF3C1D9323,2,2015考研国家线,岛上第一家,什么事只能一个人做,忘记mac开机密码 图片
25B0F24FEF13CCB646F28DD16EF66F8D,1,我的女友嘴很贱和左克朋,为什王者荣耀玩着玩着就从4g变成2g,沈阳西峡谷在哪,store什么意思
D8DF495F3CB80846213DE1DD7B283544,4,卓艾氏综合症的症状,幽门螺旋杆菌在胃里会繁殖吗,路路通图片,肝功能检查结果分析
C8488F5A40DCE041747672E1F7F2F160,2,权志龙和美国人合唱那首歌,年轻人刮痧好吗,煮绿豆汤绿豆要泡吗,防护乳和防晒霜的区别
AAC9A48D97941C167691AED6D9D6116F,2,那个内陆国家有海洋,四驱沙滩摩托车,小排量柴油丰田皮卡,汽油涡轮增压
CB74120A2C123118A1D72588D4C8A097,3,精简系统软件,疯狂麦克斯百度云,三星炸机,帕梅拉
EB4A930F80B79BA8254E533D8DF58254,1,金主,我是歌手刘维唱了什麽歌,有什好看的美剧,我是歌手哪个演员唱了什麽歌
CCD9B0D222E4AA263F04F1B7A7FE9F6A,1,新网球王子,欲成欢,笔记本电脑什么牌子好,妖临天下魅世鬼王女魔
A0A8D77DDF5E1ECCC5DC560667B7B3A7,2,老年护理学文献英文,可以成为医生的其他办法,一寸照片是多少像素,想听你说谎
D372A646511BC0E4980CE7F64EB87173,1,以身试爱gl,易白首小说,庄生晓梦gl,霸爱gl
3B17E0B7E16EFDD72AEC5A5409B9AB0F,6,蒋高明,大愿公司,丁学峰,放生6000只羊
9CD8A9DC03B33ADF7FE65E0B2A3A14CC,2,碎碎恋在线试听,微微一笑很倾城txt,贴吧十五字,以孤篇压倒全唐
726CCDCB24CF2E5B5243243F68F92000,2,怀孕多久会尿频,阴道有血丝,葛优发型地中海,验孕棒多久能测出来怀孕
E7D27DA8C807B9D413A13BB38EF84C07,2,flag是什么意思,华为手机触屏校准在哪里,驼色是什么颜色,500以内的男士手表推荐
555F86382C9183664DF802DD4D1BD32D,1,狗头地狱魔犬多少钱,红番区风火轮曲名,冠军劫什么时候出的,酒桶皮肤哪个好
9FF5D1E20704068B91C567A8CCEC0532,1,泰安,低价网赚,天蝎与哪个星座敌对,跟3@pwqp去
FCF575BB9014EFEF0AB2E2205730C192,2,刘嘉玲,作为一名公务员,23路,三打白骨精
3663D4F3B02B01C398EDECCBDC15D307,2,东北师范大学自然地理考研复习资料,因时而变 随时而制与自强不息有关系吗,信 彩虹,僵尸道长3
EF4F6FFD9113F01B304B9B07013CBB8D,4,郑伊健唱的直止消失地平线,情牵naya爱的小屋,跨界歌王第三期陈松玲唱的什么歌_百度知道,郑伊建和陈松玲演唱的歌曲
4B7DA04ABABE291E02346CFDCD98608D,1,罹,魏晨,大学英语介绍自己,鼓励人的经典语句
E3F1F5FBEAA9CF4F29AC825F978941E9,2,天蚕土豆,戚薇,四人帮当时由谁领导,申请贫困补助的申请书150字
EBCBB6EC2C8788F6F39E2B71E9C789D5,1,圆弧连接的作图方法,cad制图阵列怎么拾取中心点,基金买入待确认需多久,手机的公开版是什么意思
37592B944105241FED3490D39A854989,2,顾兮兮尹司宸闪婚总裁契约妻,朴槿惠提早回国,英语,80cm是多少尺
A362EDCF9646084825D94B4A3A444F5C,1,召唤师峡谷,好好棒电影网,巴扎黑,仪陇县
29E1648DFFD4391BD82FCC7C4DC1A1CD,4,杭州g20峰会,pvc是什么材料,深圳公交337路线,深圳地铁11号线
8A2A86E11B91926205F54B52562C4EF1,1,女生自慰器使用图片,电脑字体怎么改,笔记本电脑开机屏幕是黑屏的什么原因,爱因斯坦
D7BD786B990A6F1B3CAD0C9A409281F0,1,魔术师长板怎么样,小别离大结局剧情,排球比赛规则,win10怎么搜索到cmcc
3B5A5B93A338C39F5432D5210E99D770,3,艾灸盒,oppor9有100元的手机吗,背带裙,马蓉出轨照
5206E21D3B82500E3564D046B3ADDEBE,1,如何淡化唇色,破产姐妹,皮股大减肥,有人唱
CC552C933128CDAA5B1D93AFD5CABF8D,1,刺客信条启示录手机壁纸,日本恶搞动画西游记,庄睿,王者荣耀杨戬什么时候出
5F8053D0C1F88F4CD083DD2FD032E24C,1,顺丰快递电话,中秋政府放假吗,少奇,不同区的同银行卡转要手续费吗
EB5D9F3B33B73F024EAEC4A182237CFD,2,记录的地平线第三季,艾由米,魅蓝3s评测,南宁的手机
3E6E76F1169CD0C924593527D5D0CA74,1,qq头像,7本最强战zh战阵,魅族mx4模型,芮小凸和芮小凹
43E919D90BB9F7E1DE7BE7E35F838C6B,1,cpu怎么安装视频,龙王传说,vivo系统更新安装失败,cpu是什么
393E879A93E183A3E3EE764BA6EF1D97,2,孕妇产辱垫,刚出生的宝宝喝葡萄糖水好吗,1997年八月初十出生什么星座,"师父太撩人,徒弟犯上"
E8C9CD99FE1042A5A775202BC996676F,2,2周大的小猫,宝骏730后座空调怎么开,青天宅韩国平面图,怎么批量删除微博
0424237D39C48D6E688DE718A8973438,5,古诗词老僧,开心消消乐47关怎么过,微信红包可以给外地电话冲花费吗,你是唯一的英文怎么写
995C68CF0E3DB3CDE361FD6AA7BDA292,3,保时捷卡宴,黄致列,福特撼路者,欧弟入德云社家谱
58F115AC464FF8669E9AF099F00DF08F,1,玉米羹的做法,王俊凯小说,艾玛是什么意思,麻辣变形计演员表
1338CE9EE68241089EADE7896DF5CEF6,4,哈佛h9,用装逼神器的资料卡怎么设置,oppoa33m,迈巴赫s600
DE966909B1B0949CEBBF0A66C060DBE2,3,奇异果益力多,吕丽君女儿,利智债务,娱乐大亨洗米华的前妻
8B332A53176977D0DDF309A84B4D96D5,1,恢复实刑怎么写,科鲁兹和赛欧3哪个好,中国为什么要火化,大众捷达1.4手动舒适型多少钱能拿下
06A7DB532FD13F8F455FA1AB2901DEF9,2,2015郑徐高铁开通时间,一生所写歌曲,独怆然而涕下的意思,audio是什么意思
36DC80C1E1168D9768C7A7E040E60A2D,2,厦门植物园,高峰个人资料,睡凉席好吗,工银灵通卡是什么卡
548EE7664E6FED88169EE6FEDF722F5A,4,中秋吃月饼禁忌,微销通手机官方下载,艾芙洛洗发水代理,什么是廉洁
2A7FC741835C9C634D43B29F50B66801,3,顺德,研究生学籍卡,长春师范大学心理学老师,大学心理咨询老师靠谱吗
89F10100453DD2FF08C8C0EA18662D32,2,眉头,剪眉刀怎么用,酸辣粉与什么最配,174.123.15.31图片
A763CFC727BDE8A0CC38E227D8E1E301,2,英语,荥,圣罗兰方管13号叫什么,认知地图
1A0D5D9C335DEA57994FFCD56FFC505B,2,属相婚配,包子馅做法大全,陈妍希,郑爽微微一笑很倾城同款发型
DF7BC54A55EF634A3849F3354A7091B5,2,比心机婊更厉害的词语,凯莉丝汀眼影视频,广州地下街,中国女排
4F69E3AE8EB7E0248886C4EF556210B5,3,龙腾小说,奇瑞,oskia,新闻联播口误集锦
7355DBF1144E250FCCDE8336405BB29B,3,7个月宝宝面条的做法,护肤品的化学成分,几个月宝宝听得懂话,恩威500强企业
1A482C049D3F83E2E52D51263F61A700,3,酿苦瓜的做法,哑巴爸爸小说,乡村艳福,乡春小说
7B467F8276F4B2AC4E386FB524748BD7,1,狂暴飞车,日本球迷吐槽恒大夺冠,焦恩俊,燕南飞不是坏
8D5AED2102F445A37B388B85A7FCCDCF,3,学习机,霸气的群名称,六小龄童去世了吗,湖南卫视最早期玫瑰之约女主持人
B97EF946C08922E191DA75D78DD88BDD,1,名字打分免费测试,谷梓潼有多少重名,国产奇瑞路虎极光价格,河南工业大学各专业录取分数线
DD12A89F0282DB1134C4DF833BB846E7,3,合肥到长春的火车票停售了吗,"老公,好撩人",中国环境健康与卫生安全促进会李思,珀莱雅水漾肌密系列
11400CDFF70995D4471FE790C15F922A,1,能通过网上银行绑定电话号码吗,天猫 淘宝商城,状态栏,1236的旅客类型怎么改
8D50106909A6C7AFA4FFD4328144AB4C,1,qq头像,2016奥运会赛程表北京时间,韩剧热播网,重庆大学
2B046D80C0B0F1758C30337A7ED88387,2,卡罗尔,周杰伦晴天,白百何演的餐厅电影,我好像弯了
17E8B4981B4CBFE817C35462CA2D793F,2,古风和尚爱情图片,恶弟的放纵,吸油纸价格,锉甲刀 盒子
CB6E85FD66137C2E7FB3931DF2F1D8DA,1,psp游戏机,虞,广东交通职业技术学院迎新网,超极本
DD9595D246CEF661812A5766683D43EE,1,余罪张猛外号,北方工业大学教务网,生龙国际一楼,电影院里面有摄像头吗
5A25785A9EC15ED5C84FC32A2F437375,2,cunning是什么意思,青云志剧情介绍,辣的食物英语,王的男人
A66C7D6FAFFBD91A4013C7FEC992C014,3,宝宝对不起,现浇钢筋混凝土楼板,快5个月宝宝在妈妈肚肚里平躺看男女准吗,孕妇蒲地蓝消炎口服液
3F77BE97AF353A0F4448931ABF6C88D8,1,晚上听见唱大戏的,鼻子有的区是红色的,qq情侣头像,咖喱饭的做法
176CA44A66E6DAABC65122FC6880F260,2,台风海燕的威力,李医生化妆品含激素1003李医生化妆品含激素,血滴子,红血丝用什么药品
9D72598F488EF4D1F9597106750839E1,2,性冷淡,鼻翼两侧长痘,想家怎么办,头晕是什么原因引起的
F0FD5ABEBCA2CCFA993C205FEA0BF780,5,奇勒旅行箱报价表,香港电讯招聘,英文翻译,大庆客运枢纽站到哈尔滨机场大巴时刻表2016
5068A9B2FDA688C77E93E87299E379C6,1,快手红人李李李由,李由,蔡家悦,女主不爱男主的宫斗文
50B99EFE5A0EF17D330ED1903DA86CA0,1,列假期间可以吃果蔬粉,善万物之得时 感吾生之行休,性本恶论点,长征
D774510519182CB324CA4663A227D7BF,5,三角梅什么时候换盆,女士鞋带皮鞋穿什么裤子好看,上海浦江商会,镶牙和种植牙的区别
36C7389493132B3A7F4E9106C4D15AD5,5,比赛用的篮球多重,篮球火,11-04,新鞋子磨脚怎么办小妙招
3C302B2F035C056A16C0C086C64E1E61,2,皮肤吸收不好是什么原因,国家助学贷款支付宝账户必须是,何以笙箫默小说,iphone7图片
EB8EBE6A12A8A60E4535B885D4A587BA,3,克里斯蒂亚诺·罗纳尔多,江门转运中心在哪,西洪竞技 毕尔巴,伊藤润二 鱼 电影
08EA3ADBCBA6F3466283B001184D60A2,1,88微录客福利视频,北京时间,手机微拍福利视频88,沃里克皮肤
6C798AA6AC0A5F628B40BDD184E8533E,1,招财喵好不好,男生霸气网名 超拽,小丑库卡配啥花剑少尉好吗,红花食用方法大全
B865998B6C87BB218E29B6EF05721F6E,1,超极本,播音主持专业怎么考,带鬓角的空气刘海图片,薛之谦与前妻复合了吗
2B124211FBBA9EACC9BE0CD5B8A4B50D,2,兰博基尼,大跃进,湖南大众传媒职业技术学院,三星白队成员
C75FE07B62F461F5137A1ABF15AD1A85,3,招展,bench,南海明珠一海南岛阅读答案,alphabet
D33EEE72C5420ADED39CD7DD480E1F5A,2,拂风暖寐,唇边发白是什么原因,娇姝书包网,娇花养成记
3E2023E855FEA7FE1C434D0A1B641A0B,1,老去残生啮草根,春风化雨润大地打一生肖,孕期护肤小常识,歇后语没见过
611219281AEF974138792B1A128B7B46,4,本国男子性能力差,蓟县农家院_郭家沟久顺源农家院,残奥会运动员身亡,女保镖舒心走红
38621AF77A00CBBC3BA877A9E818D44E,3,深圳人口2016总人数,德国马牌轮胎官网,合肥到长沙,二建挂靠
EF8C3E84F16614318E79AD9D48FEFB35,2,经常开车会怎样,力士洗发水,乡村小洋房图片大全,监控录像能保存多久
4DDBB54C8954E76277DF9B30D9B26C59,2,诛仙免费阅读,岳阳去通城,the day you went away是哪首歌,se有几寸
981B9141CDE167B39D36377468E196F8,2,京东ipadpro,华硕fx50jx4200,微信两个手机号可以注册两个,合约机是什么意思
9DF39761FC0C0214CF27D7355DF4BB0B,1,无冬之夜2可以联机吗,洞箫可以抹护手霜吗,王建国脱口秀,怎么减腿部脂肪
AC5CB9C7AC9EC0FF504D2841A0D24651,3,建行信用卡,交换温柔,甜蜜的复仇韩国,东京新爱人三邦车视网
069D120B3778FA974CAE026EBE92108A,1,中医佟彤博客,色彩专家,武警老兵退伍卸衔,科目三跑长途注意事项
14ECB8F2B939313F91D1574FFF2C70ED,1,金誉卡在那里充钱,查询qq冻结业务查询,oppo手机好用吗,腾讯qq业务冻结中心
ACC2EFB8FE009CB537FBAA6D3D19423E,2,电器店实习报告心得体会,马不停蹄的忧伤,昆明有什么好玩的地方,建档立卡贫困户证明材料
284A25B8FC3A60F1738C97893F4EA21D,3,华为手机存储空间不足,脑白金,富士wifi,郑州轻工业学院老师
241F31AA731664CE9A3CBF5970C80209,3,多功能电压力锅怎么使用,解毒机有用吗,微微一笑很倾城地战天下,核桃壳发霉还能吃吗
A20A3A3AC8DC5F771CB88553A9A12F82,3,kfc早餐时间,朱颜,权志龙为了胜利和粉丝,龙亨俊女友
3B55DB61B08F8CE9FB4425DA04C836BC,3,赵本山年轻照片,斋怎么读,怎么打电子稿,怎么创建qq群
7140ED76024067DFEB86580592BAE3EF,3,寡妇村,韩国姿肤多少钱一套,乐视,痘尽白
FD728D93AEE317B1DC2D62E327E994B8,2,成都文理学院官网,列王的纷争电脑能玩吗,吴三桂简介,疯狂的麦克斯4背景
7343C81EADF24BBB9FA344D67151EB6F,1,周柏豪,39度算发烧吗大人,我可以假装看不见,余生请多指教什么意思
B34F7A5764FCA611D0C817C350FDA8CD,1,达达订餐平台,婵真化妆品怎么样,婵真适合什么年龄,婵真洗面奶
C068C4FC8129AE99C3A0F1A6B4CB7B90,0,工行2017校园招聘,玉米笋是什么,新办公桌甲醛和嗓子,新办公桌甲醛强鼻子
9F3645F3699319003C004307BA629C3B,2,微微一笑很倾城txt,安卓手机ie浏览器下载,关于离别的英文写法,冰箱有异味如何去除
F7550C8178A46A3E68D177ED8B422FB3,2,无可厚非,华图上课方式,纷繁芜杂,女孩九岁等了11年
2CEBA8E5C0A67DD9EFD5F46D43E937AA,3,写小说如何打好基础,当猫星人感到一丝嫉妒,写小说主谓宾定状补重要么,句子成分
3F242BA0F6C0138CB3A6D7B3BC634E27,2,西夏王朝,bald的意思,家乡的味道作文,蛋包饭的做法大全
897E6D1BD8CDA076C011CFA8EF4D74B5,3,肚子跟腰一起疼是怎么回事,微信怎么查看删除的消息记录,男朋友说别人照相好看,耳朵听到声音怎么用词
1615B12171C6273D6C5CBC68C971EE0E,1,百度,王思聪豪车,q5,摩尔庄园如何培育
778325FE4E5F962B34634D13662C9776,2,吻别英文版,毕飞宇,张云龙,杭州g20峰会
740A3B5F3EB32882C2D159788544AC11,2,三班倒制的英文,package是什么意思,temping什么意思,三个是女的 两个是男的英文
7D48F0FDEFBC3C978F20C318AEF367E2,4,艾叶泡脚有什么好处,鱿鱼怎样清洗,趟组词,吊兰放鸡粪养好吗
BD8989DA97EA12FA48F0570C38E3D1F7,3,凉拌洋葱的做法,皮肤粗糙吃什么可以改善,笔记本电脑横屏了怎么还原,宝宝吃甜食会喉咙有痰吗
3705C1CBEEDB9DC6C670447EE6FB5821,1,情人阮玲玉,大学的生活委员干什么工作,乔任梁现任女友唐嫣,学生社区团工委
9E2D651BE31A909AC9C61397D5212EE8,3,老干妈,北京时间,北京北海门,我想着你的美 我想着你的泪
A3E9A76D72981206C8B45432E4870799,2,比亚迪一般什么价位,卡迪拉克一般什么价位,精油卸妆皂,连云港医学培训班
88E67681E79B437B3A6D13FFCD1B7FA7,1,来月经的这几天出汗厉害,预售是什么意思,电脑车缝纫机怎么调,周大生彩金项链图片
58FF3BAD5CE6E4C2ABCCDBA7AE87A392,4,鲁南大众论坛,优速物流单号查询,郎平做课,去曲阜一日游攻略
8A201B5B52C2030D0530E4E6123A06A5,2,k1078次列车时刻表,爱情公寓诺澜是谁演的,香奈儿coco口红专柜价,新余到樟树火车时刻表
61BE2C5A024CCB98A24CFB52A6CE7FB7,1,社会保障卡为什么有效期限,坚持的议论文800字,社保卡没有激活能不能保险,学校发的社保卡需要激活码
02D58DB1AC8F6B2B147DF50DFABF7EF2,3,国庆67周年图片,善良的男人图片,生气搞笑图片大全,忠厚图片
53F95A50A26A1937900AB5D07C33C5B8,1,给媳妇留言的暖心短句,怎么给女朋友安全感,怎么哄女朋友开心,关于吴娜的网名
F06B446A337C45CE75F916360FE9BD0D,2,江苏很富有的地方,微信更新后消息通知收不到了,亲亲老公请住手书包网,江淮
4B3371E31C0DEAC0955FBE333E7C38C5,1,白狮子,什么烫发好看又好打理,世界上十大最凶猛动物,二头肌
0054BD8EAB4B60DE89F6F1C98E520249,3,厨房推拉门吊轨,招商银行信用卡生日月刷卡积分翻倍,宜家网上能买吗,怎么能锻炼脸部肌肉
646304981CD266FAE0372138E9FAE3D6,2,测属于自己的花,邹平汽车站,梦见和死去的亲人说话,你临别的盘旋 单曲
F7EEEAEA4606060A652AFEE591E76907,1,眼睛长疙瘩怎么办,onda 昂达 v819缺点,无线网络网页登陆验证,金立f100
65EC07F75969C0E01ABBCB631DAFA202,3,巫师3城堡遗迹怎么上去,坦克世界mt ht什么意思,上海龙眼多少钱一斤,笔记本电脑连接了打印机但是没用
D246974E3A8F66C2491E2F8464DD9A04,2,侗族的生活方式,骄阳似我下册全文阅读,教师资格证照片规格尺寸,kms激活工具
9488446A10E905141D77BC35C3884400,2,笔记本网络受限,万古神帝百度贴吧,usb接口,万古神帝张若尘完本
D1252976295C7664FFE2258D580FC689,1,个性狗狗名字大全,15岁的女孩适合用面膜吗,作文学校的一角100字,乌鲁木齐高中学校排名
8C829685109F98AC19C8E5A7FAE237C0,3,王宝强最新消息,0594是哪里的区号,百度,黎明杀机
0739940048651013B10EFC6CA394224F,2,冯小刚女儿,见红要去医院吗,电饭煲煮饭前锅底水没有擦干,1991年1月25日农历出生的人
5D8F3EE33058FDF89F72AEDB6A18965A,4,黄维德个人资料,银行大堂副理岗位职责,正新鸡排官网,雅戈尔招导购有年限规定
EF3E368A956C0F80CC12B575D756EFD0,2,苹果手机怎么解锁id码,电脑能不能就搞一个分区,雷蛇雷云驱动,反机械键盘什么意思
11BB33D090008702C621A7D80F94F502,4,米旗月饼官网,你想我了吗用数字怎么表示,深圳合租的日子,尿素软膏
0D7543B5B45BFE5995EC1E66C125858A,2,出轨俱乐部漫画全集,死亡邮件,原来你还在这里最后刘亦菲看到那个许愿本哭,怎么粘假睫毛视频教程
5C5192501560AFEC410C3C72B1CD8C67,3,试婚老公用点力全文免费阅读,控食减肥,麦粒肿,租房贷款怎么贷
09E028D8371757FAE7E0A4B924A8416F,2,绯闻女孩第一季土豆网,马舒雅,建设银行,婷娉
97135381F1EEB0E43586E54D50AD3850,2,试婚老公用点力全文免费阅读,掌中宝,亿万首席爱妻入骨,辽宁卫视完美告白
756D320001EE6F41FF612AF40FF610DE,2,有没有互动的游戏,手腕疼,猪叫花花的电视,百度
87B34F6C2598AEE71A20707994581BE6,5,试婚老公用点力全文免费阅读,校园主持人技巧,怎么发qq悄悄话,名蔻面膜
2884CBCBEB8CA55F620B7074992F7DE6,2,蔻辰面膜卖点和功效,经济独立的女人最美,神马电影院,蔻辰睫毛膏为什么还涨价
8D95EB6DA5B2FE1972C7DBCC9ED856FD,3,无花果图片,2016年有什么电视剧上映,红玛瑙手链佩戴的忌讳,下划线怎么打
89B909262124071F51AD0A5D2DDCC565,2,肇庆高新区新闻,国色生枭,广东话日常用语,普兰氏面膜价格
954592BF9865A18AC3D860E490371407,1,撒贝宁时间托梦寻尸,华硕a455l,七妹最新混音慢摇,五岳归来不看山泰山归来不看岳
B35E1AA138BFF6A6196ADCACF5E7362D,2,白鼠鱼,k471 15车厢 分布,出国劳务,梦到窗户开了
58D0CFA2BA02C254608CABB6449025E8,1,墙纸,斗鱼,周立波道德绑架,胸肌的锻炼器
8385B58186A1EFCC178B229B1557CE1D,2,小说排行榜2016前十名,微微一笑很倾城txt,三生三世十里桃花txt下载,贵广高铁乘务员招聘
3E51C3BE0AE35E23126CA120CA25E43F,2,食物中毒吃什么解毒,家有喜妇演员表,爱拍鹦哥,魅蓝note3原厂贴了膜吗
C82C0FCC2E1BC1723B854B1BE08822DB,3,在拆二次线路时应采取的措施,联想笔记本电脑u410winds8系统,倒闸操作若发生错拉错合隔离开关如何处理,tsengsky
76F27EEC8394AF070C9D1A2EC519ABF4,2,一周七天的英语单词,葱油面,rational,英语四级 真题 逐句精解
F8CCD5D458DA0B8DD2121613F7C35874,6,必胜客优惠券手机版,令行禁止解释,红旗渠雪茄型多少钱,after是什么意思中文翻译
48C74EF4102B4B737B2EF5336AD07F38,1,re剑圣,稻田蟹,春药之灵,背上长痘痘的原因
07608BAEE6C27490B7A507B98039F6EA,2,淘宝没发货可以退款吗,发烧能吃雪糕吗,贪吃蛇大作战安卓,日久见人心污
D4FB5F1A1A4564A791EB6E0344F07A45,2,像树根一样的药材,不排卵打排卵针行吗,周口,畅途网长途汽车票
6A96442738E5BD7B8A5B40D2D8621A44,3,农村好项目,黑色的休闲裤配什么颜色的运动鞋帅气,ipone6s应用怎么卸载,南京南到武汉
D25889963A662758F2D3713C7FA72701,1,绯闻女孩贴吧,终极一班4大结局,鹿角海棠图片,罗宾汤尼
7F6A2E70C6929A8002FC515978F699AE,1,我的人生解答书,吸血鬼骑士,小郭跑腿2016最新视频直播,九州天空城
AB6211C0EBB65F624452DEC9E7DFDF8E,1,学数据的专业用语,银行名字大全,数据运用哪方面,函授学历
AB81F15968BB41B4DCB5FE9F204440B3,1,味道歌词,立方根有什么要求吗,狄利克雷函数为什么是周期函数取最值函数,怎么系绳子不容易散
969161B292A0D819DB3E046936F78A72,2,一个星期没有你的消息是什么歌,土豆西红柿茄子大米怎么焖饭,ai,郑钧
31289AD184658398EC2BA3AAD11A4196,1,原地跑步能减肥吗,会计工作忙吗,周生生官方旗舰店,什么时候跑步减肥效果最好
AB9AAAF4AC1DECA13B1867EAD7CEE703,1,5000左右的笔记本推荐,古墓丽影怎么设置中文,三国群英传7孙仁怎么出来,好玩的大型单机游戏
E06CEDEB25FA34EAEFD4282F9EFD4064,1,梅毒图片,ios10描述文件,二手翻新iphone 4s可以降级ios吗,无线网怎么改密码
A25AE8EA23777E977A4C09FD4EC571D2,6,前列腺囊肿,辛辣的辛是什么意思,朕亦甚想你,腺性膀胱炎灶性区域伴出血怎么办
510060719040751649D3AB810C6EB972,4,有刘海好看还是没刘海好看,exo结婚了吗,田正国,当兵女的身高要求
E81555FBFE0286C4F739240C0E914283,1,言情小说免费阅读,一千零一次拒婚,慈安太后是处嘛,拉肚子
27C9710D96A009AA2EB6C68B35217CAF,3,月夜是描写什么的,乔任梁死亡真假,李钟硕最新电视剧,南京煊赫门
98B8BAE5A23AF9D484334F61CD7B0EDF,1,影时光官方旗舰店,百度,bingo,建军节的来历
80D8DF9234D1BD3D54B4B32A0020A8C0,1,外柔内刚的意思,ssd是什么意思,天猫收货后多久可以评价,吉安市离南京多远
135518EFC92248D3D9741E8B1001EF13,2,波波糖,snh48莫寒,nmb48,黑糖玛奇朵
D37D0F59A02538DBB3156EAFA87EF1C0,1,荣少英文,电动车路虎72v,瞎子打野符文s6,恩率
61251B1FA3DF7ED7E58BA4C64A9EE3C0,2,宋智孝第一次承认周一情侣是哪一期,全球最高票房电影,宋智孝第一次说周一有个男友是哪一期,极品神级透惑
4B58005D4D1FDE1311FADAD9AE057B96,2,白菜卡通图片大全,优卡连瑜伽服代理,曦梦妍蓝莓花青素价格,株洲宜年和成是什么公司
13C194CE01A388CFFA04C3CA795C8630,2,聊城民生面对面主持人张磊,宽带连接显示连接被远程计算机终止,做个迷人的混蛋出自哪,百度
BBBBA0A20FB70FB31F6E316A2119321F,1,南昌理工学院,江西师大,江西财经大学吧,南昌大学科学技术学院
212E52355985A6BDE4CCCFAC951C6FBE,1,纤体梅,广播站纳新宣传语,正品纤体梅什么区别,橙光游戏中心
73B90DC615784B21A9FD339414ADA7D8,2,电影泰国大全三级,windows7怎样做清理磁盘碎片,怎样更改电脑无线密码,"为什么月经来了一点又不来了,是否可能怀孕?南昌理工学院官网"
FFD8A0A6EE55438270B1EE5236A62340,2,组装电脑,i7是什么意思,微信添加表情在哪下,京东电脑送上楼吗
6BEEE3DE71ED6534FBB71FEDBF21667C,2,闲鱼,闲鱼靠谱吗,深圳横岗园山公园,系统怎么激活
E1AA73813D6C0E4D678EE4C38DFC0168,5,微微一笑很倾城土豆网,中国哪个大学叫庆大,潘金莲为什么嫁给,柴犬
DD71561644AD70232BAA95B14DD53AFC,2,关节炎图片大全,小清新美女图片,天龙八部中女的戏份最多的是阿紫吗,改革后的英语六级
870F2C11FE6863B439CAEEFA103F6372,1,高速云抢票,肤专家癣王软膏多少钱,郑州站,皮肤掉皮屑怎么回事
B8D6134C923FEC60201888E4298A33F3,4,顺丰快递电话,高陵马家湾招聘信息,5一8万车子,老公没出息挣不到钱
2FF06493568CCEBE63668B028EAF5EAF,3,长辛店到北京西站南广场,不是会员怎么上网,查征信的软件,鸡蛋吃的多了有害处吗
FBC3D4B338CB42248C57CC016BD15669,2,黄明,超市打工社会实践报告,刘嘉玲,短发
035DDF68935A1686FCE4942582DFB904,4,昆明世博园的雪花银是真的吗,丽江天气预报,昆明花市在哪,云南世博园翡翠能买吗
1A9D8E0A806408E2250B557DBDE6CF03,3,杭州g20峰会,石家庄那所驾校比较好考科二,表达孝顺的诗句,公认的同病
493E40B3B89E8643D9D66B72A2DD74C3,1,贴木板和地砖有什么好坏,打胎的医生是男是女,月经来了会肚子疼吗,寄生兽电影
DB24F181E2B8AE5CD7845AAC4C60B698,2,普罗旺斯,新郎结婚娶旧爱,大便里面带黑的,社保个人代码是什么
8BC45C3A7FF07990D4B6D9ECF458FEBD,3,野菜的功效与作用,怎样提高新陈代谢 养成易瘦体形,什么草药对淋巴炎有帮助,vivohle
7FF43B1F96B2A0716A872831B24D3BBA,3,无可厚非,无锡105路公交车路线,河南到无锡地图,大老板 聪明 幽默 有一天
E7FAE6E17511257ADFC6CC9F6B058D6B,1,笔记本电脑ips屏幕,ips屏幕,1080p和ips屏幕,麻雀更新时间
EF2FC21B35843FAC0E49A96E64AD73F8,1,整数乘小数的竖式计算,飞机场标志标志,华硕,网线图片大全
299DB78AC5A7F501314D8C2DD449AE2B,2,申通快递单号查询,宠爱之名怎么样,权力的游戏varys,宣誓aerys targar
BE03D7AD1454DF884F929DEEAC331048,1,蓝灰,西瓜加伏特加,打玻尿酸的后悔死了,别克gl83.0
4CBF8AA38C6200B454213B2A3C3A4B86,2,笔记本电脑一般满电用多长时间,笔记本电脑什么牌子好,日本国旗的含义,笔记本电脑随意打开一任务多长时间
1B3BF0CAE606998B7A72AA8EDA74711A,3,清迈塔佩门附近购物,lollipop,火气和湿气大怎么办,南昌昌北机场电话
E08E77CC6C288E4451D6CB2488D47632,3,严子陵,杭州高新(滨江)水务公司,王爷求轻宠慕容七七,邓奉
7317DAF52EEFCB4818AFD32601AFDE44,1,人教版六年级上册语文词语盘点,普耐尔平板电脑s1重做系统,美瞳线第二次补色时间,小学语文六年级上册词语盘点
1F38AE4041E35CC60B69EB37599A7143,3,学号不好辱骂老师,黄记生态养殖,奶奶抱走红网络,普京专车发生事故
C917F1CBBCAA3234CB4947F68D543677,1,组装电脑,兰博基尼,999年人名币什么样子,美图秀秀
6656EBAEA88B49CC4C9577F7BABEFD8A,1,汽车之家2016最新报价,金华到徐州,无锡集散中心下一站,屁股久坐长豆豆
847DA0A0811B3AA099B8F2F9BDF018AB,1,华为商城,埃及猫,壁,个人星盘查询
5D1EDABD66D2DC0BEBFF352873CA9203,1,只涂隔离霜可以吗,举所佩玉珏以示之者三翻译,彼于刑者,哈尔滨师范大学
BFCC621393D1CE28148B3A2B384D5195,3,眼睛周围的脂肪粒怎么去除,健身教练减肥运动计划,innisfree,密集逃脱5攻略
7643FC5619A751A233C9976CB76E1E44,1,试验后的废气,荥,防止掉发,形容秋天
7D927954D3F5E1A5C722D1380D4D4825,3,李小萌平凡的世界剧照,美丽,蛟龙图片,山西人事考试网
4F37C9558D3996C410C1AB5935816A7C,2,陈赓,张作霖,vivox6,郭晶晶
9FDCB1CECA2A88376A0E35BAD421E853,2,男士内裤什么牌子的好,有的人把空间锁了起来 仅自己可见 为什么,伯里克利音乐学院,宾馆几点可以入住
32201FA482634EC6F866C2BEB84C44B7,5,免费免流量单机斗地主,陈道明的妻子,"免流量,免费的,单机斗地主",聊城九月份天气
D54B1A43C55B1211E10F250005363D37,3,陈赓,深圳某男子充电玩手机爆炸,vivox7,福建联通网上营业厅改套餐
A72B183473B4134F12AB633219336AD7,1,三生三世十里桃花什么时候上映,麻雀更新时间,wusanzhi0,中国女排退役
88E62E16DB9FF123A0C5E903BDC0147C,2,人在囧途演员表,郑雅文,宋欣佳怡,天使的幸福电视剧全集
550F102789A0D8B6121EFC5145F628A1,1,戚薇,万宁市第二中xiue,angelababy,孙骁骁
643129F6E29410D57EFBBB932D26FFC4,2,余罪第二季,lol直播有多少种,中英文字幕电影大全,校园邪神传
858D1C35258827E2AFA9A288249F1112,2,白冰冰,阿赞喷师傅,西王母,阿赞力矿
4979980FEB35F831F89F65DF1F1D5CCA,2,郭敬明和陈学冬,diy相册情侣内页设计,人民检察官,罗海琼
1F783804B58B258755C00FE882143D63,3,青云志剧情介绍,什么理财比余额宝好,天地荣域,内双怎么画眼线
E2DDD53329C9A0A15F7AC8A9CD93A065,2,mesh是什么意思,梅江会展中心,g38,鲁公
4D40869EFB957CCB424D9B25CC457C92,0,乌兰浩特,一体机电脑,兽神之血,郑恺
5C0E0650CF2D26F25468B767BCD53014,2,马拉松,彼得潘经典台词,六芒星的含义,牛肉雄性激素
C356D53B5C53B316C7DA2EE04B274137,2,佳人歌,湖州,蛋炒饭怎么做好吃,氢化钠
B46C75550549F3FA52A87E173051EABE,4,幸孕宠婚免费阅读全文,pph痔疮手术,手背青筋凸起是什么原因,美丽的惊喜
30B1409C83C734CD933CF0C3BB72A83D,2,吃燕麦片有什么好处,切了辣椒手很辣怎么办,冰川时代5图片大全,财神爷生日
7EE4171A99615DF76DB9E5F0FA1651E2,2,大连外国语大学考研网,普通话等级划分,德川家康在线阅读,导游证需要普通话几级
D5C66D251CED28DD9956BAD9D05B335A,1,朝牌,姓俞的lol老板,国服第一打野,阿拉加斯加犬和哈士奇的区别
52D0668A0CC465138DE0F9F4947BB179,1,金飙3,宁波范太平洋月饼,宁波集士港水木年华,比熊犬和泰迪哪个好
51F57ABE659D67F89F005456474737E6,2,马克思主义基本原理概论,郑爽最胖的时候,安徽信息工程学院几本,倾世狂妃废材四小组
475E9207A98FF0FD3DF0839D72FB1D63,4,北京时间,清华大学申请斯坦福,达尔优机械键盘,老兵为马本斋守墓
0699230889D94D9F6B1029799F9B8E1F,1,子宫卵巢全切后多久开始衰老,海带的功效与作用,机电一体化工程专业,党参红枣枸杞泡水喝
87121BA22AEC9B7DC33BA63A562FC156,1,百度云下载,吉安哪里有vivo专卖店,腾讯游戏公司招聘,招联好期贷怎么还款
5A402E5C391D9897A52DF7AB07BCFF94,2,妙不可言,指染你是个意外,收继婚下部两知心,缠夫
84D451B83D6504469B349AD6D0F357CE,1,兰博基尼,90v电动车,不忘初心 方得始终的意思,美图秀秀
DC9E17EA8F5FB5DD9A1E6A145648A22C,3,手机qq空间里面显示无法识别证书,一个山一个今念什么,淘宝币买东西订单修改价格还有吗,临沂罐泷特亮漆
21ACFB8608867E55C6CDF98136B6C5A3,3,开心水族箱怎么升级快,纹眉后可以敷面膜吗,开车松糕鞋,纹眉c
4D2E69420EF5D78A75A5D23118A99D2B,3,水光针涂抹式,那个星座最爱水瓶座,旮旯是什么意思,水瓶嫁给谁
C214AA1BBFE7733BE105AD900F708541,2,人民检察官,中兴mf253s,机场可以提前多久办理托运,燕都是哪里
30AB1F585CAC6B37A3070029B6F91296,1,自做蛋糕的做法电饭锅,ps换脸后肤色怎么调,我的世界怎么让村民听你的话,herobrine恐怖故事
797248DCCB7F67DCEC40E447C54521D2,2,买什么平板电脑最好,虎牙直播看重播怎么看不了了,调节内分泌失调的西药,怎么样才能控油
6E7074732BEAE33A46FEFE9253DB0660,1,南昌之星,东风小康k17,红旗h7,win10怎么从平板模式
19945F5382D43F6B6065D5E5BACD6CCE,1,牙髓图片,陈涉世家翻译,谢谢英文,黑执事ova全八集
FA93D4FAEEE6AB4B2E61C25A8CC6568A,1,浙江义乌公司项目部,重庆,紧急页面访问升级,为什么电脑每晚到点都要一直重启
DEB72E729C7FC2BF702EEEE4A1394E2B,2,长春比较好的空调公司,国家电网怎么回事,淘宝上买东西除了用支付宝还可以用什么,mac地址克隆是什么意思
10E480E6AEB02AB3A98A9182E3EACAEE,2,泉州47路可以到中山路吗,"看开点就好,别说谁也不懂谁",函授学历,民生信用卡好用吗
1442F04EAD0D7BB2EA98FD8A98E32E15,2,孕妇能吃紫薯吗,乔任梁为什么吻徐璐,怀孕会怀死胎吗,打领带的方法图解视频
0EBD38CD17C873A9D977D5849D5B0FBA,2,诺基亚电信版手机有哪些,苹果id密码忘了怎么办,电脑管家修复了u盘有内存却没歌,没有零时牌照可以上路嘛
821F64B8263EB626BB7DCA749DB9FB25,3,贝小七和威廉王子儿子,三七的功效与作用及食用方法,天麻的功效与作用及食用方法,贝克汉姆的女儿
F8D4206344B4E790D94662D9EEDF9008,1,高考工厂毛坦厂中学,毛泽东诗词,北岛著名的词,袁晓珊
E915AEF582A81EA390CB7D01925A7FE2,3,青霉素v钾片和阿莫西林,青霉素v钾片,大理租房公积金查询,吸毒草
3D0E4C69A1CDCA58804E332D899E1E3F,1,王珞丹,刘嘉玲,重商主义,"你好,中校先生"
57E0551265227EE66257E73C82141815,1,任娜瑛 鼻子,杨洋和郑爽拍的微电影,iu李智恩整容前照片,垫下巴的危害
AE638EB75FFC6F4961A4E397B3AC5106,2,有红色的榴莲吗,榴莲不能和什么一起吃,长筒袜过膝袜怎么搭配,怎么谈 挑选榴莲
E1571D3611C7D5B39B011A6D9884BA02,3,北京时间,奥德赛2016款,吉林省省直机关事务管理局,大乐透
BF352B3454BEDA927637A7E7F17949DC,1,qq头像,风景线,张云龙,qq动态密码怎么获取
AEB3683D0C563E3756D407A43416E14E,1,去肺结合医院注意什么,桂格水分超标,苹果里的虫子吃进肚里怎么办,过期的酸奶牛奶有什么用
39036E16A4AB9488561BFC37E4D1FF9B,1,盐水洗脸的好处与坏处,网络电子商务,中国女排,抑郁症
35469E9EDE3C8BD5896A0D03BD788E40,1,近视眼怎么恢复视力,oppor9tm,像sb一样,古今
E9C4A92F77B98CB8D20EDB6F8D15D980,2,新浪好书榜2016,一元夺宝是真的吗,夏利,宝骏汽车
04D79F1D3E8C4EF78322AB1E0345596C,2,公司规模划分,杜充,郭敬明,伪装者中胡歌喜欢谁
B56A8489DF111BD65BB279FE2758CC84,1,告白电影解析,从化到赤岗,pony口红,innisfree
0BDDFC171B8542AF6975F7F8C268A37F,2,马齿苋涂脸,我想订一间海景房在下周 用英语怎么说,系两委下宿舍纳新要怎么说,李静睿
A752321F3C2AE750C32D42F259BE1858,4,你在房间像幻灯片,练字方法,朋友是什么经典说说,although是什么意思
E350BC6B571021C89CAB2232502A90E4,5,国家电网网上营业厅,赵右廷,华为商城,国家电网
A93119213F5279FF70A5661D148B956E,2,酸菜鱼的做法,50万的车,刮痧,海藻面膜
3B441A686BC1F2014EF913616412BA03,1,正版河图,穿越火线满级,迈巴赫s600,跨界歌王
E5A01720F48DAE2982E648FBD57D900D,2,微微一笑很倾城 ko,云健小学,武媚娘,太阳的后裔跑步唱的歌
9C2EF5607B54E5D15E139D11B1D77A27,3,小辣椒,百立丰w7内存,imo手机,石家庄轻工技工学校
8FC5EF81B4B06D0EE096495DFE5D96B3,1,解放军31军,北京时间,激光治疗近视,4020799602205
8A3B1C067799E739A3E4AFA95318639A,2,微卷短发,教师资格证体检项目,毓怎么读,杨颖发型图片
0E0D35A99A68F90AE62F261D31D8E3E8,1,出租车40公里多少钱,三小时 英文,脸上很多小颗粒怎么办,滴滴快车每公里多少钱
D0BEF6C7D85BA0A0ADEC4417CDD41DD3,1,天蚕土豆,姚贝娜死亡现场图片,喉咙干燥且要吐,南通市金沙镇
CA9BC89B45A025047352A8F583F2A845,2,新鲜白玉菇怎么做菜,qq头像,王宝强最新消息,6956056600081
CB995081307D606BEE970D5D56F4ED86,1,手机上边的框架,天下粮仓在哪里,正常体重标准女性计算,陈晓微博骂赵丽颖
3A91FF0765D6D61BF65B086B25908F71,1,张译,音悦台mv,文登考研,谷崎润一郎
1878AE4EA6E59540629FE413B2A06FD0,1,vb常用语句,obstacles,忙碌的英语,电信wifi密码怎么改
83F8AAC09BE4E0A261ACEB3E25A7D22A,1,qq头像,可爱动漫图片,天降之物第二季,qq飞车队服
6B5E7A2CEB2AB189BB3135148BFBE294,2,九一八历史博物馆,洗面奶便宜,我的君子总攻大人txt,唯一的星光
215802C726A76FA3931E325AEB06ACF7,4,李春光 戴厚,传祺ga8,珠海业涵传媒有限公司,里约奥运男子5000米决赛冠军
B025E6FFF87415998F20261EBA93F718,1,玩cf要多少m网速,thx,微微一笑很倾城txt,守望先锋网速要求
6D077C0F67C468606CCC0CC5B7B371BC,3,绿萝可以修剪吗,挂耳式耳机戴法图解,您已成功订阅掌上电力app,http://
D094CFCAAC8375C25B8932338A910E6B,1,20℃穿卫衣可以吗,系统升级过后软件都没有了,梦到被鬼缠身,刚挤了痘痘可以擦芦荟胶吗
7ADD9F889F99E4170120CE0CF5BD0027,2,鼻炎嗓子难受嘴里痒耳朵痒,粉色主题,中班,孟鲁司特钠咀嚼片
286234740A94129A055207A6B40F9540,3,秋水伊人,娘子不要装无辜楼采凝,新还珠吧百度贴吧,宝宝破皮好了皮肤是红的怎么办
0960F1CA7DDE1611CA4B552AC031FF5D,4,桂林邮政,车辆过户费怎么算,2008款乐风怎么锁车门,换了abs刹车有问题
B25A23269EFF898A2E4D0BDDDB7CE861,3,皮肤有紫色斑块,电一是哪个区,圣保罗nmd,利亚姆·海姆斯沃斯
5898E5E58054ECA21D07A97457A10426,1,库奇,成都机场路4s店旁的小区,angelababy,古力拉扎
E742C95DF2C99614D3B5762A9A3A6B1B,1,吉他自学三月通,父亲吉他弹唱教学,狮子座女生,不看你后悔第92期
0B50E4CDEEB05C1C6D15FF4DEBE9E32C,1,产后阴道不痛不痒但是有黄黄的液体怎么回事,婴儿消化不良的症状,御泥坊官网,马鞍山泌尿科医院
FC97EF9AD4581809E357D30B619777DB,4,现代ix25和ix35区别,梦见找鞋子是什么意思,新车磨合期注意事项,夸人的话有点创意的
960FFE951F6806F6035544DFDF2225F0,3,心之源蜂蜜怎么样,联想968f参数,炖鸡汤好喝的窍门,中国支援巴基斯坦战争
9A074B6AFF87950014802F6EA9BAB567,4,2016拆迁计划哪几个地方,"讨厌的那个人总刻意在你面前转,怎么办",新兵能用手机吗,2016年淮安棚户区改造
973D21AF961142765F6A5A8F037D3746,1,微笑时刻,百度,法语命令式过去时,gre as as 句型
59669D11F525E4EC66263BCFDDCE9B2F,3,小猪佩奇火车英文歌,刘翔表弟为什么退赛,曹云金再讽郭德纲,膝盖给你什么意思
460744984A45D2A1C9F4B9473667B7C5,2,王水的成分,山东省立医院妇科专家,保罗安德鲁,激素六项检查是什么
60EBE028862DBDC3F21A4D9C39C53786,3,什么时候杭州不能进,信念坚定图片,北京同济医院,新华网
251CCE92378907018816BED95C580242,3,韩国奶粉三大品牌,名字dafen,孕七个月胎动一抖一抖的怎么回事,孕七个半月为什么吃完东西嘴里总是酸酸得
BABB9D7F5B575036AEC397CC3FFC6D3C,3,姚贝娜死亡现场图片,"房屋一年三万,营业额多少挣钱",快鱼加盟店需要多少钱,忻州的移动号怎么领取免费流量
18650B9DB1D2070B8E27D57969D37E9E,1,"阿凡达电玩城连锁,有多少家",韩国19禁电影图片,卖化妆品的技巧,太原到峨口的汽车时刻表
2669F021F0C4F7587093DDDB919DC0D2,1,为什么优信二手车贵,李思思,新疆为什么天黑的晚,抑郁症
FFD0C4CD0BE8BF66FA734C703379BAFB,2,临沧到昆明坐车要多久,孕妇做血糖检查注意事项,开胃菜做法大全,怀孕肚脐眼突出是男孩吗
35B7B4023DF0C56A678E9D6A8C53AEA9,1,金毛狮子造型,50元钱剩余51为什么,做微商怎么加好友又快有多,王者荣耀体验服下载
68110B05AA7411187270FF1B6A38C00A,1,18元移动套餐,中国移动78元套餐回复什么,为什么吃饭看见人想吐,苹果手机壳可给oppo用吗
0FB71D0102888F358B060E58B9F39EEF,3,excel里按日期选择,绝缘手套,王祖蓝身高,辛庄镇到滨海机场
E3AA3F48FE11F36668C7D075C4E38E1A,2,齁,抑郁症,freepeople,运动鞋品牌
38F9DFF6283499CA837E9909A90F76FD,2,"猎豹网校和达内的视频,这两种哪种好呢",办理交通银行信用卡,"从火车站到高铁站,然后再直接做高铁",网购奶粉有活虫
A3780B9F1CAF6FEBEA9BD2C6BA557174,1,欧舒丹官网,刘嘉玲,微微一笑很倾城电视剧什么时候播出时间,宋欣佳怡
ECBA123F1CE2F26F4B8A9013830CA553,3,洛阳近期天气预报15天,狩猎美男之古旅,一人得道鸡犬升天的典故,花心王爷极品妃下载
5BB3C9C9B2ADB9D8EB308C2547E4A390,1,腹黑总裁独宠家养小猫,我的女友是腐女,妖孽草莓酱分节阅读,邪恶天堂
3374731C96E79B7D8B4C6E84C70EAE68,4,井冈山,麻将一筒图片,山东烟台充话费送手机,悲欢离合的意思是什么
64D2EBBFAD59D4AF9DC4F96469E2199B,1,喉咙咽口水都痛是什么原因,dnf手游,qq飞车手游官网,范仲淹
FE94D63FFC7F74AC17193D48C0FE6662,1,孕妇可以喝奶茶吗,带翅膀天使奇幻图,广园东东方名都,孕妇可以吃大头菜吗
F7B5AACF0824F0C0DF7684D7A301C427,2,属相婚配,盥,接刘海多少钱,德国葡萄酒分级
1CBCC7B9C93D95FB17C4BCE8CC26E7A0,2,脸部皮肤痒是什么原因,角膜塑形镜,手机如何截屏,吃了东西还是饿是怎么回事
519717B43E72C4FB4F84E3369456207C,2,速成日语一本通,华南理工校园wifi如何认证,2015年6月三星笔记本275e4e-k05报价,frrx自行车
B0A5A99BB30CFA5A6E5A644DE5814E8C,3,刘建中,万三蹄多少钱,徐州到九江,百度
2AC46B33AE8E1F87313059D81B186392,1,gigaset手机,喝什么可以糖水治感冒,蜂蜜水可以去火吗,五月天终于结局的起点
2BA7EF80A9EC39D00DFDB46DD05377E8,3,谢谢你的礼物我很喜欢,妈妈关心女儿 我心里默默的想你了,真的很希望能有个结果,武汉高楼迷
CC2DDBA948EF3B9D9A5DB254464D5249,2,进太阳部落之前买好什么东西,吴秀波,林智妍人间中毒gif,徐娇
6DC9D6502E53DF8C77111FF0C8BE4236,2,每到夜间小腿搔痒是什么引起,四川财政会计网报名入口,银从资格证是随意考吗,财经法规10
40AB736A76EB04D74607F77FE35745F8,1,u盘,考普通话证报名时间,怎么把另一张放在另一张图片上,那种说它好帅的那种表情包的图
80A3F7D1C610F4291C19DFC7C6AB52BB,1,为什么会有狐臭,天才在左疯子在右,女枪哪个皮肤有特效,4月22日是什么星座
7C76044C5AE2BD99E3F78EA09790D6BC,3,风云2两厢性价比,奇瑞,b-2隐形轰炸机,各省农业数据
42FB7E1639D04A210245B0EA3253A660,1,经常手滢的后果,百度,云和药店,徒手腹部锻炼方法
CC8C4CDF438BC2AA2A999A2B6C80DF9B,3,玉氏春秋下载,洗发水什么牌子好,英文翻译,同学两亿岁百度云
FFD31A6D56691C0D2627C5E9BA1EF8D1,2,超极本和笔记本的区别,oled,file.atd3.cn/c4dtool,java软件工程师
EB9506B1DC2D487F6EC30275935C06B5,2,一叶子面膜怎么样,青云志17-18集百度云,青云志第21集百度云,青云志26百度云
F634CB84048F291268BFADC4431CFC2A,1,欧斯盾8828,兰博基尼,伯乐与千里马,洋葱
88F30950467EB27B934AAF1F76DE32DF,1,灰姑娘与四骑士插曲女声,佛山宏利电子厂招聘,何以爱情什么意思,丰胸食物
FFBDA4D5C3A85D61778C4BE6E800C0B2,2,露从今夜白下一句,德施曼杯,夜来香,fran bow 图文攻略
2564679862161629830357FA2ABC8D7C,3,婴儿洗脸用什么,孕妇用百洛油,日本好用的隔离,曼海蒂手绘图片
331A18E79DE18AF3D6E37F83342D9C23,1,李季旋风少女,张妍,非主流头像,德国国家队
2FC11D2D99BAC57FE10BF379DF41ABBC,1,兰博基尼,河南滑县李勇的照片,卡宴2016款,qq亲密度怎么看
24873764970F8FF5C1828642A9756969,1,三原色配色表图片,钢笔字贴 图片,风海流是什么,青神县河坝子图片
6EBDEEEC5C9747DBC89222FF004A376D,2,张羚,超生雾化器,金华到萧山机场大巴路线,回归分析
E9EAFC8E768B54742B3A9C4A3BAF7DF3,2,戚薇,德沃尔复合肥,白晓燕命案,哈佛h9
C594F85E12E6B35EF68E082522BF269A,2,增城男科医院哪家好,喝酒喝多了是不是会前列腺炎,割了包皮拿了纱布可以怎么消毒吗,前列腺炎白细胞2个加
BA2B8C1DFABDB2EB637F27142F9E83A2,2,乐视t恤移动电源,乾糇以愆,前言】长三角地区的冷链物流市场虽然在全国,查重率100 percent
B396E151C648668889C1AAAD4977E3EA,1,优思明,为什么我的iphone更新系统会失败,大康耳机蓝牙耳机,厂长全英雄全皮肤账号
96717063326037BD867899742FDFDBC2,1,牙科诊所,东阳市人民医院,牙齿整形医院,狞猫
8DD98B3A67D4F24986C08E8FCB50A0A6,1,最经典的一场维密秀,微微一笑很倾城电视剧百度云资源,关于天气的英语单词,大言不惭是什么意思
3112639A5FCBD66804A49F2614C86D10,2,甘肃宝马zhuiwei,虾线什么意思,u盘修复工具,太平洋电脑网
02D3C12089516BE918975DE619ADF4DE,2,梦到从高处滑下来,我为喜剧狂第三季,半夜动土扰民休息,我们的十年
263ECF99C2AF35A913DB719771FC0745,1,闷青色头发图片短发,不希望的意思,爱上摩羯座男生,天蝎座和摩羯座
2B1DC770E87D0978839980D382873399,2,后羿配什么铭文,石榴的功效与作用,怀孕两个月上厕所出血,孕妇能吃竹笋吗
C1F6F741C7E5FD73A7E8256AF0BCB25F,4,客厅在东面户型好吗,宫颈囊肿需要治疗吗,东方御景在哪里,水命住几楼好
FA6B989C77AAC5D4043BBDF7C3381F80,1,手机需不需要保护套,怎么减掉肚子上的赘肉,苏菲娜隔离霜,学设计的用联想小新i2000怎么样
E5EEDBE9A0581281784730801E1D00AE,3,海宁到北京火车时刻表,减肥吃鸡蛋,怎么截表链视频,仿真眉和雾眉哪个好看
9554739A87562E82F245F42967868F4F,2,电信网络如何纠错,高通msm8976八核,岩雀打法,这是警察3dm
32ECAA9ABEC5CF832B11935B16B36CA2,2,石柱到乌杨镇高速路怎么收费,浙江吉化,小苏打和面粉的用量,qq邮件格式怎么写
02962FC5A7FCF3F2C1AD65CFE05BC350,3,充电桩,太阳穴凹陷怎么办,胭脂水粉,石榴籽能吃吗
29F4CA0141E67D53FFA67E72E988EF4C,2,国学幼儿园办园理念,回眸一笑jq起百度云,教师资格证2016,现代宠文女主聪明淡然
0AB519AD90EEBD2D1C73AB67149193C7,2,高铁乘务员,突然之间膝盖疼,铁路生产一线操作技能岗位做什么,长春一汽总装
DAD82A5CF3735235B85FCBD98FDA2823,3,车载收音机使用说明,mail.qq.com,怎么安装爱奇艺到创维电视32x5,家里装电脑不装调制解调器行吗
E89D634580C24104FFA8BE846F096CF8,2,o型血,湿粉饼哪个牌子好,二十个字的唯美句子,预产期自测
93F93E3F1EB94DA4D4FEE0CE9F23FBB3,2,维生素d的作用,长沙源码骗局,怎样使自己变聪明,金肤痒王
9D3E5C2BF9B1E336ACB838CD2C480C29,3,离职公司不发提成怎么办,补水面膜排行榜10强,余罪同款手表,说拜拜的英文怎么写
7500C91FCCFDECBDB5A8F1CEC5D871D5,2,阮明瑜 重生,直接胆红素,古风小说推荐,蔼儿舒价格
B8853C5A3325FA570E089730E3AB9103,1,红警3局域网联机,任天堂nx,最终幻想最强角色,fategrandorder
4DB96FB4F86B74E7ED0C9D7EDFAF0B2F,2,请你跟我这样zuō,刚出生的小孩拉血,捏鼻子捏变形,休养生息
C6DA329FBD94F7F7F058AF98C17A49D7,2,发泥,哪些美剧比较黄,四级过了可以重考吗,华米
9BDC1B3E719918DB2F6D99BA024BA8CB,1,欲成欢,papa recipe,qq空间推荐的软件有哪些,西柚妆教程
CA4E5FA5588800B3F70A9FAD09A20C88,2,番茄花园win7旗舰版怎么安装,win7安装选择哪种类型的安装,驱动精灵是不是自带驱动,硬盘和u盘的区别
218AC4EA2E94EE0E19DF1CA1F119E0EE,3,养生壶高硼硅玻璃和电膜玻璃哪个好,天津永旺购物中心位置,济南大明湖门票多少钱,易建联图片大全
BB2CC5FD8064B85BC018A9C9AE668443,1,快速,源计划剑圣跳舞来源,寒暄的意思,镇江但兴化要多久
0BABB41D51316E7B94131A1521357265,3,两岁宝宝感冒吃点什么食物,崔玉涛小儿支气管炎,亲子照,感冒咳嗽得厉害怎么办
656EB70106C4A5C0E4DB9D72E0E8B1CB,1,轮胎质量排行榜,发廊用的定型喷雾,vivox6,没有英语
8516E09483F1AD9B72227E7FE49FAFE2,4,快乐读写练中提高,人参泡酒怎么泡,螺旋藻减肥的正确吃法,韩国汉江大桥
44C1E0AFBEC6FE71FF79B1011BF7C235,1,武汉有没有kiko店,寄顺丰快递要多少钱,ysl人鱼姬,东湖屈原纪念馆
113284C2C3A754E08D693DA6349ACAC0,4,股骨头坏死怎么治,卧虎,威可多,大连温泉那个可以一个人泡
A9A57A34688E754CBA413B06AD514E1A,1,球球大作战指导,兔啾啾,学声乐不能喝牛奶吗,九寨沟天气
0C465212BAF9DAFBEEC1908E15276882,3,安利滤芯回收吗,什么牌子的润体乳好点,抱女朋友,烤面包多少度多长时间
5809203808F301B44CB5DBF3CF7E94CF,2,网址美颂怎么更改,怡泽净水器供货,异地atm机存款手续费,剪彩仪式流程主持词
2D85D14045867DD2DC2B1A60CABB772C,1,白云机场安检升级,考上了北大哈佛,南昌高楼顶楼起火,已有20名游客被纳入黑名单
6CF81977925E7D21779C30A744503B5D,4,三字经全文,点阵能祛斑吗,福彩2016年253期北京寺,四年级学生看什么课外书
B0A060525536F588BCEE00EDE704DF3C,1,天麻怎么吃治头痛头晕,超级兵王里无名是谁,怎样去掉脚气,海贼王鹰眼素描图片
17868A9911D98974F739D2EE5209E352,1,杭维柯人事部电话号码,博凡科齿,苹果专卖店能刷机吗,55度杯盖中的橡皮圈掉出来了怎么办
D9219B5C81BFDA83A1038DC2BDCB69A9,2,消糜栓可以缓解小腹疼吗,金鸡胶囊的功效与作用,气血虚吃什么药效果好,月经量少喝当归煮蛋
744DEA085B33B4D1BFD7D07AE0138A45,2,海南中策信德地产顾问有限公司,英语,海口禹讯信息技术有限公司,进军大业
BE5B5916E8E5B7DBAAFDC85AB8F222E8,1,移动全球通套餐资费介绍,用硬币做工艺品,山西省杏花村汾酒集团公司,山西省杏花村汾酒集团公司有什么岗位
A1132B3BE06CBA4E48E3C72E9A488C7E,4,江门海豚牌饲料,顺丰速运,龟苗可以吃维c泡腾片吗,草龟苗怎么养
F05245E654D9351252BA6028E01641E7,1,无螨生活时尚之夜,狗磊真名,韩懿莹,林允儿
3AB4F5876906B4BAB08E190D5B737986,1,洛阳博物馆两个人一起去带几个正分钟,心理测试游戏大全,番茄炒辣椒,减肥茶减肥药拉肚子么
5642329A06F38CFE95FA43AEA0509210,1,男主重生悔改的文,李元济重生,重生之我的快乐我做主,男主重生悔改的文现代
AF9E110FD3D1E3D3C6CE92B89F155DCC,1,健胃消食片饭前吃还是饭后吃,肠胃型感冒吃什么药好,费玉清荤段子,宋欣佳怡
7755DA6BBF86E2BAC99CDDD5364C99A2,2,什么水果热量低,错过上天都有过错,"这一次挥手,恐怕再没机会问候什么歌",本来我不是那么坚强
B0BF6DB4B88E3A7AF9A8FAACA4E95105,1,剑三怎么选别人切磋,剑三世家重出惊风云任务到哪接,陆金所取现,人渣反派自救系统txt
6DDC1B9BA167EF11DEECE6AC4C40A56A,2,相对人,chensicheng,会计资格证继续教育,拔罐的适用年龄
200E94D00AF10E547815077DCC6556A2,2,下个月月经怎么算,ps中怎么把平面背景做出立体,安顺有哪些购物中心,拔火罐会推迟月经吗
6357A21DADDDC6C21F09B675FBF0A0E6,3,安卓勇者斗恶龙8修改,么么哒,斗鱼,口袋妖怪重制官网
9D8297C2941AFC667CAA27D16E1F70F9,3,马桑溪古镇好久建成,甲硝唑片说明书,手动挡是c1还是c2,沙棘的功效与作用
E515149C82BF7F134B7EDC274FB54D75,3,王宝强最新消息,能见自己迷路遇到好人,梦见亲人死了看见坟墓,瑜伽入门基本动作
9331A158251CA68B1D7BE8952A5F7187,1,刘嘉玲,自制月饼保质期是多少,亚里巴巴歌名,梦希蓝
71C57EC6C186D6A4652705AC980D3819,2,韩国魔术裤真假,大连走好广场地图,菲诗小铺护手霜什么味道最好,疤痕体质图片
689C7B0E46251375BBB28AFA4A993C96,3,木门品牌,6901028169998,淋浴器品牌排行榜,奶妈小说
2CCA64CCA6D03D378679E0992B2E30F5,3,青云志哑巴,借款,有乙肝丙肝艾滋病专用透析机,蚂蚁花呗怎么开通
42F2A76DD405AAB887EE0DAF114B0750,2,重生之我是正妻,广东圣德保陶瓷,朱户人家,完女主有空间的完结小说
EDBDA5FA6F8B53F105444515321B4DA4,2,总裁的小萌妻,古代宠文女主呆萌迷糊,新生入党教育新闻稿,完结免费全本小说
C2AF26C89240734634DF9002B1035237,2,鸡眼图片,人民检察官,2015年9月党支部学习内容,与刑法相近的学科有那些
1DD034EBEAEE6018572693148E4F18EE,1,短发,王祖蓝,发烧了怎么办如何退烧,中长发
A120BCA57A3E810E57A4589F72D5E546,1,北京有哪些大学,避婚36计总裁的旧爱新妻txt下载,痞女军王,etude house什么牌子
4449955FCC016670E459252A79531112,1,倾你一生一世恋漫画,百度,灰姑娘与四骑士百度云,灰姑娘与四骑士12集百度云
F0E9ED69A8E5818686A390E9180C88B9,1,怎样调节摩托车链条松紧度,xl的英文是什么,日照九仙山风景区,鲁中旧货市场有卖二手轮胎的吗
CB1EE93AE27924EA34FD8AFD68B0C204,4,三级网络地址在线看,三泉社火,淋巴发炎吃牛黄上清丸还是牛黄解毒丸,脱发原因及治疗
5770F23FD65F76521A2F0F112E2AF64A,4,陈姓女孩取名,八点引读读后感四年级,爱牙日手抄报图片大全,宫颈囊肿是怎么形成的
1A4271A4052B21C93BE48DA44F37D678,1,百度云破解版安卓,怎么办歌词,百度云无限速版安卓,交友成本
A4CDD6DEC47A6B8CC3380730B5F5607E,4,蕉虑症的危害,捆绑支付宝的银行卡怎么取消,做钼靶对身体有害吗,乳腺增生腋窝有淋巴结
0B4C4582D33E18434470741FF6612119,4,阴茎变长做爱,怀孕八个月左侧右侧交换睡,孕八个月可以做哪些运动,为什么孕妇不能闻油烟味
3134C127AADE7FCBCA494235B09A3C64,2,华为手机在美国禁售,有点甜,诛仙手游阵灵搭配,天音挂机设置
E8B043CA869DA7AE8886EAE2616F6668,1,苏泊尔炒锅哪种好,手指第一关节在哪,26°至33°穿什么,健康水和神仙水哪个好
1E85A1208D23184D37B3C802329DB2B1,2,污段子合集,什么茶减肥最有效,教师风采个人简介200字,大四学年自我鉴定范文
03E0BC2E92A711B359852DAE07D122EC,1,大米是什么意思,吉姆弹吉他玩得高兴吗,易烊千玺粉丝打人,蘑菇头短发发型图片
D22D78CEEF32C110AA92E1251B136525,2,大话大学时代的唐伯虎,计算机硬件原理视频,无上商城返现是真的吗,天津880
11D65E84B7748DA8FF2B52C9AD1B9E83,1,笔记本怎样按右边的数字键,钢铁雄心4安装出现一堆英文,妈的阿库娅什么梗,战舰世界中途岛女妖战机
E76F044F69A53C661D9384450FA69942,5,韩安冉,"秀禾,公主",纹凤凰图片,秀禾写真
2403854F8AA2354C7067D6240B36AE4C,1,手机可以当u盘用吗,财付通提现要手续费吗,硬盘属性,啪宗装备及换装
A4FC864F1C7573D88EB9CCC83F005244,2,集装箱高空坠落,三年级团体室内游戏,瞎子,婚骗团伙骗走彩礼
49844D858E149E942B546B2E9DC50299,2,闲鱼,王宝强新片遭抵制,百度,会计从业证报名时间
30F85ECD6899442FF5AF8E243696714D,1,兰博基尼,捏是什么意思,捏软柿子图片,苹果蓝牙音乐
4036A1F44A2FFAF9308DA095D416A8F3,1,会安古镇,素万那普机场寄存行李,曼谷青木瓜沙拉推荐siam center,成都德语培训机构
AF1C7565BEE8EEB7E92D0C672D5DD6A8,1,深信院的宿舍,大学真的很轻松吗,大学的人太多了,研究生有什么优势
8883C74435EE1002F0238EB3C895DD7E,2,人生能有几多愁,c2915列车时刻表,全靠硬撑,海马
DC1C093BA84CF80E79316D5118FB9891,3,飘窗窗帘效果图,洗衣机漂洗和洗涤的区别,空调1.7匹是什么意思,燃气热水器怎么使用
B3CBC9EB59C113F0E66E342741702E76,4,桐庐到杭州站前汽车站,马越亨,杭州贝购科技有限公司,桐庐到临安汽车时间表
18AD13227848C6E710C4BB352690B34C,0,适合脸长的男生发型,迟东南qq,2015年10月23到今天多少天了,策源地产
1194111C49282804242E893EDC76A16B,4,美迪惠尔中文官网真假,孕期体重增长标准,乳牙掉了多久长新牙,盐酸左氧氟沙星滴眼液 孕期使用过
CADC994F02203C79565E73A1EE92FE63,2,福州有几家东盟清算,检查肝功能前注意事项,怎样才能睡着的更快,平安信用卡app官网
BE26A0B3CEC3ED9820C6D99F95696CBE,3,费玉清和菲哥,拔火罐视频操作,江西现代职业技术学院,拔火罐视频操作演示 高清
024DA2C8EDFE12DF825956096BF3C5CB,1,陈伟霆女朋友现任,赵丽颖人气排名榜,angelababy,方萃氏正品面膜批发
93200A61A47B09FD80B932DFD182A37C,2,黑执事同人小说夏尔受,my lord my god第二部,黑执事夏尔同人bl小说,夏目友人帐bl同人漫画
97D61D32A98A6263D954023FEC3BA8A0,3,鸡胸图片,九个月宝宝睡觉流口水是怎么回事,百度,嘉宝的泡芙有香精吗
C3EFBAA8AE44B519E10D88EDDBC0179D,1,阿sa陈伟霆分手原因,椭圆脸的特征,特务是什么意思,蒙古族抖肩舞动作分解
541546E1D6AC45E182A2F919BB12E812,1,动漫桌面精灵,神舟笔记本锁定之后无线不可用,开机黑屏进不了系统,泽野弘之
2ED11FA1D8F03F2F58A38CE365C29A13,3,苏叶,水立方到天安门,去天安门,黄渤 电影
3CAD2272F669E964B342FD3D1CF756AC,1,骚乱的式,采访英文,徐娇,名校课堂
F3F59955A943639985A1CA2AA107BD18,2,长长的螺丝叫什么,为什么感冒一周没好可以刮痧吗,罗汉果多少钱一个,面粉的做法大全
C970661C03FF6BE56540C74C177B2717,4,天津天气预报一周15,北上广不相信眼泪,清炖猪肘子,月子中心招聘
4C520E7235BB6073B92EB754BECB31A9,2,石榴籽能吃吗,策划案范本,化完妆脸上出油,招待贵宾策划案
4848717F3CB5A9A0791215A35AD3DC93,2,名词变复数规则,神秘莫测的意思,小溪的定义,澄字怎么读
5ED2273823683DFD12D1B053842C8E6E,1,真人小孩表情包,山西省青年职业学院,橄榄绿配什么颜色好看,手机壳脏了怎么清洗
CC0094BCECE0F4712D7159C6E084B088,2,一升水是多少,孕检胎心率多少正常,佳贝艾特官网,母乳可以用护肤品吗
C936D85144809CCE29D2B166C1812722,2,死亡邮件,我是一只小小鸟,海清的资料,"吃完避孕药过后两天,喝了饮料"
2A164C5AA26091B9CCFFFBC9CC28055B,1,学工程造价的要考几个证,敢作敢为毫不畏惧的气魄,出国劳务,鸡肉卷的做法
3E4816DDC491E1B3AE13D8C9CF02547B,1,魅族mx4pro5,肇庆工业大学,只有nfc手机可以刷天翼公交,肇庆有什么大学
88C96030F5F059E93D20A3B2D68603B5,1,有一个动画表情鹿,黑帮暗血,老是生病可以吃增强抵抗力的药不,gd就上个无限挑战 2016
E636BD1A8B1CB514FE8492528A3B7A44,3,大乐透,1992年属什么,上海翔姿机械设备有限公司电饼铛配件,大理有没有修电饼铛的
9347E1156B8703762682021EEE856C4A,2,司法考试卷四,日本原子爆炸死了多少人,用哪种小苏打粉,律所实习
33494A6C71BC0A7AE65D835C44883B1C,1,时空召唤空白名,微信红包群,cool1,如何开通移动金融
BBB8CC6818865E510FFB57F561180AD8,1,金融名词解释大全,墓志铭精选,收银体会,楚辞全文及翻译
FA1566800097C3B30E6CFA1ACB6C3270,3,安利纽崔莱宝宝,银杏肉苁蓉搭配,榆林政府门户网,纽崔莱乐纤减肥怎样
009F1FD1641C48F85E2707936A807FB4,0,安悦溪手绘图片,宋丹丹母亲去世,徐娇,诺亚·林格
941DF48CB2159F9F0F5292C0171E56E6,1,穿性感睡衣的好处,志愿江苏平台,微博qq登录名@,西瓜和羊肉可以一起吃吗
026276B32ACBE520DFF82E449D295BFA,1,二人对口简短相声剧本,qq头像,中学生入团申请书2016,中学生入团申请书
C250395745F0DF5C75B11A51694A7FB5,1,要幸福的我,男闺蜜和蓝颜的区别,皇后重生手册,现代总裁虐孕分娩小说
E892C1A01D6DC0E349D2832F687A6736,2,苗疆蛊事,泰剧母水獭介绍,张学良的父亲,恶魔的浪漫更新时间
4FBA6F98077F63BF087996446CBD0EB8,3,散片怎么看上没上过机,京东商城新人礼包,守望先锋调配置,鱼塘拍35亿成地王
1343CFBF2CEC78D33C326115B31B2463,1,湖南卫视播放的校园搞笑电视剧,谷歌能用了吗,中国移动wlan怎么收费,尿呈黄褐色
FA1F4B85B0C1DD3A2D9B68E4608E57A3,4,我是大医生都有谁,2ne1 i love you,韩剧网最新韩国电视剧,cl
5C478F0B8117D07CAB1210A74F671A3C,3,用了双唑泰栓很痒,大麦若叶的功效与作用,为什么一天拉三次稀,刺瘊子怎样彻底根除
4569C530E16767AEF344038FD4BB7BF0,2,遇见王沥川小秋上男厕所是第几集,调皮女孩卡通图片,言情小说女主角闺蜜和男主角兄弟好的小说,蜈蚣辫
4922ECDD024B18E5006A7A27B4C251A5,2,大乐透,反射弧的分析实验结论,2 4 8 16什么意思,病理性黄疸
BF149EA802F29A3B18A2334822E26E8F,5,炫,ca125,广东省金银珠宝检测中心官网,苗族服饰
0578782E161B082FB3695694E8789A26,2,恒大集团,我最终成了别人的女人,小清新壁纸手机壁纸,合作合同范本
610E9178EBED5702AF7C8C06EC0DC880,1,暴力破解qq密码,痛经贴,怎样分辨遥控电池是几号,力士洗发水
808B0C211C8DC475E072E67A51423AA8,2,福建高考分数线,日本卸妆水哪个牌子好,穿什么内衣对身体好,都市丽人内衣怎么样
592DE94137B8E670A517C871708E423F,1,天猫 淘宝商城,呵呵,李宁女鞋,怎样能增强记忆力
18815813C677B4BE1110806C51F41675,2,费沁源,c盘红色会怎么样,日本天狗,七大罪圣战的预兆
805B8EDED7A2452BAE72AFCE60853A52,2,有机化学王积涛第二版和第三版区别,奇迹暖暖浮梦岛,qq别人发文字过来自己看不到是什么情况,文铝的矿仓容量
D2EF2B1F25ABFE56514BA4B3E1E02C09,3,职场女性必读书籍,手机性能排行榜2016,圣罗兰气垫怎么样,华为手机哪一款最好
6B69A740BEDAD94704C55231A6A5ED76,1,宽松白色衬衫怎么搭配,索然无味的意思,女生偏分流海步骤,防紫外线伞怎么选
C74B3A017C416C7EFA5C86539E073C69,1,半妖倾城男生发型,董璇,张哲瀚发型,95510
96DF1EBF53EBFAE3E37E5C456C0B15CD,2,没事偷着乐微盘,雪仗月两相映,类似许一世情深的耽美文,错恋by律轻
180582F8EC9F29DF64A8AA0F5E35D3F9,2,支付宝怎样电话,郑爽杨洋在一起了吗,百度,胡彦斌
26617DFEBE04F6482EAB46FDE77B26BA,1,狼先生307,4.5乘0.002,成长后的经,为什么红米手机在纽扣助手下不了侠盗猎车手
2ABDEC3B104A9560B74165D7B30FD0A5,2,华硕a455l,中国新歌声直播app,代词做主语,任意依恋几集全
8E8B4542AAD5A73EBE8C35BA6B1F4F4D,1,怎样才能出道当明星,有点黄黄的小说,悲伤的群名称,七仙女传奇电视剧
0EA59B427AB780B80354AD84AE379023,2,天下手游官网,去吧皮卡丘里的三级精灵怎么办,去吧皮卡丘五十级,综合素质考多少分及格
3E36C9A54E7262D7B04842942513B376,3,教师节手工创意贺卡,王祖蓝身高,常州马哥孛罗酒店,英文
4BC4ADECD1F8DB66F910E91102D05DE8,3,体育台直播,化妆步骤怎样化淡妆,旧车翻新全过程,卡乐比麦片
45CC6212C36AA282CA321C844544A2D6,1,桎梏怎么读,10的-3.85次方的平方,一个音加一个召,鸷
A13A238D8D793EDC38C6A0ADA2EE3476,2,凯特王妃,有内涵的聪明女人的电影,去膝地生温热痊,赵纫兰
AACF236926428EEB65311F8A4458D548,2,准新娘吸毒被抓,李乐诗,怎么学会计基础,面膜纸泡牛奶余下的牛奶能给狗喝吗
880A4C1036D0063141BEF96F79C05556,1,脱毛最好的方法,微微一笑很倾城中的大学,沈阳建筑大学,系泊系统
AE786EC9454133A30C6F8E394FC69A42,3,冰箱冷冻室结冰打不开,u盘,倩女幽魂要钱吗,徐州贾汪冰雕大世界
DDB526C732E3D946D0812899464A7C07,1,完美假期,狗粮什么意思,地球女人香水,orthia是什么牌子
EF4D12A4E6D4DD395735BBED091BE454,2,雷婷,无奈之伤,国奥队和国家队的区别,单机游戏大全
0337DC7A4AB0CF22E2B10E10C48485BA,3,老罗英语培训学校广告,樱桃小丸子卜,用手机如何判断被别人蹭网,女装基本款有哪些
2AAE765E15225B8D5DA401F376BFA156,2,房奴是什么意思,身高164的女孩体重多少斤完美,哪些明星有糖尿病,利息怎么算
3C8153388550D5189E7599021037A08A,3,产后前壁膨出,麻醉为什么要打在脊椎,甄嬛传华妃贴身丫鬟,兰博基尼
F4F299BCE65158D191DBC8355E3D9156,1,初中必读名著,射雕英雄传,关于老师的诗歌,写家乡小溪的作文
9575F56FB1999F2CEDE6270C4F65287F,1,人柱爱丽丝歌词含义,瑜伽的好处能减肥吗,冰淇淋人5,不结婚的女人
18219A007FFC00F7AEFDE64AB2657CB3,3,乐视,如何拯救白莲花,王爷与长工,残奥会奖牌榜
2C8CBE7372B1F545ABC5F604D3BCE9D5,4,化肥绕口令,马蜂窝怎么处理,四年级法制手抄报图片大全,分式方程50道包过程
384EC36E8693F75D522D626DE9FE5E25,2,社团联广告部二轮面试,2016年四川美术联考,来不及的告白,华南师范大学石牌校区宿舍
C396FEF739E760157D7A3BE1D9452FB0,2,李晓鹏,深澜客户端,眼睛大大的鱼图片,詹姆斯乔伊斯的小说杜普林人
D343EED3EAF3300DBF3708973F588A6F,2,万能梗,卡斯罗梦幻,福州新店,断视频格式g
BA332FB516A72B804AD7D45976AA1374,4,长安面包车哪款好,哪里可以看到求职简历,近视眼手术医保报销吗,公司信用代码证
149FDB80163A3C4938BCD45C92A24B4A,1,利息怎么算,求职意向范文,修理师傅试用期工资多少,车保姆汽车服务
F45E72A2AAE751E6C4348396A2646C4D,1,秒速五厘米有多少章节,丧女会的不当日常,小李飞刀,赵云什么时候投靠刘备
12F3E3B6DC9417271090092E7EC984E7,3,ap指标,文雅的群名,公称外径,为什么电脑连上无线网却一直显示无网络连接
9C1D5F75D0695B13B857386FA98ED953,1,黎明杀机,长沙扫楼,65319部队,新顺鞋吧
A8AB81F4373A6BCE0ABD01C1E051F055,2,有机化学第二版高占先,中南大学化学化工学院研究生院,化学专业较强的师范大学,兰州大学的化学工艺研究生好考吗
B74C51B475FEBA4C678F8CE3F44D652A,0,非那根,一直造句怎么造句,tv解说,cf
44075F89AC02552607EA4E092484CF52,2,2016年内蒙古下半年教师资格证报名时间,难耐老公狂野19楼,里番库漫画彩色,511yc
C0EFF6F8E4F7C14CA379008A6B87B449,2,qq心情说说心情很无奈,负反馈的基本形态,詹姆斯全名叫什么,脱发原因及治疗
1A42F2BBCFFA619BECDAAE62EC1EEA88,1,青云志18集,高数等级,曲靖民中,扣扣空间登录电脑版
AF07C4E6EEB7FBD65B2A22EB571CCAE0,3,怀孕后期肚子一跳一跳的,哺乳的时候不能吃葱吗,宝宝长命锁什么时候带,怀孕37周fl正常值
F97C10EE4406A5490090AAF264DC550C,1,宫心计分集介绍,海藻面膜千万别买,半长刘海怎么弄好看,广州白云区镇泰玩具厂招聘工程师吗
D1C083463742D1D5DF47D247F1D274F2,1,领舞是什么意思,李惠利领舞,治疗激素脸的中药,怎么连接vpn上网
C50C252CC510A726C0D2BCFB769AC590,1,好玩的单机游戏电脑,魔兽争霸3冰封王座,斗鱼可以一起养吗,吉利新远景
02F0E94ED3278D7EC10F7D7AD49957BF,4,联想平板bos,机器人萌文库,win10平板禁用防火墙,电脑显示press a key
BB56BA78AB0D62CFDE33E790ECA2738F,2,王者荣耀里赵云厉害吗,墨脱县,雪佛兰赛欧,蒲地蓝消炎片
8F34D3D1A9570825844C42F249AE17D8,1,大学收题用什么软件,k967次列车时刻表,用c语言编写学生成绩,四阶行列式中含有因子a11a23的项
3D5B12A0063B748B1F18319707D9F395,4,手机能使wi-fi增强吗,幼儿园眼保健操儿歌,木子美性,孩子爱吃的下饭菜
A72E9F2D057495C169DE2BF10C09FC85,2,做自己就很好邱汐岩,百度,掌上一卡通下载,抑郁症
7E5C58DBF7487FF06F3D294645D81FB7,1,越过谎言去拥抱你,孙悟空,做你想做的错了算我的是什么歌,马男波杰克人生苦短
86FE5D5B20BC945864F8A44E392D9443,2,曾强保,全球十大通缉犯,邓贵大,黄勇
0C9EB4B52057A50558ADF81E678C54A4,2,一主二仆,猎艳神雕风流,新疆牧神玉米收割机,监控线断了怎么接
1769CAB87C00DDB64049A7B016586496,3,网红一样的名字,口字旁的字,征兵,分手吧别想他
14C79F77DC8F7943A5EC0509E4A9F781,1,京东触屏版签到,番茄鲅鱼的做法大全,42度v8水浒英雄酒多少钱,为什么
5713E78D3B08A1980FD2C38FC26C9016,1,360手机桌面,类似于南柯一梦,"王非战国守圉之具,其将何以当之",百度
0F1A335AD451FD28AAD045C2D5A12EAB,1,用韩文写自己的名字,2016的4g分享全国套餐4折校园优惠到什么时?二月份出生的是什么星座,angel kiss devil kiss,有什么手机是双镜面
C88349145E8AB73684F37445196B49B7,1,剑灵白青大地八卦怎么获得,第一次用面膜需要连续用几天,剑灵黄龙的贵重物品箱,剑灵武神塔攻略
DF8B510D3142ED08CC091B51AAAE7F4D,2,一年级语文上册课文,罗钰侨含义,银手镯图片大全2016款,口字组词
42D85FD289FE455F9AFCD8427803FC4F,1,三国大时代3攻略,阿迪达斯,盗墓笔记ol怎么开门,高盛
80BB55649AC7215D937DE3607E45211E,2,木纹材质,biangbiang面,贴图为什么是黑的,论文初稿怎么写
C580A7162CF3B8BF8029C07AFA11122B,2,肺癌晚期死前症状,江宁区诚基大厦620,恨不知所终 一笑而泯,神舟k590s d0内存条槽
896EA8E02E9801A0E71660229BC85BED,1,郑成业,戚薇,完美假期,卷发器卷发
B608F6F66D3209F590FFBAB9FEFDA6B8,1,厦门到漳州私家车,漳州万达影城,康熙来了黑色包装面膜,书包网
FE6EAA70C369F1FD714A6EE5C20FA0F4,2,脓皮症 狗什么症状,圆通,泊船瓜州,郑州装修
DFD43BD7B9DBC206D948606384C34AB3,3,泉州米兰春天婚纱摄影,济南黑光网,王宝强老家图片,济南万达广场影楼招聘
EF4DFDA41690626E7177BD65585DCDA7,1,vivox6a保护套,安福内部价格,无名天使3d,英雄联盟h视频种子
B1718D55A8C0423362581390C4CE5C0C,1,认识有机化学,打瘦腿针费用是多少,抑郁症的最佳治疗药物,谁提出了黑洞理论
7AF4AEE56B29F8742931F28B2344D834,1,百度手机助手,妇科病,吃车前草有什么好处,土豆烧鸭子的家常做法
5EA7835059B3CFC4AA5F92FBEBB0E140,2,万花宠物武林人士,燕不孙,林允儿,折叠扇女
42787CC66A710174C1D5CDC3651DBB65,2,北京到忻州,北京到山西平遥高铁,汽车如何挑选,北京到山西有高铁吗
102F93E09680DD6520CE64B92FBA07DE,3,百度贴吧怎么发图片,蔻思朵面膜,吃了避孕药的 下次来月经什么时候,韩束墨菊巨补水价格
B5939489D80FE53991865F40BD075269,1,死亡邮件,一首印度歌you are my 苏丽啊,密室逃脱3第13关怎么过,两个氢原子化学式
03EC56B5016AD8FC4912E6790B0DFBF9,2,11月3日是什么星座,阚清一吻戏,问君能有几多愁演员表,求爱假期迅雷下载
C9632425F8DA11BF2F15F301D1ACED71,2,积云考试的题,大数据,电脑上的sn码在哪看,ui视觉设计
0182ACAF736494FB2B3D00FDA442CC1A,1,秘密爱,qq头像,ipad air,告白情书写给女生
4B5C13A468C3C43E92E2B59DBEA33A95,1,化妆,新浪邮箱网站登录,绵阳是哪里了,署名和日期的格式
425A07813D8FBEB3E2EB771561E14D4B,1,一直低热会影响智力吗,完美假期,药妆监管,关悦整容前照片
8B8CE8A6E13E7F116A538548E0C824DA,1,nb黑骑士520,建设银行自动存取款机,333什么意思lol,大学生当兵
FB68ACA72F548D7B4873DC0345F71681,2,森马镜框,黑龙江财经学院,一夜承欢,oppor9m双卡
195216B23024BBCACACDD243DB1190E4,3,桂花茶的功效与作用,空调披肩围巾,岫岩玉能用水泡吗,蓝牙耳机怎么连接手机
F725FC29E2E5D85E5E53F3878F6ADC92,4,四字词语,辛家庙矿山路煤机社区怎么坐车,家里一角画画,它是说一句话
87B8EDAE310FE73F69C0C06FB4DB479D,4,都有什么树种,"肚脐掉了,但是还有血",7天的婴儿奶量多少,宝宝几个月可以枕枕头
94CE3AC385CFC11D04C33391A9AC0C44,4,三星手机怎么关闭开关机铃声,lump怎么读,英文翻译,xt是什么意思
A83C2F3B0A3D68268D6682A9A2DD843E,1,广州工商学院三水校区,盆骨变形如何矫正,美瞳线前后照片,高中生怎么创业
E36B7FC38BE0F1C5A39D48C44D3EA755,1,浅咖色眉笔适合自然黑色都打吗,c语言,仙剑奇侠传3d回合杨幂代言的谁,杨幂代言的游戏
05610988917933DE028B8E2D50DF95F5,1,微博长图怎么制作手机,pu,lol英文全拼,新浪邮箱账号有空格吗
EE8191967C6E06710EE73A809EFCA937,1,资金流向,usb接口,大肠,小本生意做什么好
471FE0E0AAF541AE909EE8EC0B2145CF,1,做简谐运动速度与位移成反比,秦升,张云龙,公司怎么注册
F801A1730D3614CC79B5021F1F1D4A2D,1,真实武器模拟器2,爱拍,qq头像,烧饼修改器
CD1C8871910CEB0BB5A948AB318C48E9,2,微微一笑很倾城阿爽是谁,哈尔滨香坊区珠江路与嵩山路交叉口中国平安,过氧化氢,电脑快捷键大全
CFB66908B8ED2AF69B2285337BA48330,3,英雄联盟9月9日,轮子妈出装,巴黎q娘,唐家三少全部小说排名
8B8AB02BA662F928EFE4A86DA80E2C0C,1,20160813快乐大本营,吴倩在微微一笑很倾城演谁,screw,粤语一人饮酒醉音译
17A9445A61047630123277B6B1E2C8AF,1,上海市各区房价排名,索罗斯喜欢哪些哲学,批改网官网,宋江为啥能当第一
CA2B2773A4833CDBA5A3220FD3D1D977,3,王美人,千里马,零利率车贷,电子表品牌哪个品牌好
49C5E25440B3356323269345ED923EA3,1,风衣腰带系法图解,火影忍者手游中怎么招募十次,中国银行怎么查询余额,高通 骁龙snapdragon msm89391004高通 骁龙
C7A7DF21422106ECAEDF10FBB5323B7D,1,李晓勇,巴宝莉围巾价格,贝卢斯科尼丑闻,摩锐水世界自助餐
9673BD215586074304967F2D065ED08E,1,青云志世界boss血鲲怎样打,彭宇,关于红三代的小说大全,奇书网
6519FEB29A947B3F554F251712602444,1,8寸蛋糕多大,王素绢,enchanted,这户住了近十年的房子
BF2DB5DCA41DA7B789FC4BCE845672AE,2,娄阿鼠逃跑选择的是坐马车,知有儿童挑促织 夜深篱落一灯明,借离合之情 写兴亡之感作者,缀白裘的编著者是
810A86419CBA0209C6CF8DDCDC6A2E81,1,王者荣耀女娲视频,自由之战以后从做的英雄,王者荣耀虞姬视频,警察虐小偷视频
52EA44DDBCE3F87EEE9F942DE63F30C9,2,铁岭师专校园网,芭比媚眸贴吧,facetime瘦脸面膜介绍,"滴滴答答,嗒嗒滴滴,遇见对的你,是什么歌曲"
42472F02C0417AD49D3EBCD9463893B6,1,元素表顺口溜,陈涉世家翻译,失信里番,毛泽东诗词
8E3A929D66F4A6145163DD4AEE55B8F6,3,dnf人偶师,面面猜一成语,白月沉息长袍,dnf主吧是什么
4A4E3DF09D3B36D8EF675B6FC9B0046E,2,还有一颗忍不住的流星,天才在左疯子在右,钻石牌座风扇怎么洗,"已把cad卸载,但是重装时仍显示已安装"
AE693A4639A721EA2F267C90157DFEE5,1,牙拔了不镶会怎么样,爱奇艺全屏字在视频外,冠周炎,爱奇艺画面尺寸字看得不全
8FD2B3A32D536863CC6AA4189C5F8767,1,广东白云职业技术学院,广东岭南高技技工学校,白云工商高级技工学院,幼师技校
B3EDD9B9F2B5C5ACC170300A93A74F1D,1,陈翔毛晓彤分手,真正男子汉2,运动减肥会反弹吗,洗面奶最贵多少钱一瓶
346452CA992B92B94B8B41266F9C7C1C,2,8寸蛋糕多大,孕31周晚上胎动频繁,腰围1尺9换算成厘米,孕29周肚子一跳一跳的
9CC33BCA775B8D5C269429204BF18CEF,1,琵琶语简谱,学号不好辱骂老师,薄藤头发图片,秦奋king韦雪
7605E46516ABD4740632CA782685C6D8,2,欲成欢,电脑玩游戏卡住死机,华南农业大学校园网,杨洋的吻戏
70C178220BAF13A0A99D8CD63A29168D,2,宏基k400059mr,华硕,电子厂的印章,校园无忧网押金260为什么不退
B9052713E41AD252D9539CE7E67AFF05,1,福建特产零食,漳平水仙茶一斤多少钱,南艺新生颜值爆表,迪奥变色唇膏图片
3E8C4F370EB03832FE147EC7296871ED,1,宜宾高速客运站,中国移动cmcc账号密码,龙王传说,黄蝉
362FC3205C38169B0BA6AD0636780920,1,乔欣图片,房鹿整容前后照片,中国移动,移动送流量活动
93180088ECFB6070AEB2F77EE32F66DB,3,实习期多久,怎么防止蟑螂爬到床上,龙珠超宇宙潘,眼睛无神呆滞怎么变好
6490F2773860D38AE4478B121A4D2970,2,粉刺,"持卡人在atm机跨行取款的费用由其本人承担,",票据的金额、出票或签发日期、收款人名称不,新鞋子磨脚怎么办小妙招
F6B38537743039071A42C725FED0A919,3,英文翻译,大头贴,国足直播cctv5,榴莲不能和什么一起吃
D24E8E38925C7163C86BA55C00F75111,3,裙子配运动鞋,黑的英文单词,少年各,龙王传说
CB5C826E956DE388042325799CE49263,1,国兴旺家兴旺国家兴旺的下联,唐伯虎点秋香里面的对联,洪荒之,各国国家元首所住地
3BD59D3CA0CCFB8D8308BAB3634898F1,1,魏晨,angelababy,菁,韩安冉
0B9A862D18A239D02F81B6E892273110,1,盛开,虫洞,水瓶女喜欢水瓶男,因为一个人赞自己而开心
2357C52A8B088687FA12B57944851D64,1,兰博基里,国光电子厂招聘,深圳电子厂普工招聘,办一张农业银行卡多少钱
04D3B7F54F32274B531C6480690BA750,2,有没有天猫垫付没退货造成什么的,天猫垫付退款后不退货,手机上红了一块还很疼,胡子的地方很多小黑点点
0ACFBFBF24097B6EEB2A513C38057E0A,2,黄明,女孩忙,第一次约女孩子去哪里,夜里你的夜歌词女生唱
BE4B83EBBD0C2C95AC6A2C626A23A260,2,电脑显卡多少钱,太空棉衣服怎么洗,打薄头发视频教程,摩托车厂家有那些
A80877F97978987E2DC870D0E3767593,2,闲鱼,美颜相机大头贴怎么玩,ido,创维智能电视遥控器语音上方亮灯什么意思
6D4BC59F8BFD4A6C7A15576697B1DEA0,3,奥运代表团访港,赵薇苏有朋,周柏豪,开学第一课周冬雨
70596CC4FD34818E88D2C118B5470D4A,2,张翰一,立flag是什么意思,查血挂什么科,手机扣扣头像不显示
74FE758751DD15691067C077BB12ABD4,1,qq头像,星悦背带裤,面条怎么做好吃,自动取款机怎么存钱
A0FFE66E8EDFD9FA80F09C395E8B9236,1,炸油条的筷子,广西集中连片特困县,宫本武藏妻子,网名符号图案大全
6CC3E7B3F42E70E53874FCF134E662A4,2,唐河有多少个乡镇,怎么当心理医生,邓州乡镇,百度
2BB93CCDDF9E25F0863FDB37D1ADFB8A,4,电热油叮能倒着放吗,1039违章代码,光阳摩托车怎么样,三日刺杀薇薇谁演的
09F22C88BB258D70552A8332631E8D70,1,h5是什么意思,经济发展新常态的特点,英寸和厘米的换算,性冷淡
04711151AFC51AB237ECDD0B6715D46B,4,肥胖打呼噜小窍门简单,西望遥安,后宫漫画,ysl圣罗兰唇釉试色
9F6966A61D93999B4F9822074C595BD2,3,业兴村美人和,千佛山水上乐园,13a0190,手机显示储存模式下不可用怎么办
FDD52F33C6620379A24CB808553441DF,1,一个繁体马字打一成语,夹汗会传染吗,"电脑上安装qq的时候出现ie版本过低,怎么办",中国物品编码中心官网
93D26D7235F72800251DAD8051EE9686,2,简单标志可爱,用什么洗脸会变白,一双手简单化,手机怎么拍小于
2B2BD03C6BCD5732237753FD2CC26B5C,2,含笑,中国十大名花,海棠,吹风扇头痛怎么办
135115FC4AB4F311C308B3560BE2E74B,2,传奇霸业,长沙德哥,刘葳蕤,山楂片泡水的功效
DEEA68D8056B40E1356BCECAC02B4F6F,1,乐文,微微一笑很倾城ko和美人师兄番外,呢子大衣怎么清洗,我的老公是奸臣
7520E4578C8B960B5ED3945A429F509F,2,信阳上档次西餐厅,南京书人教育培训中心,电影 公寓里那个女鬼和那个长头发的宅男是?尤二姐和尤三姐在红楼梦中的地位,王熙凤的婆婆是谁
E666BC5C083B97E63B012613D84B7C44,1,蔡少芬,关小迪,菲律宾灵魂跳水解说,张檬整容前后照片对比
F4E5B58B363FA8942F5CB8C73E29E04F,2,仙剑之云之凡剧情,重生之不做恶毒女配,花草的,好巧的近义词
FAC946300494900D4E7971523BD6D21C,2,重庆邮编,南昌之星,lost,张杰2016年广州演唱会歌单
AA2FB94CA97DDC07817BF0C5945429D4,4,生财有道养狗视频全集,避朶套,僵尸先生5之驱魔警察,圆通
87356A3068D8472DBE6C1936E4175E13,2,德邦物流股份有限公司,国外学历认证不通过原因,贵阳市白云区步行街,中国留学网1002无标题
1A58266CA959B39F160FD591880A59A3,1,伤疤修复,external drive boot,华硕,nh82801gb主板
3478F79A0F7F4FC9DEB7AD0EAE973E04,2,老生活与新生活发生的变化,笔记本电脑开机黑屏,张柏芝雁门照片曝光,徐娇
35DB10F3E094580CD73007AC93CE0F91,2,如何在充宝加装显示,am3主板,充电宝里的电线,太平洋电脑网
3BEAD371B4FA896389318EDCBE252DF6,1,萨克斯图片,奸臣视频,暖妻成瘾全文免费阅读,张柏芝和陈冠希的故事
B0F9C14D1D1901DD94EFF10A834A12E5,1,花痴,墨子英文量子卫星,华中科技大学教务处,批注怎么做
C18E9DDAFB778FBFEB97A0D4ABC6E922,1,死亡邮件,上海四小天鹅,去痛片吃多了会想吐么,张艺兴一个人吉他谱
6024CC150752927C726506581215ECD8,1,高考网,比度克,青州新三中,dishonest
892F43376A53078A933EEC18F0B1BD6C,1,怎么检查网卡驱动是否正常,桂圆和绿枣能一起吃吗,身上痒是怎么回事,炫舞梦幻币有什么用
9705660E6075C6573206A4FDFA7698E5,4,老虎咬人女主角图片,尚志到一面坡火车时刻表,梨花烫发型图片,八级大风算台风吗
C1B6F8B2BDDCEC9A5565D4919FBE9ED4,3,广东新兴发生地震,非月经期出血的原因,尼泊尔的少女活神,广州到海口的特价机票价
D132522467FD208267B1CCED7F26259B,1,耳塞式耳机正确戴法,里番app,奇迹暖暖攻略,里番百度云
AA2F5ECAFD2512C405931B9E73227A34,2,用闺美出血是怎么回事,荥阳悦蓝山房价,pos机刷卡手续费调整,"最近老公对我很冷淡,我很伤心的说说"
F8428B552C55E9986172B88371051B06,2,釜山行b站,玛丽黛佳黑流苏密语睫毛膏,爱丽小屋卸妆油,在专业上有不错的成绩怎么说
E01E4F19182731A5DE4C60787ADF72C6,4,南阳地铁规划,河南批发市场外迀,哈大高铁,阀门
DCE3B86155772ABA2D78750855A4851E,2,学车前后晒黑的照片,ifyou音译歌词,大乐透,上海的链家
09A15B5031D6066AFE5A958008CEDFA4,2,汤姆汉克斯,海鬣蜥1001无标题,安全生产反思材料,弄蝶 风蝶 蛱蝶区别
372FFDC706D3F2CAD5FFD1D1CF143240,1,纸粘土,黏土作品图片教程简单,舞蹈英语,鲁山汽车站到鲁山一高
D5C0E7F61ED901145406F84193B178CF,1,蚝怎么读,怎样把联想笔记本电脑的w8系统拷贝到u盘里,锅的保护层刮没了还可以用吗,美食杰
5C8A3042A0960A486E09E2A3A5BC06EA,2,天池山风景区,ipad要激活怎么回事,克梅尼作品,ipadmini2是什么时候上市的
86B3AF0BB74B01F1D04E1E30C24638DD,5,adg亮度线在哪里,淘宝网tm3211液晶电视主板,淘宝ibookg4笔记本电脑可以升级吗,海洋王nab1013-2镇流器多钱
9D2585F8632447039215B56400AE9F1F,2,代撸手机有没有真的,刘潺,麻辣变形计电视剧每天演几集,鱼线怎么串手链
1ADD4A694CF1D4944A09E3E739F62E71,1,法令纹,威尔特·张伯伦,3系宝马,香港人祖籍
AC4B13B0F9A0AA89B40A26736241AC31,2,兰博基尼,买鞋,超极本,学号不好辱骂老师
B43DF1F4455E6196435C3A0ACC62C3F3,1,多肉植物图片,882614316958286000,ngkc证,汽车美容有没有前途
1E7B74F6A5D25FFDF024E7C154ED00CD,2,蒸脸机的正确使用方法,乌鲁木齐自治区会计培训中心附近的宾馆,乌鲁木齐天山区碱泉街16号,乌鲁木齐南站到铁路局的公交车
06FFFFF7FE34A9F59FC39F35D04BFC8C,4,拉古纳韦拉比分,8月29日曼城西汉姆联队,郎平火了,洗发水和护发素的段子
FF41B66A268C02A2C90CF3A35BC2E35B,2,老九门百度云资源全集,免费好看的言情小说,自考本科,汤姆斯球鞋
85046B009118B72114ACB85F93903522,1,做激光收束可以吸烟吗,政府部门上班时间,奇迹网络兼职真假的,书虱图片
27FFBAA8EC0C4597A98702E527AF8A98,1,政治时事2016,世界地图高清版大图,泰宁属于哪个市,演员贾玲在一个电视节目
8FCC6CF9B641472014FCD9C6DF598FAB,1,手机为什么会自动重启,空腹不能吃早餐,百度,支付宝客服电话
BC3E00B49EA9E69A62F140DEAF0DDCBC,1,兰州市代理市长,三星手机i9300手机套,兰州28中招生简章,汤非 王莉演唱的歌曲
51739DE43A09F966B43120A8C40FADFD,1,小时候跌水发烧,b-project动漫百度云,为什么文件全部删了还是卸载不了软件,金城学院
F168914896EED6AD8392B9B28922DF6B,4,韩安冉,分享通信,嘴巴张大左边脸骨头痛,中国冠军范
F19D27CD02A99CF7BAB8FA2A2A3E5910,2,kindle图片为什么要黑一下,神马电影院,志愿者剧本,志愿者风采大赛剧本
BDC9CA0D94CD138B56D29FE66A641064,5,银川桂林跟团报价,非诚勿扰厨师20140315,加压泵可以修吗,制作手提袋价格
D13C1B638688B84EFD6668A695D27443,1,龙腾小说,蔡少芬,泥池原浆价格查询,张晓武
E5FE29D2655AEF8038666037AE2E5790,1,乌克丽丽歌词,活着,火包怎么消除,注意 赖皮小人
2BBCB0F6994F4F2F62294B7CC24A9830,1,乔布简历,福睿斯前盖怎么打开,山东爱克森化学有限公司,郑州广汇食品有限公司
A950277DFF097A5A3469CA7DCCD05BAC,4,眼鼻嘴歌词,qq聊天记录查询器,小鸟折纸图解,王思聪骂林更新原因
907D0065CBA7FDE46D281F3551412024,1,戚薇,猎场,常州火车站,云南白药粉治脚气吗
36041BEC2D6F40AEB05619B56C6110C9,2,英文翻译,牵牵牵手,小说txt下载,高桥李依 stay alive
FF68EFCCDF58A325C4BF210FF2EF3941,1,一个月内吃了很多雪糕能让月经推迟吗,营养快线,俄罗斯紫皮糖真假辨别,鸡翅的做法大全
F409FC278B1E52C2E458C4F16DB7B0FB,1,试婚老公用点力全文免费阅读,刘亦菲拿生日蛋糕图片,英雄联盟明星对抗赛,京嵘保罗行李箱怎么样
05B6C7FDDD976C2133B00B266F26BD1F,2,网球肘艾灸有用吗,小猴子卡通图片,贝亲奶瓶和爱得利哪个好,覆盆子茶有助于顺产么
473910111A1D7A0B766AD8951F8CF549,2,联想e431光驱怎么拆,软件工程师特别累吗,保卫萝卜3公园攻略,腰椎坐着就疼怎么回事
A4D81BD97F3A7675CC34BE2091474B9E,0,性激素六项是抽血检查吗,腱鞘炎的人多吗,性激素六项检查时间,金禧爱
5759A2AD4770902D48A9337C803CE07B,2,杨洋真正女朋友,翱翔飞越地平线视频,迷茫不知道做什么行业,建行用网盾怎么查询工资
D24045430B9C042608DDE489A1986656,3,陈琳为什么自杀,樊奇杭,周克华,杨洋的女朋友
6F9D6E013FAD9C7B53498131D5722F6A,1,南阳二中贴吧,癜痫的原因,类似臣服墨奈何的小说,南阳二中吧
5E73F2F4A3EDFFC90F7CA52891F0F6F3,2,做月子要注意什么,宝宝睡觉时老是使劲是怎么回事,病理性黄疸,才出生几天的宝宝夜里结几次大便
B0ACEB2CF5C957315FBA8ABAC4041112,2,一叶子面膜怎么样,气血虚是什么原因引起的,韩束一叶子面膜功效,美国山核桃
9965209AE1232162679F4625D737D9EE,2,"屏幕摔碎了但是还能用,要换吗",九二共识是什么意思,魅族授权服务体验中心维修点,拉你进红包群抢红包
E3071EC5EEB796928E6F8D502D2E8AE8,1,英文句子,spiderprank软件,vooc闪充充电器给好几个手机充电有问题吗,mi note pro报价
CE7F29525BC8BE0C5B9AF751575846D1,1,藕粉的作用与功效,未成年怎么去银行办卡,夏沫海歌美图,mj旗子马路须加
6C3728479CCE416F713A573994D73535,2,笔算加法,王加偏旁组成新字,麻辣变形计演员表,石狮浩杰邦威制衣厂
E2326D7D3F25ABA32DEC32E533BAF6FE,1,把整张脸整容须多少钱,鹿晗图片,睡前作什么动作增高,怎样让女人快速来高潮
12D2423A3F80DFC220B7554436AE3BA3,2,夜空,黄阁坑二手,紫薇花园到建新社区,水果干
01B9E5908F1BC115F4106E35F950A753,1,郭敬明,天蚕土豆,俄罗斯地狱之门,网游之血影盗贼
30F59E9225606A086F720E4D2EF1D0D9,2,后悔莫及,后悔莫及微醺的梦,尼坤,犯罪心理结构的心理背景
B112029891E42EBD5C96D8B061BA8A86,2,军校生思想认识,参观院史馆新闻,搭飞机可以手机开飞行模式吗,参观实验室新闻
3FA794BC727597B287AF9C9AD10D639B,4,淮南古阳国际大酒店,芜湖东方神画剧场怎么样,比特犬多少钱一只,观察家
D8739559568F2BE7C7CA3BC3E5013CD7,2,炸藕合,韩姨,干炸响铃,angelababy
2E793886726698813C5EB0ABF20C1A1E,4,胶囊可以拆开吃粉吗,榴莲不能和什么一起吃,美沙拉嗪栓,冰壶养生锅
D8913858E36071050D2D58EC2997C923,1,去电视台工作需要什么专业,大额头女生适合发型,表哥驾到分为几个阶段,今年是长征胜利多少年
74334E60C4ACBA84BCC463FC2BE8F0EC,2,河南化工学院官网,穿越之快进入纯肉阅读,战恋雪,誓死不做玩物
2045BEB7AACB8A570F88387A5CBFDB52,1,在菜园坝坐的到广安的车由于没装几个人司机,i7会发烫吗,球球关键词,轻轨标志
81DE614446B9CCD184233369D658788F,2,一个都不能少,封神传奇票房,微微一笑很倾城ko番外,一寸一尺一丈是多长
D3B4587481B527885B8922AA546AB1DF,3,红米正面指纹解锁新品,2016联通宽带资费,逆战商城,成都高新区招聘
841FC1B223307BE3B2FF2272A5FCD73A,1,刘海尴尬期怎么处理,微微一笑很倾城配音,brt,天秤女
E1AF1AD1C3EE302AC75908A604E51E7C,3,临泉县,2016上半年中国法定传染病,孤儿证,百度
0FEC87A28520FB97A28CDB3643DC02D7,1,用撕拉面膜毛孔会变大,中国旅游景点排名,fresh,浮夸mama现场版
5DBAAC130F116AF6FB652B0289DEFF8A,2,戴尔电脑一件还原,服务器连接异常即将退出请重新进入游戏,大主宰,张靓颖
1C867C734B67F4C2DDB5F4F8E9A3830B,1,新闻学二本大学,百度,安徽大学官网,丝袜小说大全免费阅读
D689C12A2856F70D103778394A883CE3,2,a1586支持电信4g吗,眼科医院,vivoy937,盔犀鸟
D265F9F212F02EFC120E07E999E60996,3,坪东工业区中天,梅州江南汽车站时刻表,深圳龙岗圆通快递电话号码多少,病理科主要日常工作
F679F0F57AA2AD09C935E123265B3832,1,hpv造成的死亡,百度,台州职业技术学院高数重修多少钱啊,hpv
C73C1681AAA823BCB53AF6BADCAD69F0,1,王师傅是卖鞋的进价30甩卖20,烧饼修改器,精灵梦叶罗丽4片尾曲,武道至尊人物图片
56C9351DC23454D931A18BDB4B8F8310,1,昏前婚后,林安深,肖且词,北碚城南体育馆游泳池开放时间
50D726C4B5734D431251684B39CD335F,1,唯品会没有评价吗,wps怎么调整行间距,免费论文查重检测,联想天逸300和ideapad
2D43E7DF19C5C91F9742C0503F89DF93,1,避孕药吃完影响第二个月吗,腾讯微博,余罪3在线,腾讯微博余亚桐
464EC4C85C96F0A9A96F2DD97A6FEC4D,2,西气东输,西气东输的起点和终点,吊车怎么熄火,保罗
592DE9169C646095874DB88099FBADE3,4,韶华的意思,k1206次列车,月色阑珊,夏日荷花的诗句
D4968F629A5FDF0C105DDCB4DE85ABD5,1,金日成,张绿水,英国指示犬,会阴损伤
A37C995F3CD388910895C9E77D3EC62D,1,北上广不相信眼泪,u盘,呵呵是什么意思,呵呵
D43D6170871601D28CA60C5D851426C9,2,柯南灰原哀同人小说h,大团结5200全文目录,杨幂h文,淋巴结肿大吃什么药最有效
C38CF39CA681B528C837D7CB6EC7CB9D,3,根据故事改编的科幻电影,超好看头像女生,笔记本电脑和平板电脑的区别,牛郎恋刘娘绕口令
400C2F4E879EC174F1558860A59B0E5F,1,2016步枪排名,领主txt全集下载 完整版,光晕战争 虫族,大白解说侠盗飞车罪恶
56400AB54AA4ADDC733A258E67D73559,2,龙腾小说,关小迪,忘情水,黎明杀机
B30D28D47CC4215EC17E613B10FC9CCC,3,ted视频 事业与家庭,吃虾会加重咽炎吗,ted视频 女人婚姻,新橱柜透10天
D69AD973502528EC7754E1BB5F412CA4,2,从二阶提升到三阶需要多少,oboni是个什么电视,solidworks怎么旋转实体,昆明房价
A98B0C7514929D77B23F3FD941A61CBF,2,辣根,儿童歌曲小松树快长大,桃花依旧笑春风,富坚义博的房间
7616D297B9B6A17A8B1BEB38A9E6F930,1,兄弟第一还是,海螺要怎么养,阿迪达斯,嵊泗列岛有什么东西可以玩
864706AEA4D1353FE64674E88F231C96,5,6236680940001446978开头是什么银行,山治死了么,中海凯旋门,微信不显示消息提醒
4EAF0C61126AD99D8021DB9997A4735F,0,lol无极剑圣上单出装,打麻将上瘾怎么治疗,美人如画,韩国味道good电影
77B4222514C595375BD5C1E5D45BD41B,1,金圣柱整容前后,偏分发型图片,洪金宝电影全集,杨颖整容前照片
D0249947DD3513CD754B4B1BBE8C9A85,1,伊昭公路百日峰,红细胞压积偏低,宫颈活检后需要休息吗,衢州
B896F9D5D3568F6FE552F5E04FE5E3AB,1,温暖的弦电视剧演员表,南海有几个岛,甲将一工艺品寄存ti,美甲后指甲变薄
DEF119A150FB72E8E0268FB35B983DEB,3,皇权与爱恨交织冷宫宠妃1002皇权与爱恨交织,冷帝宠上天腹黑狂妃1002冷帝宠上天腹黑狂妃,海宁钱塘江观潮时间表,胖人穿什么外套显瘦
3E92653DBF6EEA975C0787E450A80763,1,末世孤舰第三季,家里如何防虫,俄语专用本子,雷欧奥特曼最具有教育意义的一集
B95BA06FF06D98CCDD76B419A98D9337,1,怎样查找兴趣部落,痛风手指肿痛怎么办,圆周怎么算,战神小游戏视频
DB20EF351E79522C6E71B88DE2F79D70,3,08838886660是哪个机构的号码,凤庆县教育局文件,小朋友游戏大全,雅顺
FDE4EAAA2AD35CC6A216A5D744B93472,2,陆虎越野车价格,潘基文,电子书阅读器电纸书,9月15要播放的电视剧
8BBC11150D98D9B2D37489A758948CA5,1,"人之不廉,而至于",八云论坛,异次元通讯什么时候上线,续命是什么梗
2DC8D2A970E44868FB3476ED84A39364,1,跳球,21点公仔,哈比喜欢露西吗,正佳广场百佳超市在几楼
6C64C3E5E47A5A0614BBD90E56F6E4D0,2,廊桥遗梦简介,战斗民族是哪个国家,河南大学,宝贝真乖类似小说
BDED70D0A6A64F2E2666DA55A28A78E9,3,北极狐背包真假对比,被会会蛰了怎么办,ugg豆豆鞋正品价格,02180256336
39E8C2875718A5E3A797F62CAF08B878,1,唐唐big笑工坊,江西建设职业技术学院邮编1003江西建设职业,男子表白马蓉被打视频,12306订票要先注册吗
D76F3ACC472D29BB6D207898C28EAA01,1,关于积累的名言,那年秋天半命题作文,海陆风的形成,根号259
E60A6A01441D0DD0B71AE5F6AB0CDBBC,2,重回初三,老手电影同人文,打篮球的耽美小说,黑子的篮球后宫之王
1D836296ECD6DC4656EF9D777CCDCB76,1,移动宽带投诉电话,百度,大槐树,苍南县台风几点到
B6DB979E33264EF984A0FB21454F7115,1,够,步步惊心丽歌曲百度云,我的花果园面膜怎么样,一直这样
2591EBCB8B35F65EF02C2A19FEB2BF37,2,慢跑两公里消耗多少卡路里,运动饮料,健身 胸闷,猫亮红灯是怎么回事
1580D9B1087F38B225ED2AAC6B675AD6,3,从泰坦尼克号开始,似是故人来国语版,翁倩玉,送子观音
1C5F6CAF1B6731A9B9BBAFDA3CB8D212,2,蛔虫的消化管只要肠,带着灵泉的悠闲生活,学习生物的情况与分析,疣怎么读
9B9C327E1D665334E5A2E703184AC17C,2,手背关节处皮肤变黑,"凤掩妆,戒瘾皇后",温子仁的恐怖电影大全,支付宝红包口令
0D57BF07E1CD0512047F52168C50E121,1,霸气个性小组口号,微微一笑很倾城txt,任娜英视频,快看怎么缓存漫画
D52EB44CE67B6751957E6CAA977DA7BA,2,寒冰女皇,我的优惠,教师自我介绍,双手图片
C9D722DCF00D4D3113145AD52F58C682,3,中收玉米收割机,4s店怎么起名,海藻面膜千万别买,"手机开不了机,想要看相片有没有办法"
B22ABB0CCBAB1B606FCB037EC57746E3,2,茎突,洋河蓝色经典价格,怎么样查看隐藏文件,华硕k42j拆机教程
A6940D3B2F6C6E6EB0266276A6A0748D,3,天蝎座男生,vivo x6plus,身份证号是怎么来的,遮瑕膏
82B63F556BC839ED93A4E723C1856A0F,3,搁的组词,甥组词,防辐射服能晒吗,昔组词
89377F61747555FEF2E62D2138A70DCF,1,天蚕土豆,明朝案件,重生之资源大亨,里昂这个杀手不太冷
26CA216971FF1605F6759F3C91E36274,2,回奶的食物有哪些,隐翅虫咬了会怎样,挂喂追奶会不会饿着宝宝,含羞草图片
03382D2F111BA6B1F4E99AA26DE140CA,2,张译,宋欣佳怡,骄阳似我下册全文阅读,王祖蓝
3E81457AAAA310AC8249CB1701E72C6F,2,郑爽微博叫什么,ingkee直播,哪个明星的粉丝叫大米,什么化妆品补水效果最好
A311CC4CD117B64C23C4BC0263D9C889,2,"昧婚,",生产关系的形式,fracture是什么意思,ignore
257AE013DAFB6A5C75C5B41720A15339,3,孕妇能喝米酒蛋花汤吗,男模陈奕廷,鬼夫大人萌萌哒免费,春素河南总代
C8CF16E469CF7181E5032905269672DE,2,两万的信用卡取现多少,无花果图片,白凉粉甜品制作方法,如何添加微信好友
9590ED367C3D3F9CAA463F72ED082ACC,4,什么的羊杂割,重生之我的抽奖人生 小说,顺丰快递电话,什么的羊杂割填空
B360E45368793863AFE474F60A36537B,2,蓝色牛仔裤配蓝色鞋子,希腊神话人物,黄继光的英雄事迹,电脑在修复漏洞的时候卡顿
58CC03A38C7ECF357F5A0A7936AC6E35,1,保时捷918 spyder,respect,燕青简介,武警老兵退伍卸衔
185D32F22F2B160C3184F106DFF6C969,2,耳朵进水,"武汉,524",百度,学习英语翻译用什么书
1057A67AAA9BCB59BAC8C9948D61FC3B,3,生死狙击风洞训练室十级跳房子,名什么实什么的成语,cf陈子豪生化刀僵尸,承什么启什么填反义词
97E51BB5D669BEDF2626EB6651C177E8,1,尼坤妹妹,为什么,护照照片可以化妆吗,尼坤
875B7A476CD16CE2F73B0562001F3697,2,东风商用车公司,奇瑞,丰田兰德酷路泽,宝骏
049B4C24F801E0202BE224221DE929B7,2,进击的巨人吧 百度贴吧,开战传奇吧,上网本看电影一卡一卡的,电脑开机后进不了系统
253223C77D020A9C80E182A2F7056A52,1,杨洋电话能打通,鼻窦穿刺,景德镇二院耳鼻喉王,去污粉
77F1F79990CA1BAD335B9613146BDB5F,2,2016山东省教师资格证报名入口,郑雅文,笋瓜怎么炒,考研数学一二三区别
7A387177324A9D033F3B280E2FF5786C,1,犯错英文,100千米每小时等于多少米每秒,因式分解,robbery是什么意思
1E6CA5BE5BE0438F64107D46C886AC07,1,坐火车累了怎么办,夏日密语les,坐火车坐25个小时累不累,邮政
71A3E362D66B439B33F3C603FA9E601D,1,西安能够成为十三朝古都的自然条件和人文条,angelababy,卡耐基意思,鞠婧祎美瞳颜色
88F512694493C4A6AB4F2EEF067D199E,4,墙纸,地门蹭,窝藏罪,胃肠感冒的症状表现
F680FFD694187ED5EF3FAFE3A08C09EF,1,像狐狸一样的狗是什么狗,两个世界韩剧,旧陈星海中秋放几天,技校计算机专业都学什么
CAABA0FC04CFEEB90E35D75DAA7FA82E,1,女汉子真爱公式,北京的博物馆,蒸馒头,舔屏是什么意思
406A650A96F7877E832D5D435F8F08FF,3,成都福安康复器材 锦天国际,客家文化博物馆,福安康康复器材,简笔画 笔
7E626A1A019AB861172616FA527A0DF3,2,福建师大研究生2014招生录取,闽南师大研究生2016招生录取,射雕英雄传,梦见自己恐高
2D6894341F8D271FEE126B482364A612,4,竹园村麻辣鱼干锅居配方,失业证如何办理,微店怎么开,雪碧鸡腿的做法
91AE5D73E3AED14C5AD43EAF3A58B9F5,4,酷狗账号密码忘记怎么办,basic,推走罐后尿血,迈巴赫s600
1B13D9D1AB561D36E3B66A1D7E12A460,1,笔记本电脑怎么设置美式键盘,衡阳东方女子医院人流,衡阳移动网上营业厅自选号码,检查是否怀孕挂什么科
850B7D01F2D3EF1DC201E9CFFFDF0940,1,对学习有帮助的软件,肾虚会导致长痘痘吗,nba欧文过人集锦下载,什么牌子的板鞋有好看又耐穿
335B848A124A5C33D9A6BDE4FDDFFAD9,4,血压135 87正常吗,瑜伽入门基本动作,青云林海 砍人视频,2016里约奥运会赛程
2DB9CD64AF4123FE97F0A432DAF041BB,4,幸福蓝海三盛店,斑秃多久能长出头发,风起云岚漫画,钢铁侠吸尘机器人和莱克哪个好
6275BDA2DBC251982C8057775F120F89,3,2016年法理学考点有变化吗,"头发做拉直时药水涂到头皮上,会改善沙发吗",白斌,洗面奶洗头发
E71AF5CEC19E10DC9ABE1E5FF0B134EF,1,ip什么,志愿者社会实践报告村委楼,na2so4与水反应,18克葡萄糖与适量氧气
40649F0BB5FF7E39F0C27290EC304C2D,2,百年义利什么最好吃,红楼梦中黛玉之死描写分析,长途汽车票可以提前几天买,lesportsac气球图案化妆包
4D49AC2E983C3087C591471F2D339C02,3,性感英语,下巴轮廓起痘痘,押韵ai的诗句,狼牙土豆
7F2D84D9AADF51A40D55EB507AD34368,1,支付本月短期借款利息300,重庆房价,韩束面膜怎么样,鱼块的家常做法
9589006678D96A467BA7C4DA9809113E,1,小说排行榜2016前十名,夸赞珍惜友情的诗句,耐克跑鞋,大主宰
13ACC2CE12F641F59E7371260721FFA0,1,美沫艾莫尔的产品好吗,金华黄大仙路线,一叶子面膜怎么样,豆蔻
DEE25BBF9E58E0F373819E3E3AEF0169,1,移动营业厅限制业务,马克菠萝王者荣耀攻略,:显示屏大小及材质、cpu、内存、硬盘、显卡,沈阳到大连百世快递多久
C00D4BA0DFBA63A658216BD4ECA3063F,2,对于调皮的孩子怎么管理,课堂小游戏 互动3分钟,萃取拼音,五年级上册数学书
551F942D9C474A53EFEE8157F5AAF965,2,游戏王奥利哈刚卡组,泰安岱岳区教育局,游戏王百度云,诛仙27集
5CFED2CCED01C32B97BBF96B32CB97CC,0,张姊禾我是歌手第三季,申通快递单号查询,温州到杭州火车,"假如人类灭绝后,地球将变这样 太凄美了!"
1AB89A07F01E0B2C0D6B49667538A6BE,2,"人乳头瘤病毒阳性,无征状","要报案,只有手机号,姓名",什么叫谁主张谁举证,名誉权侵权起诉状
53D979D8E88DC2D3886C5F5A33662631,5,平安保险下载,贵州省会,全力以赴,新浪博客地址怎么填写
C5A535CDC8558520D76FEBF994926D9B,3,疯狂城,个人无业证明模版,腾讯微博,面条控
5CE7111BF78BA4BCFD9EC8432A74BB6A,1,王者荣耀名字大全女生,早上第一杯水可以喝白菊花泡,这是东老大来给我叔叔的是那部电影,lol艾翁技能
51264EF8930220CA63CC8FAF7C95E0F2,1,在本地计算机无法启用windows firewall/int,家猪图片,化学高考题全国卷,windows无法启动windowsfirewall
66FDFE21B9A6E4F2022A9A6A27DF3F9F,2,奥黛丽赫本,三千越甲可吞吴 全文,财政违法行为处罚处分条例,macbook
30B0B05DED53E27BCB44D68DDEA10C77,2,月夜美梦奇迹暖暖,寄快递哪家便宜,电感,女生不能有刘海
7FC870BF75F5AF6E72DED744DCFD1EE8,1,用电卷棒卷头发的步骤,感冒吃什么药效果最好,去痣后留下坑,徐娇
2BBF8E70839CBA0A47F910C474C57F0D,0,众泰车是哪里生产的,雪铁龙世嘉三厢,联想y410p加固态硬盘,怎么看手相
49D81F1F95B3EB26E9C412A23A944B9D,1,美元2001图片,英语,处理问题的方法有很多,到爱的距离剧情介绍
1EED096D355B2F4652BA5DE22DE6B1B0,3,观音莲开花图片,每天都在风靡,裴少的千亿宠儿,快穿之倒追十世情人
89E393E4FAD75F5AF3DC03062796B0E0,5,零失败芒果慕斯蛋糕,香港立法会选举,wps手机版,感受化妆发型的魅力
0013D4DD4202B357555FDF15526E35C5,1,支部大会,交通罚款网上缴费,微星,重庆团支部
4E7A9401CE692FE5ACA2566740FAA123,1,劲度系数分别为k1和k2的两个轻弹簧串联在一,百度,蓝小花和白小花,安琪是小苏打
E6ABF302321FDCEACB24A2C9A83EA809,1,冰川巨兽墨菲特多少钱,lol领取中心,ve,茄子能和南瓜一起吃么
8632909994C6A71903F5F3EB657580B4,3,白银连环杀人案图片,黑鱼,藏獒打架视频咬死老虎,鱼香草
AA46001C636EC5D72ED4B0B3C2DD4480,4,为什么说死在华农,防晒霜,我的新衣第三季,书包网
C7DB62223BCCD0506CBE203CB12C5A70,1,公司股东分红以后公司要靠什么发展,苹果机器人铃声,美图秀秀,李思思
2E1F4A448560F4B222B496CDCF00AED3,1,喜马拉雅fm,喜马拉雅fm书,韩语翻译兼职,古代皇上男宠
C32EE63C4BB58B5A2EACF6664F4A9766,2,马丽整容,同音词,爱哭的原因,十斤肉
8108DBED3ADD9D79FDA170EAA248DDF1,4,明月纹身手稿,怀孕第一个月有什么反应,手机有办法看定时说说吗,苹果6s双4g是什么意思
68CF58F1D274688278E0E242E23E69BB,2,属猪属鼠,bqcd,农历7月为什么只有29天,像素多少才算好
B87781604DF2DFE3DFEB4784DB4125A3,2,盛开,重生复仇腹黑嫡女,欲成欢,荒岛上的兄妹
4314CBD0A1014810146D67B98C701B16,1,关思慧个人资料,近视眼怎么恢复视力,导游体检项目,海尔w1048plus
BE0486834D54B06739C73B913070CAAF,1,单眼皮贴什么双眼贴,洗发水什么牌子好,如何选到好的拖鞋,潼南县教委
8DC5995786DF9FE6503F49A276E5D564,1,wis祛痘凝胶效果怎么样,便秘吃什么水果最有效,悄悄是别离的笙箫沉默是今晚的,江苏科技大学苏州理工学院迎新系统
F3FB9B7D91378DE3B628E30FF47EB778,1,下载英文字幕,c语言,江西省考试院官网,c语言api文档
7197D6AFCB291C1EF6E8C3B21869D5E6,1,2.15年韩板羽绒服,长披肩外套夏天的,重度残疾人养老保险,2016年国庆休息几天
22E8C6D22B0CCDB34E86765D09A91418,2,太阳新天地内衣,榴莲苦还能吃吗,男人吃红枣有什么好处,法国水之道怎么样
CAF146820AF4B5C95DD4D586170E925A,1,芦荟胶多久洗掉,爆笑虫子第二季,圣安地列斯秘籍,飘雪韩语版
4D3B83C27B6EBC0B64B3B5C2F77E93CB,2,送君千里,迪比斯水上乐园,百度,淳化天气预报
B59F971BC893F5F503A2466825F543F5,1,马先生动画片,完美告白天诺,oppo r9进货价,l开头的手表都有哪些
EC8B4107E7211A0C2A2C5620EC7CEBD1,3,柚子的营养价值,郭敬明,子鸡汤,开心果
BF371DA21469E5CD6C1F990746B6171D,2,东莞石排离凤岗多远,顺丰快递电话,为什么会出现死胎呢,独一无二健美操视频
046643D64C01A466C51ECE851B0341E3,2,聚福游安卓,云南第一贪,大乐透,卖洋芋
BD829782BB060266D495C533B4EBF3DA,1,选择适合自己的路作文,白芙泥真的全身美白吗,妹子左手无名指戴戒指,成熟的句子
B0D2D4A4BA1A8DEF06A9A3378F77E8A0,2,吏禄,敝,别人说吐血怎么回,inthromantic的意思
665DEFFCCDD5D88C67173DE26044BF7C,2,最新毒面膜,干巴爹,奇迹贼卡组,2016山西学业水平测试
CD1C656AF694E67564512DEF1195AFD3,2,华山,k1002晚点没有,剁椒鱼,创意婚礼开场
1BB57B2CD74A855F3262623D00A079A9,2,车门润滑油,mailto:yuanfang217@icloud.com,吴秀波演的黑社会老大,玩街机游戏的平台
CAD5B20021BFD70BAD3CEC329A3D7886,1,东莞虎门地铁站时间表,oops,商务英语的英文,申通
1B6C47B7E38984DF18F28C65CE0B7A3D,5,洗发水什么牌子好,杨洋的女朋友,尿毒症,陈永青
F817859D057442CBC78B92736B3A59EC,3,电视剧十宗罪更新时间,旗帜奶粉2016最新曝光,龙王疮怎么治,topfeeling是什么牌子中文名
B4D4B8C01032F4D12DBEA2FC1C9B293C,2,姜豆角炒肉用抄吗,goodboy在线下载,蛇妖显灵链接,用了珊瑚藓净后脚还是痒
701F1CFA6EDFB5D87BABFA326DE6AE56,2,李昌,人民检察官,中国铁塔公司,往届生能参加国考吗
DA595AE3B3F13C200738B6C68B98B466,1,星之守护者,k5大灯多少w,英文翻译,夹心月饼
A34AD1D843D445927DAB28D3438D3CFB,6,凤凰图龙展颜,达飞集团,欧式风格装修图片,中秋节放假
A653C014F95F8865924B6AF6EAE84441,2,高通骁龙820,突然心慌头晕眼黑出汗,麻辣变形计演员表,宠妃
301EED8040CFAB5AEFA0048A5E27F7BC,1,淘宝卖家花呗怎么开通,微信工作号的身份定位,个人总结,飘飘欲仙狼太朗全文阅读
6F6C55BDEB6E4192FFE91145967C0FA0,1,oppo透明手机,智能指套,织田信长,韩国苹果7
8E8557F138C49F7DC1B2BEF00DAF8C14,3,奇异果不能和什么一起吃,奇幻森林百度云链接,梦见猪冲到我头上,微信
5BC542543D3BBA3AE3FCF61CB14DC2C7,2,黑暗骑士,北京时间,操作描述 顺丰,日本忍着和和中国武术
34F857F69564974F6B6C7950E342C520,1,乔任梁吧,和蟑螂长得很像的虫子,诺威娜生物膜,动车钱可以退吗晚点
A8A0AE0D6FDC012DCCC3C9F61D0CB50B,5,"羽博充电宝充电,手电筒就亮",002151北斗星通股吧,伊梨温永福,吴媚娘传奇里安定是谁害的
141C2D836327A3BE9CCE611D08915150,2,武夷学院锐捷客户端,描写环境的优美句子,浙江大学茶学考研,黄淮学院
F7D2F4CF58128000E1084CDC2F85B673,3,有时候人就是这么奇怪 受了天大的委屈都不?大乐透,致所有坚强的女人们,云迅通是什么,"别活的跟支烟似的,让人无聊时点起你,抽完了"
F32363795F2FACF358ED2481E6631AFC,4,阳宅风水,生漆专卖店,九狼王,海宁皮夹克价格
8FD58F0380CE3DA3B6E0A3825818A093,1,受辱的美少女名媛txt,全景拍照怎么用,电话号码查询机主姓名,上海来福士广场
E9E0982B744FAD593866C66AAD301E0C,2,剑三太原尸骨,南财教务处,秦时明月之君临天下,有个日本的女子组合拍的内衣mv
9BA6371BB4269B6CCB809409977D974F,2,笔记本突然一黑是没电了吗,妇幼保健院可不可以打狂犬病疫苗,什么地方可以打狂犬病疫苗,ps为什么不能存psd格式
3402C24E4869190C75E48CAFA369C56B,1,乐夫天命复奚疑句式,抑郁症,乔任梁死亡照片,vivox5pro
357D9DA1288E562F7E0496F0BEBF6D4B,2,索尼xperia z5,怎么画内眼线,郑爽凤求凰图片,b站审核不通过
39EDC8E6BD3A73EC435401AC858CFF7C,1,华容县,一首叫名人堂的歌,永州市,paste
EB13BAF15721EFF49F569DAB4DF65B01,2,新部落守卫战拉霸入口,英雄联盟之王者归来,昆明火车站列车时刻表,顺丰快递官网
BCEB9A23B925D69A7C1B97035AB6F230,2,战国策语录,货币战争txt下载,北京哪里好吃好玩,网特别不好用笔记本打不开
9A186A5D1096961636D047EBE10A974A,1,圣安地列斯秘籍,中国的暑假作业法律,纪念伏尔泰逝世一百周年的演说语言特点,华山
E7C6CF64B295AEFAFD98B827D249A6A3,3,怀孕多久可以测出来有什么感觉,人体的血多久换一次,美的电饭煲4037机打发票,脑子里有血块
A2C29BFD5CA008D234FB3BF58F44A184,2,乐视x900+,口袋妖怪手办正版,黄鹤,重庆
EE8527BD7D28643D8AB88076D6CDC47D,2,初中课程目标变化,vivoy35是全网通吗,谋宫txt下载,俞承豪
D33BF58EC9693409CA2142C582238ED5,1,太空棉衣服怎么洗,贝尔摄影师,obstacles,杨梅
721E72C5DD7D769194664CC73CC91AF4,3,戴尔灵越5000系列报价,甘肃农业大学教务管理系统,报考研究生需要无重修吗,华为5x多少钱
E603272F7D0615A7E11E0A26FBF477E1,2,顺丰快递电话,华为mate9什么时候上市,北京顺义集散中心3是空运吗,"在淘宝搞充值,能赚钱吗"
1E27C16C045851451CF340F0F4447586,1,用林国梁编一个网名,黄勇,微信,廖勇
32B4FE34DEE46730F6DF2BDFB8ACD115,2,手机收不到短信怎么回事,鼠头蛇尾是什么生肖,卸妆水去黑头的方法,腊月的猪命运怎么样
533AF491B57E6004E7C297BE171243A4,3,湖州市吴兴区织里顺风快递,宾馆一次性用品批发厂家直销,湖州市吴兴区织里镇酒店招聘,note7全球召回
C0E2B095EF34E9D4BB1B8E4C685779BB,2,陈乔恩多高啊,爱诺化妆品价格表,诉衷情,实践报告范文
4EF6902D8A05C6C786FE8CAEA6C3FA9D,3,乐叶光伏,超神学院美女福利照,g6072,马伊娜
A75B3060A1BC8CDE461CF386C7E6D1D8,2,搭错车的编剧,有一部电影世界被冰封,申花冰箱售后服务电话,宝骏310报价及图片
199B3B8F394125761C92264FA906B243,1,笔记本电脑什么牌子好,飞机票,大主宰,大主宰灵路微电影
E8993EB38A3304A3087BA418C7999DF2,2,义乌租房子58同城,放在钱包里的钱每天早上不见,r9快充,众彩物流南京水果价格
83C16CA33188146A75891C7CA68F5143,2,报销型的 不是给付型的,海富花园在什么出口,宫宫颈炎,经期可以吃葡萄吗
6D435FF534C70BF5589A782D98718679,4,龙王传说,笔记本电脑开机黑屏,吊丝男士第5季全集7,兴义四新
38FEEC82529FF25A87D4DF4F2644ABC7,3,雪莲子煮汤,招聘网,面试提什么问题,安婴儿奶粉怎么样
E0D06E010FFD6C881BE410DE0731F7DB,3,墨宝非宝最新小说2016,张继科军训视频是,刘诗雯金宋依里约,速派奇车业有限公司
B8B382F6906F0DC6004BBC86D46E0037,1,绿骑士,高压负荷开关常与什么配合使用,笔记本需要散热器吗,高新技术企业
506F2773462782B045654F717172E9B6,1,球球大作战段位,vivoxplay5旗舰版,tj红万宝路,吴孟达医生恐吓2次
7504E0052A1196DD90A5A7533E724C60,2,银川保伏桥阿语学校,兰州市哇嗳哩私房火锅是清真的吗,有货软件下载,表格下一行快捷键
27FB6BDC6A820C7D8B134AA952937072,1,脸颊和额头总是长痘,百度手机助手,鸿门宴朗读,玩网必备软件
29F3C43866AA895F76D8FB4168FE599F,2,奖学金在社会实践方面咋写,戚薇,网易邮箱大师手机版,洛阳市伊川县周村的邮编是多少
ED34B349EFE670B5E7D32656B99C01C1,3,有意义的微信名字 女,途观风尚版和舒适版选哪个好,新车磨合期注意事项,为什么坐骨神经痛
DBCACB93831A579758AA117D767766E2,6,自动断线锋刃机价位,血糖高吃什么食物最好,红稻的管理和白稻一样吗,飞跃牌电动平机价位
021C04A924E8526216A76FB946072A75,5,合浦师范附属廉州实验中学,合浦师范,王尼玛死了,百度云播手机版
FA66F1633D232B89A41CDBB14916279E,1,闲鱼,gtx750 gtx750ti,封印者配置,笔记本网线
A8705B99B25A300CF5A2FB7D99D9CE4A,5,小说王者陈圆圆,绝世倾城 常大石小说,小说青春的秘密,小说青春有毒紫幽阁
8DE84D6D017B7020B76576F67897D924,1,flag是什么意思,抹茶咖啡,天秤女,连打两个喷嚏是什么意思
83D1232CF198628D8CAE4C57A62A49CD,2,童话二分之一郑爽是第几集出现,人皮面膜贴完要贴补水面膜吗,卧室卫生间装修效果图,vitd是指鱼肝油吗
3A06C7C42934C644E4ED09BE8CCB7D68,2,10086网上营业厅,长痘痘原因,2016四级英语用什么资料,心脏突然刺痛
752C73580C219FA6CA3CCAFAA03FAACC,2,入党积极分子思想汇报,威海经区人力资源保障局,入党申请书格式,电视背景墙
65316A029C666728EB46C4E767D7D34D,1,湖南省科技馆门票,小米手环2怎么抢,http://,耳机熨机
9AC240D896F8C7A72387D5DC4CDB84B8,3,早餐配送的前景,常熟泰达汽车物流,投资小项目,甄妮性感照片
55307179124B539E6B106F3E53F5F6A6,1,枇杷,qq超级会员多少级可以举报封号,建设银行个人网上银行,宝马x4
5368A7F46CAD8B2BFDA4A801AACFF9D5,3,激素六项检查多少钱,短发图片,哪里的姜驱寒效果,肾结石有什么症状
704309F22701A28672A2063676FDE3D0,1,闲鱼,qq头像,闲鱼的快递快吗,斗鱼
414CA2F82AAE7127B28348BC2969FF48,2,天津属于哪个省,颜料调色表,熟悉的味道,海枯石烂
620A29EEA1BED3B55A3C11154B3D15C3,2,qq头像,国丽,丁字车标是什么车,楚楚街
3D8657E9D490C8DF5B9029137B9F9830,4,"延安时期,对庸官就出台了治理措施,在中就规",海拔越高气温越低的原因,会喷墨汁的鱼,把我国建设成为法治国家的首要任务和基础性
C57D9420478FCEFEE6146FCF42FCFDA3,3,羊蝎子是什么,额突图片,鹿晗图片,康强网义齿加工厂招聘
9847B2A9A67C8718C0E870043C7E97A7,3,星际迷航暗黑无界,霍顿怎么了,苏运莹,动画k
7247FD7782D15B7469122E5DE3B36ADD,1,我对以前的事很抱歉好吧我不原谅你,孙悟空怎么打赢比鲁斯的,刷pos机手续费怎么收,口罩卡背景
7F947EF1485E70B9831869DACE8F5C67,4,剧版微微一笑很倾城肖奈电话,黑田兵卫,astronaut怎么读,什么意思
5BBC9B207D771BADBBDD4BB79860A1CC,1,雷诺保养灯归零,新款狮跑报价及图片,b50音量调节键怎样匹配,u盘装系统
112673DAA9CD6FFAA8E66263A327136B,2,李敖,美图秀秀,黑色玫瑰,kinship
29D54D4267AE23F3FBB247865933CC5A,2,940mb显卡,哪家键盘质量好,麻黄,为啥玩英雄联盟卡在封面了
B2A57B4DFE38C149D65508EAD9337D61,3,波罗的海怎么念,怀孕七个月早产儿会发育迟钝吗,少儿读物推荐,0到2岁宝宝身高体重标准
9C0ED8EC4F01D874DAB842A81E84B9A0,1,表情工厂怎么在微信里直接用,滤镜,科学网,天天养生视频全集2016
DCB25B1AF509D013698ED00CE7421C30,5,微微一笑很倾城的ko是谁,属兔的今年多大,经济师网,兴宁是田家炳农民街那个牛肉面店叫什么
EC916BF7A4BF39263B0AB1F59018D928,2,张笔画是多少,逞强的意思是什么,抑郁症,吃茄子有什么好处
3CDD7EC6DCFB6DE1BCBD620BE8E092D4,5,雅丽洁泥膜,'qq,婚前试爱,麻辣变形计演员表
19E7F48F81A9056615BCB9F8F725E259,2,感觉左眼有异物感,tissot,性价比高的箱子,tcl电视为什么突然没节目了
5F7BC832CF715D745636371F2F640974,2,恋爱暴君ova2,"你好,中校先生",折纸蚂蚁小说集,6、《酷总裁的迷糊宝贝》作者: 语羽
8937491FF0A5E8E834B7E6A8A0E32EFB,3,丽江天气预报,珠宝行业五行属于什么行业,英文翻译,百度
C229580A7AD6574F41929A8443F4F491,1,网购相机验货注意事项,霄姬 四喜汤圆,日落松间炊烟袅,百度
6B2D5251362E5D78A400A569005DD90E,3,华为手机美女壁纸,360手机桌面,个性苹果手机壁纸,p0p
9A73B5BADA15D87F546A595088F39941,2,朴槿惠提早回国,百威电音节2016广州站视频直播,南艺新生颜值爆表,台湾县市长访北京
9C28BBBDA3BFFD2587603917B1E8EA4C,1,胡彦斌,太原星美影城,我的世界设计图纸,缶诂怎么读
FA8C00E650B43CAEDF5CAB87F71C55CD,1,蓝宝石显卡,诱导公式,键能与能量的关系,amd显卡
D8A21CE26FAD921171D2D537907B63C5,2,蛋鸡肉鸡论坛,"鸡青年,中年,老年怎么分",痣疮图片,太原富士康
A589D44E9AB1561BA99A3B1E0614693F,1,车床加工,范冰冰裸照,吊丝男士第5季全集7,人丑
25B91B654711337BE8F1E76133293793,2,闲鱼,金主,蛇蛇大作战手机版,上海周可儿一杀七死
E93AD314357A3B6A20E7A53087CA6439,1,逗逼句子短句,卡通图片大全黑白,微录客福利,跟迪丽热巴视频聊天的图
C42ED43587FAF2C8B15C9ED9CED6E540,3,"怕冷,困,饿",玻璃海棠,蔬菜图片大全大图,省内列车时刻表查询
15225350CE8595B5626267502ABC7928,1,口服用水吗,梦见指甲盖掉了,俄罗斯神童,什么字最小
1E137D4E07280CD027102E601790B017,1,绝世萌妃搞定腹黑殿下,梅根福克斯整容,刚买回来的口红偏干,三牛念什么
7C760EB38B8165C0F118289CAADBC70D,2,夜轻歌,菲菲公主紫,山大主页,移动自助服务厅可以补卡吗
990B7F7AC3AD1BBD47FED16F47C9B977,4,海龟卡通图片,不胜负荷的意思是什么,"山龟里面的鳄龟炖着吃,和什么东西相克不能?八,九,十岁的时候吃了一点田七,跟长身体有?枯叶龟",吃鳄龟不能和什么一起吃
9AA2CDF32AAB32688EC516C10E417D87,2,写字板不支持此文档格式的所有功能,澳洲ve面霜怎么用,好用的播放器,虚拟机连不上主机的网怎么办
E53A3CA4FE3AAD171828D6A0CD87220E,3,国民女配之捉鬼天师,htc820怎么连接电脑,重生之影后自强,小型饺子皮机价格
CCFCF714F3891E682FA8C4F1AFEBA7AF,1,长汀有多少有姓赖的人吸毒吗,空号是什么意思,137路公交车路线图,brt
B731B6E817031EC015481B4E8090BC52,3,校服简体画,微微一笑很倾城经典台词,佛珠结图片,手机泰文输入法下载
B998DAA0FBF91A5635EBD19C9C1D4137,1,w两个世界16,蝶泳 英语,南京交通科技学校,新型卫生巾
8BE93AA730F9BD3917CF7A5BF756B217,3,聘请第三方会计事务所,孕妇生产前能吃什么,梦到蛇预示着什么,两个人怎么打干瞪眼
BA2F184A6720AF432610C31D42B71244,1,好玩的单机游戏电脑,吴磊的头发,qq头像,白色的痘痘是什么
DAF3E65DC89740B754020B4B79FC0250,2,清华大学老师1760万,广州铭泽装饰有限责任公司,百度,苏运莹
B33902AC3602B71E17F9EF0E58661167,1,iphone备份,系统光盘多少钱一张,极乐净土为什么这么火,京东怎么选择送货时间
31200E961C34CCD2F406056E1B4C1341,1,"早安,总统大人小说免费",最具风采的小刘例文,微微一笑很倾城微微家庭状况,微微一笑很倾城郑爽身高
395A0E4DAFA7358A928C40D7740950F7,3,荷叶袖的裁剪图,子宫前壁和子宫后壁那个容易生,百雀羚气韵套装价格表,糖耐检查要多少钱
F4049FD022C2971C0D90C836ED1624B5,2,b7支7,下载游戏把磁盘都弄满了,杭州330,优先股和普通股的区别是什么
8AF791939F2EB0B3CEF4EE605816DDE4,1,两个人一牵手命运就开始,鹤丸国永,倩女幽魂人民币玩家看的出吗,当守护变信念
A2EFBE9C40130A84FFAB8AD8F678C664,2,99客服系统手机版,炉石传说手机官方下载器,无损音乐mp3,手机兼职网
ED119E444E64FA49B80E0951949A5CAF,1,周国平,考全日制大专学校怎么考,庚,一个木一个廖的下面读什么
793BD54ED280B3A691ED9C920AEE729C,0,如何办理护照,制服诱惑txt微盘,盛开,南通站
6CD14ED4BFF7188FB579F0D17FE99D62,5,五项网络电话,魏则西事件是怎么回事,边牧适合什么狗粮,边境牧羊犬
335F2A03BEAE317C209502FDE6C72AF2,4,举重,孙楠,中韩 王丽丽,庞涛
ADA8E7D054A0DF46BBA86D02AAF87338,3,合约情人众人钢管舞,大王叫我来巡山舞蹈,吊滑门图片,什邡恒升实业
80FA5F9D1EA0834F03E3054AF9C92859,2,瑜伽怎么练的那么,凤凰9景,员工迟到一小时怎么处理,长沙去岳阳石牛寨
DD117D6C7E0981F75A839D09E6660799,4,西红柿鸡蛋炒饼的做法,石家庄社保局,例假来了一点乳房软,指甲油的危害
5043E3F13E420770D4CDC7E5A6AF69A3,3,青云志剧情介绍,央视1直播节目表,人民检察官,九朵云马油精华液
DD7806E288D524BC6E5B28627E2BC6D0,1,神之浩劫好玩吗,蝙蝠侠之阿甘之城,肋力车上牌照需要什么,苹果改装
0C8D37A8112A33DC1736DD6791602BD3,1,早上可以空腹喝牛奶吗,死亡邮件,喜羊羊和美羊羊,听吧新征程号角吹响什么歌
D23371BA718079BD4814A24A00E59B12,1,和服为什么辣麽贵,平板仪,过七,btm什么意思
F234871C44D0416758C70319128BA80E,1,索芙特洗头水怎么样,贺美琦,为什么说许晴是日本人,菏泽大上海婚纱最快
CE9C14293DBF6E3FC3CB03F57997668C,1,香蕉英语,昨天同房今天来月经,美图秀秀,鹿晗图片
04FE7539C62EAD5851DC61E205021347,3,中行异地可以改密码么,合肥蜀山区邮编是多少,龙居山庄二手房,链家网
6E57F2D1E6A7C338B4619A2542805EC2,1,模拟电子技术基本教程,02195511,stb 结果不同,"收将白雪丽,夺尽碧云妍"
02A9F70BB6B1B12E80A2604AF0BE3CC6,2,活着,慌慌张张匆匆忙忙是什么歌,诺一集团,无字天书
A4CAF30E6BF3D4F6259932878B5C3BD3,2,kfr-32gw格力,lagogo和拉夏贝尔,公务员能考全日制研究生么,mpa怎么读
5BD1FE0F2AAB51CAE7B6AF9D4450B799,2,俄语第五格,guerlaln,givenchy是什么牌子,俄语最高级是什么
EC3AAF9240B4518DA625DC191D16028B,3,科大附小学区房,林心如探班霍建华,什么季节吃榴莲最好,开花植物盆栽有哪些
F19CDE99E6D19219DBDE508BBCF77AE8,2,鲻鱼,融金宝,英雄,湛江新闻网
E7655D97B3D02AC2B07D2045DBA56416,2,熔炉电影,神马电影院,怎样吃消化好,行楷书法欣赏
1ECCCADC4F7A2A5C72ACDA23EA86EA7F,1,黑曜石佩戴禁忌,宋丹丹老公,日照到烟台火车时刻表,专升本水利工程
756A7B0143BADC9C84E5FF22BD25D94F,1,微信怎么查看别人的朋友圈,英雄联盟英雄成就点数怎么获得,百世汇通吉祥物,abp 439
8EF727E9E768D8BE31671D49DF3949A3,3,四字词语,竹叶青花,三个字的成语有哪些,画熊猫图片
5D821385EF0D19128A51F9C77F8A1174,3,青云志小环结局,双钗传奇,洗衣机存不住水怎么回事,蒋欣短发照片
12914BF5B638FB4A9BDB562D37BFBA53,1,oppor9手机壳图片,余罪第二季,qq头像,嘿晚安薛之谦
4EE4FF7B5C49FB65A118D3E12CC0F537,2,character是什么意思,住房几单元什么意思,笔记本电脑什么牌子好,铜陵游戏本
3237AFCCF9BC59B5CB22D36FA7B55BCA,1,左耳上有痣代表什么,红色瓶子的洗发水,手机怎么注销qq银行卡,下雨长隆欢乐世界开吗
DBE47480EFB990C2337730475EDA26CB,4,抽水马桶,小桔灯绘本馆,铁锅炒菜粘锅怎么办,么么哒
EEC25F25E07D174C36C76C984AEBD6B4,2,邹平学区房,牛大力的市场价格,中国建设银行邹平支行黛西四路,邹平公交车从车站到步行街
5155D1D3BA68F14627C005BC51E82390,3,顺丰快递价格表2016,西昌车展,快递收费价格表2016,冕宁县到西昌多钱
5F3BDC6658C020B936D876218765164A,1,济南到潍坊的高铁票,综艺节目收视率排行榜,国产凌凌漆,济南到昌乐高铁
3D074CF1E23AF6CA11A4098D05546817,3,叮勾,兰州新区601路线,qq厘米秀怎么老显示去商城开通,眼膜的正确使用方法图片
7B5C0BB42F80BFF444E343FDEA2F92D4,2,徐州到日照客车,社会实践活动开展情况都写什么,即墨北安韵达快递点,蘑菇街衣服怎么样
AE03FB7AB9BDA8C6F5D4103635DF740F,1,用什么洗脸会变白,过肩头发发型,羊奶手工皂的功效,橙光游戏中心
205B6B1950F2DB1BA97DCCE7125A099D,3,福建省投资集团,福州闽王,福建省建筑科学,梦见自己女朋友被抱走
E831C04919E2720B043D00AD08D82770,2,为啥我有时候帅有时候不帅,白酒漱口有什么好处,我和你,秦时明月之君临天下
EBF636CB9098853AD692BCD95431FC5B,1,哭的时候怎么擦眼泪,读书不流利怎么办,oppoa33电量百分比,春考哪个大学有播音主持
04EF872D2CE67EBC357E4D9CB40DBE5C,1,关于知己的诗歌,wps里怎么设置行间距,浙江财经大学学生手册考试题目,六级成绩在75分及以上、四级成绩在80分
546409312EB2FED3C1AD504CEE6A8E38,2,达令里面有刷单的了,苹果6s电池怎么保养,腾讯微博,秘鲁巨型蜈蚣
7B2A6615EC1CAFB717F3A0165F82D2EC,1,厦门旅游攻略,如果我只是过客拜托一定要记得,我是一棵柳树作文600作文,少女时代成员
2D80600995DC8CBA0EE2B47210A287F2,2,学号不好辱骂老师,朴槿惠提早回国,带饭哥手挑8份外卖,感受化妆发型的魅力
D479CAD2F2BD3E5CCBB8511E8823CB77,1,羽毛球决赛时间,用英语写中秋,advise的语法,竞选纪律班委演讲稿
A03C508ACC2CFBDD5E9756A08FA4D356,2,厦门brt在地图上是什么意思,文学楼,竖式运算,利息怎么算
040A8CA94C9B043D8DA44C47F08FB2AE,4,小别离是汪俊导演的吗,开心消消乐金银果树怎么升5级,廖赛人照片,洲克官网
810D2F5212FCE0126C2A20D604D0221D,1,妻子小梅和她爸全集,南开大学收不收职高,佳组成的词语,狐臭会传染吗
8F0FD2AC777EE2FBC3C559BBA8A7F5C3,1,连云港对虾,无穷大证明极限例题及详解,如何求反三角函数,新疆是西部的吗
571967647E9A36C308C28137604F82D0,2,客厅地板砖图片,脚气是什么样子的图片,洛阳年票包括那些孟津景点,郑佩佩个人资料老公
AD242F662ABFFA7C10D82D7430C2B367,1,英语周报2016 2017高一,动漫中可以用来写议论文1002动漫句子套用作,世界地图高清版大图,武警军衔等级肩章排列图片
EE1AF66C46F454B359A67BAEC2D68FB4,3,北京智慧长阳文化 招聘,十年 电影,面条怎么做好吃,青春不回头
DB779C757B30D91DD62893B7ACC24F5C,1,禾奶绿 子承父液腐书网 清明(生子),武昌到螃蟹岬坐几号线,鄂州到武昌要多久,怎么锁qq空间
721F65902AF40B20254C6E6B507FE2E6,1,草民,强龙者兽电战队,草民影音,龙珠z电光火石3怎么能把血变成满格
49C5359C5F3E5D6F532BD0C6E49CBD23,4,幼师对照片的留言,微微一笑很倾城的主题曲,幼儿园学习声调歌教案,幼儿园幼师怎么讲一个数的前面和后面
DF6497275A0D67C3949EA1BD732EEB49,3,深圳地铁11号线,红米3s是安卓几,百度,横8是怎么读
ACBDF97ACF65253181B58A5DA7FE3AE8,1,办理社保卡照片要求,拍一寸照要多少钱,霸王别姬,三门县坐火车到宁波是哪个站
745E4D36776AD78CFE1320EBBEDBB6CA,1,蜂蜜柚子茶减肥吗,路面安全事故原因,路面安全知识,cmcc登陆界面
9C1B89AD49E17FE08A53A2F65FD1F086,1,爱心早餐做法简单方便,综艺节目收视率排行榜,豌豆怎么做好吃,土豆泥
85585F8BA234B74175D793A37BEC8DB5,3,什么牌子的羽绒服好看质量又好,石榴籽能吃吗,最凉不过人心下一句,离婚语录经典语录
A6AC9A794A0E4474B908A18065837957,4,烤漆门和免漆门哪个好,经期超过10天正常吗,贴墙布的胶水有甲醛吗,烤漆门好还是免漆门好
1B1266E358F0613586969AADF56DD7F1,1,王者荣耀5级符文怎么分解,高倍镜与低倍镜的比较,笔记本可以不可以装win7经典版,手上粘胶水
F5E5B1A37AF192F7B3D39E87F5ECA93E,1,如何不打电话知道关机,冬瓜做法,怎样通过qq号查微信号,全民k歌怎么玩效果好
046BA6D97D02A139DFB68781E0BE9494,1,数学,微微一笑很倾城txt,受叫祁墨然,溺爱by培根兔肉卷微盘
AF5E269014016DC7F8BC95B90CF04B6C,3,传动轴,西安市,如何组装山地车,魔法王座今天维护吗
DBAD674C4C03B0EFE4CE9803D3428E37,2,美国论坛网站,宁波元乐工地停工通知,飞利浦剃须刀8860,电脑突然没有声音了是怎么回事
D44F5E6DA17EBDB96EF729AA6A53DFA8,1,眉笔用洗面奶,王俊凯裤裆凸起图,2000年12月3号今年农历,谢娜贴吧
3D14C6367F72B5B2A2D431A701752457,4,鬓,华硕,顺丰速运,手机能直播电视吗
E9D55A2B895287030DF9FCF3E6A0056D,4,自己去除牙结石,纸粘土,肉赘图片大全,瘊子传染吗
5A908C19AF6EF39183F759177DD5D47D,3,北京时间,好吃不过饺子 好玩不过嫂,杭州g20峰会,国色生枭
BBA724BB00B45AC9DCC98E4A06A780BF,2,qq语音通话暂时无人接听,qq头像,用无线蓝牙耳机听歌后怎么切回来,免费小说
3DD1C6E1F39DF593DC838DA2AC358C7A,3,钰肤嘉面膜多少钱一盒,泰国电影,水妖孕妇能用吗,滕州小餐桌招聘
C5A7DBA1C52B43B101E48C118F143480,1,简欧,龙王传说,忠志系列,百度
731A9320016133EACA6FBB352983B9C1,3,韩国水波浪发型,东方电热科技有限公司工资高不高,低温提取黑色素祛斑,微信图像不清楚
A52A2C6C8EA942624FFEEC9E60DBA6CB,2,百度手机助手,可爱短发,猫盒上的灯是什么意思,实用查询
797ECDA5C4718550F543013D27BD91DF,2,薄情寡义是什么意思,充电宝为什么要用胶带绑住,导游考试题库全集,angelababy
77D8C45638E0E600DD2E2F00CF3359C3,2,童年钢琴简谱数字,上古卷轴5霍斯加高峰怎么上去,胡德与歌尔朵家抄家,四六级成绩查询入口舍
B4E8605A6677A743E570472E5CF6459B,3,流产第四天小腹痛,樱花酿减肥管用吗,保卫萝卜3公园爬楼梯第四关,滑草设备
686C2BFE5C8456A21DE2398F9905725E,2,铁锅很容易冒烟是因为质量不好吗,电脑如何截屏windous10,下半年教师资格证认定,乙型肝炎dna正常值
BA5F12A7E0E9C46B964461689250E85B,1,反派邪魅一笑,当洁癖攻遇上邋遢受,愤怒的小鸟 奈大,愤怒的小鸟 微盘 奈大
4B81BA9EC261B05236A96126F2606353,3,孕早期不能吃黑木耳吗,孕早期能吃散子吗,孕十二周彩超影图,孕早期能吃石榴吗
52C04430666DDA8C2E70A4D9CDB5D6BF,1,大学留级有什么影响,蛏子,使命召唤6键盘没反应,江山如此多娇
F6A2DC0F5E6E8D9FA59FAFDB291C6E0D,2,果然翁为什么能虐神兽,黑鱼,雷丘,名爵锐行
9D19A73364E4D995BAA67E438D1E054F,2,炉石竞猜赢卡包网址,日产奇骏钥匙图片,炉石邪堤最后一关,公安县怎么去江边
D9451E007FDF192859B98690E861DCF9,2,信用卡最大额度是多少,百度图片,骚猪直播喝的水,熊猫tv
6BB4D5953BB4A37AD68EAF87BEF5DDCF,3,糖宝图片虫子图片,疼吗疼为什么不放手图片,一根筋的意思,男人没有担当的说说
8D562F921880883EB8A4D729590E4018,2,陈好个人资料简介,教师节贺卡图片大全,悠悠母子情 完结版,cpu是什么
C4113B71A8CACED18DF05E47B81A47E9,1,微信怎样才有微粒贷,翡翠原石图片,扁桃体时不时发炎怎么办,玉可以用火烧吗
BABFC2E12B8CFF152FA89BE6E63E647B,2,杨光快乐生活为啥不拍了,支付宝客服电话,猫的los口不亮,淘宝卖家被限制必须要考试吗
10F8E13309B5C7916B9BA7E17D858363,1,文达信息工程学院宿舍,物流寄冰箱多少钱,素描几何,排球教练郎平在哪出生
3A8633639BC0415FC4B650AD7F2B6663,1,唾液腺囊肿,十年小说,被骗钱了怎么办,雪莉
F7FA35D652AB08E94C95BF04CE2EE980,1,贫困生补助申请书大学1500字,郑大研究生一次可以借阅几本图书,同城群人数多少,耐克官网会不会有假
529A11879B43FDE84C6153CFEEBC2931,4,阿拉伯字母,i0s10什么时候更新,口罩,i0s10里imessage贴纸是怎么收费的
F9BC9C8A241283059673E3A210FD09D4,2,宁愿也不愿英语短语,智能手环,微博被冻结了怎么办,喝冲剂水放少了好吗
70432EDE9EB087D121760A4E730D5D45,1,13姐姐,北京话天津话东北话,iphone7plus,生天津物工程职业技术学院
976F2250372A42380738F4A311377A38,2,多少钱,百度,惊天魔盗团2迅雷下载,快播的官司结局
9DF02CACAD7B56BACCC74FA6DCACF55E,4,官策,白色的黄金叶多少钱,冬虫夏草烟,兰州老树印信香烟价格表图
02D46D8668D5C7B10A3B85B672A4FE4C,2,张剑黄皮书怎么用,咖啡和花生能一起吃吗,watchdog,程序员网站
703FA79D2B8C0467AD9BE26FA539AB19,2,类似沈夜焰的作者,sapir-whorf hypothesis,资深堂发膜,抚玉
35EBD02BF4ADB03360957F007EF923CA,2,鸡蛋里面有白色条状,独立显卡和集成显卡的区别,毛泽东一生评价,乐视
C8465B7D0CC33BD7727BF20EF94BC8C4,3,有理数加法计算题,生活在豆科植物上的菟丝子是什么关系,如何把铁丝拉直,蒿里行曹操朗诵
9BEF1B59E9C14ADD57F7F4DD0787996A,1,呵呵,自制仓鼠窝图解,团营连排,七仙女传奇电视剧
738C37C2F1F2D010485A07BE5C6BF2E1,2,欲成欢,雾眉纹几次,自制轻断食减肥排毒汁,一只胸
5BF07D187F4BDA8BB02E5C6E5EB4E663,2,冯唐《万物生长,《slam dunk》,他知道风从哪个方向来百度云,会计从业证报名时间
C66CBDA4B77A65D4897CAA1E96A63040,1,南宁吴圩国际机场,脑白金,群管机器人,布加迪威航
21AEDC281C17A3B507AE0D764E5F85D5,1,做梦梦到自己头发掉光什么意思,mikoo什么意思,幼儿园小班教育随笔,贝多邦园区端发动态是不是只能本班才能看到
B48AD8F78CE5FA3BCAFA9659FF0BA82B,1,6本神阵最强防守,肺部感染,打针引起血管发炎,18周岁可以考什么驾照
450570009719EE429BE62F98AB32FFD0,1,泡沫之夏电影票房惨淡,二外,重庆交通大学,每个专业都要学二外吗
FE357D7CAEF0D29BF2B80658C6DCA40F,2,箭牌香烟,张译,超速10 以上不足20高速,李冰冰太谷
857EE4531FB5314D523B86CA6472B05B,1,薯片的做法,快递分拣兼职累吗,咸阳第一人民医院官网,快递查询单号查询
54BC997812460AE5CBECAE5492B01471,2,食物中毒吃什么解毒,怎样提高胆量表演节目,梦见拉虫子是什么意思,固安捷待遇怎么样
DA6E82C6580F6473F0834F552A3E69AE,1,神龙钢刀为什么被喷,龙王传说,w10怎么连接无线网,60固态+320机械 vs 120固态
0F2B76FED88F15929A2C32A6F3079DCF,1,烽火,运输成本的最高的运输方式,海德哲基尔与我,标准化运输标志
06EF98CAAD792CA3491C1ED568FBDFBF,1,自动存取款机怎么存钱,武汉地铁站坐公交多少,胸前毛衣,fifa聚豆换购
179F361C15909732D733391C826A388A,4,歌词没有你以后是什么歌曲,石家庄永泰驾校图片,布艺手工制作,完美告白
7E8B920D3F14A3A147A1315DC280FB0F,1,杨幂泳装,呵呵,宇智波斑,火影忍者香奈公主
7B1FA05B268B20CDE88714FEB4D2995B,1,有所谓,手机关机英语怎么说,哄女朋友睡觉的话肉麻,乌龙院
DA7F1DDE4BA9BDDB79AB47CB18CC899D,1,后宫升级攻略,宠妃难为,嫡子身份,父爱如山兄友弟攻全文
551F2498328202083DD98C92E2737B92,3,济民可信银黄颗粒,胡春华进天津,爹地宝贝,葵花小儿咳喘灵口服液
C5BCD4A5CE4C891EC7BD595D0DC90BFF,2,势不可挡by柴鸡蛋百度云,君王by聿桥,追寻by苑波,恋爱至难by本末颠倒
79C5F509E2C24561AE9043863F62DECB,1,尖锐湿庞图片男,为什么淘宝发不了链接,治疗hpv的治疗方法,hpv58阳性会传染吗
8A9BE694DEA56D283C02745044FD6E1D,3,"投资十几万的店,一年回本",卵巢囊肿吃阿胶糕,什么是代谢综合征,催吐
F8502E684D212B43E845BCE6049A86FF,2,都江堰放水节时间,古代爵位等级排列,勇士队,gsm是什么卡槽
2E6E30532CCAAD9C13F90C5AE313AF6E,1,蜂花旗舰店,大额头女生适合发型,左眼皮跳了好几天了怎么回事,子路曾皙冉有公西华侍坐的翻译
A4B5366296796B01EB680A791BBD241E,2,婚神星查询及宫位,angelababy,上海财经大学2016年招收攻读硕士学位研究生,复旦校花
7338B075E8DFE0542F171604B5385E00,3,在秦皇岛上班和在北京上班有什么区别,临近考试完全看不进书,财务分析专员岗位为什么要求精通英语,交通银行信用卡积分积分买商品无法支付
59CC61A122909A9DEBCCD856C84DF0A4,3,怎么找女朋友,少白头发怎么治疗,面膜几天敷一次最好,遮瑕膏
D3DF969BA9B4129AF6D8EF35F76EE534,2,医院周末上班吗,草木之心毁容,drmiplus,雪芳妮
B44518832CE085DC9999A9B1D1259560,2,如何煎鱼块,aj,陆家嘴有什么好玩的地方,微信的加密翻译没用了
4029E8DAD34A483D49AD588085BAB23F,4,蓝牙耳机在没接通电话是有磁场吗,led照明灯,3d瓷砖背景墙效果图,东方豪园 价格暴跌原因
E9925C991C039A311D53C683AFDA5EE5,2,死亡笔记l,白裤子配什么颜色外套,好男人养成计划,危爱
B0464A9D96544416DEAB958A96E1134C,2,婚后相处的言情小说,不婚妈咪,女强文现代完结小说,小说吧
BD824ABC60E2A1641A9E1890023BACD3,2,linux怎么换成win7,初中教师资格考试多少分过,打耳洞在哪里打比较好,电脑开机后进不了系统
8E6BAB373C881609DCADFE38BD504ACA,1,隐婚密爱我的腹黑萌妻,晔兮如华,杨玏演的相亲片段,咬发虫
44E54B6D17F04A6B726708722ED297C7,1,i54210m性能,兵役法,amd显卡,火车票预定
F28D2ED7BCC8E0DC4D500B089355A673,2,丁香湖公园地铁站,电视背景墙,优步支付宝登陆不上去,青云志天地正气浩然长存
8B1ED7CCC94D804AC93998337D8EFAA1,3,三资,去黑头收缩毛孔小妙招,蔡甸奓山有汗蒸的吗,湖北武汉财政跳楼
E3895E3AF565F1AD181472504A0C29E0,4,三星450r4v上网本,18650电池激活方法,sony pcg-3c2t,amd athlon x2
AB2E5ADC7F4295F0565E779D8F502C6F,2,女儿楼之石榴红百度云,小说吧,金瓶梅3d百度云盘资源,梦见鳄鱼
B3A806485A6F30A0B58E135BA659CE48,2,纹绣用什么色料好,男友在国外工作我说分手,纹身图腾女玫瑰,绿卡是什么
E8AC110965F6A58C95086AF7284BB457,2,破产姐妹,贝德玛烟酰胺,创福康面膜,ttip谈判
B35FE4DFF47179ADF58569A958F9F419,1,六扇门风云天宝决任务,洛克王国2016年怎么获得皇家迪莫,10661700刷钻的代码,格式转换器安卓版下载
69ACE8E56B06338AD988E4B7F13715E2,2,遮羞布是什么意思,慕容湮儿,脱发原因及治疗,来自星星的你裴念免费阅读
7BD6FCA11C26751578F8479FA92F6E3E,4,画饼充饥图片,舒淇婚后首秀恩爱夏洛,牙齿太高怎么办,宅族部落
5A092548DD6EB86C4F9DAB603BCC6D9E,2,去哪儿网机票,桂林旅游攻略,庆华航空官网,李多海整容前后
4F1A9F1511D926A2B9BBAEE877064979,1,酷依艾尚男童衣服,学习机,韩米娜风尚童装2016,贴在手机后面的水晶环
D9AF81AE0B1072AA95C3ED7E1329624F,1,球球大作战满50个棒棒糖为什么还解锁不了奇,华为荣耀7有玫瑰金吗,百度云下载,庄恒南方地产
644338964B047D3CAD31FBABB435ECAF,2,pvc是什么材料,鲁南制药,青云志小说,英语美句配图
3ADD87FB0E4839D71C08CAD049998AE6,2,快速,心碎碎梦醉醉是什么歌,网贷平台p2p,秒批下款快的现金贷
37577939FE5756DFC3C8409341DC226F,3,崆峒绝学,疯狂猜字谜,重生边不负33,win10怎么退出安全模式1001win10怎么退出安
EC1B524E2A6C885E16F57ABC810E14D1,2,外研版小学英语五年级教学计划,新教师培训心得体会总结,世纪金徽三星多少钱,兴仁到兰州
7000534A09C37490015A3EC255D475DB,1,看片软件,套路女生的问题,高中学画画,高职与高中区别
106FB904F289DB7A10918E4150DF33F2,1,尤克里里乐谱,表情软件,mc高迪个人资料,一名健康文明的中学生应该怎么做
7A1400148855B1E17ACD7B89C807E782,2,韩国七星赌场旁边的免税店,明洞乐天怎么说,宋松牵手成功录像,28寸的行李箱能带上飞机吗
0A02796DBB8863970DD2B58685B4BBFC,3,时空堂,西游记之三打白骨精,特鲁多,中羽在线
57BFBFE1F3B5577EBD86D1B08D47AA40,1,他是西藏的王也是拉萨街头最美的情郎,神婚颠倒,世界地图高清版大图,付笛生的儿子
CE0A3F53E5DA2F4DD651621EE76C2A49,2,为什么要选班导,几十块的面膜有用吗,短发,无心插柳柳成荫的上一句
F29C5E13390B427FE7E36595A2B19B5F,3,血压低是血脂稠的事吗,肝功能检查结果分析,半胱氨酸,张行现任老婆照片
AE19CD41773CFA37B2CC007F60784306,2,军训自我鉴定,手机插上电话卡没反应,qq6.5.5内测版报名,称谓是什么意思
85A9F5332C89F15B86ED798FC1A3D28B,3,美少女战士crystal第三季,杨东麒,王者荣耀雅典娜技能连招,香奈儿包包
967D7997885D44A53BD3C7A3879FE003,2,蚕丝蛋白保湿面膜多少钱,怎么快速剥蒜皮,肠炎服什么药效果好,月经色黑粘稠怎么回事
EEE6C0A9F15E6DE7663C83B33DFED47D,1,王的男人,囊肿是什么病严重吗,本来嘴唇薄因为咬唇变厚了,世界上最丑的人
68EA1D17FA2F8E9046F247FAFB74A8F0,1,金木研图片,怎么一键删除空间说说,魔鬼香烟多少钱一盒,滑板入奥运
674BA21834FC24A6D18D477772824916,1,纸币的含义,方脸的人适合短发吗,分封制与郡县制的比较,金海湖风景区
A244D8F44AEF4137CA3CA0C73FEFA044,4,王宝强离婚,卡波姆凝胶会影响月经,老虎是猫科动物吗,非洲伐木工人背后背个纸人
09C981B44ACB51FC6A880BCC33D2223F,2,近路信号灯黄的,太原铁路局2016年招聘,日本换算人名币,长寿乃里官网
8D0B940967F2A674F665F8E549577933,2,一加3屏幕,赵爽,htc,iphone6plus报价
27F53E90ECFD9E3727C2B9207FB06253,1,红叶谷漂流在哪,应用商店下载,工程造价专业考证,想一个人的伤感说说
D8429CCBB74C021DDD9C6D79F57BA122,1,沛县邮编是多少,孟庭丽,电影,堂会ktv酒水价格表
9D12A8C45FC0BCD4EC1DC9B394B55073,2,麻醉散的成分,你的名字我的姓氏txt1001你的名字我的姓氏t,致灿烂的你txt下载,六君子汤
E2CD21E6D66F665D268DB7976DC65079,2,基本淡妆化妆步骤,蜜粉哪个牌子好,贴双眼皮胶带技巧,萨摩耶抱枕
507E2E71AA7CBABA731C94F8C300C7EC,2,露姬婷洗面奶怎么样,七子白粉面膜的危害极大,郑州南站汽车时刻表,寄生兽电影
6439D35557765D01F2E64426EAA3B26F,3,苯佐卡因避孕套副作用,网络工程毕业论文选题,多喝水是不是可以治尿路感染,五笔字根表
ACF353B63A938F200B4E6C24F2EACFC8,2,关于互联网加的演讲稿,如何做微商,过氧化氢,湿疣
4B02726749E0CB60E90ED83E22B58D60,2,语文教学属于哪个学科分类,云南移动积分商城兑换,识汝不识丁在哪播,东方卫视
279EA5C39976D5B7791F08BF7A02F77D,1,吴锡豪,葫芦七兄弟组成的山的名字,鹅掌风症状,bb弹破解版
F26580440575A2E1928389683F958CDB,4,天蝎座男生,手机qq显示2g还有wifi,醒酒的最快方法,生活启示录
6032DADE8B93758504F392C9F8BD1B5D,1,军训自我鉴定,2016梨花烫,江西财经职业学院,九江有水上乐园吗
2EF3F75FCFAC56933235A5F1C16EB647,1,暗黑赛季7,丰田86是进口的吗,暗黑3大秘境怎么降低难度,保时捷911敞篷版
9D3ABC2E145E045BC8F377B9CA1F8BD3,3,印度,朴宝剑,运动鞋品牌,陈龙老婆
657A82BB81FD4C77FF5F6940511C3F49,4,颞颌关节综合征,打印机墨粉不足,新乡市政府网站,三星ml2161没有墨了怎么办
545D689F007A3F6AE6CA27BCEC54B5E9,1,视频播放,紫陌,书包网,总裁我想要快给我
4600F8439215EAE10C21F97EB6CEA92A,1,杨颖ps图,哎呀呀,王美人,赵丽颖自然堂
1A833C5CAE9F60CF3D2B8BE7440965DB,1,敢达创战者try,办签证带照片吗,gta5 好友进我家,tier4 面签
3BFAFEC597E156638BF6754C10F77329,2,孙悟空的母亲叫什么,普通话考试时间2016年,德克士有什么好喝的,眼霜适合20岁女生用吗
C9515A32E1FC681D729C3837C294F502,4,造梦西游ol沙僧阿修罗怎么打,关于生肖的电影,猴子电影大全,造梦西游ol沙僧打混沌之门
8ED666E234F494DCD95BC14CE5D9AA83,2,ipad air怎么读,为什么同样的节奏不同的歌里音色不同,巨蟹座2016年运势,太原理工大学迎西校区平面地图
0BFC900840081A1C091E2754FB554025,1,微信,苹果7订单被取消,信阳师范学院,宋小宝
B7AD07A380C4548D4324C448D805D176,3,在香港刷卡是否可以收到扣款通知,澳洲lucas木瓜膏真好用吗,在香港是否可以收到扣款通知,补交党费叫停
0FA3AFE3A3F6D9B0A7E46123C9A3A5EA,1,小黄鸭歌曲,秋水伊人官方旗舰店,沿滩十四中招生办电话,百度
DCB7ADB64D7287F0979DA0E93DC415DA,2,六年级语文阅读题及答案,来月经胸胀痛原因,药学专业,如何买靠窗的火车票
35AA31404FA69B30BB5B14D69A04BFFE,5,潮田渚,战舰少女欧根亲王装备,极黑的布伦希尔特,普列塞水下防御系统
2B1B6D2410D4237A055AC6DB99AC8DDF,3,关思慧个人资料,赵雅芝个人资料,婴儿大便黄色一块一块的,坐月子拉肚子会有后遗症吗
D3157D0D1FB378F0FE1FAED32F8CA801,3,别克英朗怎么样,i7cpu 1060显卡 用什么电源带,什么主板好玩gta5,有比gta5更高端的游戏么
97F11238A07FC18F1F3F7935189C7F6E,1,电话卡注册查询,央视315晚会曝光视频,赛尔号王萨格罗斯打法,玩游戏什么手机好
1AAB31D6A9A9B578C7827F584F813965,1,2016学车费用新规定,军训自我鉴定,微信如何转发图片和文字,银行卡改密码怎么改
C2EC61D4C9AB8183ECED1EDC92FD4376,1,月亮图高笑,戚薇,熠彩,肌底水活套装适合年龄
88C9977989AB0BC53FA04D9C30101690,1,c语言,南京汽运客运站,中国共青团团歌,国际工程师认证
EDEA59A8F380B78B917C1D1F9356C67C,1,兰博基尼,gxg皮带,国贸商城,熔炉电影
19A36CB339C355914941F29ACA4BE4FC,2,新东方少儿泡泡英语demon什么意思,无锡江南大学英语专业研究生好考么,月经来的很多血块,ipad air264g
ED8EBDCFA5C84EAB27622B5F6877A34F,2,姬铭骢,兽人老公很爱我,卡方检验理论频数计算,以宠为名
7739ABCC5B99A8E9883897AE16DC2187,1,iphone我的位置,乐视1s是双卡双待吗,孕妇能吃银耳吗,信任度测试
427A4BFEBC6D4A59BFFE2192F527B271,3,天龙八部手游多老友,天龙八部3d挂机出问题了,腾讯微博,石榴不可以和什么一起吃
CA6136BAD2EC3DD287442F27CB46BA47,1,microsoft邮箱,神舟战神驱动,币怎么兑换流量,怎样把qq头像弄没有
307CAF5BBC4296C30D2F9B7B95566D46,3,丽江几点不用门票,大理寺,崇圣寺佛祖排序,寺庙佛祖排序
9AFB4638F9541CEA69B04F815EB9BF4A,3,闲鱼,酷派7722手机参数,暗黑启示录之亡灵崛起,闲鱼网页版
F8579A222891FF89E1F39A385900D606,1,电脑管家官网,中国地府神话名字大全,k660d i7 d1内存条,神舟战神k660d i7 d1按装那种固态硬盘好啊
0DC33202C131D90F130DA91D5E9C6EB5,2,微微一笑很倾城插曲有哪些,蝙蝠侠背负了骂名,表情图片大全微信带字,一艘客轮载客612人
18690E2A28D100B108BCEA96CAFA1D71,1,格尼星净水器怎么样,昴日星官,手臂痣的位置与命运图,西安火车站到高铁站路程
4B3D6E651EA1B186BF7389796920B562,2,胡彦斌,完美健康课视频,优酷视频下载,"有风不动,无风动,不动无风,动有风"
8DE48F0FD22399321261E60D6B9D3AC9,3,葛芋美体粥做法,张娜拉同款吊带连衣裙,二十六岁用什么手势示范,白带真菌感染吊水可吗
7626E51E71C6550750D8B2D786B15E6C,1,男生脸上长痘痘用什么护肤品,类似赶尸艳谈的电影,女保镖舒心走红,河北保定白沟金利达塑料厂照片
57453BF5759D257BF6C5B8B966F92CFD,1,大学文言文原文,"手机音量调的最少27比晚上,声音仍然很大为?学习机",男主姓冷女主姓严,如何消黑眼圈
34857250890A2A91CCF9309ED0942FF1,1,羊城通,千图网,英雄联盟里那个角色克兰陵王,咖啡猫
D02A63461149B10B71C639E7C4672D07,1,介绍丝绸之路的书哪本好,昆明现超级月饼,飞机托运行李规定,隐形眼镜佩吸棒好用吗
6910049876DDBBCFEA5673606E67E7C7,3,心城花言言,黑道教父的萝莉情人,我的私人劳家卓,禁之渊十四郎
CF70F879E67C7F526726DEA026776759,4,中华医学会,铁道知识杂志,浙江师范大学,铁路主题
55EA912B160D621930A1FE8F73984DD8,1,卡殿,松 诗歌中的象征意义,眼鼻嘴歌词,哔哩哔哩动画可以手机上传视频吗
09DF0ADB809F9C7558EE04B179A319C7,2,一个半月宝宝肚脐眼凸起怎么办,一个多月宝宝一周箱多重,两个月的宝宝怕声音么,邮政包裹沈阳到大连要几天
8E3642645AF4BC52FEABEE2E1811A926,1,黑执事第一季ova,孙俪卖闲置物品,美白面膜如何看成分,性格色彩测试
666D543041444676EAAA29B496EC6B91,1,韩国人怎么说欧巴,悄悄是别离的笙箫沉默是今晚的,风包括,惊天大逃生 如果树上的人是你
6C044B8B5B78E7303AF073B87D2E083B,4,苍南会计继续教育报名,外墙窗套用什么材料好,淋浴房里放浴缸,亚光漆图片
C312B1EAA8C36126D490DFCFED2CAFA5,3,超级无敌奖门人终极篇百度云,红景天的功效与作用,梧州风景图片,地铁站哪个离沪太路近
E52351F3830D9A3E02D5789B606E500C,3,王仪涵,谢杏芳,今世缘酒价格表,原地跑步
7C4B589DB17954C68CB0D76F225535E7,2,斗战神汲灵技巧,斗战神宠物食物哪里买,斗战神玉狐怎么骑熊,斗战神车迟国精英怪刷新点
A5C5C6E3E4E686026763099B53281FD0,2,迷茫的句子,儿童橡皮泥手工做月饼,幼儿园介绍升旗手词,幼儿教师日常生活多观察幼儿
5C273284CC31CD5C61AC3E17757AF4C8,1,时区划分图,亲爱的不要跨过那条江,美国国歌叫什么,冬虫夏草烟
4333A6C3265624DC28103F9362C198CC,3,甲硝唑洗剂,丁克族老了怎么办,甲硝唑洗剂jiangsu,热毒宁和痰热清的区别
E81E7E5E9C26B18DD4078B518C73FEC1,1,宫颈囊肿需要治疗吗,胭脂水粉,欢乐颂爱马仕丝巾,小白菜丸子汤的做法
ABC31D8096A13B6F8C35C9E706722EA0,5,同鞋是什么意思,长沙124路公交车路线,七皮狼钱包,铭的拼音
9A94455A9BD7A856B0E4763FF9201052,2,怎么从取款机取钱,心悦会员,剑灵副本重置石板怎么用,剑灵矛盾
F2517524185E3F812B2762393D257F8E,4,什么时候喝红酒最能养颜,好想你,保健维c与药品维c,左看二十日右看一个月
0587987EB0F1AB8D91C597902A1ACA0C,4,皮肤疣,维生素e直接涂在头皮,艾灸盒,http://
72C0A6136050F38ED5B8CA72ABF28AD1,1,笔记本电脑什么牌子好,中秋周记400六年级,穗能组什么词,把8.39缩小到它的十分之一是
E3F8BE7FC07A0FCA7613733DDFC59AE5,1,个性网王俊凯,王俊凯图片,好听的言情小说名字,青春小说题目
04216B56B6832F6D6D1E74E66CE9BEE7,1,2016最流行的网络用语,轻度烫伤用什么水,流行的网络词语2016,怎么鉴别蒸馏水和矿泉水
2BBFD88964DBFEE5C72CC83E6A5328D5,4,泰坦之旅先锋加点,大乐透,泰坦之旅盗贼加点,海鸣卫
3AEAD8FBC3DC8DDFD606F49DF4C71A3C,2,爱德华兹吐烟圈视频,傻仙丹帝,建设银行,微信
A8C195E6D7B48ADF912AC5069F36F81C,4,京东欧诗漫化妆品,懒人生菜的做法大全,蜂王浆发胖,蜂蜜花粉蜂王浆的吃法
56B5F20B21A29220B3D092FF9DFB10D9,2,挡英文字幕的app,厦门旅游攻略,国家励志奖学金,fect和bec
705C72B6E1CBCEA380238B760880EEC7,1,包皮过长是什么样图片,qq头像,上海滩,身上长癣图片
FC102272FDE17C022BF3DEC1D8D400EB,2,联想pada1,脸上长喷砂怎么去,ipad3价格,天猫超市用什么快递
8FC555AC31260FA2CF7852035C1064B8,2,孕晚期多吃酸菜好不好,生活感悟说说,古城在哪,诗句
9E381846DAAAE41B0DFDFEFC34C84B9E,2,在一起两年分手一个星期之后男朋友就找女朋,我们都没错只是不适合什么歌,怎样投诉长沙的治安,一天光喝水
1B18E12CD3268BBC799F849D2BCFE262,1,周记大全,三职高什么专业好,写字怎么写的好看,郑州中华职业专修学院
5E1E4D206E6A81D734A790752930DC60,2,浦发信用卡怎么查询申请进度,浦发银行信用卡中心,夏新电视,掌上生活
7AD1C3EA083F3943B9F8FC8621FF7DAB,1,游标卡尺和螺旋测微计的结构,电子书无敌剑域下载,笔记本电脑什么牌子好,贵阳花溪
5A38D7E4A1F3823FFC9E6D792CDA9123,1,希尔薇,kopo手机l6,酷珀手机多少钱,熊猫tv
6DB598D1D77DDA21F4CFDD5240E3DC69,1,网线是wifi吗,笔记本怎么锁屏幕,墨封宸 谎言,笔记本电脑什么牌子好
4DAAFB0CAA3FB9659C47409B3FDC0563,3,在淘宝买东西卖家不发货怎么办,补全淘宝会员名显示会员名不可用怎么回事,商务贸易类专业,剑侠情缘什么职业厉害
0F5FEB7B0AA69BF22E92D9F6BF240BCA,1,东一片西一片隔个山头不见面答案,河南省商务学校和河南商务学校哪个好,偏分发型图片,请假回家最充分的理由
0157CC8B18C0E64C9F2E7F5DF8CCE7DC,3,佛山中心到化州中通快递,闲鱼,快手上转笔,大唐之秦川传奇
433FE2249FDF8E8440C6D00C74DA2D90,3,四川野兔养殖,中华香,怎样观察微表情,青干菌养植
57A135B1C81B95663FB68616204AF3A6,1,《神经病派出所by微盘,世界第一初恋,福州鼓山,马嘞卡台风
0797D2CE6ADD4BEF0FBE90683CB91957,3,南通市通州区西亭镇,上海市工程技术管理学校三分校区在哪里,通州区西亭初级中学贴吧,交集什么意思
A041EB65B7181EC0F27D4FAA9C44BD73,1,肥田仁医傻包子txt下载,快穿之男配攻略,御宅屋,未来人圈养记事
531672ADEB3FC05A2B0A9F707EF2E140,2,先涂bb霜还是防晒霜,接力跑的队员分配与竞赛编排教案,大数据,体育课小游戏
464CF25BA39C9A7F4784BAD6F374C90B,2,洪宏星,穆雅斓,微微一笑很倾城演员表电影,杨颖发型图片
BEC82F1E4D0A24130792176DA87728FC,2,华硕进入bios按哪个键,剑姬女校长皮肤多少钱,景泰蓝主要原料是,cf财富值活动网址
C01E17C435A46371893B2A3E29776DEE,1,大拇指上有竖纹是怎么回事,2016法院检察院招聘,0pp0r9,法院为啥瞧不起检察院
F4591954017EC889EB1CF408877115CA,5,1992-1996年火箭发,李爱珍,超滤膜与反渗透膜,514a-5
5A52CD076EAD9E6A9E131041C78CE7DC,1,兆,百度,肚子上毛孔粗大,八卦图
6278FADF9710237B19CE33A0CF83A3DA,3,金马奖,赵蕊蕊,武杨,白岩松采访乒乓球
EE1CC9E5492B7EDF6545F623FBBBE307,2,人如何需要勇气,有意义的词语二字,类似荆棘花园的小说,步摇佳人全部小说
E9C830DCA80EFC3BA278B5BC1A73E824,2,傍家儿,元气少女缘结神雪路和奈奈生,查四级准考证号,中国对美国驻华大使馆有管辖权吗
B8097092DCED8B04BBE0369BE5AF34BC,2,$在电脑上怎么打,小鸡与高干书包网,汽车票查,睢县汽车站电话
E139197A4FAD6F94226E34F833DB8BBA,1,宽甸县,爱哭的眼睛,狂犬疫苗有效期到四年吗,数控技术难吗
2D8EB16B9FBE7CE23F967C1C56A1CD3A,3,百度,犯了法只抓法人吗,无泪的遗憾歌词,法人
4CD34CA7D05FACF28B8B0048A7931D0A,2,途车,甜蜜约会雪糕店,广东省柏威信息,关于压力大的说说
BA578D4C1A9896A185AA8615591E3C64,2,25岁适合什么牌子的护肤品,顺丰快递电话,短发染色发型图片,华地晟元是什么公司
4FE3EEF0E10480BB91DFDF598FF2840E,1,邪恶额少女漫画,笔记本抽风散热器好吗,什么型号的显卡适合玩大型游戏,玩lol鼠标连点器要怎么设置
71A50988EA6C006F8E260576A5213262,1,周记大全,王者荣耀水晶猎龙者,作文小乌龟600字,向佐
D389D689F84C8FC9FBDC2733B0E94DD2,1,鼻子里面长个肉,王宝强最新消息,女追男男主很冷的小说,三世泣恋
66E842A94D39F0E4C38C61F6A731762B,1,497是谁的平方,啦啦,龙王传说,respect
F3B3C0A58F034EE0BE5DFC3971CEA1A0,3,2016年贵州省政法干警招录工作公告(,有一种记忆叫中警院视频,粉刷墙壁,张恒远
A1F573919882D5C726849E2C611CB930,2,电信校园招聘2016河北,电信校园招聘2016,干煸豆角怎么做,因式分解
C35C10547E9AA30D016CB019C3C7FFE0,1,斯波克,哪个牛奶营养好,兰博基尼,管吃管住一个月3000元
F0851DF65D621871D37834B5DBC73F34,3,"湖南卫视两个主持人吵架,是谁",yeyi灯,万曼漏气补偿,"2,4,8,16老司机"
6105D8C6643446665A04B31BADA4A8A4,1,孙艺洲,呵呵是什么意思,王者荣耀bug,周洁
22063E7F1658105AF17720E76ABFAD55,3,什么是织棉,宝宝六个月就要站走路怎么办,武陵王是萧景琰吗,太平鸟旌旗店商场同款为何贵
8021462B460E441736293699661FD415,2,大学寝室宽带,路由器设置好了上不了网,路由器用户名怎么知道,以太网如何连接
9E1D8EFB451617C85F85BB1B56C815B0,2,九阴极乐谷什么时候出来,诛仙鬼王阵宝石,优酷下载安装,诛仙手游阵灵搭配
2B23974EAD25EDB1BD28268F3ABC53CE,1,星期三的英语怎么写,射雕英雄传,刘烨个人资料,flash player安卓版
49CA494D7F418DC1FA91AF7C537336AD,1,火影忍者简介,奥特曼格斗进化4视频,麻辣变形计演员表,cf
6228327960BE70491A101257D00249A0,1,哈利波特英版和美版的区别,1900年到现在经历了几个政权,程志强,胡彦斌
36AA1855FF0F67731156997767901101,1,我的奇妙男友演员表,一个月会来2次月经吗,高清动漫头像,我有一颗撩妹的心
731473894D321356AC6EFDC215035D9F,3,什么烟好抽,汽车行业什么最赚钱,马自达rx7,大连健身房年卡价格
077E3D3929C69585B603B279FCB3DD5C,2,多喝蜂蜜水的好处和坏处吗,电影脱裤子被人看15便士,471003是哪里的邮编,百度
F2BF5170E283EC812D285C3900D3FBEA,1,环境优美的大学排名,百度手机助手,qq头像,幻星神超星舰队
4A41E7537B1EF845300D4A6A0AD128C1,2,老干妈,新安县三路车几点到厥山,我的黑道男友漫画下载,花君
2887527512F55BA07D18F94F1453BF05,2,苹果手机天天长时间玩王者荣耀没事吗,ios10不敢升,苹果3代,苹果7取消耳机口怎么听歌
96DD986BA39DDB1BEA5EA99DD71B73A3,1,刘德华感情经历,民办学校,忍者村大战,"好先生,甘静"
EE3DEB8013E57ADA8759D9B9A39AF909,1,北京时间,央广网,月升食府,8848手机套子
A17153E06D96B41755C44F859AD70D68,3,高铁没赶上可以改签吗,一叶子面膜怎么样,甄嬛传全集在线观看,龙的成语大全
116B9A180CDA008BFEEFE96D3E6B8886,1,中华小当家h,kiss姐姐,尸兄h漫,cut中文意思
3E26B9B4522EEAA97FB44F79948D18B4,2,戚薇,中国真实闹鬼事件,加油美少女苏菲直播间,内眼敛有个小白点
5C8744CB878876F8A37D681B2AFA4671,1,怎么可以查到停机的手机号,淄博82路车在哪里上车,正常情况下怀孕的几率,女鬼剑转什么好
D8F4F84C53ABA339CFC0EC68018A0134,1,桂花酒和三花酒一样吗,异界之三国君主,包头广西家用净水器,拉杆箱密码怎样设置
EF2974E718B4526BB0ABC4E334BF7C1D,1,三十八军特战旅,中国轮式装甲车,新兵连在哪里,中国轮式装甲车后边的风扇
623FB745203E418B1FAFC190B276D6FF,4,2岁宝宝头发长的很慢,趣味猜字谜app,东方有线电话,私人额度流转
98319A2B091E4254CBA7FC3F7C7E0F15,2,北京市商品房契税规定,泰国降头术,三明空气质量最差的地带在哪里,三明西江悦
38CE05856AF0443A9AB98487343DB935,3,一叶子面膜怎么样,舞蹈语汇,箱子里的梦舞蹈视频,舞蹈计划结构表
D5697CE235E4EDD6C8A86A191A7752D8,2,《如燕》是那部电视剧,向华强,抑郁症,丁佩
8BDD9A6E71F9E775B89A20420C024086,1,新买的移动电源要先充电还是用完了再充,疯丫头2的小说,家养腹黑男:老婆别打了,好看的言情小说推荐有肉有小包子
268DE094F18B6CDAA9FF8BA78501FEE4,2,驼背骨头变形图片,网上通缉犯名单查询2016,lpl夏季赛,晴天吉他谱
CD8153A9F02A5F42BAAD7A70D3B8B8CC,1,北京时间,黄钻秒7活动官网,苹果6s64g,苹果手机卡怎么办
A95A1716AFFF442F2469ED6B7D592F84,2,重庆,九味羌活口服液怎么做,西北农林科技大学,大连大学
C31C4B20FD26DC01A8A3ED961C3299E7,1,黄美姬性感,百度,王者荣耀韩信多少钱能抽到,社会实践自我鉴定
2A09150064A38FEFF43DA66ADB270721,4,葡萄籽油的功效与作用,洛阳超过多少平圈非普通住宅,亨氏米粉,杨玉环和唐玄宗的爱情故事
DA8A0B3F33FCF68CB383A05F22B4355C,1,"会员关闭了,话费没回来",qq头像,龙王传说,小米3手机壳
90AC4AA594602A276E98A940D0681847,3,怀孕可以美甲吗,梧州到桂林汽车时刻表,人民检察官,美图秀秀
3F3D38DFB15D18D12AD9D95B6D58DE22,2,少女时代权俞利,修仙之女主难为,清穿太子妃,running man
BD22C0AC5915815D649A625ED46C5B22,3,空调换气是什么意思,李河君,湾仔码头水饺配方,权健自然医学骗局曝光
2B056FFB467F0F4B9B476E743C9E7829,2,gross什么意思,五星级男闺蜜,浙教版八年级下册数学,初二科学下学期知识点
9FB4197C8D0A7B47161E0C0E48BA4379,2,精灵梦叶罗丽第五季,叶罗丽精灵梦第四季全集播放,周记大全,千金归来电视剧全集
E1035A0C94AF177659A7EDDF9F18E90C,2,想念家的时候,老炮吴亦凡抽的什么烟,6000002790489快递,你不胖你只是
824072851C4DE17C8D64690A413376E5,1,天下手游新人物,而你说的都对,变身女明星,天下手游天机装备
21EBFD7811E0D10F2EEFAE67A4B85FB0,3,维生素d有必要每天吃吗,婴儿流眼泪怎么回事,威震八方,哺乳期吃月饼
A5B4ED56A5CDC16C836AE1FD5B9DD3FB,1,记事本,公主趴下褪裤挨打故事,做笔记需要的基本用品,奇迹暖暖攻略
143250292C09EC976B1001109B8D30E3,3,一岁宝宝以粥面为主食奶为辅食可以么,物理退烧的正确方法,宝宝抵抗力差吃什么好,女皮肤黑搞什么发型好图片
A81C3F00513584B5E58D41D6D82203EA,2,天天炫斗二次觉醒需要多久,美图秀秀,自拍qq女头像,天天炫斗苹果和安卓能一起玩吗
75F70968BACE50084C95C2CCB708AA45,4,林志颖演过的电视剧,吸血鬼,盐的组词,美人心计
811C7A1CF49722430AE19EECD2646803,1,婚骗团伙骗走彩礼,宝马x5,你的眼角流着我的泪,秋天不回来 王强
60E45DC1E9F2D96B2281595417A630B8,1,天才在左疯子在右,five hundred miles,九型人格心灵密码学txt,精神心理学
22E6DD05317C4D0B0A48174B0AD1AD78,2,燕归来熙,我很好谢谢我爱你剧照,考研英语原文朗读,南京农业大学土管考研2016分数线
C503A8616E4A94063DDFBBC25F8B954D,1,外校人员怎样进去农工商职业,不是本校生怎样进去农工商职业,人的第一磨牙可以拔出吗,蠼螋的胸足是什么
04E67E4EF94D5ACF955ECEEBF4DA58ED,4,河北省四院,风云2abs灯亮了是什么原因,医保卡通用吗,霸州最新房价
0DFAA3B2EAB87A576464635A8FB72733,1,什么烟好抽,杭州泽达,查询高铁票订单,掌上英雄联盟逃跑没被举报
7019FA06A6750FFFCEE5A455C7D5309B,2,桂林电子科技大学通信工程好不,麻城先锋软件学校,为什么百度云下载视频显示云端文件不存在,货到付款怎么操作
186B6E03704EC11F06827290970D886A,2,微微一笑很倾城那个很有趣的插曲,gd穿的vans,好食好囧,北海七中
C7A62808DF958457DE9A3E9261906F10,2,陈桥恩拍的校园电影,植雅怎么用祛痘,重庆美每家电影院,嘉裕电影院
EA5AB2683CDB70808BC57577209B76A8,1,含荧光剂的面膜品牌,阅读困难症 英文,日本酵素180颗,春舞
A59D2933F502C468C4670E876B2371EC,2,笔记本电脑前置摄像头像素,大学的综合测评有什么用,fischer投影式 横键竖键是什么,殡仪馆 湛江霞山区
9D254BB7C6087709A93399F56DC5373B,3,宝宝什么时候闭合,下载唯品会,下划线怎么打,查雌激素六项要空腹吗
A8BA8B53B73C4CA4FF722613A478EC2F,0,空无寂寥,华硕,月鸟的英文,天天酷跑绿灯熊搭配
7BA9F936DA61A61DD0187494DFB07409,2,生殖器疱疹多久可以检查出来,情绪超市,尖锐湿庞几天就会表现出来,尿道口尖锐湿疣图片
D526E5C609A1D486710350AC19C1D3B9,1,紫藤花,恋爱暴君ova2,"众人平地上,看我碧霄中",西华大学教务系统官网
E5F4EA14ABB753C349A8F5DE137FE814,2,眼角长痣代表什么,4级英语考试报名,超极本,c语言
D2FB06E1782D40317E9966213A4425E9,1,我来到你的城市是哪首歌的歌词,麻辣变形计演员表,东莞万达广场距离广东创新科技职业技术学院,广东创新科技职业学院
7A177066C7AC8F37DCD6A6BB25E012EC,2,凯特王妃,黄晓明伴娘,淘宝金钻买家是几心啊,淘宝号买家信誉几心
D4E3C2AE6A9C589BCF1A226C4ACEA37C,1,放牛班的春天歌曲,海德哲基尔与我,龙之谷手游,慢性肠胃炎
800029F8DE328E9331FC8C49D2C773FB,4,挽歌,夜合花,瘦腹部的运动,未央·沉浮
7F4625B4CB7E46386B747D51FDF2A5F6,3,笔记本键盘怎么,红牛广告,清蒸碟鱼的做法,曹云金是天津哪里人
9A7383F18ED624B8F80591BD818C9892,2,喜欢胖乎乎的猫,里约奥运会赛程表,应该让在乎的人知道自己在乎他么,小清新
A365890D752814712CE214A7B37E947A,1,莎拉 米歇尔 盖拉占有,处理机管理的主要功能,遇见最好的你梧桐私语,vivo手机双引擎指什么
F1E183233B475E3CF03E162B8D05D090,2,小米手机掉水里,稿酬个人所得税计算,疯狂动物城游戏,洛阳有什么好玩的地方
244A7863A32C2A64DE21CDD702FF126B,1,郑州航院教务处入口一,老九门网盘,替考酱油兼职,郑州航空工业管理学院
06BDB4ABA5738DC1558ECFAF495AF1CA,2,怎么找到微信号未标签好友,货源总仓,自然沙发膜一袋多少克,河北沧州邮编多少
A645309F0E0CB759F316E15E4D03E83C,1,云子中学徐菡,2016年潘婷洗发水广告,武动乾坤漫画,是我生物
E2FE1CB3DE65FA145AC0C5E09AA316A1,2,四千块钱能买到的电脑,混凝土缩水完成是啥,闯关东是从哪里走到哪里,张学良的父亲
6BC7DD3F3EFD9819378F3C6B45618C6E,1,肝炎患者能运动吗,马自达2雨刮水箱,杨启为什么被淘汰了,真情错爱结局
A85BC50F1ED66D2F96C2C929FA2CA7D5,3,瓜陷饺子怎么做,三星手机sd卡在哪里找,一年级课外阅读推荐书目,数字田字格分合式
A6182DAB5771D281BFBFAE5C914B4FE7,3,发掘古代美女墓葬视频,成都昭觉寺车站时刻表,台式电脑,广元市人民政府
D4A9B057E5B53FC68E95AAF817CD4477,1,试婚老公用点力全文免费阅读,开热点流量消耗为什么多,纯生卷,今早起床心脏有点疼
B681F07DF7A7A80D30861E437268D1DB,2,分期乐怎么冻结,河南大学,interstellar,金硕珍
2FE9BC4BE45A811E03007AD9111AE695,3,宝宝后面头发有个尖向左偏,阴髦多怎么剪好看图片,2016年医师资格考试准考证打印,取快递迟了
8C0FB92A81331004C1E74780589CC598,1,ipo的意思,电脑截图后的图片在哪里,nvidia geforce 940mx能运行制图软件吗,惠普电脑怎么样
68CCBD7DCCE98D92E6A8661908DCA4B4,2,怎么用单反拍出水墨画的感觉,怎样用单反拍出江南水乡雾蒙蒙的样子,壁画,奥运会安徽运动员
C9D7A700BEBF75BD3600DABE16AE712A,1,离别的句子,oppo手机r9plus多少钱,赫敏头像,防晒霜
C8DA2B40D33B82ED2C2D0A25F1541928,4,有带避震的公路休闲自行车吗,浇花用什么水好,一克拉等于多少克,量子卫星
89DEF760DFA2DB9B93EDBC15F48BEDBC,3,百合网征婚交友网,欧贝尔护肤品效果怎样,公路勘察进尺,百度
678DCC62C86AB7C14C6836F6BC6F5CC2,3,重生之异能盖世,综艺节目收视率排行榜,13871260425,中国移动可以跨省补办手机卡
D58C62FBDEAA243753522A0BAFF43E2C,2,小班教案花儿口渴了,成人玩具用品使用视频,有意义的纹身图案,俩个姓刘的组合名字
ADF7C8BD402E5F717B67A78841E51EBE,2,杨洋电话能打通,刘烨个人资料,宝宝脸上弄到奶长小红疙瘩是怎么回事,感谢信
A67EE3CE431B09097012F6EE48F99788,2,wf852714什么意思,王者荣耀体验服下载,"傻瓜,曾经爱过你 你的笑容让我心跳不定",ktv几点下班陪酒
DC2B10120056333436015776B9BC9C15,1,骆驼牌香烟,耐克鞋有哪些系列,兰州话 老铁,物理加速度图像
FCED59A7AAB445AE79BE16DCAA4771E0,3,清朝国旗,wanxi亚硝酸盐,头疼 眼睛跳 脖子酸痛,磷化铝误食用多久会中毒
D43697683700AB264D96A80E4C50273F,1,农村特困救助供养学生,郭敬明,tgp皇室战争,优越感是什么意思
7A70D19AC2950721888B7DD2507B736D,1,可以在手机上下电脑的硬件吗,小米平板可以用windows10吗,荒岛求生手机版,16年的车年检
154448CFAE87DBE155F94A202F376B61,3,怀孕可以喝花茶吗,孕68天长痘有什么好的去痘方法,孕初期脸上长痘痘,怀孕可以做基础面部护理吗
3BDFF239701299502646E6A74D6FCC84,2,死亡邮件,黑白相混的土狗,短发,汤唯侧面
B1AAED87209C697597D378A323A0E3A8,2,国服第一暗帝lee加点,华硕,系统不兼容怎么办,惠普i55200u
BEAF315277B3EEC34295F00F2F941B2A,3,蜡笔小新作者怎么死的,"金木水火土,十月",做b超的时间,蜡笔小新作者
08E6DA0D87DB89D9CA91A1A7F97E4740,2,青云志播出时间,贶怎么读,白娜马洁东方晶玉小说,财务报表
5468EAF68636223978E964D6A1E2AF65,2,金立s7换屏幕多少钱,魏晨,中长途双层旅客列车,宋欣佳怡
89AB3985F81CA9B38DECFE497ADB6CFB,4,汽车之家2016最新报价,华为p9plus,维生素d的作用,维生素的作用
9C1EB2AF705026C7A2B5CCC356DB8412,2,qq头像,荣耀小口哨,饥荒手机版猴王,什么root软件最好用
2BC2B4B06519E7470B6883284E4ACC46,2,好看的电影推荐2016,郝云活着的歌词,求知什么意思,最差的房子图片
98886C02FAF93F86230B224849F72469,3,"没有贷款,信用卡怎么上征信",云南省食品药品监督管理局网站,建设银行信用卡面签,镇雄县食品药品监督管理局属于什么单位
0B080F672030320696A6250CB2A990FE,2,天津巴黎婚纱摄影,怎么把电脑桌面图标变小,幻城秦楚,已经好远了 退也有一点累了
FF207D94004C5277EFA537698D546874,2,微微一笑很倾城更新时间优酷,卸妆水,技术教育中教与学的技术支撑环境变迁,临时身份证要多久办好
7C6F9245B4F95778F496E8918AB7D6D4,3,成龙获奥斯卡被酸,梦醒之前迅雷下载,九畹溪,王美人
D20CDF2331F28070C126A5F5CB4DE4BE,1,青州柿子沟,在那遥远的地方,晚上被猫追,最美童声最美的歌
DC177BF623596F885FA21FA061EF5070,2,婴儿面膜真假分辨图,淘宝刷好评兼职靠谱吗,做灯笼的方法图片,淘宝刷单流程
73578BCF0C87A70C7FB51BC2931F04CC,2,园林植物研究法,深圳蛇口海上世界方案,微信怎么设置步行数据,美容院
D42455E2301A9FF068060822066E11BB,1,花殿眼霜,乐清育才,怎么查缺少微量元素,杭州到南京
376CA7508E82E0D2E71703D026A7A4DC,1,qq头像,蓝牙耳机能kg,气泡音怎么发,手机怎么设成3g后就改不了4g
8AB537D29C858D69673C155B8548F435,1,iphone7耳机转换器,三人行必有我师焉择其善者而从之,珊瑚蓝,惜抱先生里的惜抱指什么
66DB88C00C486F8B3CAB3DC1115D562C,1,闲鱼,高中课程顺序,respect,库拉索是谁
19D39E647403D9E5EEE745B88A9DBF4D,2,秦皇岛的邮编,韩式三点双眼皮价格,减肥一周跑步几次最好,跑步减肥小腿会变粗吗
C94D20911D4C1D45E0F043FFCBCDCC4F,1,lol韩服常用语,百度,微信,熊猫tv
45BF4956CA843DDBBF7F454F7FDA6D47,4,羽翼渐丰的词语,英语写关于活动的,杨幂素颜丑照曝光,五年级上册苏教版补充习题
2B20342D4EF6F5F84E26A17802B07D2A,1,暴饮暴食几天的长胖怎么瘦回来,深圳荷兰花卉小镇,百度,深圳悦诗风吟
72B19A5B075B963A227DA7808660F4EC,2,陈好个人资料简介,济州岛机场入境程序,韩国好用的面膜,东方航空标志
C7131FACF742BC4600C213F78DF9AE22,1,鬼火机油怎么换,qq红嘴唇符号,别人欠我7000多不还 有欠条,鬼火换液晶屏多少钱
CF1C170C1A1212E1235C40715499FBE8,5,建设银行信用卡怎样查余额,乐山哪有收旧电脑的,被你说对了英语怎么说,形容送别朋友的句子
CFAC574A9C9C8B321DD5048141BB9CB0,1,天天向上张继科,全洪荒都知道魔祖在闹离婚乐文,手游是什么意思,倩女幽魂里哪里能买到匕首
F492C6BF8D658932746A074479720A25,1,欲成欢,呼中站,芙蓉文理学院离湖南幼儿师范高等专科学校多,逍遥小说全文禁忌
587C4EA01D6A58B3E6214E8559DC5917,2,winpe模式下修改优盘启动,河南政府购岗面试名单,河南就业网政府购岗成绩查询,打球好的中国明星
24C390AB9482444A5655A70B8D2F9813,3,微信号封了怎么解封,一个撇三个点一个女是什么字,翔宇红衣补血口服液,红糖枣泥开花馒头做法
1FDD3E612B5B973901BAA7F35552E1A2,1,300字作文,鞋带的系法图解,王美人,炀字拼音
5FBD6CAF551CD5D60FB11744AFC2790F,2,洪言翔,狼与美女剧情版本mv亲嘴在哪,1991-10-07,卡通树图片
B72DFD06C3D4B1F2E0412F3A026477A1,2,哪家网站卖正品,如果快递到了过两天再收可以吗,首都师范大学研究生院,哪家的压缩袋质量比较好
70644A40046681B11C4B53038B2DA93B,3,申请退款卖家拒绝怎么办,美工接单平台,免单群,电视背景墙
C54EDE8C6C4372CABD8D7765F50343E6,1,笔记本电脑什么牌子好,麻将有多少张,导航,xl有多大
69105A6A295CE5807D2C3A2E7B4AC2D6,2,河北工业大学校园网为什么停机,嘴的英文,河北工业大学为什么排名很低,cet全拼
547935CC57BAC95CE480F21AA35FF2FE,3,白贝图片,cp是什么意思,准备英文,宝贝音乐dj网
DC8D6DC1B60911E5005FFFCA854EDAE7,1,王子璇平足,安小悦是谁,鞋带的系法图解,把维c咀嚼片
91EFE757198D0A6AA3E1396112E005FD,1,外国打皮股视频体罚,英语六级什么时候可以拿成绩单,火车站行李是什么时候检查,薛之谦花和少年歌词
F7E627A3CB95D87BD97610D30667B575,1,天冷加衣短信,舒肝丸,比亚迪唐混合动力价格,锈惠英雄
F622C4BB74E4231F8122851244D1EB73,1,公共营养师就业前景,百度,蒋欣身高多少,推荐几本好书
56157944475294F97E65E48F1E8794AF,0,夺命双镰图片,王者荣耀以前的安琪拉,谭某某歌曲,王者荣耀新英雄女娲视频
34019178D0CCC89DC7484C7B0FE5FB69,1,区号是什么意思,中国兔子品种,法令纹,世界第一初恋
307FC8A3FC42871902EC4E9378222735,4,青岛901,哪个软件可以翻转图片,红色骆驼,不后悔百度云
482D3D0778084A11F10B35226D5A39C2,4,非洲迷你刺猬会不会感冒,金花松鼠会不会游泳,什么颜色的非洲迷你刺猬好看,阳历和阴历的时辰一不一样
932542A607D6A11D34D73456B57F7726,1,黄致列,暮光之眼上场率高吗,cf金铲子,为什么太阳的后羿那么火
96C4E45CAA1D83C722C9D4292CC083F4,5,廊桥遗梦简介,b365水果酵素粉的功效,聊城到黄岛的汽车,聊城到青岛的火车
19F4422E42C139B13D184A1DEC9981FE,5,扬州亲亲八宝粥,胎儿畸形,无锡孔雀城房价,先兆流产不能吃什么
7E962ADDE3E7EB193B5A4B57F9EDCFBC,1,优速快递,小百兔,蜂蜜英文,中午英文
01D46F5D749C023B0E1126122D5C8AC6,2,成龙儿子,王昭君出装,你把我灌醉,太原尖草坪小商品批发市场辣条进价
1F7B72B0D32318401095B620E9DD668A,1,安妮的口技,孙悟空,百度,斗鱼
75B7453379B2BAF588B3CCD7E3DE2A3D,2,多任务 大内存,936 cpu,移动主叫,dolby atmos 安卓
2290AD434F2EBCF3444AE1312E0439D2,3,陈学冬女友欧阳娜娜,刘欣怡,鞋带的系法图解,西宁卫校2016年招生
C64B62CA6015AF80A85312AA08DFC3EF,4,不用下载的装扮游戏,装扮游戏女生时尚,装扮小游戏大全马上玩,装扮小游戏
A227B8725726BEA0142886ABFC3A3806,3,算命说男人夫大是什么意思,思明区去马巷要几个小时,风景说说心情,果素堂
3E24D6286D98DDB6F364AB7A61D5F5BE,2,五年级应该会100以内的乘法,毓怎么读,济南的冬天朗读mp3,景德镇到赣州
EE44443BC8CA6272C74261FF5DA0E994,1,沙拉酱的做法大全,待处理财产损溢,vivox6,夏天热理发
522E11298A280B207EADE421D1DB329D,4,西安电影院最新上映电影,氯雷他定,关于中秋的诗句,肠系膜上动脉压迫综合征
388ACEAA7AF0CE9D864358CAE518CC2F,2,孩子被猫抓了需要打疫苗吗,月经前头晕是癌症吗,指甲凹陷是什么原因图片,指甲凹陷是什么病
957C3CF131F7207FFC5782BE492E01C3,2,买房违约金一般是多少,厦门的公交半夜停么,厦门北到漳州角美有多远,有一部周渝民和林依晨的电视叫什么
9F0993F054046D3DA5E0C119AB5158C9,2,六国是哪六国,神舟优雅xs,六国论,吉普自由光
9E10D3144547EF05F83FAF6D22FF0C6A,1,更换显卡芯片可以提速吗,dnf体验服白手改版,暗影夜猫之石,蓝牙耳机提示音怎样切换中英文
C6110437BEFE425ABDF7A3F044E489B4,3,郭德纲男的叫杰克,杨洋倩女幽魂,地魁星是谁,云南微软平板售后维修点
0390D5DD8BA0CCFB642ACA78C6D3B055,5,苏州平江区燃气公司,农历公历怎么区分,没有踩油门车速快和跳进,表格软件
01B1C725479887D9573EB52297FECAF9,2,中国建设银行个人网上银行,元气少女缘结神漫画,微信,我们的十年
7770A47D7DCFEE3C43B1B4FB921837DE,1,gopas是什么牌子,王俊凯图片,儿童可以做艾灸吗,国产手机哪个牌子好用又便宜
9755887776FFF5BC070D70AB0C99C8CF,1,锤子手机图片,怎么样在全民k歌,简单好看的快乐假期的手抄报,带古风的字大全
8B5095FC90C88A0580CEADC7C9351E04,1,舞蹈分类,姚果儿的穿越记事txt下载,小型犬不好动,法国斗牛犬多少钱一只
27B83B496C0BBC4A4D04F02E9A13011F,1,lol服务器状态,湖南景点,中国矿业大学,鲁滨孙漂流记
9909FEFCCA92CA57EC6C09C0F441A560,0,怎么看自己手机号码,茶杯犬多少钱一只,为什么qq显示安装完成可是却找不到那个软件,茶杯猫
7C89E785C600B21F1BB9720E69627074,2,国外思想教育,会计专硕,ischemic,经济学跨专业考研学校排名
86B1490637085C8C32417D8E1E622912,2,微微一笑很倾城电脑,价目表设计,愿世界温柔以待什么意思,干槽症
EED9DBD693FC5F837DC7CA2071385D42,2,一朵向日葵花能结多少葵花籽,2020年奥运会在哪里举办,民政局,大学生徐秀秀
44FBEB31B3822A93D7F858E0F007305F,3,张馨月中国新歌声,三星7200语音拨号,软云烟,柯逮华
B456468EE066DDC761F453EB7B3A7991,1,结婚美句,头发稀少适合什么发型女图片颜色,简单好画的动漫人物,伤感美文句子
1EC5BB8D8AC770A4F39E236191DDDC3D,4,施工平面图,中国自然博物馆,观光3路公交车路线,古生物博物馆
E687544A01E27BD8622372F71EC7054E,1,黄金总量,阿塔玛,肚子疼怎么办,百度
872BA8094889395D34A58304EE30DBB7,2,电脑表情一直发点哪个,移动业务办理跟监控文员哪个好,韩国得鲜面膜怎么样,2016在移动营业厅上班怎么样
A08618D92819816FE08F1ED28B47AA31,3,冠心病支架手术多少钱,泡爪怎麼做,心脏起搏器多少钱,片仔癀软膏
1A162CC397DDD41A46358CCA569611F6,1,2pmillbeback音译歌词,三星c5,尼坤,伤感的个性签名
8834EB93CEA986DC143C5AC229E69D34,1,英语,矫正视力多少钱,貔貅怎么读,熊猫tv
4FE9B3D648210C8D3A8A87E895A2643C,2,竹枝词 刘禹锡,陕西省的省会是,自由主义的民族主义,教师资格证能考几个
3D390ECF5FD24AC42751B0F456A4918C,1,男装批发厂家直销,球球刷粉丝软件下载,百度,旋转轮胎下载
476AA1C3006E003A2587B188415EADFF,2,牙齿有个洞很臭,fossil天猫旗舰店,k84,南京公交卡可以在哪些城市用
B4A89C125095170511234A44F6065178,4,三星a9,5c32g,建设银行,上港主帅埃里克森
94AEF43DBF4D3BBC517C07A5A1AD0CFD,1,麒麟适合什么生肖人戴,绿松石盘玩前后对比,百度,蜜蜡多少钱一克
45BD73D66E26D76211B7F6B6C489DBBB,2,甲乙丙三机床独立工作,九条命电影结局,助学贷款用英语怎么说,screw
3996AC5A8C6586A70EC7AAA700E94D44,1,win10bios禁用了,戴尔inspiron143459 bios,k2058列车时刻表,无需面签的大学生分期
43EE9C438F45B0755A03E5AA2B334A36,2,危重患者质量持续改进,提子皮可以吃吗,光汗帝,美图手机官网
E3A1FE470F2AA152200E06CCFD0BB61A,1,泫雅男朋友是谁,美人鱼票房,飞车丘比特套装,vsco
02CBA10DDC13F852EFEDDB7558E1A3EC,1,李连杰个人资料,吸血鬼骑士,2016河南二三本会合并吗,网上购物不确认收货
FDC049A57D982E9FF6417ECA93021423,2,精子射阴道没流出来也没怀孕怎么回事,大卫测排卵试纸准不准,测试纸一深一浅代表什么,月经后几天长卵子
6517298868D3BE8D02CAE2A1BF9C4CD0,2,考研ak,婴儿在羊水里怎么没有被淹死呢,坏情绪会传染,江北机场到大学城轻轨
CAE2622AE9613BB790A39D836BE6D3EC,2,老九门相关消息,微微一笑很倾城插曲有哪些,俄语入门自学,毕业论文:幼儿数学理解能力研究
611D8D6C5C0F327622C0990EF6699395,1,chernyavsky kirill情侣牵手照,保卫萝卜3公园攻略,桂林哪个省,锦州医科大学
2578FBF3AF713E85330D441795725369,3,十七岁妈呀咪天才宝腹黑爹,隋唐英雄2,男主是鬼的小说,叶紫是哪本小说
0F5F59F4091CE9A6A6443F1B0E384A5C,4,车主之家app下载西安,西安党建网在线考试,什么是电话车险,戌怎么读
707ED8B3BCAA6E001E6069749E45479E,1,教师口语训练教程,英雄联盟怎么玩,患难见真情英语,素颜照片女生
7732A6AC5E4DC01D38F6FE8AD3A272B9,2,山东财政局会计网,泰吴和kai,国家励志奖学金,可以和海豚亲吻拍照的
C6E3AE1B45548B6DB9DFB448439DF276,1,燕窝图片,古筝乐谱符号解释大全,atm机是什么,补发的单号是什么意思
895D8EA7B4A0DB81610931919342293B,3,风云争霸电视剧全集,快速入睡催眠曲,蒋友柏关颖,张恒远
4E861F1269C41C330378780F1A8D1ED3,2,百度云如何转为迅雷下载1010百度云如何转为,龙王传说,申请谷歌账号手机号码,初三化学方程式配平练习
4AED9EA11E8D7A4133698C5005F2DE78,3,蚂蚁的故事,蛋糕图片,大王叫我来巡山舞蹈,武警老兵退伍卸衔
1E54D3B030321204038F2E8B9EAE987C,2,百度手机助手,抗拒的意思,"陌上花开,可缓缓归矣什么意思",x7/4g+64g/全网通玫瑰金2350金2350
D2C8D598804AACA6E44A236D031FB9F3,1,西红柿与鹿肉可以一起食用嘛,"如图,求证∠a+∠b+∠c+ ∠d+∠e=180","只小心谨慎贡献出全部精力,",如图ab等于aeac等于k一be等于ce求证ab平行k
A72F57BED7661E2E419AB15A8F04C955,2,你想什么你就是什么,张大千与李秋君读者,谢春花的歌,容么么年轻
CB01E1B6F955B723FDFE2A042704D44E,3,欧洲越橘,生财有道主持人,大便粘在屁股上难清洗是便秘吗,邹健平安膏
D73FAFB086DAB662E17DD67BB9F65BA9,2,小男孩过生日送什么礼物好,line连接不上,三星手机待机怎么又自动开机,奥迪派克峰多少钱
B61D678FD3954524CBF36DF261EF9C48,2,郴州电信宽带账号格式,红褴,斗破苍穹萧炎奸美杜莎,吃货星球
011CB380C87E639900EBBEE2E2CED71D,2,为了你 伯贤chenxiumin歌词,exo promise下载,刀群舞韩国前十,字体 图
3B7F1D2D4E499EE623E1A68F3F4BAFD0,2,做好饭菜了别人都说等一会儿来吃,没有感受爱的能力,男朋友不爱你的表现,蒋雯丽歌剧
F68171226B56162B4AC510BEA34D215C,1,office 2016 for mac 激活,王者荣耀刘备适合破败还是饮血,汪峰徐歌阳视频,学校发的电话卡激活了可以不用吗
523D05E589C451687E351E242268FC5F,1,大张伟喊话王思聪求撕,四人抬轿鱼 照华,张纪中妻子出轨,河南现纸片楼
0DFBD6931F7CF5AF0706E8407081B8D0,4,蛟河红叶谷,谢过是什么意思,为什么月饼皮有的硬有的软,今夜窗外细雨纷飞我孤枕总是难以入睡是什么
5AFF38F27BF40FD47805E43EE0BD902B,1,中国哪家衣服店最好看,布衣总统孙中山几部分,eiia,沙沱初级中学学校代码代码
0E941EC19877936CCF0D92FFE1F4EE67,2,上海金山石化永乐生活好吗,导航栏隐藏器,如何制作狗粮,百度
2AD8C44507B25F84D6D908B1547F4710,4,榆林窟,尼桑骊威报价6.88万元,五粮液价格,功名
000BE2980986A0349AFCB2B474CEC2DD,1,红酒开瓶后能放多久,便宜红酒什么牌子的好喝,新网球王子,网球王子ova
562F22E01C281D03FA41BB8D2C1633F8,2,出轨女人的自白小说,猎艳乡村,梦见别人弄坏我衣服,总裁的女人许欢颜
6E32A1B9F911E296E5605E86870A2264,2,屈臣氏办会员卡,海带丝的做法,关于适应生活的电影,大学省钱攻略
44B74B19880C8C80A627A4F463D68BEF,3,男士内裤什么牌子的好,洋码头,谷物盒为啥是长方形的,dfs免税店
6C8FDAB09C235E1105D33BB304618A98,3,五仁月饼放冰箱,平板支撑肚皮疼,徐峥,擦bb霜 脖子痒
2D366775E1A883EAF4DE125DB7B45812,1,嵇,美少女战士,老干妈,红水仙
2E162FE7DCCF7FE1FF2FF6F698F82E19,0,地皮老大还是城管大,华为手机哪一款最好,柳州哪里有专门卖月饼,种植前牙多少钱一颗
6222B20A3D81021DB3AA3916F10F9B0B,1,虞美人,高瞻远瞩的反义词,佳荣旅行社,脸胶
98CD8A15C96A24F216B916B57EC22D51,2,慢性病免费,属羊人有福面相,血压高压低压是什么,太焦高铁
F5123305008869C15CBADC5C0AEB8305,3,喝蜂蜜水有什么好处,宝宝误食蚊香怎么办,林夕梦创始人金爱香,乙木是什么木
FFF9B7A50664337FE21DD4E57301478D,1,耳朵薄小女人命运,鼻子怎么才能变高,快速减肌肉小腿,南昌话作翘什么意思
7F3D9A992F5EEE863E6963C26BCEB05D,1,肝火旺能吃什么菜,埃及脚的人不好吗,低调的句子,芋头不能与什么同食
FAA29FA592C137E1A4F90E462717AF1C,2,大乐透,欲成欢,广州市中医医院,龙归到琶洲
E714D821D403EC5CC31B8B7C86C4C3B2,1,蝴蝶结的折法,蝴蝶结的折法简单,教师节贺卡立体手工制作,气球小装饰
A287F6FD33CF3DBD23654316D6A5CACB,1,民政局,乌鲁木齐南到淮安的火车,富蕴县金源地图,乌鲁木齐南到盐城的火车全程票怎么买
5DA08EEE1486865B5CE792B8AC1C4D30,1,笔记本显卡gtx940怎么样,龙王传说,笔记本玩lol用w10不卡w7有轻微卡顿,笔记本换了系统玩lol卡了
04ABAC71875014DBCEC14C62BB1AC97C,1,200万多吗,英雄联盟蓝色忧郁,炫龙炎魔t1pro开箱,张曼玉电影
5A088AE9DE1281A315F52AD0187CC701,2,adobe application manager干嘛的,ps打印海报时调整的是画像大小还是画布大小,温十怎么自动定时关机,lol中点卷多少钱
F42D4FD8CF27C6938AD993E6E5162E65,2,七星连珠,前言与摘要的区别,抑郁症,北斗七星
EE20774C557BA024337815C263035ABC,1,郑雅文,王朝的女人完整版,徐娇,我们的十年
F8525BFDADA2BD49ADD232976D5F4E5B,3,将进酒拼音,二级残疾,左边后面腰疼怎么回事,智能微信回复内容
96151BF3CA02C564FB98BBDD95B98157,2,贝特朗悖论,戚薇,概理论与数理统计,卷寿司
CF2FFE4022E710F6C9D500D7BFE63828,3,吴倩莲,宝宝断奶的多久,贺国丰歌从黄河来哪一期,刀剑英雄斗神演武
A434024A84B464DC8CCBC128318C048F,2,刘亦菲小说阅读,牛奶醪糟,补办银行卡卡号会变吗,霉菌性阴道炎怎么治疗
391EF95C963556A0FF58BF9BAC7BDF4C,1,月食会在下列哪一天发生,重生之男神全文阅读,里约奥运会1500米田径赛程情况,鲁鲁修死了没
232B854244FA2102D2455DEDE32763EB,2,例假期间能吃梨吗,青春时代韩剧,南京大屠杀纪念馆门票,p7华为
6559D9232D3064BCA00D8347CA347109,2,阿迪达斯logo真假辨别,碧瑶,香蕉和猕猴桃嫁接,迅游免费和收费差距
A55607473C6B91B34EF1C94101C61E53,5,口有几种写法,星光灿烂宣传页图案,婷美美肌水光肌面膜,空气烫的优缺点
6D0A073927DD243F5539C17909707022,2,q吻戏,电脑主频是什么意思,短发,刘亦菲和他的干爹
5A39AF83262823AD95E8FC258BFFE42D,1,蜗壳是谁,好听的歌单名字大全,王俊凯图片,小丑库卡配啥人物爆分最好
B847A274360C52C4529EAEEACC8058F7,4,离婚女人晚上寂寞吗,如何清理ug许可证,ug10.0和8.0能否装在一台电脑里,酒酿和牛奶能一起吃吗
9E22A1A1F3367F74B72A2F5D55AB54D1,1,腋窝下肉里长了疙瘩,海口市龙昆南路白坡里336号,治毛囊炎的药膏,面膜几天敷一次最好
8BB0E07B39B253AA9361A6FBC353BA28,2,安微合肥到泉州要多久 中通快递,陈赓,33是什么生肖,键盘进水按键错乱
3714730D008A2055A54F126E493CDCB5,3,dvi接口,乐蛙os,骗局明天到我办公室,百度
E13DE30252C945B15AACA2DCDC64BA0A,2,二年级上册品德教案,全能奇才,扬言炸开喜马拉雅山,芃
6D9C76D485E9491CEBABB233C7A41044,1,魏晨,胯下运球,混音键盘,鼻子大能变小吗
CD4E2A19DAE24AD1B4CB7365A3E0A149,1,油性皮肤怎么只好,学校女孩,我要怎么做微商代理,谁和杨幂接吻
C1EDBE6577D8D9686855FF7CA6F7E391,2,手机网易云音乐桌面歌词不显示,oasis减肥咖啡有没有白云豆,减肥途,用word可以做纸质彩色宣传单吗
5CA634D8C390DCC959E1396D177784EA,1,碾怎么读,360云盘,咏鹅的作者,癌症会传染吗
BEB5D186168CF67603FCDC93A6168440,1,小鸟绘画图片,猪肝粥的做法,顒怎么读,西兰花炒牛肉
F15276B4660EA8A05054B2675CDFF482,1,三星note4屏幕多少钱,一品夫人之重生金牌财女,重生之极品弃女,黑色中分内扣发型图片
294A2F9F932596368247FD17AD1F8F1A,2,齐秦,上海新天地安达仕酒店月饼,桐乡卫生局,纹哪个颜色眉毛颜色好看
DFA88A684517C10BADB8A27A65D3850D,1,qq头像,次元社福利资源,王者荣耀cdkey兑换码领取,微信红包群
8A720EB0070AF8F139ACD6B399B8C161,2,北京时间,美团外卖送餐员工资表,yolo小白音百度云,龙之谷手游
A9E1C7F1BC14930F843819A6FAD6CC37,2,射完精后小腹空空,爱情经典词句,g20晚会时间,西二环什么时候不堵车
3AA773E5A7C7ADFB395A73B6C31211E0,1,u盘修复工具,闲鱼,科技巨头,淘宝退货退款流程已签收
F2ED09E7A1F2C543ECB072389CC0EAA3,2,美团团购app,有趣的对联,百度,微店怎么开
9C6D9CE6F609B77AC41327524C678499,2,洗手钵,鸳鸯剪纸图片,电脑清尘,鸳鸯剪纸画法
1EA62692330A667FCB3D6A0D2A869FDA,1,红酒开瓶后能放多久,uva和uvb的区别,qq头像,new era
26D5820F47708BCE6E9CF5DE153E1EB6,1,微微一笑很倾城txt,惩罚军服168,惩罚军服181,沙僧性格特点
724095061984EF58FFF97FAE0AE4EADD,1,玩lol无法连接服务器,鱼人的皮肤价格,重装xp系统后网络都没了,win10显卡驱动不兼容
C10D8A921030EEEF1F4C26F6525B8265,1,国外的豪华球鞋,八各丁,苹果打火机,七日杀中文版
85325F37C3ECA068C1EFF175339F71A6,3,深圳飞韩国几个小时,上海到深圳北火车时刻表,王梓涵图片,浪漫满屋韩国版爱奇艺
D2B4C661F7AD841CAD48EBDA8B11072D,1,使命召唤11配置要求,excel,苏运莹,全民tv注册总是未知错误
0F520E68647F3FA497A4B667A6BA70C0,2,关于花的玩具,拇指姑娘的故事,贵阳专科学校有哪些,湖南鲜花饼厂家
2A5F4E847457882BADE5F93B4E362B70,1,微微一笑很倾城几时开播,在计算机中计算机辅助教学英文缩写,乔任梁徐璐最新消息,乔任梁个人资料徐璐啥反应
FBD7A79ED92B7017DD83C752D478B31A,1,诱导公式,腾讯微博,fresh,纪梵希302
533FCB58DB19A2C449532A5E1754F9D4,1,挖掘机神曲,吉林警察学院,东北菇娘营养价值,雨蝶歌词
953C35A995ED8AB88B52ED6F05478CB2,1,有点甜张小腕,瞅啥瞅,中国女排,海城卡盟
CF5DC1B7E3D28B73C73FDE38E577DDCF,2,网页游戏辅助工具,dnf复仇者用亲爹镰作毕业武器行吗,白金段位上分英雄,炉石传说怎么赚金币
5E5056AEE58E7D1C9D8F3A602FEDD39C,5,每样东西尝起来英语,初二英语课本课文翻译,遵义会议放光辉的中心句↑哪句,也爱新凉好
9D16307C4A61E437D13888CBEA3C58C7,3,举起手来,巴西弹颏,手表品牌排行榜,林深时见鹿海蓝时见鲸梦醒时见你
1B2F14AA120A38A714DD85DD1B2C2DF4,3,中国国旗图片大全,墙纸,棒球服刺绣,日本福神evisu
13AD5CCE8A8A9A7F212C63CEADEDD69D,1,浅橙裤子,小米蓝牙怎么连接手机,凯酷与酷冷哪个好,感冒半夜咳嗽是什么原因
E6DB4DCF2E4972F6030956CEA970B0F7,1,杜蕾斯官网,陈伟霆女朋友现任,奶爸打团装备,胃胀气怎么办快速排气
7E74C4935EA5AC8EE603A445508684A4,1,山西算北方吗,山东潍坊,三生树,剑网三800装备分布
4E2025BF56D95114543D3860651B91D6,2,厦门旅游攻略,天下3论坛,张学友名字,简单调酒配方
0419C547D7D511943BDA8D2282455801,2,白带豆腐渣用什么药,高考英语作文书信模板,我们来了t台秀是哪一期,窦娥冤的作者是谁
CB23AB4C46E1727D049B6D8D652EB863,4,沈阳联想笔记本有活动吗,韩国爱宝乐园门票价格,自己下载办公软件,长白山天池有缆车
218FB6C03EAA33B376C4F8EACCCC9DE5,1,碧根果和核桃有什么区别,中国战斗机的造价,哈利路亚是什么意思,合恩角和好望角
15B38DC34D4029F69C58E85AA5EA6D8D,5,刨妇产用定期检查,澳洲保健品能长期吃吗,澳洲naturesown三倍大蒜,亚麻籽油的功效与作用
D452FE4E1C37E961B17775E85EA38BB2,1,全民k歌耳机听不见自己的声音,电脑配置影响质量么,幻城小说txt下载百度云,老九门贴吧
455A54B7CC4BD6665AACDA449FF2B2D6,5,抗日红军徽章,竹楼情歌,爱国手抄报图片简单又漂亮,红军长征时的图片
846099E4ED29A2BD017F915B4F432D73,1,名侦探柯南剧场版20,战恋雪,诛仙青云志李易峰配音,李易峰麻雀什么时候上映
E69B8C9D8AB6B9C948FA879D82319269,4,孙坚个人资料,纪念红军长征胜利80周年手抄报,舞《少年心中国梦,微信电话
188AD175DCC5817EA7A3F6B8838E743C,1,酒糟鼻图片,郭敬明,kleptocats结局,多啦a梦大结局视频
520EDD95556E417243893607B55E0298,2,南昌理工学院,心理测量者游戏,眼睛小怎么照,凤凰非常道大张伟
4C4F66B863008D9B9AEB8E02F45B6114,2,那一年我走王道,我是混天门的是什么意思啊,还是熟悉那个房间还是那根香烟,牛录
87FAD317B7518F78CA67F096D91BABD6,4,趟组词,木耳叶,angelababy,多少钱
50C576D837E721EBD982C5339565D284,1,兰博基尼,中国人民公安大学宿舍,三星s7换频幕要多久,q7奥迪报价2016款
C15EEAEC0D6837369E1E9C658A4E3693,1,天蝎座男生,微流量下载,王者荣耀赵云怎么玩,女神的的感觉
BCC250FCD2010CEA105BA9D432934BC4,3,中国移动宽带 上网口令,原始生活21天 无遮挡版全集,人民检察官,徐臻
210C6F2FAF832BC53FC0F38B7D4332D2,3,仙童,苹果7发布会直播,元气少女缘结神漫画,虎妻兔相公
381B711E8F6F25154A1A4D389DE630C1,1,葡萄籽油的功效与作用,自制口红,耐克台笔记本怎么才能上网,买台笔记本怎么才能上网
D0F22DD06F5C364A0F7018AECBAC53D0,1,插卡的座机电话,学号不好辱骂老师,恕火英雄电视剧,跑租出车不挣钱怎么办
B94B2A33C0B8FA9DAB7FA12FF784076A,1,工字型俯卧撑架,台州是哪个省的,高血压能当兵吗,水果拼盘图片及做法
1DDED374429A4A65224932B1ECF398F6,1,身上长瘊子的原因,床单四件套,瘊子初期图片,瘊子的用药
CB68BCE158D831F049C85CFF105898C1,1,紫霞仙子的经典语录,黄鹤,蟑螂恶霸,鹿晗本名李如阳
F2ECDCA6AB954F82440D53AADE6EBDC2,1,你那永不泯灭的精神,耽美主角姓什么,沈步吟,上海汽车博物馆
DB67DC56206C1A1BA4A97B68CD5DFAEC,2,海外导游工资一般多少钱,兰博基尼,痔疮要治疗多久,日产
360B0A8C8FF643D36E411230166B0697,4,儿童diy灯笼制作图解,"筒子骨玉米,红枣香菇汤",明月夺目的意思,极目远眺的意思
50A0969B9F1308E7AEA4027EBBAACF65,5,酸奶吹泡泡,排骨教主真人照片,重生超级女神系统,人有三急是哪三急
7420D2AC5491CC8099BF561C07A168A5,2,桎梏怎么读,哈达,秘密爱,张译
4B8776BF95C68BAEDDDDC9468FF2BA5C,2,羊肉炖藕,社会分工的意义,杰斯·麦卡兰,中国现代经济思想
2DB725193BF4566147C538E38C7589A7,3,甘草野菊泡茶会上火吗,血红蛋白高,笛梵,舒静通官网
63F0975C81E615316B5F742E3D09BA45,2,荷花鲤鱼纹身图案,信用卡全透支了还款后还有可用额度吗,惠山第二看守所在哪,无锡到济南车票多少钱
AB6400D1CC3EEB40EF6D20AD987AA942,1,一笑倾城歌词,知足歌词,刷课是什么意思,烟花易冷歌词
662AA62216AAAD5A7F9902F799B52527,1,饥荒攻略,免费小说,女生第一次的时候吃止疼药有用吗,qq红包提现到邮政需要多久到账
90F088889AC70BF08EDA32116BCB55EE,1,电脑如何重装系统,日和文组成什么字,活着就是恶心,十堰到武汉火车时刻表
A24FBB1F6A11C2E9B10F42E0A6ABA9F8,3,指甲草治灰指甲吗,对皮肤好的酵素,图片加载失败的图片,韭花怎么做好吃
1C159E6C32F8FFD0D4149C28C1921104,3,苏牧金毛串怎么是黑色,黑损石苏牧,纯黑苏牧金毛串,爱狗网论坛
3626E027645F46E0DFE19BECB261FF29,1,扑克牌怎么抓的住,美少女战士被抓,最强大脑第二季,华为商城
F8CE2E167AEDF0E904B5387EDFE335A4,2,涂山苏苏东方月初情侣图片,尹新月名字,情侣头像,汇票是16世纪出现的吗
08B11075C917082502C0E8B073D360CC,2,北京时间,美人一笑很倾城,马可波罗,书书屋精品小说
86761AA023C29DF41D7BFB5E836E43D5,1,烟开封后可以放多久1009烟开封后可以放多久,老司机开车什么意思,死亡邮件,如何烤肉
F1EF284BBB9967C61857A4792D6859D4,2,flag是什么意思,四川的橘子好吃吗,扣扣可以发表视频吗,重生之女装正太
2175FA6E93C4A6C631BC14E704DAD1C1,3,严宽林心如,虎肉,偏偏喜欢你歌词,热血传奇手游版怎么把防御提上去
307E336B581E386E6925CFB7F998E4BD,1,齐河在哪里,具惠善,行李箱怎么设置密码 视频,山东科技职业学院女生宿舍图片
E1F9F36434DA76F09FA8171095EDCFC6,2,唐唐big笑工坊,3500左右的笔记本推荐,霍比特人1,好好棒电影网
3D6C0CDDDD0CEA7942159B7C6BEF981F,1,兰博基尼,夏楠,男士洗面奶,笔记本电脑什么牌子好
A3D7AC935393471E4EF84496EE868928,2,吃饭身体容易出汗是怎么回事,泥鳅吃什么食物,s6赛季亚索战争热诚天赋,平时身上痒
65DF399D5E1AAACA7632DB519F246E0D,2,食用油油可以反复使用吗,桂林山水书后题,超极本,搦
9BCCEEB053A0B3AA50BBE44D2E9F7CD4,2,动感校园怎么领流量,汽车为什么会跑,常州大学生电信59合约机,联想w8改装w7
8B09C7E85E3CF596402FFF62D0E0819B,2,硬顶敞篷和软顶敞篷有什么区别,英雄联盟二周年盛典皮肤,亚索打剑姬,怎么提取损坏屏幕的苹果手机里面的东西
F59952FCEC18359F91787F0602BB83B4,3,朴槿惠提早回国,百度,草原有哪些吃草动物,梦到蛇预示着什么
EDD97170492C7BCD25DD6E8423FABF3C,5,卧室念佛可以吗,大悲咒与事业,长春制药厂风油精,茉莉广场舞幸福山歌
5070004926D1EB0B390684F26FC82820,3,征婚图片,山东栖霞电厂,表情包搞笑,莫生气全文
8B35859DE3CECAF1B125328DBF197CB5,2,重生知青,重生知青女配,重生之药医,伪装者同人小说原创女主
4D6CAA8390B77328AB201CA3E04B0426,4,c语言,主角是耶稣,我叫mt太阳井,link的大冒险
72E6363C3D3CC7C132CB837A7F016620,2,古诗月夜中斜字的读音,春寒料峭的意思,小学文明礼仪活动记录,"开的突然,为什么后年又写了雨悄悄的来了"
F571198D9DC54D7B302AE8732789F6B7,3,宝宝吐奶应该怎么做,蛋糕图片,宜黄到南昌的汽车有几趟,玉石用哪种玉防的好
B5E8BE6E41F8F51BBBC6E3FB9D15170A,2,宝贝真乖类似小说,宋欣佳怡,谢谢观看的ppt图片,笔记本电脑什么牌子好
07632DF46577BE58A8BCAB3E900D73F5,2,如何保持手机屏幕常亮,真心话题目,退微信群别人能看到吗,转系申请书范文
3BB50A9BD1C08E2F5414E66557EA91E1,2,国庆节加班三天加班费怎么算,王爷的女人,写覃皓的藏头诗,梦见一条青蛇追着我
1696806FC229D13D66A79D9EA05224B5,1,wifi一直掉线怎么回事,机械键盘改灯能用打不出字怎么办,dilidili,蟒蛇飞升渡劫
5F64E9DC0A8E999B7C35633606DE3AC7,4,聊城江堤乐园在哪,老翁徒手击退黑熊,钢管价格多少钱一吨,奇幻森林电影免费观看国语版
6ED5933611358DFFD97448C81E0FABDF,2,虚荣三星礼包,虚荣女警,中南大学派出所,可以玩虚荣的平板
4CCAC9E61E1D5C230D7A66023F9B1AF8,1,百度阅读,windows10怎么设置开机密码,20分钟lol补多少兵,英特尔 hd graphics 520能玩什么游戏
9F96FCC7D7717BB60301564FD0D539D9,2,甄嬛传中安陵容侍寝,英文案例分析,蜜丝佛陀珊瑚红怎么样,烈日灼心
1FF7F4101934DD70ECD89F32E9C2F198,2,地铁一站多远,罗马未删减资源,适合中年妇女的面膜,三峡大学邮编
9D01CBDC6825BD904335828348875721,4,16两等于多少斤,取得好成绩后感谢的话语,哪种筷子最健康,一千克等于多少克
9BADF74B7F6600B76924F0EA4122FF1C,1,看片软件,饥荒曼德拉草,卧室植物,数列高考题汇及答案
6CD8B0910BC37DB84D1CFF59BD12222D,1,自己写的协议书有法律效力吗,田字格的认识,正弘春晓,房产证办理流程
8E0169B6E9F42E65294A0B5D172B6810,1,盛开,杭州摇号,韩栋,淳于丞
D99BCB2E97E684A533707C431EEA06F8,1,更改银行卡预留手机号,头发蓬松毛躁怎么办,ahc高浓度玻尿酸面霜,罗伊斯普鲁士榛子头
FB4151C2F5E234F9B31BA257D31EF170,2,旋风少女大结局,诸城小学老师招聘,郎平简介,如何求三角函数解析式
A7747A7B84DBBC8030410CDF494EB595,1,雪莲菌泡的酸奶是怎么样的,荧光反应跟荧光剂要怎么区别,荧光反应跟荧光剂有什么区别,喝了雪莲菌制的酸奶拉肚子怎么办
C1B5B3BA4EED004AC5B147DD112E251B,1,乘务长,龙王传说,cf,氧化亚氮
7B4745589BB03D28452B13182BEF2F1B,2,合租金by千记微盘,重生之福鼎荣归txt,老梁今年多大,水白菜怎么做好吃
F9BC698A8202FC80569C39750E44AEA6,2,石刻产生于什么朝代 兴盛于什么朝代,"发现奇怪的石头,专家请来警察",毛泽东提出处理共产党与民主党派关系的方针,全面深化改革重点应把握以下几个重大关系
C621C3E350EEADDB8BC9014EFCAEA759,2,中牟大蒜厂,郑州二号线地铁路线图,百度,中国农业发展银行是公立银行吗
1274A08CF1B00109BCF958B86401C581,2,个性手机有哪些,喉炎的症状及治疗方法,简易个性房子图片,宫颈糜烂做完手术后注意事项
3906D47627D86B2D5B14B6AACA4F37C7,1,支付宝只能绑定实名认证的卡吗,acgn是什么意思,psv2000游戏卡带在哪里插,maplecolors 2
F945253467FED8526A4069ED2B01341C,1,英雄联盟4胜经验卡多少钱,红米设置限权怎么弄,http://s.click.taobao.com/5zqkgxx,林宁哪一届获得6没劲pai
456B5465C652EEE3C0988D7751EC0533,2,首都师范大学研究生院,梦到蛇预示着什么,比度克,建筑环境与能源专业
DA9D69AC1044C260F9C6D42E2BB296C1,3,夏目彩春,陌陌魅力值8级怎么到达,丹东苹果体验,瘦人能戴苹果手表吗
2474A5B2B517DD7E4805C92A9F28B47E,3,大便白细胞高是什么原因,天问幼儿园,宜昌外国语小学招生,儿童健康食谱做法
54D38B66D631F07D2BEEA2657F66ED2C,1,qq头像,绑架美女的微博,我的世界做活塞电梯,斗鱼
2A4CBA4EE4E899CB3D4AE386C75F84E7,3,轰杀至渣,奸臣,vivox7,0598是哪里的区号
8BF9EEF9B21F02A5B175D88B78C17BF1,1,三星a9,报丧女妖海报,940笔记本显卡,魔兽净化少女
022F85D817F1B4A71B40399B9057347C,3,公共基础知识中学术论文重点知识归纳,环境监察证是干嘛用的,铜川市人民医院,公文及论文写作重点知识
7C1D5AD1387422E6E0D5377B3D3AE446,4,西装清洗,电玩巴士,天天富翁怎样充一元,天天富翁充值1元
09435D6FD611A9B1ED45260EF9240D4C,2,扁桃体发炎不能吃什么食物,百度,黎明杀机,阿狸桌面
B3DD980FA0325F73CDB3028878ABAF75,3,穿什么牌子胸衣能收副乳,微店怎么开,橡皮泥制作简单做法,整体衣柜
F816403BE5AF8FF70A15DAB8B5540792,3,人的所有细胞,量子卫星,百度,许三多
C3CCCF0B2BAA0F2DD2927BA1DC9016B5,1,壁虎进家在风水上讲,怀孕四个多月腰酸怎么回事,美美补水隐形水疗面膜,盐城滨海妇幼保健院
49DF13ABB22D14CB2E3CE8112541B9F3,2,byphasse蓓昂斯怎么样,蚀骨伤婚,红色瓶子的洗发水,瓶子是红色的上面印有tt的是什么牌子的洗发
9D355894086F4D097CE521D8A79873A8,3,欧弟入德云社家谱,女保镖舒心走红,晚上十点多开一个多小时去见面,尤丽云
675B35AC6A608E3AD8680EC272073EB5,2,刘嘉玲,山东师范大学教务处,奥特之王,什么狗最可爱
B38FC22EA87FA7B830D57B424CCC387F,2,维生素d的作用,导游证考试一年几次,玛奇朵 亲爱的公主病,中秋月饼图片动画图
0A259AE167C096457BC3BD0DD43D0A37,2,干煸茄子的做法,一般饭店都有什么证件,澄城县哪里的牛肉煮好吃,家常茄子的做法
D14D054F43643CD5E3B72C9064C750D8,3,报达,ps哪个版本比较好用,杨洋没有关注郑爽,怎么一个便秘
6F09C95F7E9DE41F68DF6D7B6868B29F,1,世界旅游小姐大赛,柳州银行官网,柳州市柳江县电车在哪里上牌,怎么能让痘痘消肿
F7E78D7CC62E912B5B79786058165040,3,么么视频免费区,小孩子有湿气怎么办,一般的信用卡都有没有年费,进件日期是什么意思
23B5D915DEAB742EAEAFF3035B4C0F28,1,电脑有漏洞要不要修复,收获日2dlc什么东西,好玩的单机游戏电脑,雷神小钢炮众筹
79B2395C4DBFAFF021862F12649753F5,1,bbox是啥,云南白药集团,绿豆粥的做法,密室逃脱7官方正版第9关
3FC8C1CCFFF39B7F1659CDCCA5DB7BB1,1,娜扎前男友,鹿晗高中,桃李杯独舞,使用生长激素的副作用
FABD762B77503E95666BE6947F7381A7,6,朴槿惠提早回国,美媒称中国向中朝边境,百度图片,关于朝鲜核试验的笑话
DB16826A56B44E92058002198EC53BA9,2,5000左右的笔记本推荐,北京时间,京东方4大分厂,闲鱼
BB2EC575837F071022740DD3740983BB,1,锐豹鞋,葛美养生粥的做法,妮娜,世界三大名表
338B3C07853C2C46D817CD7684C1C3E1,2,示儿的意思,认识算盘的结构图,拙劣的读音,在洗脸水里放什么祛斑
3BA08BDA99DD37D25B30BFF6F3FBF2CA,2,早教加盟爱育幼童,高潮,铠甲勇士刑天,栾城航展
A58444FDAA4AAF4BD5205F402FF62918,1,颅内感染引起症状性癫痫可以治好吗,全民k歌怎么玩效果好,起诉人大概多久能开庭,excel
4CD4352770F727DC94686FE7D26D830A,1,七月七日晴,联想海门店,幽默冷笑话大全爆笑,6000万韩元等于多少人民币
30F30A27C6AD386D8363A62B58CCF3D2,4,幼儿园里学英语,伊利纯牛奶小孩喝好吗,小孩感冒鼻塞晚上睡觉出气粗怎么回事,大班5的分解组成教案
78FF5FDF865DCC30DFB2C2F2D8C337F6,3,比利时啤酒,战狼2什么时候上映,逆剑狂神,罗蒙男装
0A3201A10C504DE2A4CA00255E75404A,1,天鹅颈是什么样的,无花果图片,扇贝单词和不背单词,盒子鱼怎么刷积分
7BB3353F43BEE0E05C32F51F7CC33197,2,百度,与投资决策相关的现金流量,连续型随机变量的密度函数断点,商志句型
696B40A5EBF1170883D562E2CF57108C,1,好听的班级群名称大全,奇迹暖暖攻略,主要旅游客源国概况(双语教材) 课文翻译,霍建华林心如视频
287B7E5DD085E677BA97C6772CE332F0,1,win7用什么杀毒软件好,网络测速,黎明杀机,网易云音乐下载
49251B42C597B7826FF9E4B7330C6C33,1,逆战主城几点刷新,逆战帮帮福利中心,林允儿,gank是什么意思
B8AB2B7E0C38A3742C279E925EC82721,1,太原903路公交车路线,怎么能让80c胸变小,hellokitty箱子,老九门丫头怎么死的
89A192E31E0FAAB4C4691B4875D65574,3,老翁徒手击退黑熊,肿眼泡割双眼皮图片,西安西京医院整容外科,手工制作
6FA6455314128AEF616CBEEE28F0025D,2,"名字是英文,唱的是中文什么和",电脑没声音wind7,百度,电信诈骗案件2016死人的
2272973AB200DA1FC6D2A069BE9543A2,2,灰贵宾,不知道晚上为什么害怕镜子,裤子拉链老是往下滑怎么办,vivox6plus高级计算器在哪里
FC219EFCF021E39125D220CCB0A539FB,3,婚姻法 离婚,手掌心 丁当,宏碁官网,酷睿i5和i5-6200u有什么不同
F2554BF33EB39736E93FA23F32B0CF29,3,属羊的和什么属相最配,新还珠格格 鳏寡孤独,带戒指五个手指的含义,怎么样使视频发送到qq1001怎么样使视频发送
155C9CA463E4A4B0FCD7C9942995A1A3,1,河南理工大学地图,"乐观,不放弃的英雄任务",秦时明月之君临天下,东京食尸鬼第三季网盘
24490BE585A26A0CE3451D08DEBBE4FB,2,液晶电视控制芯片如何查好坏,梁平新闻,茶山竹海,重庆方言大全
E18770BAE3647E2771C52D2E2477F1F1,2,现在结婚都买什么颜色的床,芜湖那里的珠宝便宜一点,结婚戒指男士的多少钱,结婚有人买黄金戒指吗
D63351051A082BC82B98E0AC821E1C4F,2,什么是ip地址,宝宝去人家吃东西,京东号怎么注册,多次充话费怎么查询哪些充了哪些没充
583E6586C4D3FC20E368A502F28C4F19,4,千层饼机器,男主占有欲强现代小说,我是演说家播出时间,宝宝舔龟头流桨
0DA1039A2045C23AA05DC6ED24803C2D,3,音乐合成软件,混音软件,有没有软件可以把两首歌合成一起,爱逼人网
77D83BBA98CAAE009EF646EBBCEAF7F5,2,保养启动机得多少钱,我四号凌晨到长沙订酒店订哪天的,双色球机选中奖率,尼桑骐达门把手怎么打开
2A6F1F5C946A9B35592476D40FBD560E,3,百度手机助手,kingtiger,山西到北京高铁,江山如此多娇
4DE37BF52C15E9188EF33ED588934EBF,2,qq装b神器手机版,百度,重力遥控车,破解版游戏大全免内购
7AFD75C6ACD72B5C26FF11C69B438F3C,0,用彩钻在手机上可以摆成什么造型,优品股票通 下载安装,用钻石在手机上可以摆成什么造型,exologo折法
8406E06771F91E2AD63FC48BA7AA8F60,2,指虎,百度,神兵玄奇,哪种眼镜镜框好
4CE857AEBB8D3CE970664C7FCEE13145,2,中信证券密码忘记了怎么办,李敏镐,去山清山旅游 怎么安排行程 开车,平板多屏电脑
242F42191683466A84BF6D291B21DD15,2,ea艺电公司开发的游戏有哪些,男士控油洗面奶排行,高考文理不分科什么时候实行,饥荒官方下载游侠网
540D98701662DF606329331177D065ED,4,移动手机套餐怎么取消,给点阳光就灿烂桃桃一轮,新标准小学英语六年级上册m0dule,平板电脑好还是笔记本电脑好
2220DF00ADADC3B62C52819E9144C648,2,吃土,苏打粉和小苏打的区别,北京时间,华为p9plus
9CAAEC782EC859A6E53E06D0968BBE07,2,好玩的单机游戏电脑,寄快递上门取件圆通,逆战,支付宝客服人工服务
F5099C1F5A5027E22A837098306C7186,1,张译,乳腺凹陷怎么治疗,平凡女人的春天,王的男人
70892A52867FE2AD01D2B500100F725A,2,博雅斗地主残局挑战,q币不能买qq彩票的豆,白巧克力三级跳上篮,跑步能减肚子吗
3A24861218D0355AB2DCD83F128A467D,1,爱情公寓互联网那集,美人鱼公主图片,高中生励志句子,古代王府平面图
6A0AE6895332E450EF72CBE5532BE041,1,联想s41-35 a4-7210,马刺三巨头是谁,哪里可以看nba比赛录像,马刺夺冠
E85C57CE5FEA44008C37BC5EAC022DA9,3,孙悟空,福州招商银行网点,腾讯手机游戏,多少钱英文
E25B4D4075387A0E6341D442E2AB79B3,2,摊销,消毒粉使用方法,死亡之虫,化蛇
59068BBC32EE27FD0607459029CDED45,5,华为悦盒,李晓鹏,美国之音voa在线收听,2磅
50CE4252F6B2AC0A736901A82AD06E42,4,纤细的爱百度云,只有你能触摸我漫画,阅微草堂笔记,魔教卧底每天都在露馅书包网
4C9E6E382FD2615645F0833243386538,1,滴滴快车能用现金支付,dnf点了武器精通有加什么,qq男头像,dnf锻造8要多少材料
2B8BFD535A988ACE325297A925B23379,2,跑步步速多少减肥效果最好,玉阳子,qq头像,什么衣服出汗后没有白色粉末
F97195323C03D6B6807AAD438E809497,3,婴儿皮肤黄,新生儿皮肤黄,月子里吃什么下奶多,新生儿24天一天没大便
D0A2A9EA8FC46285EB5DFEE4D0E6DE79,3,林心如写真图片,单眼皮图片,街头小吃加盟,夜景图片
525C7C4AB9B37ADB29C062D7C22BEC3F,3,公积金怎么算婚前,小甜甜台湾主持人,幻城樱空释结局,hpv
A3043423A078569FA2FBA136ED046D62,3,一个月一个于念什么,piston,业务英文,糖果图片
CE44399C2431ACBEF6220DAB8B048809,1,怎么把钱转到qq钱包,乐视怎么调节亮度,欧美有个性学生范图片,虐恋情深 小说现代
1C0C4027E6152767226FAAD62513F66A,1,环艺研究生 就业前景,年薪十万的工作,天浴剧情详细介绍,什么牌子的内衣是纯棉的
967CD04DAA59A559450DA262866D1EB3,2,包皮过长是什么样图片,人族战略,施工员,cs安装序列号
3BB1903FA9F02A7402687966311ABE1E,4,抱抱,美图秀秀,手机怎么连接电视,if you音译歌词
6F54A2CE71AEE5DC6D27039B30C885BF,0,红旗h7,wifi网络不好怎么办,戴尔屏不亮有嘟嘟提示音是什么毛病,失业证如何办理
6F81D13ACF09E85E1FA6340A8E2AC8B3,1,花渐隐和叶葬花,新倩女怎么找npc人物,repes是什么意思,潮阳新宫路口
790B00867830798167C9A779C61F9B2B,1,乔子轩,爱不可及小说,坏家伙们,顾宁凌晨朗是什么小说
234594CA0D6F62C2E958CCC65DED1AA7,2,熔炉电影,钟丽缇晚娘未删减版,"爱情是没办法转移的,爱上谁就是谁了是哪本?哥俩好啊 六六六啊 五魁首啊歌曲",进口的手动剃须刀什么牌好
C357064E90E555E1D48A60208A241C4F,1,刚开始我不懂这些句子,做练习英文,因为我认为英语很有趣,在这里我很高兴分享我的学习经验
794E300D2FC1A2F76554BE924363BE4A,2,白羊座脾气,香港气候类型,英文翻译,泰国皇家乳胶枕头
6C1CE32B6B7F509B220426F7D9129AC9,4,跟腱炎,炖鸡,中国女排惠若琪图片,脱发原因及治疗
BBC574EAD7E7B62C98356E7A0798E36C,2,一叶子面膜怎么样,手写文字图片,轻小说便当中作为主角洋抢夺变当时敌人,410213567400
0C2B0B5D7EF20E18C1998EB4A79F200C,2,电脑频幕不显示,唐伯虎冲上云霄激情戏,重庆工程职业技术学院官网,魔岩三杰
D115CD962D905790AC10B2139D428739,1,广州哪里有的学习ukulele,疯狂英文怎么写,广东轻工职业技术学院客服电话,"[cp]地铁上遇见一个死变态,揉胸,摸臀,捏屁?缘来非诚勿扰"
AD3B71ED9DAFD17F9EBAC83D3528BC23,2,驾照吊销怎样能恢复,tlk,分期乐乐花审核,白莲花
384314B6B3CD9030B7D1CF8002D78F7F,2,润莎奈儿,哪些好学校有行政管理的硕士点,11月21日是什么星座,绝代女公子
81AD52FC71E99AFCD3B69520F3D0B049,1,矢志不渝是什么意思,孔子,英文翻译,镇定的反义词和近义词
7F7E456D602B21183ADCD99CA7F8082A,2,时诗,京城之霜,后宫漫画,乡村老师的办公室
846F7C0F31E8D5DE65BA986BD01B5F8A,1,做总结还是作总结,甜甜萌物语每周的推,寻找失落的遗迹小花仙,手相图解大全女
607A87E6FCFC1782952496AE8CB0B3C6,4,低温冷却液循环泵,控制面板开关按钮坏怎么修,科学计算器,鞋子的码数怎么算
D3FD8974ADA59FF6D36C3E464EC21AFD,1,诱导公式,release,大学英语学习计划,腾讯客服
595D34922AF65A944207456BBDD91AE1,1,品骏快递怎么样,巴马怎么样,动车,去庆大
A6406BA3C2729547A8672916CE7B1659,1,地铁城东客运站,笔记本电脑检测不到独立显卡1001笔记本电脑,ips屏幕,你会不会突然出现在街角的咖啡店
6983E34958369A26A0F9D1ADB7F7C626,3,工行2017校园招聘,成为执业注册会计师的步骤,怎么防止老鼠咬沙发,国画小说免费全文阅读
F2B388B2E460FB3D1FA6AB6235631B5A,4,商芳会唱段,李冬果,陈百强,华联汽车配件有限公司
616381E1332B04035909A00E586B7254,1,沈阳,捷克睫毛伸展液,电信超出流量1m多少钱,淘宝的美妆镜的功能
BB457D9C1E58E83C1C524D06C877495E,1,40厘米的可以放一台15.6寸的笔记本和键盘吗,新倩女幽魂升级攻略,联想直营店有没有联想y700,瑞纳
AB5A475939606EF919CF37AA7F564A81,1,中秋节用广东话怎么说,做咩是什么意思,牲口用潮汕话怎么说,忙死了用广东话怎么说
F6FA8E6FB3CD8E4EC2FB60554303300C,2,季成阳纪忆,http://music.meile.com/d11/5o/56/m_5ojcb,有个女孩叫夏桐,疲劳的英文
A2DAB2689B6FC354489E4D69E078FCBB,1,怎么在手机上用照片做幻灯片,孤胆车神拉斯维加斯怎么联机,篮球英文单词,杰诺·奥特曼是谁
056CFAC6C621F63CA396624A0787480C,1,将士们听党指挥能打胜仗作风优良,百度钱包教育贷款,侯旻,群能不能匿名发信息
A935D8ADA036E6FF9AC73CBF68FE4343,2,竹叶状灰岩是碎屑岩吗,星际迷航,细晶结构,昌乐古火山口
963901BEFE04A8F35310E0BD481344C9,2,400个小时,还珠格格皇上照片,郑州初中学校排名,伊宁有机场吗
B971F0C1534D78170743955538AE617B,2,西北工业大学产品设计考研,浓厚本铺美白祛斑霜1004浓厚本铺美白祛斑霜,乔丹运动鞋好吗,兼职交会费是真的吗
6C6B656F56C13E7DA15B23280E238D7A,2,盛开,余玅妙四川理工学院首页,微微一笑很倾城里面ko是谁,复变函数与积分变换第四版答案西安交大
CA67C0B631B8E02F73F954596EF10205,3,苏州相城区,太原富士康,面膜敷完后要洗脸吗,松宜
8FF273C32D050DF03943D38262ADF098,5,羽毛球手腕力量训练,手机拨号无法访问移动网络,脱毛偏方盐和醋,如何确定猫还有没有小猫了
51B1B367CA6F840EE80D840A4E44FDA3,3,面粉和糯米粉能做什么吃的,瓠瓜,韵达快递物流查询,中国式的离婚电视剧
056FFFE2D711E9F440F7A856EE977B01,4,自驾西藏买哪种保险,鸡煲手掌参,电脑备份文件在哪,日喀则天气预报15天
3FA41B9E7B8A684ECD531E3D1BA0E14A,3,高青县天气预报,偏偏喜欢你歌词,一龙金钟罩铁布衫集锦,领导前后不一样
D9C5C3A8F0F63BBAC139A18FA51DD293,5,石榴挑选方法,长时间水不沸腾的原因,辽宁养老金上调最新消息,电炖锅食谱海带
02B03515893D05E389187E96D3CD1776,3,很久没玩lol,熊猫tv下载安卓,笔记本开机一会就关机,熊猫tv
94CFEADBADEDA7A98ECDEA19F7C9E5F5,2,遖宿国,得到就必须得付出日语怎么说,为什么淘宝仓鼠粮那么便宜,法律硕士就业前景
4CCD22006EC112DAE49D3FE820F894F9,1,顺丰快递电话,笔记本无internet访问,笔记本无法连接到internetwin10,win10无internet连接
FD5F1D2D7003E4913741EDE12A34AE50,2,拔智齿能瘦脸吗,割双眼皮,viso,肿眼泡割双眼皮图片
F53B26C67396449769D252D930FE7724,1,泰兴在哪,一个爱奇艺会员可以登录几个,闵行区的二本,英文翻译
92270EF61957B95D5317C45EAFE04015,1,常见办公设备牌子,顺义到朝阳多远,校训的英文,落十一
582E9176A46AE79D872D84FC9026C01A,1,青春歌舞,百度,从此以后岁月漫长,荒莽记
60A3859BD913F19ECC5D8B55E9F9E4DC,1,耳麦话筒,海带的功效与作用,南师大星火志愿平台,迷娘
27EF980BB814C575093AB1E720A6161B,2,p9充电满的标志,天下枭雄txt,教师资格证报名相片要求,回溯的意思
7FC74B54AFB1E4C74ACAD9858EE0DB95,1,优盘图片大全,"一吃就吐,头晕是什么",睡着就做梦,青瓜蜂蜜汁功效
4A8204A7C5416F97EA563DDA14E5D4A8,2,茶匙图片,奉化名七星,新倩女幽魂肖奈竞争成功了吗,微微一笑很倾城有床戏嘛
2FB7CCB10A5D983E9F65CC0C2D936010,1,九月初去凤凰山海港乐园玩 还能买学生票吗,腾讯qq刮刮卡,五线谱基础教程,五线谱
42B4D5C044C060F5DAE2B4448276925B,1,戚薇,月巨蟹,百度,onebuye
1A088CFB6574BBF4AE2439378E84C8D1,1,又是清明,江苏省汽车票网上订票官网,馒头热量高吗,慢性胃炎
7AE617C8B434FABB752BAD7902D88CA3,2,最凉不过人心下一句,白龙马搭配什么角色,福特猛禽f750图片,天天酷跑太空漫步搭配
EC79B4C353B5BA5819DA47673CE5586B,2,天津国荣鑫业商贸有限公司,天津看商铺信息去哪,大城市好还是小城市好,被中海油裁员了怎么办
A4ACA796A440B67637D0D0BBCF7EC805,3,创意中秋节图片大全,梁山好汉,昆明几月份开始冷,去哪儿网机票
FF1E8CDCD1762721EB3983F085D9F428,1,大便是黑色的怎么回事,"句式基本一致 示例:债,左立人,右担责,责无?视频怎么变成mp3在手机上",微笑pasta,陈伟霆吻戏
D1103733CF90EF3D37D7AB4F29FAA32C,4,安琪酵母锌的价格,姚启圣,张行现任老婆照片,张歆艺
4C522B600B5F60CE4FCD50BE92D9F116,2,短发,潘红,香奈儿乳液,ipone6splus
8FEA5709D63F1BA0434DE712E14D64D3,3,龙角散的说明书,张静,中科曙光股吧,飞凯材料股票
5843C9F1EF55338FD9D6599AAA9CED31,2,香港药妆店有假货吗,开学教师准备工作,教师节日补贴,揭西代办员成绩
2FFF42334FEB811AC37EB8264BF0CC19,3,小黄瓜眼霜怎么样,boots眼霜怎么样,舒淇冯德伦最新消息,四平101最早几点
F9E42857E2925CBED0D6598C2C501412,2,wise monkey红酒,钓场怎么收费,厚街钓场怎么收费,东莞地铁最早几点发车
56430A3116811669E356C4BDE1B74B6D,2,太原万达广场,张静,男猴和哪些不配,山西新建高速公路
53094D0A6B720918014D3377CCE8B9A4,1,北京时间,授业到天亮chu一共几集,win7系统老是自动重启,联想y700-15isk i7怎么样
AED775C091A82120300FB7100290DBE3,1,五年级上册英语书第一单元单词,头痛 英语,太行山的历史传说,《陈涉世家》第三段哪些词语表现了起义军的
35B6E83CDE92D6A4A6CC901D68CB3F2B,1,霸气的群名称,神马电影院,粉凝霜是什么,奥巴马和普京
6C8BAD9092A0DC18D070BDA118EFFF99,3,微信建的群怎麽解散,心脏位置图片大全,宝宝晚上睡觉感觉心跳很快,十堰快捷人才网招聘信息
38AB863F898CA1CFAC14F8C845D01B95,2,天天泥炉烧烤,势不可挡by柴鸡蛋百度云,雪花秀美雪肤白水乳套装里面都有什么,送给闺蜜的情话
C2E0AB0BB46D20D985ED1EB6435B59E2,1,腾讯业务查询中心首页,霍顿怎么了,移动开会员发什么短信,lol区名称
55511949E6ACF51E8245DDA8F5CB1C8B,2,伟,英文翻译,中秋节游戏活动学校,百度
38D20E67B93AA9A13DEE0A1A562113B6,3,链家在线,心情不好对孩子的影响,之气,梦见拉大便
3DE5FDE388CADBB4904016CA509B7C60,3,赵已然,昆明高铁什么时候通,圆通,南京哪有洗鞋
4BA5C5E7C2835AC7B4570882BDE91FEE,2,欲成欢,有教无类拼音,彩色跑2016官网,女神的堕落
A69FB77006A92CF90C692D441A8319EB,3,怀孕期间如何控制妊娠纹,甘肃省临夏回族自治州,怀孕28周了总觉着肛门在跳动,顺丰快递电话
57BCAE93C3E620710CF62E054D2BE151,1,sooryehan妍丝润唇膏,宫中蜜皂适合什么皮肤,倾山慕影,碾玉成尘
74A117DFC887DFA9DDEC18297B588BEF,2,安宫牛黄丸,服务员调包茅台,广州岭南花园小学,皮肤瘙痒可以吃韭菜吗
99B0A52C29174A8EC2DB20AC2345FEFD,2,浦东机场到高铁站怎么走,南京开往南通的动车路过江都站吗,马陆,上海马路
344C0DB84366ED97D9C8624BC4D82097,2,nobody舞蹈教学视频,微信里的视频如何转出,梦见被认识的人打,数学与生活应用小知识
C7734082D718209019538817164953A9,3,试管移植后白带减少,怀孕初期可以吃板栗吗,试管移植后一定要平躺吗,打过hcg后身体体温会升高吗
A7493B954B070ECF9D11E17C6C34AF4D,4,傻白甜是什么意思,探测狗,海安中洋广场,乐视
DE4070736475439FD71A795E52B290A3,1,超滤净水器有异味怎么办,旅馆房间内有摄像头吗,大韩女兵尴尬着装图片,二战德国参战的兵力
A9A740D57627AA38109980A6593358E0,2,非加偏旁组词,海藻面膜千万别买,乙型肝炎病毒表面抗体阳性,体内炎症多怎么办
8E9A60257AAF91535EDBB772EC739A96,1,定位我现在的位置,孙艺洲,曹晓雯 身高,宗海燕
CAA7639BAD85BB2D6F003237787D17EF,5,复因,高原天籁组合歌曲,桂发祥月饼,玫螨素
5D1CA57F8BEA5F2B3E61533417E7A914,4,天后,ms计算机二级,道真,摩的是什么意思
9B8DB437329916EC74D0EDB5D835E72B,1,旅游的利与弊,涅磐是什么意思,北京外国语大学研究生预案,玫瑰水的功效与作用
E79412FBFE3DE5E562ACF5CE39D3904F,1,东风兰陵商务价格,防止发电机铜导线腐蚀方法,早晨贴面膜好吗,熬夜洗脸好还是不洗好
28746A35A47BEA10A6EFE39501092E87,2,闲鱼,视吧绑定不了农行卡,科技创新,视吧怎么赚钱
63C4FECA9416CCD92CBAD695AC15654E,2,手机删除资料怎么复原,局域网ip地址查询,怎么样逗女朋友,长春三号线从火车站到卫星广场多久
08C5E74722EAC57BF59A6B12B631E6D3,2,爱如空气小说,微微一笑很倾城txt,类似黑白的小说,类似强行染指的小说
F29BF5B21F89168FAA7B6EDC55705ABE,1,男女摩托车飙车图片,嫁衣,笑话吧,猫名字大全
9AD40F6916413C79F220FD64169D69AB,4,活力校服,rise一般现在词,cf复仇者怎么刷几率大,祛痘洗面奶女生哪款好
2FCDF2468F0ABB2EC49A6110B33776DD,4,刘瑶,敷面膜脸上有点痒,租车需要什么保障什么手续,个人租车协议
D66FCC95D77D1C73FA57BD4B61F43B73,4,厦门大学嘉庚学院学费,汪俊老婆,肺气肿传染吗,厦门大学嘉庚学院
E2750849E0D09CF6745F84B731FE01AE,3,巴德为了解决什么问题,冰心,耳朵感觉有异物,分娩过程视频
51D6A27727B97E4970AB6264FBA6D3D9,3,中通快递多少钱一斤,河南省遂平县新华书店,粉蒸肉的做法,胶原蛋白流失的原因
758E66B3DD3DB2D7D19293971C808991,3,明星艺人经纪公司,杨洋微博告白郑爽,欢乐颂第二季什么时候播出,明星们的床戏
88214A03585B01DA02A8B050B4715314,2,蔡锷,四千纸钱,蔡锷与小凤仙,百度
BB320AEACDE1A2B9375F051568F7C424,3,增肥图片卡通,肇事方拒绝垫付医药费,女孩日,交通责任认定书保险公司怎么陪
04A0C5ECC677706484F776F6F7430EAD,1,火车上网网站,有关艾薇儿的小说,有泰勒斯威夫特的小说,类似好莱坞之王的小说
0547208EAEE58ECCD8323F87AE986461,1,烧豆角的做法,烧茄尖的家常做法,http://,河南省普通高校招生考生服务平台
AE57522C528BE39D3C12E1F9393DD064,3,绝色妖娆:鬼医至尊的男主角,长隆海洋公园现场买票价格,威猛先生84消毒液可以洗内衣吗,海洋公园白鲸剧场李宇春
09189A38A1E7BA6ED8910C69EAB1DF05,1,怎么减手腕,女生侧身坐在地上的qq头像黑白,什么手型好看,h30-t00
5416145CD714930D132034C304BC636B,2,星座运势全年,管理者的领导职能,挤痘针,六扇门测试性格
915F2C12BB6E8ACD23EEB110834A021F,3,蜗牛紧致逆颜霜,男主重生悔改的文,艾滋病病毒体外存活,珍思微尼
86987FC1326C2EFF5CFDB2269869FAEA,1,写的小说怎样出名,陈涉世家翻译,锦绣缘华丽冒险,氢氧化锌化学式
41BD4C2AFE201AA94E58638AB2979EB3,1,鞋带作腰带,黄种人的优势,ae合成音视频,bobby hill经典台词
F7A98D841F5EF1BB06A4A7B18C0BBEAB,3,曾志伟电影全集,用鞋盒,8.乱也 性也,高h古代言情小说
C478419898AE82AE0BAE9BE1C1647D95,5,带鱼怎么做好吃,梦到好多笤帚,鼻跟发红怎么办,首席医官在线全文阅读
61D88ED290D8238ED7C3313B6A6BF502,1,倩女幽魂卧龙任务最多,倩女幽魂海量经验彼岸花,倩女幽魂怎么切换玩法,倩女幽魂雷峰塔
BB4FF5D3A750DB0A0C0D3194AE16DEDE,1,密码箱的齿轮缺口在哪里,杨林在什么省,异界之阴阳混沌诀,白色的皮鞋男
DF0D3A3A59CD4AE7073E5FDB71BB2444,2,胡夏的歌,鸡眼图片,于利资料,百度贴吧赵小磊
6B6ACA5FA7485057C2E124EFAC5796F4,2,顺丰速运,tvoc是什么,hcg值多少是怀孕,孕妇多久胸部会胀痛
673152CB37FF1EFED0B8830088ADA055,3,宿州市中医院沈道云,黑玫瑰花语,做梦被豿咬手,可望不可及是什么意思
E870E5E0892995B3793AEC9E8355FBD9,4,龙狮戴尔羽绒服图片,适合女孩子的英文名,绿豆凉粉怎么做好吃,参松养心胶囊价格
24C0F159750627474A4C71771EF6EC9A,2,女神的极品公子免费版,李梦清的噩梦,郑恺,qq斗地主下载2016免费
AF0C25187749BFFA851DA78024A74523,4,白鸽的功效与作用,鹌鹑蛋和鸡蛋哪个营养价值高,腾讯数码kwikset,小学语文阅读训练新方案三年级
BC5F4563A4632E3EBC8B37F98EFE763E,2,日本天皇上长城的图片,vivo*7,八匹马运动鞋,青核桃仁
C29C7CEBF1AB5640EA8C0E92CE1AAD06,1,烤箱烤鱼做法视频,烤箱食谱甜点,血小板压积偏高,生杏仁怎么吃
CCBF98686BFFCFB22F14217A1850420E,2,提子的禁忌,overwhelmed,囊肿型痤疮,为什么坐着不动脚会湿
B8409FEDE065680561A3C0311AD45F6D,1,农业地域类型,skinfood莴苣黄瓜水嫩精华液,美图秀秀,工业布局
D886A3DFAE21B99F50CC139DF51B93C0,1,卡拉赞第5周,兔子,暹罗猫价格,虎斑猫
67EE80270194BE2A488CEBDACE1ABD41,3,4s店几点上班,新商盟官网,乌鸦喝水,郑菲燕减肥操
D90BAB283B4473C0BDD464BB5C82B814,2,爱思币在哪里充值,苹果越狱后怎么恢复,地开头的成语接龙,怎么查询苹果手机真假
EFB576AC7EE3358CE75C79840B59651D,1,为你付出那么多,新疆大街,cp是什么意思,妻控是什么意思
0007478B87F390C86CB7B7BF10164864,2,对手小说下载,艳文大全,对手下载txt,百度
C484C3F14386B0E151F092DF75105090,2,组装电脑,3d纸模型人偶制作方法,玛丽简,苹果电脑迷你
2CD14128A927807F16A78FFFBC25E61C,1,三星a8充电线,笔记本电脑什么牌子好,geforcegtx980ti,华硕fxpro6300
0F4651D77D4112E83D3FEF15FBF083CF,1,优酷怎么传视频给别人,杨洋郑爽婚纱,魅蓝手机死机了怎么办,徐娇
3F775284FEF422B046E48AF9D8A4F9C4,1,高通骁龙820,明信片小清新温暖寄语,hd3000显卡怎么样,宁波到绍兴陆运快递多久
786374D0683AE6F023CC89C83442718D,1,威尔海姆·范·阿斯特雷亚,为什么头发少,窥屏,希特勒
FFE086D4FF279AACA75B9E19D102E29A,2,克里斯汀 斯图尔特,大唐双龙传电视剧结局,周迅演技为什么好,九宫姓名学驿马星
89DCB9CEAED36FC00A10143420CB4D62,1,移动手机套餐,2016支付宝怎么看银行卡余额,支付宝绑定的银行卡,大学金融学学什么
45FB997952E897BA46388481AB200326,2,服务员调包茅台,情侣头像图片大全,坛装,韩版女头像图片
B8E4C95D35DF3736B0DA70CA2C802356,2,芜湖人力资源和社会保障局,张光胜,宽带连接不上901,"手机卡昨天在营业厅销户了,为什么今天还能?蜂蜜柚子系列"
8F6E8FB545664CCD933AEB36148BA587,5,我爱张宝利20,具惠善,排比句大全,梁启超
10C86C92F739143577414135CA2C16B0,1,5801小炜怎么不直播了,mc笑笑在哪里直播,手机能给电脑装系统吗,5801老猫
8B2770DA6CF5F2A29A065E1819072C69,4,驾驶证扣分对以后有影响吗,买东西微信支付安全吗,清洗耳朵的药水,怎么帮小孩掏耳屎
56F08787605A16F8F8914049F2F5B560,1,张宇火星情报局哪一期,六道仙人,秦时明月之君临天下,一加3和oppor9哪个好
77D728A469592A0545CBD8C11987A7EE,3,放环放什么环好,music887在线收听,孩子有个很讨厌的同学怎么办,天才在左疯子在右
69BFDC61D876BDA09EF23F636E9090F8,5,实体店和网店的区别,被风扇吹感冒了,福相的板材分几级,wf密码破解器显示密码
E8DBE0C499F43F5C92A04143B162391B,2,闲鱼,脸痒起小疙瘩怎么回事,大学消费调查报告,社会热点话题毛概论文
D068044432BD7279F25E52F5E35945D1,2,拍电视剧靠什么赚钱,快递把货物弄坏,临时身份证申请表,旧货回收
41FD8ADCC7B1C275D9FA40365597AF06,2,深红,吃中药能喝可乐吗,刘烨个人资料,如何消除黑眼圈
31CD2E5C7C4D50DAA79F1547EDF6CC0D,1,戚薇,三星无线充电器,刘德华豪宅,学做饭小游戏大全下载
771B081FE930BA875A4520AF3A741A5C,2,集装箱高空坠落,蹦极图片大全,武警老兵退伍卸衔,ck香水哪款适合女生
D09C9BF7C7E3035C6EE215B7F48DDE9F,2,六上七下出生肖打一生肖,"后天的,大前天的,后天 也就是昨天的昨天的?第一时刻",长度不同几画,一国两制打一生肖
85D38FBE744ACDD4A50BC9FAEF810C2C,2,虎门到寮步的车,天鹰演艺是真是假,英皇是什么,苹果6s卖掉能卖多少钱
1C5E1085943D079BEEAC99DA58870F0B,2,福建大鼓山,柚茶,境外网,陈慧娟我想和你唱
74F2F736B650C0B7D3D577D28DBC6526,1,宿舍神器,都市之逍遥人间碧瑶,medlife,"lol账号有毒在台式机上玩,就卡"
0B9E598E9DF978F1C771700A8D12ABA9,4,沈阳到北票南的火车站时刻表,上板城到承德火车和票价,承德下板城夜景,沈阳附属医大一院
79DDD9ABF75AD4F38B3C91D357B8B710,1,崩坏学园2亲密度有什么用,被虐动漫美女与野兽,崩坏学园2新角色2016,动车云霄到漳州车次
8BD6FF68069C377DE7D7D73204F830F3,1,今日说法,二次元女生网名简洁,鬼父58动漫在线观看,物体振动的快发出的音调就
709466F644F731DD4843268B0EB4AD04,5,寡妇高粱地里偷汉子,华为mate8移动定制版,美人一笑也倾城 顾漫,童惜恩雷牧萧小说
203B22B230E5F8BFCAD56AF4E425170C,2,中药调理身体需要多久,食物派,七窍玲珑心,美食杰
9A49F0F3BBE8DBA99195E708FE807A77,1,三级情片一路向西视频,华硕,超极本,魅族note3换个外屏多少钱
BCDD035B1436B62081BA23450EA55C2B,2,蜈蚣辫,钻石50分有多大,泡胡萝卜要去皮吗,钻石efgj
91795E246B9A85F38144AB8FAE38E427,2,打喷嚏流鼻涕怎么办,死亡笔记全集观看,广州番禺,oppoa59配置参数
C5909874EA703580A0A76311579FB77D,4,tr550和tr600区别,为什么卡西欧自拍神器那么贵,最高车速120最低多少,fabia
9EDBF0BA11D4F80B4A32B90DDAF7D4AD,1,周记大全,毛笔字古诗楷书,adele壁纸,微信
46AF93D61733B530140A546C3873FD53,1,关于飞蛾扑火的歌词,社会,公主素颜霜,绿色乐园官方网站
D670BC4CC81A4AACE2BC201DB6DE47AA,2,怎样鉴别书的真假,伤口化脓,小学美术老师自我介绍,书画社招新
933C7A83AB03F588279163041D741342,4,甲亢肥胖怎么办,玦,支付宝客服电话,"多雨季节,悲伤感秋"
32123BBEF3554055B867F2C90AA8A848,3,52天,优宅动漫,不忠,呼和浩特有海么
D7332EBEB824DD22BF12ED76149E70FA,3,以什么而闻名英语翻译,offer,build up,shaking skiing
9435D64CE6F304A41B316C09CD163178,1,兰博基尼,nubia z11 mini怎么样,照片生成视频的软件,盗墓笔记电影
E57F527B7F74D0098C19316050068CE4,1,flag是什么意思,近视眼怎么恢复视力,从零开始的异世界生活主角能力,棱
5667D333FB32933ABC35EA3BCE59A9BC,1,snh48鞠婧祎吻戏,费沁源,唐嫣性感,angelababy性感
948F3DFC05F6C526DD8466C204AC7ED4,1,适合女生玩的网络游戏,适合平板电脑玩的游戏,画画的软件,古代妃子的等级
E1266068345D46A71D18B7739AFDA16C,2,厨师相亲遭24位美女灭灯是哪一期,荣威550尾翼h,生命却苦短! 一种相思、两段苦恋 半生说没?宝骏560车身重量,龙珠超全王战斗力
F411AB5FE617284CB87687B0CEEB0AFF,4,袅袅青烟的意思,重要通知图片,圆通,艾灸是什么
A082A1257CC528D78BF711D435057E88,3,李玄旭,沈保平,李佳明个人资料,长海医院徐卫东
E1F35CC6675C68562324DFF013B68E44,1,手机防水测试,笔记本换了固态硬盘速度快些吗,感染型病毒,可擦写光盘
8408BAC1CC4DC417842416A7BF750FFA,2,拍【活动款】~发维达抽纸*3包 5.1元包邮 秒,抚顺热高乐园攻略,沈阳金融中心,尿急憋不住
8DB3840ABB9A5AE494F6FCD5A13D4B18,2,潢川到济南的火车路线,潢川至济南火车时刻表,牙疼吃什么补品,男性生殖器增大
AD1DA5421D5275F28BA4F39D33392EB4,3,苏州驾照10月后怎么样,超极本,华硕,戴尔售后
21590B3DFB827BDE2E33EC8176EC7DD9,1,手游5v5竞技类游戏,"爱你不需要理由,用英语怎么写",cp是什么意思,次元大作战下载
0B3EA4963E5FCA6203FD53F0082D5252,1,欲成欢全文免费阅读,欲成欢,金星舞法天女,舞房
1661DD3CEA57B7DD27CDA4FD8ADC05E2,2,许昕女友,商品出口退税收入公式,鲁豫发型图片短发2016,记录电话的三种方式
04ABBE46BBAB30BBEBBC742BFD72E7DE,2,腰间盘突出做手术效果,现在受欢迎的小公主照片,哪个医院做腰间盘突出手术好的,今日油价
1B7E9C9DF6D90297C18E1BC267F117C2,1,试婚老公用点力全文免费阅读,姑娘我要脱掉你的外套,兰博基尼,苹果手机一千多
6E0F12C2C83A63005896E8A5E9F5821E,4,银川天气预报15天查询,问候语,陈年往事心说说,人生的相逢的说说
8E1F56BEF229824E700FADBCA1DB6A92,2,宝宝长牙要多久才能长完一颗,骂人的图片,郑爽怎么有腰伤,宝宝5个月怎么喂米粉
9E54242117F10D7A5D014928C0A8E2A2,3,敷一叶子面膜有刺痛感,雅迪电动车三挡的如何破解,桃心发型图片男,哪里有免费的小说下载
198AC74486B17DA97EBF83FD3C26F520,1,数列根号2 的极限存在,长沙广州飞机,g1246次列车时刻表,angelababy
6FBF2D7EE52614F0C54BD77D57CF253A,2,生日管家短信,南娜香皂怎么样,中国新歌声,刘延锡
8DCF92E1046D630581F46C12B6C733A6,3,怀孕初期宫颈长东西,肺部节结,在山的那边,运动内衣吧
2C70DC78DE8A8AA1FDC822DD0AB44E46,3,气球图片,负离子制氧机,杭州氧吧制氧机哪家好,房产证办理流程
7C4F28125CB4CD9AACCA1C55F798A2CB,1,中国农业银行中国旅游卡,慕容湮儿,湖南财经职业学院,三星c5
63547535C5EE2CCDE6476CBB2E02AACB,3,数学课程标准2011版考试题,30分 50分 70分裸钻大小对比,前几天招聘180在编的名单金州,明天天气预报
AD98559F3799A48A1C411C7042C91303,2,怀孕十天验孕图片,兰博基尼,头盖骨,ct平扫多钱
2B61AA0AE4C6920286BB315270FFF03D,1,直肠炎的症状,罗小黑动漫,南阳幼师哪些学校,分组四个组简单
EB942644E4CA01BC80BB0CE17F94C3E0,3,中国到巴黎机票价格,比哥鸡排,厦门翔安有什么好玩的,厦门翔安供电局客服热线
B8CDD10513E5E8DA83DC60A27D123F22,1,兰博基尼,破釜沉舟拼,加盟店排行榜,王安祥
5F09EA195879E88C7A5094C8490AB107,2,吃叶酸片不能吃什么,窗帘行签合同怎么签,通风换气次数,绿卡是什么
1F963944DC10782C6556633AEB108F5D,3,金铭,u盘,鼻中隔偏曲的危害,宝宝多大断夜奶最合适
E03BA87754C1FB79A9D9F6F3595F4CE3,1,刘亦菲走过光见底毛,醒酒的最快方法,邪恶动态图全期,刘亦菲成龙走过光图片
2F5BA81CF92F67464118B32B767413CC,2,三星nc10,怎么激活上网卡,韩孝珠,抑郁症
D51D7CEF2B6F6D2B7735910FE7162C1C,4,高县干部公示,"再思国耻——文化9.18事变,或正在重演!",孙骁骁,2402033
9A688C5649F12704F04BF7C01D62D276,1,试婚老公用点力全文免费阅读,美甲一个月休息几天,美甲店工资,百度
2B2D06E90D94D61ACC7A72660D153DFD,2,潘润霖出生日期,敷完前男友面膜还,百合花有什么功效与作用,led和灯管哪个好
A205E279833FA06632353C800D1D8BB1,2,qq录的小视频保存在哪,如何化妆初学,htc one a9是不是双卡,小咖秀如何加特效
3CF1185B13F0D544FDDF787F49A0FBDA,1,脸上汗毛变黑怎么回事,说说人民解放军百万大军横渡长江的导语是什,opera什么意思,瘦脸棒有用吗
05AABFA925C0DF6102E26E0D5672E9CC,3,兽王强宠 逆天圣灵师,九夫临门嗜血娘子祸天下,成人玩具店,妖精当道
78FE2F1F83BAFD99D42C4D886ED3895F,2,简约的机械键盘,by2是双胞胎吗,有什么日本的电视剧ga好看的,盗墓笔记张起灵的身世
081D4ECD5FB0286442B5AFD0E719318C,2,邪恶漫画之冰雪奇缘,糖醋排骨用番茄酱做法,杨洋微博告白郑爽,麦拉风头像女生
C632F42ACFF8EBC67268ABF150F246A2,2,1944年,权利的游戏小男孩,傻瓜英文,respect
6C345A051EBA35BCBD26041F87386F36,2,凌肃萧,纸牌魔术,一部搞笑的东北喜剧在火车上的电影民资叫什,动漫男生图片
322B2F280861C8442B68105E94F4CA31,1,君越2016款最新消息,incompetent,中国矿业大学银川学院官网,初识钰慧
2A9BE30284D7C732B37AF1D3FE151B05,2,幼儿园扇子装饰图片,衍纸作品图案大全,挂饰手工制作图片,试婚老公用点力全文免费阅读
332FAEBC39E70B632211C5AEC98B27BE,2,lay是什么意思,子宫扩张委员会,veadons手表价格,联通小王卡
664705A67EAE528DA616184A968D8550,1,银行卡年费管理费,头发干燥用什么洗发水,沈阳大学城,campaign
A9F09C4CDA55276EFE40E31E1A44F0CC,2,支付宝号码换了怎么改,江苏教师资格证报名条件,工藤静香近期照片,2016年度国际企业大奖(international busin
3C09390DB2AD090D8B12CD10F373AEDF,1,苹果5s美版,qq头像,鹅蛋的营养价值,一人之下国语主题曲叫什么
450CE194809F92A6545F5D16AB04A100,2,2016偶像运动会中秋特辑,瑜伽入门基本动作,秦时明月之君临天下,vivo手机怎么制作铃声
796ACC6B13E4F7FB835CCD5933370259,1,全国成人高考报名时间,1209969614058543299170776479125857829542,鼓浪屿图片真实照片,女魔头图片
C6DA7E1E244A42485BD96C2E970B12D2,4,周韵,汉石桥湿地公园,男领导看上你的表现,战车女神
2032BC24173CB87A9E2C84737D14861B,3,孕36周小腹像月经痛,光有存折号码能网上存钱吗,步步高x3,奥迪a4内饰图片大全
B923B7E3A04EA95451318B79040C1BE0,2,鞋子太挤脚指甲会变白吗,百香果的功效和禁忌,那年我们同窗过,华硕
DB13A2FBFC2F3FF6EE2358D9C90494C6,2,生产车间购买手套分录,脸上起痘去医院大概用多少钱,办贫困证明需要什么手续,交电费可以用详细地址吗
695D26D9EBBA26E3690C7AC0D4615D30,2,打喷嚏流鼻涕怎么办,g20峰会纪念币,华夏银行代销里约奥运会纪念银币,灌铅
D9F8267A667A39FBCD2D9753D4B13175,3,做亲子鉴定需要多少钱,形容海浪的声音像乐曲的,蓝天飞着洁白的鸽子我仿佛听到了,树叶靠风旅行对不对
06CF8A0F92AC0F82EFBCB31C10A37CFD,1,烧脑的书籍,辣手狂医,剑三人民币换金,数学分解因式
0667B882B2061BCFA2138BA196166E5D,2,喜梅烟,喜梅烟还有吗,北京到漯河高铁,得锋笔记本电脑好吗
5FC0C152674D7414A904215DF01021B3,1,360好还是电脑管家,三位一体3攻略,现在那可以win7升win10,边锋三国杀官网
D45F3F6A51F24E6642B0E058D3394085,3,kkkkav在线观看,名下有无房产怎么查,手机版建设银行,建设银行个人网上银行
08D0D1B258F75873A3F90F79B2345270,1,ios10解锁视频,戚薇,泰安,芜湖
08AD3B912980636D42CD880B0DC8D9E6,1,捡回来的流浪猫,风流人物碧玉神剑,音乐mv哥没兴趣做你的男闺蜜铃声,微信拼多多1元购r9
5A5643AA9B88804B970DD4C95FD25BF7,1,源氏皮肤,过年女子灯笼图片,dota2wings,黑百合
A2B6CC3D0DE1490D422E3570307F1E97,2,林星辰 江念雨,冬虫夏草烟,青椒茄子,汇世界
CEE6C127F23F53E10B6058A6BDFDD5A2,3,朗行,奇瑞,苹果6合苹果6plus的区别,一双30元的袜子有多好
A05221355ABE7882AD3EEE9E33067FF3,3,豆芽观察日记大全,手抄报我的课余生活,苍拼音怎么拼,名人名言大全
DC4B948CC917A8BB5A7B305E49E2EC1A,1,湖北大学阳逻校区,荣昌到重庆陈家坪汽车时刻表,10英寸蛋糕够几个人吃,云墙怎么用
E92AB7C92DE93A7C8FF084C280E2A70E,4,发条青蛙,10元商品批发市场,内衣品牌排行,微信
BA9D6FA34C6287048D68E05E9DE0517D,3,看皮肤病需要检查什么,鼻尖疼是怎么回事,精益腾手表516a-3,大乐透
71E1E09BD8A00F50479915AB3070A330,2,普通话绕口令大全,我是一只小小鸟,乐乐电影网,小腿粗怎么减
CE4F1CF6B1E4081CB2BD6F70D3B1C767,3,癌肿瘤,微微一笑很倾城txt,赵雅芝素颜,韩式双眼皮是永久的吗
CA0735974832CEEF75AE9E58D43DA36B,3,杜甫登岳阳楼和哪首诗意境相同,紫苏,优理氏的玻尿酸肽巨补水,宁波的什么黄鱼最有名
DA8B74D513D7C1438B22A94659A0F5A1,2,泰兴市中医院,王者荣耀本赛季,2016年4级12月li,十宗罪2
69B6C0A41A5128BEF8E74EBBDDBBC8CE,1,郭敬明,桂叶言,罪恶王冠祈褋人物介绍,失落的圣诞
79A86A67ECFE3F31A60EF65852751DB9,1,七月七日晴,二嘎子,云集微店骗局揭晓,洞房缠不休腹黑总裁的诱妻计划
B53A8DA226AF094D7900EA3111EDFC6B,1,神马电影院,mml码是什么意思,曼联vs曼城,浪翻云sky新浪微博
72AC4090CF0CEF670DC63D3CF81C7966,3,排骨酸菜的做法,花生米的做法大全,10086网上营业厅,宫缩是什么症状
6A485026460A3139AC715D5FD46C5EB1,1,冠军皮肤劫,从零开始的异界生活高清壁纸,highschool第二季,有没有什么网站可以砍大部分日漫
3389DFE37A406D85003588B8E89831E0,1,山西大同大学医学院,微微一笑很倾城txt,肼分解的化学方程式,宝贝宝贝by魂冥泪微盘
DC21A6DF3719B1B447935E9C908B2584,2,强制性脊椎炎症的明星,冲相位星座,百度,短发
3FC15FE056C774321CB08C2554812250,2,乌有之乡,成都到都江堰动车在哪里坐,藏红花的功效与作用,兰芝官网
046238B5D787C037C6D9912E7E467A99,1,韩娱之演技大师,宁波城市职业技术学院官网,"后宫有 ""妖"" 作者:夙夜笙歌",神盾特工局第三季沃德的真面目是什么
F7A8E4CD7D29CD4A2D973DD60CCAD9B7,1,激战2夏尔幻化,lol赤炎火狐,直四面体,lol蜘蛛天赋
65DF72675E64AD2A15F9C00A7722E8AE,4,溽,术业有专攻,外国也有凤凰,dnf内测图
90ED9D6F24E045C8D2494DA9F7240AD3,1,导光数据线,女子监狱的男管教张帆全文阅读,天上人间夜总会,彩票怎么算中奖
5C7ADFBA86BFF4D33CC1C68816CDF08D,3,梦见猪屎是什么意思,酸菜鱼的做法,名字打分免费测试,土豆清炖排骨的做法
51EC22ECCD8C148A8442483A219AE34D,3,江南布衣官方旗舰店,旧时女子抽鸦片老照片,头晕乏力易疲劳是怎么回事,美丽符号面膜好不好
729569A87C3151BE411EE9B6C3520F43,0,兄弟没房子在我家过月子好吗,奥若拉洗发水效果咋样,奥若拉化妆品好用吗,第一次出摊卖化妆品咋说
F452BCA1DCCFFD9A6C59535B90AA09CB,3,兰博基尼,儿童营养食谱大全及做法,日本最好的洗发水,乡村艳福
3340D0EE98CCB25A61643C8B5A1F67E2,1,近视眼激光手术,关于霍金的电影,西游记后传,吊丝男士第5季全集7
6A8D015D36D96170D8C2CBE6145EC922,2,建设银行个人网上银行,日本地址英文,麦当劳麦趣鸡盒有什么,种牙好还是镶牙好
1D0ACC7E796C915C63BE9270F434BDCF,2,移动全球通套餐资费介绍,"主角全身发白光,可以变大的美国科幻片叫什?k290次列车晚点几个小时",联通全球通套餐介绍2016,"主角被分解成粒子,最后又聚集在一起,拥有超"
13F76E6F534C89F5A443732765F97DAE,4,姇离夏胔全文,北京太阳花大酒店菜系,红谷滩碟子湖学校,感冒能跑步吗
5F91AF8E438D39BCCA37ABF5D9C8269A,1,羊毛毡视频,电脑红卡啥意思,菲律宾是什么意思,守望先锋多少钱
1A66C5A2153CFF93D746930FE3D5FBCA,1,田中君,4399touch,中国移动,有首小语种舞曲
FBCD56625C92B16653E62A39286429FC,2,吃退黄疸的药过了几天还拉稀,教育基金值得买吗,多人暗黑搭配什么宝物,搜神记
A450021253C83AD13249AA06ADAA4A39,2,美食天下菜谱,尼康d7100使用教程,尼康快门线的使用方法,石榴的功效与作用
EC23386FBCFAACBE921DB8B9AD61DA18,1,盛世嫡妃资源,最是难忘那表情600字,独立的英文,成功的英文单词
D362C91360120FA71BD17D87F0885166,1,黎明大学教育网,帅哥头像,免洗睡眠面膜能天天用,http://aq.qq.cnm
A767BF9045946B82108638A9E31AEDAD,3,u盘,网易云音乐设置音效,u盘装系统,北京八中
F8655117B4FA474DA482C7BBB337A63C,2,武汉公交755时间,非现金结算是指使用各种,准备报考公务员需要提前了解哪些知识,水泥厂企业营销现状及对策
E80F79591980DFD225004855BD98D4C9,4,情深意动总裁先生请息怒,中国女排,青岛刮痧120,原来像火一样热烈116
34BE56799651B82811E6329D701863FA,1,芙蓉女儿诔,龙王传说,马库斯,wifi拒绝连接怎么解决
1E19CE07DE34BD0FF697D3190C638AB6,2,护肤品,小数点几年级学,简单卡通,b型血
6F44C9B69C8B5C361053B324C5B7283B,5,名流花园门口超市,罗海琼,绕,超女评委
8CFBA4DE98905F348116B65A42195154,2,vivoy28l的手机怎么把图片设置成来电图片,海洋之歌在线观看,上火还能吃三七粉吗,昆明理工大学津桥学院空港校区在杨林吗
073FB0E9599D483711F17AF886D6CFFC,1,木垒到巴里坤的路修好没有,"电子抓拍违停车辆,停多久算违停","骆驼来了一蹄子,哎哟我的高鼻子",喀纳斯住宿预定
AE8873C8B0F6E9C853EC3620284C3D78,4,平湖秋月古筝曲,幼儿韵律操,唇色深用什么颜色的口红,梦见拉大便
D09EF2C0454D4244E19EB5A56851E501,2,qq飞车火之焰,建设银行,建设银行个人网上银行,移动50元流量改30元流量怎么改不了
5D30240E4A1AF57400692EF92A281463,1,怀玉公主里的皇帝,刘雯头发,我终究是爱你的陆凉风,手机背景图片大全唯美
4846276D42C47A8F93A6AEEE4E946044,3,一叶子面膜怎么样,谢杏芳,国家副委员长王成,熊猫香烟价格
9C29D224FE72B45DD0B68AA0A718E370,2,顺丰快递电话,重庆庆铃汽车股份有限公司地址,纵横,小儿麻痹症
0858D8FB80E7B55826AA5FCD4AB27B40,1,生小孩电视剧古装,宋欣佳怡,鲍天琦,麻辣变形计演员表
DAA4568743B7C17580B6558AFCD55191,3,nexus9吧,姚启圣,首都师范大学研究生院,侯孝贤 三联生活周刊
EC8AF92DDD2123D65AD2BA39FDF48A08,1,弱气乙女智慧轩,乌鹊南飞,杭州欧家,蚌埠最好的医院
458ECDCA9960C910BEA54ACD0EF6CD4F,1,大卫贝利,广西版太阳的后裔,贵阳高铁站在哪里,紫霞铃音怎么获得
3541D368BF436135A220A097C698468E,3,大拇哥二拇弟儿歌,磷肥是不是化肥,360电话手表接通时辐射,明堂
F4D1D843E383F25C2F2524687FE3711D,5,章小蕙 寇振海,江疏影的眼睛不正,开学幼儿园主题墙,李思思
7BE84D7F061931A776BA468213509A05,2,刘嘉玲,龅牙怎么矫正,潜江竹根滩天气预报,三骨辫怎么加辫的
D38D3179B756066EEDE8CBB67355333E,2,怎么登录路由器,cd,夏日里的甜心,男生烫发种类及效果图
4E9388944CDDE371099232230A453503,1,尚志,雏田玩具,黑色星期五死了多少人,恩率
1345C9B2AF5C923393BD84295F28F2BC,1,如何让权利在阳光下运行,杀人委托讲的什么,为什么面膜敷到最后,夜市萱颖
FF6D90700A9A75A719AD8F840641F462,4,水煮鱼怎么翻译,中国矿业大学,ysl鸦片香水,鬼经全集
E0E0D0EDCB71C07EB00938FAFC78223E,3,小叶紫檀,膝盖有响声,南花梨木手串,婴儿多久游泳一次最好
19A0CB1E88100EB0BC8F1A467C248344,1,湘潭市邮编是多少,林夕和张国荣什么关系,外国女子和猫的头像,让我在看你一遍从南到北是什么歌
C88A5B07ACA4C3C40CA58E09C51C52AF,4,当红不让,太原市市长,excel,肉桂的功效与作用
012514D06EAF998C3E7D722593C477BB,1,摩托追尾小车怎么处理,清宫图2016年生男生女表,摔了一跤,豪爵摩托车好不好
54670FDA28EA40A581E6F68A23911C42,1,江苏华西同诚投资控股集团信誉,电梯房,江苏华西同诚投资控股集团实力雄厚吗,钟丽缇年轻时候的照片
505E193491B2B430CD7FAF9B44A343D1,1,娱乐生活,书包网,切除乳腺纤维瘤多少钱,兼职能做什么
D95976DEBBDD23DD9BF2473477631169,1,oppor7c是不是全网通,欧驹,电脑显示网卡驱动不正常怎么办,斜率是√3/3
11FF0EFFC7BB812FFEF37A9FC398F971,3,红豆角的做法,香辣鸡针菇的做法大全,海鲜菇的做法大全家常,汤类菜谱大全做法
A7BB49F87285A5023D087CB467ABAA75,2,淘瞳网,香港好玩的地方,instersize,巴士管家怎么退票
F722DCA6EF6F1BBD7C3FE8AF858F7838,2,英雄联盟岩雀,哪些水果是凉性的,政府部门上班时间,干燥头发用什么牌子洗发水
32F2FD8F885AD9ED6089A455FC9A3AFA,1,大学处分,文艺部未来规划,衔尾蛇图片,冰雪女王
625F47EFEC9E5B61699ADF9088BAC148,2,百生讲堂,栀子花果的功效与作用,运动鞋品牌,怎么看完美芦荟胶真假
0F02AD030E12F7EB58A6CC1A9D50A23D,5,银川万达影讯,2016年9月北京口腔学习班,一个瑜伽垫子睡地上着凉吗,银川中考报名网
FF15E82EFF9826AC83ED26A2C2BCCB6E,1,聚焦课堂八下物理答案,骑木马,怎么卸口红,m-check
F7354C4C8F92A74D04FB86734226ADBC,0,南京过江隧道规划,安德门地铁站是几号线,芡实的吃法,属相查询
2F88C7EF6F5D41F99AE39D43DC934E6F,2,蚂蚁花呗怎样关闭,欢乐颂演员表,睡前喝水水肿,曹光什么时候发现
6D3FBECC9A72098178D3F799BF296612,5,陈好个人资料简介,面包吃多了有什么坏处,鹅蛋的营养价值,苦瓜炒鸡蛋
E2D31D677CEFC0C36A5E1F618E1D2924,3,长隆欢乐世界攻略,桂林旅游攻略,手机连接无线连上又断开恢复出厂设置能解决,广州南站到长隆欢乐世界
E101AEFACF9EBF32B32C7163137817CA,2,炒黄豆的做法,定州九龙男科医院,重生末世之强女,复方青蒿安乃近
890B1CE79C0520396D636DACEEA8D35F,3,为什么对得不到的人那么放不下,形容非常有智慧的人怎么说,自己熬四物汤可以加红枣吗,三十岁女人吃出好气色
D0904D812481B81734B1FB2D3689ED08,1,其实歌词薛之谦,天蚕土豆,保罗,七匣子下载
7D748400427339965295C782761644DA,1,有没有像王者荣耀那样的单机游戏,手游刷钻石的软件下载,熊出没哪一集光头强把他的车改装成伐木战车,怎样用手机做露天电影
DB05EC5DED2B59AAF7483D57681E904E,2,中国联通在水口有营业厅吗,豪门冷妻,锦绣缘华丽冒险,说出我世界
C90C78BADC15E2F9770E6D540C66580E,1,高桥努,www.860qqcom,阳江什么年代有的,周柏豪
6E6266B8A9A40BAD9057329919625E05,1,lol特殊模式轮换8月,普通学生可以在银行贷款吗,lol符文有哪些,叶公好龙的意思
5CD186B3E3FFA9EC294C063F4197651C,2,灰姑娘与四骑士第3集插曲是什么,土豆牛肉,网易倩女幽魂手游官网,酒吧领舞视频
7D5C59D36462FE2E26E6A18AA16EFBD1,3,孙艺洲,香菇豆腐鱼头汤,中药调理生男生女准不,红萝卜水饺的做法大全
2C53CAA9CFB64B436D00C2038231FC19,4,曝黄海波低调复出,梵克雅宝四叶草项链背面,指南针,主持人李晨儿子
58A4AE965A8C2C943F1B6C04B44B3D45,2,动车,网上购买高铁票怎么上车,爱军习武歌歌词,高铁行李
2FB021F0472FE157DF0DBDD5408ECCBB,4,pda是什么意思,宁夏旅游,通天河国家森林公园,西安北站维修四对队
1B920AD6C488E306846F97A0373DDBAB,3,饮料瓶子装汽油,徐若瑄爱妻守则,滑道门 门边另算钱,完美假妻
768CB97DB2DFD7C8C7EE7EF8B6D946A3,1,极品透视下载,九鼎炼神法,量子卫星,极品透视
D5E54EC196289A4E7BED3D6F79641ED6,5,郑雅文,我是一只小小鸟,狮子座恐怖,狮子座女生
E030634F37BCB4E195D141FC76A51109,1,九阳破壁机可以打果汁吗,家有喜妇演员表,九阳破壁调理机y11,富士康c区离东门多远
4037C8BAE9B6389F81897B2DE3812DCE,1,dnf迷你罗特斯1号图片,两字游戏名,大橙子水星迫降,爱拍
E8B21532EF0ED952C9EF956881748679,2,河南专升本在在大几,理肤泉b5,社会实践总结,生产费用概念
377AFECD2C4517499A5602309C7E549E,6,嘉兴海盐横港粮站,973575973992,炼铜厂建哪好,晨会照片
D8B24F08891E1EF38421480546D66E89,1,微博谁的粉丝最多,oimei属于什么档次,淘宝密码忘记了怎么找回,恒大集团
2AF08A0E5F9A3E50FCB93ACD4F40CA6E,3,微微一笑很倾城床戏,闲鱼,锦绣缘华丽冒险,输液
19E178B509A07773D7B6630CC174830E,2,烽火,提婆达多,今浅讲什么叫修行,礼佛三千拜
E494212F5AD86FB39BF08DA2DB01E7FF,1,九江到南昌火车时刻表,(x-1)的平方,中考前一年如何安排,海绵宝宝有哪些人物
C9DFFFE3603F694DBD397CD4D1BF3142,1,chanel口红,蓝瓶三精葡萄糖酸锌,人民路万达广场,百度
8AEA1EAE98D0495BAA9F2D1832B4EF59,3,"17.下列城市中,因开采铁矿而发展起来的城市",君乐宝是上市公司吗,奶粉胀气了是怎么回事,http://192.168.1.1
5E0661076E25E22961CE0ABE4B0C2398,2,油性皮肤很差还长痘用什么护肤品套装改善,混合油性皮肤,很合油性皮肤,清爽无油配方护肤产品套装
CC1B36BBDEC464180FF12AB71ECC37EC,5,微信不能给电信号码充值了,郴州开发区公务员什么时候享受科员干10年可,今日黄金多少钱一克,新天地广场
347C1BC673F4ADE5D5E8624C859FA1FE,1,空白格,聂风步惊云的绰号,qq头像,有关歌曲刚刚好的签名
D482EF507CBA20BE0BA2B5733334BF19,3,新梅园圆通素食,太平洋电脑网,刘胜简历,惊天大逃生 如果树上的人是你
B62CAAF88C994E09D608A83203346704,2,mac口红see sheer试色,岳阳人才市场最新招聘信息,青云志剧情介绍,生日朋友祝福语
FA727AA9425DE6D6BADCF3AFFDD74D8D,1,打两下喷嚏是什么意思,日本本铺豆乳洗面奶有祛痘效果吗,有创意的教师节礼物,守望先锋多少钱
02F619ECA0FC4BEC27172CFD0A924784,1,国家四a景区我的私家花园,林允儿,迪丽热巴的图片,皇家风范的浴室图片
2BF289FA04C82C231B30D8C1F5045722,4,百度,"歌曲爸爸妈妈去上班,我去幼儿园",河北粮食学校,异域风情是什么意思
6A761F526741C846DF5F95E9B8C03D0A,1,不能哭喊已破碎 曾经的最美,sentimental权志龙,肖奈贝薇薇骑自行车第几集,打牌说不玩就不玩抽烟
0F951770D4942573C67674F023363D5B,1,简单幼儿园窗户玻璃贴,西瓜的热量,华硕,笔记本看电视可以离线么
3B1FBBE6274DD5CFDC74CE16D8DA0DA6,2,马兰植物,电脑触摸板进水要哪去修吗,沿阶草和麦冬的区别,电脑经常不受控制怎么回事
C88D02B0F05ADE9B6B982112D7962D13,5,微微一笑很倾城txt,nomination,天猫商城,综艺节目
158758C7FD86E09451372C347A108788,1,乔认梁,庆丰祥七彩云南骗局,美肤宝面膜适合年龄段,三星盖乐世多少钱
D4DEA4ABEB0C8F68AF9AAA8CB8D9A8FA,1,品胜充电宝10000毫安充电不到100,笔记本电脑什么牌子好,露意袋鼠皮箱价格,九阴角色选择
75987E3D0B0A54728AB4311DE0BA4174,1,徐州矿大女生宿舍,上戏校园图片大全,家有儿女键盘扮演者,矿大有二本吗
14F9990FF67B5084DC90EB167A9882A0,2,男生专科学历可以做什么工作,iphone手机有日期提醒功能麽,敷补水面膜脸上有刺痛,agency是什么意思
57958B771286C523E752DE74878EEEF5,4,农安刘振阳,黄瓜籽粉每天吃多少,自制染黑发剂配方,小别离大结局剧情
7038BC3C26813A1F87923D361457A7EC,2,非月经期出血的原因,郑州妇科医院排行榜,胡彦斌,吃妇可靖胶囊和云南红药胶囊能喝酒吗
3E364E1CEFDFCA31C88AE1FDD3885E38,1,人在囧途演员表,怎样做奶油简单做法,儿童电话手表哪个牌子好吗,鲜奶油
6326FBC81D5BF9716DC15496A014E099,0,观察曰记300字,qq头像,古装耽美漫画,呆呆丢丢情侣头像
B819AC09D245CA7325A7818AE9818DDD,3,纵横,华山,西安14路,360云盘
4C727CACA5813E53895DF0561305D270,1,我的人生诚信诺言,为什么香港里的律师要带假发,车内蓝牙和手机连接步骤,风险附加率包括
781C2C6D9A4A6F9D0D48CCB6CBF75275,1,男的怎么减胸,japanesehentai,中国结的编法图解,japanesehaite
D8C841B00E564AC64DC7AB89D26A26AD,1,苹果6指纹解锁不能用,众泰z700,苹果售后,熊超
B463C165586E69EA99A0A05B2695FD00,2,旅行,2016年9月计算机二级考试时间 小说,速效的别名,新买的电脑装什么软件
4CCF5283B2131796A173FF55787D6341,2,湖南国二考试时间,适合自己旅游的地方,怎样找回是否打开移动数据,麦粒肿
D30FA2CE78C13C52DD2FBF5CC35D1465,2,杀虫剂都能杀死什么,黎明杀机,一男一女唱的歌女声很高,腿中间缝隙大怎么办
BD9D61823ECF026D52522CD8D58D487E,1,旅行,军训后如何晒后修复,来事能吃海带吗,瘦腿方法视频教程
6038D8856712013D5F9DD9A6D455F18B,1,顺丰快递电话,微信官方,什么牌子的隔离霜适合油性皮肤,欧束一瓶多少钱
3B5CA8524D696E6B4D47229AF0AA6AEA,2,粉饼和散粉的区别,孔孝真主演的电视剧,关于九的祝福语,针织开衫外套搭配图
8E9B6AB73BD29C9E01E8AF8D121CA5D6,1,幼师国编,跳拉丁舞的好处,tfboys凯小别离插曲,flower dance钢琴谱
74678BDD139A2301917645CD2B428863,3,金融投资规划的四种考虑是,罗马数字1到10,远期外汇,江西电视台主持人名单
27D3CC9C27D8F78BFD70F33094B76BA5,6,鲨卷风,泰迪熊剧情介绍,郑恺,俞飞鸿演的古代贵妃被强婚
6ED047E0AEA854D518AA1EBEBCB16893,1,王者荣耀女娲视频,日本话一库是什么意思,辽宁潮州人说话,农安县
3FAE5928180B2C242FCBFAC5B76A3708,2,美团客服电话,发量少的女生适合什么发型,宫颈炎的症状,网上买客车票怎么买
C1DA6568AE1799AD3F20F5A0312BD1F8,1,周柏豪,富有几画,笔记本电脑什么牌子好,可乐有什么危害
3EB7654DFB4C53E140E931ACAF0A533B,1,浙江快递停运嘛,刘嘉玲,防老鼠最好的办法,安卓微信一键转发
81C175143E55A569EA5EE7C8488EE6A9,2,zbrush面太多了,西安音乐学院是几本,碱性食物,城阳铁艺坊火炉披萨wifi密码
893C39852AC5CD5BA7D5332FCFF6EA81,1,脑门起了一层小疙瘩,最早精通物理学的,以孤篇压倒全唐,面膜敏感测试怎么做
F8BBC7D2366733213E43BD62E64A4EF0,4,第四个带宝字的成语,京东支付密码是什么,洗衣液泡沫太多怎么办洗不干净,怎样查看笔记本电脑的型号
5DA611A5C449E0E48E5DA479D667EA96,3,挂耳包怎么冲,风湿性肌纤维组织炎,报考香港大学研究生,呼格吉特图案赔偿
232447AC6FB99C4B360C0914C037F27E,1,兰博基尼,漆黑的魅影三神柱图解,护发素为什么比洗发水用的快段子,妮可罗宾黄漫
41BACF70867903654843E081ED691C9B,1,王者荣耀钻石礼包,三星galaxya9高配版,该走走该留留说说,说说心情短语人生感悟2016
E391A2AF7B9BD2DE40C1F7B212259001,1,虎牙童话整容,精仿苹果6s,y29怎样系统升级,7个字的网名
05B8FFFADF9B23848C3C11DA5435CB5F,2,莫甘娜出装,风女出装,201612月六级改革,寡妇符文s6
407D0967A48659F002266540A160B29E,1,大连天气预报,秋g菜谱,鹿晗图片,综艺大哥大钟汉良
3E93647082866D2659C470E201A3C90D,2,粉色渐变色头发怎么染,灰色染发,澳门城市大学有学士证吗,飞机托运行李规定
5EEF25CD5CDD11846CE0D3FF8D8B7DEE,3,一岁半宝宝总是害怕,不是师范毕业可以考教师资格证吗,麻辣炒自己,宝宝多大可以吃韭菜
643218B0E2A6D49BC82ACAE70C9FB0E9,4,樟脑丸对蟑螂有用吗,如何分享wifi密码,"我的长生果一文中提出善于读书,要常读常新,",无底洞打一成语
E96D44925805BCF56936CE2A470DFAFD,2,戚薇,徐娇,我们的十年,伏木的小说
6D3450F94AA7CA2D80FDB63050409AD2,2,民生应该信用卡办卡进度,芝士烧烤酱薯条多少钱,安置房有房产证吗,百度
26DE9B687F01A7A22673B3329B5A90B3,1,梦见在雪地里开飞机,治疗睡眠失眠的方法,启动打印机服务,瘦肚子的瑜伽动作视频
F0C9882E6596DB8F8FDC49FAC7FB9E7C,2,澳洲痔疮膏的副作用,便血吃什么食物好得快,孤恋花袁咏仪,怪诞传说
65FD3EB90CFF35EBF1858B6C9F82478E,2,东风标志508,六个月四斤,四斤的狗喂多少狗粮,刷卡手续费今下调
C04A5F000F52B2E8401EAFC75DDB6A57,2,帮我充充电,娇花养成记,云画的月光小说txt,排列组合公式
438A7E016894474D62AAA155EA938155,3,回忆,手机qq安全中心改密保问题,贵阳哪里有空车配货,贵阳微型货车
578139031F90A9A72B27B541D7EA9DD4,3,u盘自启动,advanced,xp系统进入bios设置u盘,歌词我不是局外人
8D8680304CC4996D0E76F6103CFE6EF6,1,掌上营业厅中国移动,onscripterplus,人工少女高级操作,金立手机一直在播放音乐
A4FA515994E899A12B83723AE7389A0E,2,单核细胞重要么,隐性梅毒会潜伏多久,血液优生四项,肾结石有什么症状
20EC1C3A5A8F0E17117989115C7AE5C3,2,适合40多岁用的护肤品,翼博大灯没法关,呆萌的小受视频,"t开头的一家鞋子,"
AD118E1B1D1B39EEF23C8E6960B6D114,3,希腊神话人物,胸口刺痛是什么病症,石榴籽能吃吗,刺儿菜
F8B4CB7828111D9857950DF838CD1A17,1,电信99元套餐内容,贵州公安大学,win7激活码,算姻缘 生辰八字
47F12C74E97455333357368671425A1F,3,霸气男人签名,倒车入库技巧,微信白头像图片,爷们点的签名
9CF8FA666A0A34F5FA4BE9A67C055D8A,1,off阅读,北京时间,卡通男眼泪,cf
E36FA20547466B5C94A19449713EAD60,1,才子,龙王传说,dnf西海岸一,八连杀在线试听
C8E667D2E66259E6552861195CCF03F0,2,韩国电影理发店,狡黠怎么读,氧氟沙星滴眼液说明书,吐槽团叶璇陈紫涵
5935D683DC183017234D3945CF9BA75B,3,天基地能,毒药李颖,百度,蓝牙耳机怎么连接手机
E98CCEEE540F51E6F2782E94CE272791,1,机动战士高达w中主角完成,酸奶过期两天还能喝吗,东北师范萤火,我眼中的广播站
CC61D4BE2166790ECE70C14B1D117096,3,带着灵泉穿成农家子txt,鲤鱼乡穿越哥儿生子,将军高高在上txt,我在现代做厨子
E1B4F2422D06E0C0EDE3C931BDE9F467,3,韩孝珠,killmehealme,金毛能陪你,女交警的工作内容有哪些
DB775EB835673D5CD21D7E42DC3B94EC,3,梁镜柯,补水面膜排行榜10强,中国第20金,彬县哪里可以骑马
27DD1301CE07DDBD4DD2E93783C05096,3,拼命跑步会生化妊娠吗,乡镇做无痛人流好吗,人流后直接去上班,验血数值高会导致自然流产吗
635BF581C9D1257918D836504E90C755,3,开个什么店好呢 投资小 风险小的,金铭,儿童中发扎编方法,南庄的鱼来虾往
2E2091ED1DBB4F58B87427D669CC8736,5,秋葵仔能吃吗,新疆全自动打瓜机视频,产后瘦身,怎么下载视频到u盘里
3D309CB370AC3D21BF584779BF96F3FF,2,容县房地产,田螺的做法,香港有一种可以治牙疼的药叫什么水,皮炎平
1E73BC7023CF96A90707172CC36F5047,2,女生,丛林家族吃的饭,没那么简单,南宁705
FB8D7A0395218B854FFB6E0B27077AC6,2,饿了吗怎样查看商家联系电话,大明奇才曹贞,黄岛水费余额如何查询,苹果手机连不上wifi是怎么回事
CCA1CD547448D419AE6CD669ECA68F4E,2,艾灸盒,美丽日记补水面膜,经络艾灸棒怎么使用,艾灸棒
5C97059C2A9BD76CC9BAC62A3AD3B386,2,成功相亲后邪恶漫画集,烈日灼心,河北暖泉镇现存的国宝和古建筑,2016下半年考证时间表
BC8352A21C7CD5E7E6D01A7C3FD1990C,2,相亲节目有哪些,破空间相册密码高手,那个视频播放器最好用,对生活失去信心的说说
A1D834E08D5AD1445AB4997838D7CAE4,1,我想过的生活,its skin,旋风少女221集预告,考研到哪里查学校资料
6089FE611C5DC15CF87AA5A1AFB52775,2,大乐透,自贡到赤水汽车时刻表,公招考试科目,腾讯视频会员兑换码
F9C610AE09AB68A1179AF152C84C8E11,4,qq等级加速,王者荣耀赛季什么时候结束,台州到上海虹桥动车时刻表,"那一刻 ,冰雪在心头消融"
E738C723A910EAD471693D2E75FE78CE,2,tc人,古代重生到现代的宠文,tc人什么意思,exo邻居十二花美男
2BD6B98938D4AE20329FBCF79970A5FC,3,泉立方洗衣片是骗局,许昌蓝天造型怎么样,百度文库财富值可以转赠吗,镜像文件怎么装系统
A63D98659E7141472DF1CB13809DC330,2,中药洗脸祛斑,微信需要好友验证是什么意思,去哪儿网机票,隋唐历史
DBFD0EF6D9347F4378D172FACE5E1E44,2,长沙烟花燃放时间2016,电脑开不了机一直滴滴响,解释举要,湖北监利县医疗保险
60CCBA3F41E3B6C5ED3405D8077D4FCA,3,魔盘在哪,取保候审可以坐飞机吗,南京好地段房子好吗,我姓郭
515A2B96FD330FC276D0FB43A0C86C47,2,齐头帘,408计算机学科专业基础综合,能看好多小说的阅读器,头发弯曲怎么弄直
B8CB7EBAC800BF1FF1E57CADA01607AB,1,snh48鞠婧祎,罗夏恩,泰日天,1.3.5.7.11.13
C59B7B0D5248427E3E2CC84614CD4371,1,希腊神话人物,哪里的衣服好又便宜,"c语言,转换方式有两种",头孢拉定胶囊
AB8DE8FEEBA649C2E5B289FED21377D8,1,尔雅女子礼仪考试答案2016,耵,天幕城,潘基文
51A80E6D31FC657988E923C733161C18,1,qq头像,好看的群头像图片友谊,青岛到威海车票多少钱,g456高铁时刻表
F8CE257101C9F7CE81A9758E719B6AD7,2,机械硬盘分区,郑恺,熟悉的味道,吉普自由光
B0EA622CF0927508942E72F029C3C546,5,内环境包括什么,择天机,lol27号特殊,everydoghasitsday是什么意思
D4EAB8F07E3BA6DD9B5B2AC3323A51B5,1,祛眼袋最好方法,我也叫马蓉,广袖流仙裙,张蓓长的真可爱
D5EF29E5D7EE6D5CC35C0F3A56AF6F08,2,李鸿章后人,黄焖鸡米饭怎么做好吃,排骨米饭,面条怎么做好吃
6C9168BE3AE4D8CC3B1B15FCE7627CAE,1,红颜乱,咖啡色眉笔效果图,淘宝上怎么退货退款,国家二级计算机考试
02DD7F729369C4A9764E24DF890BF815,2,好看的电影推荐2016,亖,太老实了是什么词,追凶者也
09B665E764BD17153AC9894C5B76D6DA,2,新疆户籍处,新疆大学诚信考试网,新疆户籍处电话,基变序有规律口诀
81D78486EA739DEF052F21FE6120DE78,2,yy40019云雀,老干妈,四天没吃菜,证券从业资格
A41848121701D9F95BA7BC175ECBC4F6,1,舂,花荣,"直而无礼则绞,好直不好学,其蔽也绞,皆言 ""?水浒传第五十八","曾向京师为制使,花石纲累受艰难"
E9B27E8FF974D1D791A757F825F56EB4,1,北京时间,读书做作业应该用什么样的灯才不伤眼,类似于大爱不言愁的文章,胡彦斌
06FF0923511E9FFD04B69B9C6281E2BC,1,帕金森病的症状,俯视容量瓶刻度,梦游天姥吟留别原文,桎梏怎么读
584F59869DA8B8D0A22451D55FB9CF96,3,宠物领养免费,禾加偏旁组新字,炮姜的功效与作用,扁豆焖面的做法
CF647FECBCAC4B4873557B4C451D62A6,3,杭州妇保医院专家,青云志小说,有些口红洗不掉怎么办,相公你好狠
BAC34D74ADEABA3B24B0E521FDAE1416,3,木制茶盘上漆,硝基清漆耐热,茶盘用水性漆,张纪中
826EAA19AC3FC223D3EBED16327DD7A3,1,天才在左疯子在右,2 4 8 16什么意思,艺术字体,英雄联盟登陆程序bgm
2FD6DC48248A7B3554B955E4FA4DFE1B,2,"笔记本插入系统盘,然后怎样做",打lol的笔记本电脑哪个好点,夫星不得力是什么意思,开放教育和远程教育有什么差别
0BAE77C18E0456D1DEFE4DC9C9CBE0D9,1,吉罗琳,宝安机场边走边停算违停吗,宝安机场如何知道小型车有没有停超过三分钟,苹果笔记本电脑的百度网页在哪里
8A1942931B7B7C3F24AF57AA5BA23EFC,1,s是什么码,higher level的意思,陈涉世家翻译,玛利亚·波兹哈娃
C526521AF3AAF6915FDBB72AA1B83B37,3,冯家墩,东湖社区,军情观察室20160824,团风
BB41D06BFCF41548F0BC28D15E3017B8,1,头像个性网女生,萌娃图片大全可爱头像,立体小草图片,天蝎座和摩羯座
778582AC04F695E1ED658836AE32CD23,3,蚊子叮咬后褪皮,哺乳期是不是皱纹格外多,鸡皮清乐,戴尔售后
B3A9306FAB471EC231AA934E291C9724,1,河北省2016高考试卷,骄阳似我下册全文阅读,入团申请书范文,德州学院
619674E71B707A07A3B55C412391AA78,2,试婚老公用点力全文免费阅读,qq浏览器小说怎样关闭自动购买下一章,欧歌,甄嬛传剧情分集介绍
B303D8A70DFC3FD8D3E7B6C23508E8E6,1,三国杀单机手机为什么只能玩1v1啊,饮水机买回来灯不亮,zippo官网,苏幕遮 范仲淹
DB3572EAC2EB2ED0A13B78190756FC9D,1,ones是什么意思,速度与激情7的开头曲,保持安静的英文,王者荣耀怎么上砖石
CEED95DFDA20E89D1FE7A4050500DAEB,1,梁大巍,都市小说,大主宰,广州地铁线路图
87CF5EC49F1FC1D98EBA6BF1A3492895,1,肉赘图片大全,宣汉贫困标准,电竞高校,胡彦斌
A4378C42D0EC748D4BC1F23FCA740375,1,中国中药吧,文科女生学中医好吗,"某一男生之前喜欢过你,但后来很扣扣都把你?在360卫士中怎么看己加密的q q聊天语音",少女乳房乳头内陷
7FF8588668CE6C1B43EF87C8DDD627CF,3,法国兰蔻化妆品加盟,美少女战士,qq头像,借款条怎么写
B065625650B0D824E3A14FFE16252F69,1,公交卡和银行卡放一起会消磁吗,100兆,杭州师范大学钱江学院地图,上大学笔记本电脑一个月不用怎么办
3E1A2DCDCFFE1CD34D0850624B430D6D,2,关于火车票退票手续费问题,rt,k285属于哪个铁路局,果冻都有什么牌子
FD2E714989B362EAE69C78EECA44AA2F,1,二七广场西大街二十一世纪大厦,孩子突然脱臼,老婆大人官网,艾滋病如何传染
F3CEF32B59D21AA67EC8B45CB734A280,1,电池容量4000和2200 游戏,张铁林,蛋清蜂蜜面膜可以天天做吗,张铁林的孩子
DB7D6A6AA5BD4DF52C399BBFEFBC390D,2,八大金牌失误,高中必修一文言文知识梳理1,若不阙秦将焉取之的焉,漠然置之
BCBCEB87097C3FB65C4C885327E5F462,2,翡翠和玉的区别,手机收不到短信怎么回事,诛仙手游腾讯版怎么充值,努比亚z11mini不贴膜会不会划花屏幕
8F5535F8CA42C8018F4686046F7F19BA,1,"ivvi手机,怎么换锁屏壁纸",夏雨荷,电子表正常厚度,泽拉斯
FC03C6FA1B48904B7EE06DDB3ABD0355,3,150主板 图拉丁,侠义道真武道场 太极,侠义道内外攻,侠义道内外功
1FB716825032B7397E34DE04806D6CDE,1,微信转账之后没消息,angelababy,微信转账之后自己这没有转账记录,俏丽的反义词
931508AD1AA70B7BCF0603EABF019FE1,4,联通座机呼叫转移,肠镜价格,吉利远景suv和博越,信用卡邮寄时间多长
4B2BA3DC0B99EEF41B5E74AB11BCF924,2,请不要这样mv女主角,赌神大战拉斯维加斯2位女主角,图片韩星美女,仙女屋官网
053347B68F979A0072B3B381B6739566,1,泰安一中长城路校区,心脏病吃什么药最好,1000723541527,心悸的症状
A766D60740CDFD63EEFEDB854B4E5FE5,1,手游小时代攻略,自荐书怎么写,小时代手游,日本esthe dew 祛痘粉刺控油化妆水怎么样
07FB3168FDF838C7ECF2D2172C50AEA4,1,oppoa59最新报价,vivor9,欢乐颂邱莹莹衣服品牌,很久以前如果我们爱下去会怎样
2B40C36CB2165B92820CFFF1D1BEFDF9,1,唯品会的佰草集会打特价吗,油性皮肤保湿补水产品,补水效果好的面膜牌子,津尔氏适合什么年龄
90964E42FEEE12BC15FF24743709B67D,1,比例1比50是多少,平安银行取钱要手续费吗,百度,学校寝室室内设计图
2C194A593C5500FD237F47A69FBFCBCE,4,电视剧 春妮 大结局介绍,大众点评 团购 鹿港小镇,北京最近一周天气,权利的游戏第五季
5C3377CD54E1329F11F502263F5667E4,1,吴亦凡约炮是真的吗,嘉有生物有机肥直营店,支付宝余额转账要指纹,镜子中的自己好看还是真实的好看
7B1B3FEA5C4BC4D702FF18BEB754227D,1,兰博基尼,牛羊图片,梦见好多坟,高姿晶莹透白润肤和子包庄美白特证269元图?初三学生心理压力疏导
CC9863F897BF5BF14E1EE6F40DD671C8,4,什么牌子指甲油健康,去上海进货市场在哪里,云南地势,仙居
BB2590444C91FF603A15C0F8709B1A49,1,蜀孙尚香,飞科官网售后查询,中国女排,麻辣变形计演员表
C9FB1752DEE98C57C9242CE560498931,1,微单相机排行,老照片修复软件,琼怎么读,assembly
A44DA8DCBD5DF5D1A518FC4533A8DB26,1,超级返qq群,qq头像,大陆海岸线,by2没有
AC6AE7A530CAED50CD1BD8ED07CF04D9,2,节食减肥30斤成功案例,c/s,送你一枚小弹壳,自行车用日语怎么说
17046FF48B9A0A02F537953B6847E680,1,电脑wifi老是自动掉线怎么办,腾讯视频兑换码领取,电脑wifi测试软件,乐视
36608F984DD81DB77EA99D93734DC09E,1,国家利益决定国际关系,谎言 bigbang歌词,长痘痘能吃鸡蛋吗,日语n2考试时间
93CED595EAD9BC8FE300320442FFB9A4,1,笔记本电脑开机黑屏,华硕x53b拆机图解dvd,成都新东方烹饪美女,无锡旅游商贸高等职业技术学校
FDE5E5774151DDFEFC9E5E992D0BF524,1,医学生学业规划书,看小说正常的阅读速度是多少,qq背景音乐怎么取消,喝酸奶真有用吗
A6E6F49CA5D6455A6B13FDC3DE2164B1,1,凯特王妃,互粉英语,里约奥运会什么时候落幕,上海的城市
6622823E95A470D79B266AFBF0BD0454,1,sata3g能拆吗,电脑主机显卡位置图,两个世界韩剧,华硕fl5600守望先锋
0013EEC033BC647CF7F5DDE09CF95E95,3,浦发银行信用卡中心,翡翠恋人什么时候上映,乌龟可以吃猪肝吗,合花易贷上征信吗
591D989FD94A35C4AF42D9B040E10EC9,3,殒身不恤,克里斯汀 斯图尔特,欧弟入德云社家谱,我去上学啦 薛之谦上摄影课获得了什么称号
E0F1B13796A7C8431CD6F374245BBCDD,3,温州到南宁动车,温州顶诺食品有限公司,闺密面包代理价格表,孕睫液怎么用
CB2EB546E29F670DCF80A7F02ED8EB73,2,林允儿,霍建华林心如,有带奶一说吗,刨腹产满月可以吃哪些水果
8E6EC2E1F15AED27BF5A6A2CB2863AAC,2,京东小白卡额度多少,祝你幸福用英语怎么说,cpu是什么,北京服装学院
2B4D0030D17AC782C8529C8ED700D15F,1,package是什么意思,最贵的食品,菲诗小铺洗面奶,字帖的读音
1620A24B9C52968554229E0D4A5BEAB6,1,都说公交车最后一排,win10看不到开始菜单,微星ge62换电池,微星
CDD9200275B47CB2FBC9304C7030B67C,3,北国之春葫芦岛,交际用语eter,百度,笔记本电脑右下角没有无线网标志
9E283BB07B37EF78BBC72256D95E21CF,1,笔记本加固态硬盘 开机为什么看不见,天天酷跑哪个坐骑最好 得分最高,a550 i5四代,r409l 怎么连接固态
877F7FB4B1B9C126D4F47D0F42E1635C,3,忘情水,哪里可以手术治疗增加阴道敏感度,从晋江曾井到紫帽山打滴要多少钱,张行现任老婆照片
8A12F95EDDA35485091FDC47C2864068,2,做大海报背景应该怎么写,华为p9plus,千图网,微微一笑很倾城电影男二角色介绍
63A79D3906D41818BDCB5B146B3BE8C5,1,oppor9充电时呼吸灯不亮,王祖蓝,一路向西照片,oppo8.12
6E347A25ADA017BE95DEB5A3C7487A57,1,贴吧直播,华为商城,q币活动,国家标准
85C4567BEFED2ED5A0CC023F38208D3E,3,敢于尝试成功的图片,人民币图片一堆钱图片,picplaypost分享时影片制作中怎么回事,二合一那种水乳好忙
923A203B26B900CE1EFFED92A9224597,4,三阴性乳腺癌,开椰子的巧妙方法,蟾蜍功效,http://
815B8017C4E5B5E42DF417D6D32D5DE1,2,动物界十大恐怖,国际长途怎么打,王健林秘书电话,坎地沙坦酯片
CE3DDCD07F19A3BF848E57394DDF145D,5,笔记本电脑进水键盘失灵怎么办,把感动留在人间,寞歌,圆通伊春电话号码多少
4E9478D44B10FB9B971B694FBE0053DB,2,若赛和斯诺德哪个好,天火dadao,习近讲话平打铁还需自身硬,健身蛋白粉排行榜
C10F3A72881B703004C1256285E25930,2,广联达预算软件,一叶子面膜怎么样,东野圭吾 恶意名句,建筑工种
BD096AA261EAEA0D9510C5ACF38C0946,3,保险从业资格证取消了吗,约翰克里是国务卿兼外长吗,六层住宅的水管分部,投标保证金比例
6CFCF1706BCAC39292B41C2ED6D00A4B,2,"公文的标题,在任何情况下都不能省略的是100",一叶子面膜怎么样,青云志剧情介绍,社会主义理论体系论文
1B9B72B232426928078DFC0CD18C194B,1,qq头像,百度,釜山行剧评,lol徐老湿来巡山
F58F726738DBEB13F8B82064F9FAE983,2,适合多人玩的手机游戏,烈火青春叶童,李宗伟哪里人,绀怎么读音
104802617F731ED62853AA57579C39C7,1,桅子花,中央cctv一1直播观看,神兽金刚之青龙再现,赞扬老师的作文300字
1A36F0A66ABAD514421C2BDAFA5E22D1,1,病条,治愈女神,三星s6可以开空调吗,王
0B0BE4C62E19BA1836409B9B61BDE9FB,3,得鲜面膜孕妇能不能用,孕早期肚子隐隐作痛有白色流出,怀孕吃了山楂片,怀孕初期子宫开开始增大
1A68B0C99F3CF1BEF8069C7FC52E8A80,2,日文版那xx,微微一笑很倾城txt,综系统]九尾狐的幸福,综]我的男朋友很帅62
7ECF8EC57B3CD5609C44011AE14EBCC4,1,工作女郎电影完整版,tf卡,中国好歌曲那英组,迪拜旅游跟团多少钱
DB099BA825CC27ED6A6DF60FA07F56E2,2,顺风车,手臂上有很多痒的小疙瘩,腾讯音乐小王卡,脱发原因及治疗
FF2CC6CABB91878D43438809975A6456,1,台式电脑,吊毛能剪吗,饥荒攻略,饥荒所有人物介绍
628A5BFA0F4A033493E64665E0DCC13F,2,妇科检查白细胞酯酶阳性,三甲医院是指什么,肝脏排泄功能差的表现,陕西省妇幼保健院妇科门诊电话
B3B252CD612FA734C8E26CFD71655CE0,3,笔记本超薄什么牌子好,车管所车检流程,杭州仁和镇,没房子能结婚吗
403F1BAB738150EB4BDB0646FADE2374,1,好想大声告诉你你一直在我世界里,文殊院宫廷糕点,发酵箱坏了在哪里维修福安,男生旅行箱
9FB449B5A047B797FF8AAAFF556B187D,1,ie60和ie80,哈利波特七本书名字,恐怖校园禁锢都市传说,飞利浦 sa2208有电流声
677F881B7C7D9450421D327D550AB535,1,天蚕土豆,逆剑狂神,鸡叉骨是鸡的什么位置,美女总裁的无敌奶爸
DFE03DD01BE541A903C0DF3B28735530,4,你走后我没有再触碰爱的甜果,软耳骨隆鼻会生长吗,"苹果7样式太多,哪款才是真的",补水面膜排行榜10强
A83327C034DB5C1EA10B8BEC78E70A63,3,安宫牛黄丸,郭敬明个人资料身高,张家界大峡谷附近的汽车站,12360火车票官网订票
BA46166B2DE2362E1ED4FB8EC32B90C8,2,戚薇,东泰集团,启东东泰,乾朔电子有限公司
32A1F438615C0272C335341261479038,1,移动全球通套餐资费介绍,联想b40-30能不能玩游戏,绵阳师范学院录取分数线,绵阳师范学院
851F90BB1046AE64D73FFB18964C03A8,3,宫禁糜烂手术会流血么,妇科手术过后能用医保报销吗,笔记本电脑主机电池在哪里,有几个陈红
D2C4CBC4A2DE9532A8B1B4DDEF0A6477,1,"歌应该叫《aliez》,动漫是《aldnoah zero》",醉枕江山,孤岛惊魂原始杀戮好玩吗,华硕a556uf6200怎么样
82ED316CDD12B9E01767ACD3AB87CCD4,1,5000左右的笔记本推荐,在兴业银行申请信用卡,华硕fx战争雷霆典藏版,京东买笔记本怎么验货
A3E604FFA501F5366D57C6F9701C95FB,2,手机上的视频如何在电视上播放,降魔神话破解版,云南移动手机商城,明星麻将三缺一单机版
37E37D144254852F3803AEBC028D3BE6,1,子目是什么意思,英语一共有多少级考试,如何书写获得,国家开发银行助学贷款信息网
C4DF0FF8AB8E46E90D9812464E735C5D,2,材鱼怎么做好吃,标准误的影响因素,巨蟹座女生最配星座,坚持 有机统一
89C9A8A5EFCE3E5827FAA78F29C6681E,2,马拉松,白银连环杀人案图片,人民检察官,张继科陈乔恩
19C4084597ADDFAFC8B0509610E6400A,2,移动老是设备故障,紫,钢丝怎么拉直,2 4 8 16什么意思
86E51177773EF29EFDFEA7DDE5E3EBBE,2,慢性咽炎吃什么水果好,迅雷总显示连接资源,王者荣耀筹备战队需要第三人效应,好听的英文lol战队名
03A38312AB062E8F640A31875F575785,4,新款三轮电动车图片,临安青山水库,刘亦菲宋承宪,袁和平
DFB83C6C8DB13BD27AD35D8F95D6156D,2,ems邮政特快,大学生来了张予曦,高清手机壁纸欧美风女,一款金色袋子的面膜
B5CA79EF475677F724F2303430AEB74D,1,口袋妖怪重置宠物分布,鞋带的系法图解,口袋妖怪复刻呆河马配招,泰拉瑞亚怎么找不到血腥宝箱
4FC7A832F30090B9CE56507147EB830D,2,酵素梅哪个牌子好,张佳楠演过的电视剧,cd,微信语音发不出去怎么回事
1732713B1E3A2DF1AFABA4B16BCD4AF9,3,谷酰转肽酶正常值,肝功能检查结果分析,验血多少钱一次,血常规检查项目及说明
FCAA7EE338244D63055DD72EED9C7BA3,1,戴眼镜会加深近视吗,流量宝送流量是真的吗,本地存折在外地能取吗,咋样减肥最快最有效
77389C285F34BAE999BA8754FC2BC1D5,2,新视野大学英语,印度神曲,守望者,有双胞胎出演的
E65BFF5E82979B8F9FE305F90D0DBECA,2,挖土方和填土方,滴滴怎么预约第二天的车,一般道牙石尺寸,水瓶座配什么星座
887FC151E56625DDEA929B9BC10EDFC7,3,怀孕初期吃了头孢有影响吗,宏陶和唯美地砖哪个好,男性备孕期间注意事项,属鸡的人命好吗
2B30B1AFBEEB979CEDE9C27689840C3B,4,我jianle,顺丰快递电话,陆渡镇房价,荣威rx5对比gs4
2DC30E830136D4A055A1C21DD63FAE3C,3,美亚官网,左右脸不对称怎么办,来电记录查询,倩女手游怎么复活
398BC1DFBAA24F6E60C5B811B3CB2F13,2,微微一笑很倾城txt,星巴克活动,mac 受欢迎的口红颜色,备胎逆袭记
E3936AD18EC2CAB9D52DA925AF1A09E5,4,大连老虎滩海洋公园,一个七位数的最高位是,潘基文,巨人学校电话
FF9A2CAA20528300523F62E2533E6D4F,1,陈涉世家翻译,南山南歌词含义,五四运动性质,爱的传递视频
7A65C1ACFDF4148829141639A5525682,5,赤练蛇,快递扫描卸车1,马艳丽照片,纯黄白鬼伞毒性多大
2C3A7F8C06E017D69AAC9100AC4BA9C7,3,穿越太子妃,花容月貌,高速拍摄机,兰芝官网
38AC2DB6F2539CEA0197A45679A382FA,1,出师表第二段作者提出的建议是什么,手机上的视频如何在电视上播放,"谈谈对赵括,赵王,赵母的看法",丝绸怎么保养
7BC12633040B0E0B710CB965B306FD51,3,打尖的拼音,秋天来了补充句子,到了白露还会热吗,吃菱角作文
4E3CAE40E360E5755FC16F1DD33FDDF4,2,入团申请书范文,喝蜂蜜,蜂蜜放冷藏会结晶吗,济南2路公交车路线
25EFD306373E1028D345315D3AAB252D,2,cad怎样看比例尺,七界传说全文阅读,两个人可以吃多少水饺,龙王传说
7AF25A768365881B757213F775BBC120,1,天天酷跑伯爵搭配2016,qq空间留言代码,打篮球进球后,怎么设置手机来电秀
5969D201938540634D45142F973B580C,1,有网线没有账号密码,张阴齿的女人是什么电影,把一根网线弄成2跟网线的东西叫什么,小学生
8614B8E4882D13925A1E40C334C46F28,0,魔兽世界小说,wow7.0职业大厅物资怎么刷,养生之道西红柿和什么搭,寻龙决背景音乐
013820614B67A9829F5E713F18CF8E2F,3,你对我多么重要,132.5mg等于多少克,御舒丹有什么危害,养生堂天然维生素e适合什么年龄
4493AB98D662E1D5CE4ABF0F11688F25,1,水处理器公司,北京时间,类风湿关节炎吃氨糖好吗,音波酱百度云
C3F03F05273179EE4155B13312E56E38,2,我当阴阳先生的那几年,天下txt下载梦溪石,眼影怎么画,伴君记txt下载书包
3972C2AFEF4129D7BBA2229ED54CED34,5,卢登的回声,q2,肝功能检查结果分析,沃尔玛
B1A08C6222910DAA35B6384ABE2F8505,2,顺丰速运,安塞顺丰快递地址,imessage怎么和别人的混在一起,韦德教育怎么样
32F923B728CBAE14CBAD2B9BADEA197C,2,什么专业就业前景好,茄子是发物吗,包皮手术后小便疼,妖神记
74506F04AF48BE5A5E264FCD890B83AF,1,穿越火线神枪节,csol8月31鹰眼升级,游戏怎么样锁定只有自己可以登陆,逆战
A9F5990FF403DC46B62C39EBFE71E634,2,樱草面膜,毛豆,上海华东政法大学,红色的土豆能吃吗
7EF3C3686C8FB9A22861F89E63C65DB6,2,王仪涵,人民检察官,你忽略了我忽略的所有细节,千篇一律还不怕有尽头
F4383A70859AD84D1F1D149870360566,2,性感英语,ps4国行和港行有什么区别,男枪,iphone在app下载用指纹
9A8771C24283BB54210020F6D368045F,1,音乐剧酒干倘卖无,世界上一共有多少种语言,偏旁部首有哪些,蝴蝶剪纸步骤
4AA8FF7F29683429DC521F0F75B6486D,2,麻婆豆腐的家常做法,李清照诗,一笑倾城歌词,杨幂图片
C07D756F2AB20595579616058A7F7779,2,高通骁龙820,电信普通手机卡多少钱,星火英语和新东方有什么区别,苹果6官网
ABF3D80DB5406F5897A42D55DB771A77,4,肝功能检查多久出结果,猪皮,西芹炒鲜贝,基督徒婚前性行为了怎么办
61B417B8C6F647FFC36CC43536F5CFF8,2,手机数据恢复软件,陈赫,parh,大学宿舍拉帮结派
835BE857AF4F37F9F6D545501FE8A56C,1,江苏省扬州邗江经济开发区牧羊路,甜美女生香水,酸奶燕麦,桃子可以放几天
545B8A4C79D717AFBCD34D51749CD739,1,想学唱歌,秘密爱,岛国动作大片gif,瑜伽入门基本动作
1923AFFECD2E02291F028D7CD2E80ED5,1,兰博基尼,污段子合集,狗叫声mp3,芜湖
BF44CF5D80789A992AD117AF22AD2EB5,1,左右极限的定义,荦,青龙by阿洋书包网,鲤鱼乡文库骚双性
22D9AA8B71CD2B938F9A437C1FEAA2F3,2,天谕手游下载,疾风之刃盒子,掌游天下,奇皇后
641B392062CD6538715A1207998A7F7F,1,酵素饭前吃还是饭后吃,凯芙兰,镁元素食物,湖南长丰大道属于哪个街道
AA2F0B9E096CFA1E2ACDFF8979EAE382,3,西奥电梯,移动流量不清零几个月,如果你找的人每天让你笑,塑料包书膜会让孩子得癌症
4B04B43899951EE44D7F26920A95783C,3,甲醛作用是什么,北京96777网站,incision的动词,中国司法图片
5F54BCBF118261EBF3C7EE6A7F328C1F,4,新沂到临沂,腾讯微博,牧马人越野车,fuelosophy
00E8ABDE77915DDC9EA2E5DFFF68FADD,1,褚树图片,等着我2016最新一期母亲找大学生儿子,黄半仙,6942398864007
5EB3E9B07B46AF021B9BF4C7E500D21E,3,新洲区失物招领,奸商东鹏特饮,日全食是怎样形成的,羞辱小说
0E55C48F98A0546549880334889C94FB,3,refa日本版本比韩国贵吗,日本咳嗽药,事故车可以提出,不辜负
1FE991E661B02A30FDFA97C1CC261A8E,2,灵芝和人参哪个可以提气,一楼地下室有水管吗,得了肝病会怎样,temderland
0472E73E33A1FE61E8E20C95BB927A0E,3,appstore下载不了软件,彦,苹果手机更新系统,哈雷摩托车
09F6C3E2546634031E5B5205F402B5A3,3,邯郸至江苏车票,电脑淘宝怎么收藏宝贝,气垫能遮痘痘吗,今年流行的小红鞋配什么衣服
8B18F930525073875A7306C65031085D,1,土拨鼠图片,北京时间,匡威耐磨不,英文翻译
3809B8A76008F7AC1B9E689EEC760F37,2,做梦梦到吃饭喝酒是什么意思,欧洲签证所需材料,白桦林,中国关于和
AFE5681C71E4D5AFCBFB955E48754356,2,移动旗舰店怎么转赠流量,贴吧号被盗被封,序时账簿,乔布简历
37AB7A4D3FD0F6929214055D05173DD6,2,梦见吃辣条是什么意思,寂寞山村在线阅读,华为c8816d电信版,岷县到陇西多少公里
CF71CF3B3E01C0C4421A15338E548C3C,1,贝安琪,德邦物流上门取货吗,乔任梁吧,鸡胸肉的做法大全
79E5127047C4CCCAADCAE51523465537,2,神雕风流未删节txt,剑修小说,微微一笑很倾城txt,泰国生活习惯
2B64B255024161F65AE37221387F82D0,1,龙族小怪兽,好奇号在火星发现纳粹头盔和人骨,灰狼阿道夫希特勒,战地防御2bgm
789733AE126001990CE214043E31FEFE,2,凤凰古城在哪里,安徽天堂寨在哪,球球大作战战队赛规则,十一旅游哪里人少
92FC43534E29B79287CF4567EE64D17D,1,最温暖的家,带王字旁的字女孩名,新生儿什么时候吮乳,新生儿后脑勺突出
D91840BF11867882B1CD8DB55A77236F,2,红豆的羽绒服怎么样,活着,西游记之三打白骨精,二手钢琴赶集网
656E834F50FE47E6A65F6B1CEE29572F,3,思铂睿改灯,百度,鸡今年几岁,英菲尼迪qx50
80AF47F6D00622D9ACD016BDA309543C,2,里约时间,从爱奇艺下载到u盘里,湖南工业大学贴吧,兰博基尼
CA5CB2556BAA734E9E31DAD6901F3D55,1,王者荣耀亲密度上限,剑侠情缘三,天天洗头,氨水和二氧化硫反应
659AFA16D1DBBCE5A45A0C84D136207B,2,黄致列为什么参加爸爸去哪,麻辣烫的品牌什么婆,苦瓜炒鸡蛋,热乎乎的烧酒
5E944B0A39F2B1D78B1728970333A2B3,5,dns辅服务器未响应怎么办,域名查询,唱的快的中文歌曲,新浪博客收录
5200C573D2096A7BC0BD2DD741C9C15C,3,郑雅文,天津富力又一城,月经期间很乏怎么回事,天津有什么好玩的
F51830A47CC674C76AF956833F255BF3,5,艾叶泡脚有什么好处,鸡蛋黄油的特殊妙用,属相婚配,怎么样关vip
C3B5A99D98DBAF4326DD9C377472D33B,3,党员有什么优惠吗,什么是portal,什么是talkingdate的埋点,protal技术
87D9CFFFC2B85D4DBD8BF239DC499783,1,会磕什么意思,情侣网名唯美,最大负距离,"材料一 1938年5月,毛泽东在"
1C70D171FBE2EB3243BAA91ACFECA915,3,刨妇产后宫缩多久,路由器网速慢怎么办,哈萨克斯坦,360体育直播吧
E8F5243110EE1F46A513C7582E4B3F0B,3,马背上的缠绵瑶池,西安景点排名,华清池简介,西安到张家口有无过往车
24BFE8E0FE6A68E77670E19C80675EA3,3,1.522镜片,一岁宝宝可以喝哪些蔬菜汁,水手视频网,近视眼长期不戴眼镜会怎么样
E4CAC9479F75B7B2499D6C7A1D2AA7F4,1,钻石价格表,射雕淫转,射雕英雄传,黄蓉落难小说全集
C2BC5649857BDECC94A22D353C01585B,0,一般轿车可以开去大理吗,余罪第二季,余罪一共几集,我国现寨卡病例
8E25AA3061F757274636342E0F785FCD,1,网络电视为什么没有更新,头像高清艺术,烫伤的泡要挑破吗,青青草视频在线视频
867763B215E3BA17532A23B53F100B5F,0,绝命航班,电视可以插u盘吗,粉丝怎么泡开,木耳没泡开能吃吗
58A6CA1176B99A90E8F9ADD145072FBD,1,韩孝珠,乳头发痒是怎么回事,用驱蚊水洗头行吗,phd学位
EEC5E8F5F1C1BB33D604ECF3C7D92DD1,2,秘密爱,汕头欧汀附近的租房,win8系统的笔记本电脑为什么不能通过蓝牙传,乡村艳福
60C0CDF47FBABF28D0BE747906351CE9,2,金鱼的图片,广西柳城鸡楼村,什么陆龟最大,南宁二手越野摩托车
59696BF0E0D0D366D4E79A0A03DDD13E,3,这是斯德哥尔摩综合征,"法院受理案件前发现当事人不适格的,应当在7",霍建华林心如密恋,百度
49A8C1706853E4B23AADA77E058A98B8,1,如何查看电脑配置信息,宰兔兔直播视频,龙之谷手游,龙珠宰兔兔视频
72DF20395E03E07A5E135A05AF341164,2,沈阳,廷安,延安,大润发
EE0931A0B9C17CEEF3C2B42D7E4DE5CA,4,韩式半永久纹眉图片,狼牙吊坠价格,nexteaunude,湖南汉寿珍珠好吗
617CB83B07BDE852AC9FE82C53883679,2,子时是几点,玫瑰茄哪里有卖的,血常规,配偶死亡财产如何分配
3CCFA645EA52DF753659A52C13DDF15D,2,蜂蜜抹脸有什么好处,蜂蜜减肥的正确吃法,乌龟睡觉一般在水里还是陆地,上火了吃什么降火最快
6847125BE02100DE61FF5C2D939544E4,2,如何化妆初学,手上烟灰如何去除,宿迁教师编制招聘2016,眼皮上长了个小白点
8018F403A1BEC41C457BA8D12947A9B6,4,杨洋钟汉良眼睛,河北艺术职业学院,张云龙,中国农业科学院研究生院
82C171D0316153002E62A949845CAEAC,2,魔兽世界真钢宝箱有什么用,魔兽世界7.0拿神器的任务,魔兽世界7.0战士神器,管道煤气滴滴响
FBAB5019E38FDEE33853D42705083734,1,发胶和啫喱水的区别,发胶可以定型多久,高等植物细胞特有的细胞器,几何怎么学
6DBC2CDA07BF6E99B862D74B10526272,1,奋力的近义词,第十二夜 莎士比亚,唐彩色的小说有哪些,模模糊糊的意思是什么
B5D87FD8A6722B39791C716B11E87A73,2,中国亚马逊有假货吗,普通话成绩查询2016,续命是什么梗,英雄联盟怎么玩
0C057E506AFE46EDFF94472D954F5F6B,2,顺丰快递单号查询,一夜美梦下载,鼻头油肿,王丽坤跳水
C7C749F1DFB2F59ADB302BEDF8BC1ED6,3,广西桂平市新闻,阿伦艾弗森近况,艾妮悍将洗发水多少钱,阿伦艾弗森和妻子出席名人堂
CD836B097C57A843B8262DE7F60BBEA4,1,vivoy37手机多少钱,成龙霸王洗发,九州天空城,魅蓝手机商城下载
6FF860270F6C7D39FA15C6159A4DF90D,3,羊蝎子是什么,双11销售额,比特犬多少钱一只,破产姐妹下载第一季
9B1F797A42D4C8CEB8E326FE6924CDB2,3,刘煜南,廖滨闫,大唐情史吻戏在哪几集,火线保镖
0FBC431DB7F0DB1F0B5E3C0383BA07EB,3,老人主动退还赔款,陈欣怡尿样阳性,母女考上医学院,王俊凯裤裆凸起图
B749308C5FC09D83771A720807C6B0B9,1,csgo下载教程,我这双眼看透太多图片,洗脸流程,张继科电视节目
F347F9962B601BE83A212297DD5BD73D,2,高潮,甘肃省教育考试院,学化妆的基本步骤,正常人的血糖是多少
8F0D514544E00B61D19B556B54BB4756,2,快吧里极品飞车14怎么保存按键,"我爱你,我们一起坚持下去好嘛",画板4k是多大,上海汽车站有几个
BB8C669344F03A7378270AB1FAF1CB7E,1,鱼鳞病自身免疫,脖子喉结压抑感甲状腺癌,末梢神经炎,热量计
7F5D2E6209E4BD9FA35B52E0739E7A2A,5,肝功能检查结果分析,米虫,百电通打通电话挂了之后怎么还会自己再打出,麦冬的功效与作用
87CE10A7EF0D3546EECB6691F7DD7F6B,1,斗鱼mini叫声集锦,大学报名没有纸质档案,好玩的手机游戏,中国好歌曲 冷雨夜
A6024E2F6CDA1C0AF51B92BD7FF23AD2,2,始于颜值,怎么卸载windows,windows update是什么意思,宫颈炎的症状
CE190977DA2404C9ADCB009FFF57DFCF,2,神武换门派多少钱,华硕x555yi7110怎么样,北京南锣鼓巷,女总裁的神级保镖林飞的组织
BE5C6694EF99D4F4F8DB2C82B687E9DD,4,新华字典最新版是第几版,顺丰速运,刘诗诗的脚,毫升和克的换算
67C10E84660FD5CC49CA85226E1F8C4F,0,地铁14号线最新线路图,黑曜石佩戴禁忌,党员共同承诺事项,最好的旅游网站
9EDD48CC657723076026918D3822D097,2,张译,大连昌林,微微一笑很倾城26集预告片,杨洋微博告白郑爽
08F2F908ED1F1AE916D69E594EE5CE8D,1,门萨,肇源教育局电话,家里红旗不倒外面彩旗飘飘下一句,大成玉溪
3804E2B968B5901CB4DC4BA0426673CD,2,我的世界快速建造视频,荣耀六发热严重,我的世界建造视频,去手机店买cool1 dual怎么说
B64817619C23055018FA80306A20039F,1,溧水青少年活动中心做什么,拉韧带要拉多久,屈原投江的那条江叫什么,武校一年学费多少钱 少林寺武
92A0DF2034505909409AC71B744B3A1B,4,为什么汽车点烟器那个输出端不能接实,南山南谁唱的好听,尿潜血是怎么回事,http://
83B58D0727EFC4E14B04F6D5BEC631F6,1,土拨鼠恶搞大叫,一个克一个寸,为什么戴隐形眼镜眼睛会红,吃维生素b1能喝酒吗
4411A6872697B68B0C027DC0EDE50AA2,1,前事不忘后事之师的意思是什么,危言危行的意思是什么,侃侃而谈的意思是什么,复发性口腔溃疡的原因及治疗方法
B0DD00D00026E9B82EABC501680883B0,1,刘仪伟,鄂博,朱开山和老蝙蝠,李小龙有多厉害
DF137D399EEC73DEA617ADB5294392A1,1,谢杏芳,王仪涵,王耀庆儿子,韩后燕窝滋养达人面膜
C6A4EBD6E2E9925989AEAB6F7228C1DB,2,三星a9,饿了么新用户首单立减,油菜花由哪四部分组成,邶怎么读
13F4AAD755357378DD5DD41856889719,1,坛九,陈坤何琳,敷完面膜后可以用大宝吗,赵薇男友有哪些
9AE6D2C3DFA36C941415BE06A47E363E,2,甘肃达内培养出来的怎么样,联想电脑wifi高速传输,联想wifi高速传输,ips屏幕
952141AF2F117BA9CCE2BD5289A84E69,1,几个世纪 英语翻译,"由于怕饭菜太烫 来不及冷却而影响小明的早?当你选择的时候,你就注定失去些什么",写暴风雨过后的句子,听其相顾言
FE318AF44F6E3685F81C6E074F50A171,1,张译,游戏中心,怎样向理发店老板辞职开口,oppo 官网
66383C7CA42624DD66F8752872D7D79C,3,郎才女貌电视剧,房子图画儿童画,塘沽哪卖儿童卡片,少儿舞蹈能跳级考吗
5955ED19876ACA82E6F45E1EC4D88ABF,4,解除联众通行证手机绑定,不用电脑彩照快速去色,德城区德津加油站,石家庄北站到河北中医学院公交
574AA3D214013F9F00EB0A9DBA03C96C,1,湘潭汽车模具,蔓之研面膜怎么样,教师节图片儿童画,湘潭县汽车站
DEF84452059FBF070382085D96DA8356,2,超碰97免费视频播放,氯雷他定,华安学贷,人工荨麻疹晚上很痒
3313A649AA29A9277DEE17F14608E7A3,1,脂肪豆怎么去除,斯科特萨默斯,重生之反派有话,6921493799926
0049B46F5B8087E85039E545FCCECDB5,3,九子夺嫡,汽车坐垫,汽车坐垫批发,空调网没干可以用吗
F80D306766BB2DFB1AFCDF1285EC6B88,2,主题曲老九门,瘦小腹,人民检察官,甘南合作杀人案20131207
45AA37328661B92FB41A4E24B91EFAF4,2,挤奶器是什么东西,卢浮宫镇馆三宝,表演女孩发难郭德纲,合成20游戏下载
4DCAA4DB7A55B06BE57414891F2BF19B,2,锦绣未央超长预告片,属羊配属狗,群文阅读说课稿,中秋节传说
E933B98BDEDF7CF097891FD73299DB90,2,怎么判断牙齿烂到神经,芮玲妃,科三怎样加减档位,麻辣变形计演员表
FCB6809711F819D801D96A82A1309939,3,郭敬明,微微一笑很倾城插曲有哪些,江阴市健康路30号,杨洋微博告白郑爽
FB05FBAFAC584F67BD647CC9057231B6,1,单身贵族狗头多少钱,丽桑卓源代码,vivoxplay5旗舰版,单身贵族狗头
F127B3B6B876B951BBF35BBC79201DD7,1,那个地方最凉快,每逢佳节倍思亲是什么节日,戴维利,头衔女生霸气短一点的
C308D67CFC409002469312C006BBC13D,3,考博比较好考的985,丙烯腈纤维,六级完形填空真题,山东大学考博英语真题
4894E4C9731DD948A7683A5FEE0D5DE2,4,一斤等于多少两,漂唇,哪款纹唇唇色持久性久,什么是水晶唇
09B481ED7AC2D328536B8299C63EF038,1,顺丰速运,国宇无线电鼠标的使用方法,大写的二,计算机二级考试时间
811627839561492B0EEAA454C71A0ABA,5,宁东几类地区,山西省四建公司招聘,山西博爱医院,导航不用流量
21CF8170C6E08CEAF2354E53B2789AA7,4,天天英雄最强阵容,苏轼简介,死寂2,三国志几最经典
96845DC1493D09EA95056F308B2F7210,1,魅族m1参数,笔记本电脑蓝屏那块硬件出问题,网络测速,宽带拨号最佳数据包
998F5B11B309D678FFAD77DA372837AD,1,秤,大堡头国通快递,山西大学,凤红鸾 云锦
3737597D1CF0198C07023D56D5C787B6,1,甘去掉一横读什么,僵尸道长2,刘嘉玲,来生
F72F622386845363311EE99A7C6E29C2,3,艾瑞泽5和新远景和z300,艾瑞泽5和悦翔v7,新远景,艾瑞泽5比远景好吗
F6605BE9E0722C544DADE27D79AE00AC,2,快乐的暑假手抄报图片,手抄报五年级,我长大了二年级手抄报,劵妈妈
BE7E220282B4736F29E7B896B67CADBD,1,essential是什么意思,淘宝皇冠店,sign,什么牌子运动鞋质量好
FC61DAE94F1003F948F534C2D5F2186F,2,纯色背景,我们的爱还在不在笛子,超品相师电子书下载,超品相师白谨干嘛的
364F7DCD0E79BF3010179AEAEB3085E1,3,古瓷面膜怎么样,番禺钟村雄峰公寓,顺德陈村海升,we公馆为何这么便宜
201521689203617958E4FADF19E44FC3,2,微微一笑很倾城txt,秋季入学教育登记表,小学生秋季入学教育,全民k歌的歌怎么导出来
40F735C712F15A19AA2728B2B5E964E5,2,南京四海游龙,025 8962 3291,中秋短信,yolo
5F999D00F64F06C5652C112F9E8AA98B,1,花椒籽的用途,纹身可以洗掉吗,一叶兰的养殖方法和注意事项,八分袖女装
2AABB5BBBBF83C5215DB2BC5B069F560,1,文章黄圣依演的电视,西湖公园,宿舍拍到女鬼,旋风少女2若白去哪了
0606AA43F9FF971B7E3B35DFE7E1AD88,1,杜卡迪大魔王多少钱,掌上穿越火线杀人不更新,小苹果奥巴马搞笑版,小苹果金正恩搞笑版
719A43BD5172686822B66403219C77EB,2,spv电子烟官网,李蓓蕾个人资料,http://,王宝强 电子烟
04E70A7FEA5C191E18CFAAD5CD66CDBC,4,儿童睡前英语故事mp3,四年级上册语文同步答案,培生幼儿英语基础级mp3,苏辙的拼音
DCBCA15A0E3B65557D25878B1AEF9B9A,4,景物描写,三星如何改时间,我国古代关于母爱或母亲教子的故事,徐仲琳
1D6C45460202FE9EAB9D9F04393B321F,3,吃辣的对皮肤好吗,临床最常见的心律失常,景德镇中级人民法院电话,会诊记录范文示例
07D8EA6C5831FE256E5E3D563770B8FB,2,中国羽毛球什么龙,cad2004关闭正交,极限加法运算法则,计算机虚盘
DC35A4421102081F71E96ABFF3CDA9B8,3,毛豆,长春有什么特产,冬天的鞋什么牌子比较好,什么叫原装进口
C024579326CDF9C1F5E2CEDA3A741691,0,微信里面如果对方把你删了自己联系人里面还,医学部简介,抑郁症,苹果电缆未认证
AD753C8B5D2E880CD5943EF051D6D9E4,1,麦粒肿,三下乡心得体会3000字,海洋绿图片,施华洛世奇
F900AF842F6B51AC9271935F7A03CE4C,1,买鬼火摩托车注意什么,头像个性网女生,qq头像,鬼火踏板车3000的
36ED82798A9F15A2AA2CD3EF7C88C8BE,3,铝合金门窗价格算法,幸福又见彩虹米佳小说,语爱磕喘吧男喘,读剧本水声啪啪声
245FF463E6E836C7B0973A318DAD15E5,3,痔疮会导致便秘吗,费玉清为什么仰头,自制口红,磁峰麻饼
FE8C1FDED43A27A088DF691BEE66430F,2,变研吧,热汤面条做法大全,图纸中梁是虚线还是实线,图纸上怎么找楼面板厚
81FF514116C1E3A61E2D1C9C6AAC72EC,1,吃从头,放东西的架子图片,保定瓜子二手车网,办个次粉生产厂行吗
F5684FBD29D9FA63FAF787A64E526085,2,小米5和华为荣耀8哪个好,蓝宝石显卡,论述招投标的意义,华为荣耀7冰河银跟其他版本有什么不同
563370AB109CB5DDD637CE961833F43C,2,爱情火花,玩cf用什么鼠标好,音乐之声台词,电影音乐之声开始台词
AA3EA54388693C3526E2CB2517687BC7,2,凯特王妃,天天向上张继科,whiskey lullaby mv,绿野心踪分集剧情
09DC06CFA1486F6B3375E6DF83DEDCF8,2,九阴真经极乐谷攻略,九阴真经男人煞,九阴真经下山回门派要几个实力凭证,九阴真经战场装备
757DF4F815E7F7635CD8786BD0A160A8,2,中午睡午觉需要卸妆吗,vital medica是什么牌子,优速物流单号查询,天生皮肤不好怎么办
FDC56461989FCC346E258D97C83F1071,4,qq头像,雌激素低吃什么药,舒之草止痒露,'qq
D14AB196A0E0C5C266451AD63CB932BF,1,女士洗面奶排行榜10强,马天宇的老婆图片,马天宇放开北鼻我图片,筛子怎么玩
86FF74393692B79EF9D9FA2978E2BF75,4,南疆大巴扎,快递 维文翻译,refrigerator是什么意思,周杰伦是哪里人
1CB31F89701E117F17549302FC6451BB,2,乔任梁是因为什么死的,呵呵是什么意思,英文翻译,"wap.2007cp,com"
E514482315A11FAD332529DA0F017632,2,4和7有什么不好之处,卓英文,星湖城小木屋,狼别称
0FD3787C1F7B55C9245F6B288453325A,1,怎么腋下脱毛,"在△abc,∠acb=90°",邓紫棋翻唱阿黛尔的歌,撒贝宁时间托梦寻尸
45980288516782CB463A06606D3F8589,1,闲鱼,入党积极分子思想汇报,结构,srtp
6AF6ECDD402FCBCA9B0745230D5A5C33,1,高通骁龙820,盐城蔡诗滢,华为p9plus和三星s7,华硕
EA4E0E8674EEED08EB80B31D2DDB365D,1,偶然 徐志摩写了那几件偶然的事,上海华东政法大学,邪恶小说排行榜,中国人民解放军第四军医大学
8A5B82BEB29AAA8F46BBF9DAF00E38EA,2,学号不好辱骂老师,云风少女',买车要多少钱合适,带刺的玫瑰电视剧优酷
F86A4F1F88B6F59844777F551877D1A3,2,12306卡住了,中国矿业大学,谍影重重3票房,山东建筑大学校历
1ECA846EFFD103F20FFA16C1E851D7BB,1,qq头像,感悟人生的作文,片仔癀的功效,每天空中蹬自行车最好蹬多少时间
91DC736B90113E95E6B470EB41FA08F6,4,水手歌词 郑智化,我是一只小小鸟,气虚原因,周亚辉老婆李琼像片
842456D0C56EA668D21D1B2B3C04262F,1,为什么qq多人自动添加好友,斗鱼,黄家驹,三七分发型男
5359D6A9E22D480FC7D98F343FB2AFE0,1,门萨,刷机软件哪个最好,139是什么卡,联想t430笔记本
B0FDF9640985E9B48ACCFC9DE60F5579,1,北电表演系招生要求,金雪珠是谁,洗澡脸上有泥怎么办,俘虏警花
6B2DB37CC2934F4EC8DE7DAAE4CBF2C3,1,南通到六安,微信,肠道分布图,六安到淮南
08BB4778481FBBBB9510F932C83ED848,2,杨绛为什么叫先生,金圣 滕王阁 细烟,魅族电源适配器怎么拆开,在斗鱼怎么看电影
66D18B31BD56207447962533B7646DD9,1,亲子共成长,具备蓝牙功能的电子产品有哪些,丁肇中,树读王俊凯照片
E638687E686BB1969E44995AA6DFC088,2,美的wqs50c3p,夏立空调,奥克斯w001b钢化燃气灶,金天纬m199
4F48375394D5971724B55CA39F3DCCD8,0,痛风黑芝麻可以吃吗,痛风能喝茶吗,洗眼线疼吗,金钱草的功效与作用
EB03494D00777907A955F34200030DDB,3,里约中国女排对战巴西,小叶紫檀,神马电影院,女追男男主很冷的小说
7168FA83D2C142DA4EA47B5FB9A2679D,3,可乐鸡的做法大全,武汉舵落口同兴油脂,如何化妆把鼻子画高,空调能效等级买几级最划算
11D5A096455AB2C9B71162604A33B503,1,下列指数式与对数式互化不正确的一组是( ),学生宿舍天花板上的防火装置,朦胧诗,"函数y=ax-(a>0,a≠1)的图象可能是( )"
592574C564B28A0880138CBC1FAAE5EC,1,爱养成小木屋在哪,0是什么的分界,mc红石怎么玩,//multiwebview
524DCFA1579A6F8279C409E7F6BF00FF,2,怎么撕面膜,寒毛和汗毛,http 210.43.24.7080/selfseverice,小三阳
26298F2D94FAFF778EBF4D14D2E39001,2,妇科炎为什么会乏力,烹饪和烹调的区别,白血病有遗传的吗,护理证可以干嘛
E17F7260E8AE8EE8BBC851220764F52F,1,空间说说怎么全部删除,农村商业银行手机银行,农村商业银行客服电话在哪看,w两个世界多少集
2075C56E8C032E802ABEB4D0A18C7820,5,申请改派理由怎么写,屈臣氏碧柔防晒多少钱,市民中心上班时间,球形爆米花玉米
05F157D9272608CCC12C199C298DF8D9,2,盛开,民政部门是什么,泰国英文,笨蛋!你不是我妹
74AA6B401F6884DC532E9E25A800614A,2,大腿上长了小水泡,阿狸皮肤风纪有特效吗,风吉学员狐狸,圆通快递投诉电话打不通
63987FD4BC8A22AF0800E36E7895F201,3,乔任梁吧,驯鹿游戏,抗韩,怎么改群名称
F1154A8CE433A2E29C4BC51CA17004E8,3,亲爱的公主病第十三集百度云,外媒评价宁泽涛,图肌欧,枣夹核桃牌子
AA0067A0480796EA55F2D017901AF227,2,qq头像,草虫的村落背景,草虫的村落,草虫的村落ppt
5ACDF9BADC7D11A5E1534027D1C9ED66,1,胡歌霍元甲,黄一琳电视剧,笔记本电脑什么牌子好,长方体的横截面积公式
D65022A3D0C144CE88BF90ADD3B8AFD1,2,手机淘宝怎么查看我的评价,哗啦啦啦啦啦天在下雨,老九门结局,战恋雪
879919F864BC13CE3067B8B71C973F03,1,qq头像,变形计杨桐全集观看,简单好听的英文网名,优酷视频下载
555DA5A75F57C505762A36D6EC01A074,1,阅读记录卡图片四年级,微微一笑很倾城电视剧吻戏在第几集,妖神记,万虹学生电脑售后服务
9A5C6E33DE920E2C7115C938258B80B5,4,李壮平女儿李勤生活照,邵逸夫捐赠的学校,奔驰gls越野性能,金园007玉米种
2ED3FD3C4FCCF3921DA03D711DB8C640,2,香港小学入学题,类似弦弄的作者,坩埚钳,男主痴情且偏执的小说
D54D995C2D96ECB6072FD80D130E97F3,2,军人的职责是保家卫国,百家姓有文吗,秦皇岛,新兵训练手榴弹多重
D6A005D4CE8B614A925D5CB6C20917B9,2,长高的科学方法女生,可爱小朋友表情包,李钟硕的眼睛,漫画剧本格式
63A64CD2BD852D094C1B84BFFB44BE9A,1,黄山毛峰,西递细部速写,戴尔7559怎么样,电脑加内存条有什么好处
CD929574D1E1CF1EE9ED900385FEE403,3,臭屌丝施耐庵,ntr动漫排行,兔子真的吃萝卜吗,物语系列伤物语
DF9DD78A62260D634FC1D7F7813112C7,5,婉怎么读,渴慕上帝慈爱的人,天父的花园,蝻读音是什么
02C1F116330047D1732D9F75D24C0614,2,古代爵位等级排列,工程力学学的是什么,梨花带雨佳人泪求下句,性病有可能产生月经不调吗
7E3A6AB1B6F713A887BD7A1D336B6AAD,2,汪先生是谁战争,汪先生,孙中山,乐视
8CFB0357560A3928920604A82B7591C2,1,杨洋电话能打通,复古鞋,老师你还是放弃吧,上海中学
216BEB4586B1B63E47C3B7A5BE335219,2,windows8如何取消休眠,呆白是什么意思,合肥师范学院官网,合肥建行卡在安徽滁州建行取钱需要费用
759FFADF0ED03234C31D7FC916DF18FD,1,谁是卧底词语,蛇蛇大作战手机版,亖,梳星
6620526D524085BF9FB35766CA41452D,2,北卡罗来纳州立大学,红妆余罪小说免费阅读,华为云端视频下载不下来,建筑业属于第几产业
A98540917317A10A321FD9363A73F010,3,同城约会,开半挂需要什么,fag钢球,女子高中生水泥埋尸案
711DF1897C9D7ED670EC1BD14EF81C04,1,蓝精灵毁童年歌词,胡彦斌,万州一周天气预报,古代睡觉怎么说
DB5ADAC101DD6AFA53251DD0DF30788D,2,爱丽小屋心愿物语真假,手上长痣代表什么,职业装怎么穿好看,建设银行周末上班吗
008E8498CA3D8B5C448BABD196930A41,2,张子毫,广东新兴发生地震,李莲英,向华强
048F04DB210E61B07D01952538F440A3,2,me下载安装,伤心城市歌词,卡宴2016款,页面访问已升级
E87A9BD269888238C0FCA20D64AEAFBB,2,松滋洈水镇,微微一笑很倾城插曲有哪些,荆州到武昌动车时刻表,三峡竹海生态风景区
67E69970BB4AB1810731D99871363B2E,3,回笼酒,家里养猫风水,在钱抽签,补天大造丸
8AF7816F5AE869355B86CFBA676C0D56,2,九江口之役,四川农业大学教务处,现在婚后才同房的多吗,眉山市东坡区永寿邮政所电话
F65D0A486ACE22969390316D780851FF,3,崔黄口东粮窝贴吧,药流十多天后还有血块,怀孕35天有褐色分泌物正常吗,药流后出血快没了还能喝益母草吗
518AA2B4D84E4210D1890BD5608902BA,1,主调音乐在线听,音乐教育,走马,"同向进行,斜向进行,反向进行典型题"
23ED5FAD7D7CC17F8C6B60144DB63DAB,1,军训第四天日记,龙须酥是哪里特产,安妮日记 电影 2009,高一必修一英语课文
66E8252193BF45733F9390BAD4F798F0,1,骑鸵鸟上班躲高峰,孙骁骁,杨洋微博告白郑爽,陈欣怡尿样阳性
DA2EFC66C38853B2D7CD1F5534BC7995,3,小商品批发市场,四川福利彩票网,小本生意做什么好,2015全国学车价格新规
27AB9858B12525BA0D76BDF18B260DEE,1,光绪库平一钱四分四厘,史记中的故事,柏润姿面膜多少钱一盒,中国历史故事
C6D8D005228B4FF59F19892028371D33,1,qq头像,记得你韩剧网,一起来看流星雨快乐大本营,一起来看流星雨综艺
4B22169CE5820C7A41DA1A94FDE62BAF,1,种田文肉肉多的一对一,金陵春百度云txt下载,谨归,aids是什么病的缩写
B68670587D5647EA1E69E57F5E578FC1,4,hpu阳性怀孕孩子能要吗,1976年属龙女哪年生宝宝好,雪姬俪人,体外设精意外怀孕质量
0287E9D9812A378C64293E4E232587C8,3,交诉状书等法院调解要等多久,人民法院几点上班,谁会盗微信号,伤不起
55BF3DBB311E71DED47C7F063B01DB7C,2,上火了吃什么降火最快,白色耳机线脏了怎么清理,口我是什么意思,装运和发运有什么不同吗
1231316923A82503CBF8FBA74286587B,2,陈晓赵丽颖为什么分手,兰州星光艺术馆门票,韩国面膜哪个牌子好,齐秦
D51D3388F32A643D04C7AED9E4F37CDB,2,真希望许晴像小爽道歉,花少2宁静挺小爽,陈晓微博骂赵丽颖,林志颖
6A19C576070B9C4BEAEC8890271B4F60,1,diy小黄人,青春背景图黑白,diy作品制作方法,宅基地
4D4CABB2B4B768602477766BF3A7B85F,2,婴儿能喝成人奶粉吗,成人豆奶婴儿能喝吗,ec715吉利帝豪,毒倾天下废材狂妃要逆天
E02DBAADD943946A8C3DF55D44383F0B,1,曲奇,内衣怎么穿才正确,金凤成祥西直门文慧桥北,怎么传真身份证复印件
304ABDB4BE2E1842CA190C41E172CE50,2,酵素膏和酵素粉有啥差别嘛,青汁,"再见,舒菲斯",广州适合跑步的地方
80610DF8C3A22BD255C82E456715DE65,4,电锅炉,经纬智能水表负数代码,西安水暖工培训学校,酒泉玉
B7AD2951F56682A96D4CB918EA2AC703,2,津威,我们没有自己想象,兆,马克思主义基本原理概论
944D1971F4762412903F7B44C3BC971F,2,中国g20利弊,欲成欢,农门娇女全文免费阅读,"张楚楚,周子希"
7D6EB3F3CDCB3EEF387DD62844EA5118,2,照身份证可以化眼线吗,白带呈黄绿色什么原因,maintaining,国药准字查询
3D1DFD55049535B73E1CA48D9EF0D0EA,1,华硕飞行堡垒fx50j拆解,launcherevo,gtx950m超频教程,gta5奥迪rs6r
A0822C35ECCB49810188259C462EA5F7,2,形容出力不讨好的成语,为什么电脑关机关不了,元前明后打水浒传人名,pp材质的水杯有毒吗
E6615645C5139C52BBBBAF6729DAF680,1,亚索猩红之月皮肤价格1001,乡村小神医,影驰550ti,伊川县修摩托车的地方
B719BD8B3ADC65E16A891C52B5DF0E79,3,试衣镜放家里什么位置比较好,排卵七天有姨妈感 白带变多,月经第30天查血hcg没怀孕 过几天怀孕,itp是什么病
9D57226789531FF59063AD833F9629D5,2,麻婆豆腐的家常做法,高中的教师资格证要考哪几门,南昌到株洲,微微一笑很倾城小说ko
6951089C325B0F6C372F6702239160C6,1,小短诗,来不及的告白,"春来花自清,秋至叶飘零",江西科技师范大学
13BA955C7FAC5071D41D6C00D7936DFA,3,能发痒的东西,动车,蟾酥,一屋老友记粤语一共有多少集
F62AADBB0F0AE7179EF194D60B5B5757,1,怎么知道卡里的余额,电脑基本知识,空间超霸气虐心说说,花开花落总有人懂
131CE21154D827EA86F4CEAAD3F27B18,2,巴扎黑,环境监测第三版,子罕言利与命与仁,如何找回微信黑名单上的人
B8A06A370E021EE72593936777F91CF3,3,有情人的女人,白带像水一样正常吗,女人怎么补肾最好,金鸡胶囊的功效与作用
74B36670AF502819AC120FC9500FD4C9,3,淡奶油可以做什么,飞机带充电宝新规定,大宋提刑官第二部,中秋月饼
DA8761AA341992A31C60DE088A77ECE7,2,错位欲情,穿越鹿鼎记韦小宝,穿越到肉的小说,穿越鹿鼎记后宫
F89495481D4B832B5F08178D9CB06D9A,1,华西睡眠科,givenchy漆光唇膏,w两个世界百度云12集资源,instruction
6B0CC7CC39DFC27EE3A3E98AA0B34D3C,2,脆弱语录,吃土,如今什么行业最赚钱,之前你不是一只猫
4F5BD6EE220354AF76886E489AA2E28A,1,帮你是情分不帮你是本分,宝剑八,配钥匙多少钱,oppo手机软件商店打不开
AE8ACE2105E4B49A0DC2D2EEF29363CB,1,厉害的英语,cf,熊猫tv大橙,海口电脑维修上门服务
BFDB9E40A129ECF614EF2E196F14A080,2,夫子庙大市场失火,大乐透,人民检察官,阴茎勃起
5D1ABF4704FC42354F92C1F518028906,1,善恶,如何运行regedit,自行车前轮中心线和孔,皮肤科是外科吗
C28FE27F70094F143237879C290FA1CF,4,中国国旗图片大全,伊能静为何喜欢黄维德,中秋短信,婚外情有真正的爱情吗
DF2812DF36D11BAE4D699CDDA5CD66B9,1,邪恶漫画之可知子绅士,日本什么电影好看黄点的,部落冲突下载,少女漫画之火影忍者
7C95E3EA5F77A7447119292CCAE8CB2C,1,新枣怎么洗,小花仙梅里美图片,明星最矮的是谁,五年级上册开学第一课
4C2EB685C52AA433C68841C01C204A7A,1,兰博基尼,公共自行车,镇江,微微一硬 以示尊重
A130F0697439DDF247D9A58D6F699171,1,姜潮,卢锡安带穿透好还是攻速好,陈赫,魔术师约翰逊
D207B99218AC62BCE4C956DA86A7A9DA,2,杜丽,克痤隐酮凝胶,人力资源助理三级证书的日期,菲诗小铺洗面奶
9988209D750BF20C684D29EAE453D32E,1,什么root软件最好用,恢复介质是什么,穿越火线手游v3多少钱,穿越火线手游潜龙之啸
975F6F51D667C7B89537635133557260,1,笔记本电脑什么牌子好,邪恶漫画欲望列车,let her go 用什么吉他,平板截屏
50066C7DB955AF8F0C62A538B2B9C122,2,微微一笑很倾城txt,为什么头发脆,赛尔贝尔耳机怎么样,众托帮靠谱吗
E255555339B4E2B0E64B869F144061A6,3,应昊茗和韩栋好像,去哪买美瞳啊,去哪买口红放心,狗狗吃了巧克力这么能睡觉
1547A002CC97F80F753F10C8D84AFAD9,1,晏,2016.8月买什么笔记本电脑好,我们的十年,米色裤子配什么颜色上衣
BE36B3A7D2C890EB820ABCCFB084BBD1,2,名字打分免费测试,南瓜地瓜粥的做法,查羊水混浊,双顶径95什么时候生
AE4591F76CC04AFEC427A21CAF33E93A,2,中药调理身体需要多久,毛豆,郁美净鲜奶乳液有荧光剂吗,湖南农业大学到长岭
821FA655F2DF18366587C72AC603C63C,2,复合概念用英语怎么说,个人简历表格下载,六年级上册数学书,五年级上册数学书
A1142D4834E6CFED78399EB49252023A,2,东盟博览会有有些啥,狼身后的狼,什么是led灯,钏怎么读
B8DF9DEA8B250C6C276BF4024FEA9AFE,1,恢复qq好友对方知道吗,美图秀秀,女汉子真爱公式,牙渍去除小妙方偏方
5F06027CD94327DD9D87140A89460A7C,4,爱情是什么颜色的如果忧郁是蓝色的,梁祝钢琴曲,老字潦草,以安全为主题的黑板报
F0E5957700649C2B410B1D6F320E17F9,1,被套尺寸,猴年女宝宝名字大全2016,杨钰莹唱爱的供养,手相图解大全女
C3F485E2D5A956C422A954944E89BEDB,2,胃管操作步骤,癫痫症状,天蝎座配狮子座,血压正常范围
E297B5054DFFE9C7DF1D06CB6E909C02,5,宁折不弯,掌上电脑 平板电脑,苍茫古木连穷巷,网银怎么用
6D111256FF8CF3E424968E8D64EAFCE9,2,手机放歌突然暂停了,刘诗诗去过综艺节目,angelababy,种假睫毛对眼睛有伤害吗
CBF24A978DBCFB6837806C71F1052B12,4,2016一年级语文新教材,怎么给脸排毒,如果没有遇见你晴空蓝兮,李煜生平简介
352FC1C7BB5441CB885C9BCF25B84C23,2,王宝强最新消息,2016新出品的cpu,hd4600核显,i5 6500
C10C6418CB2A82D057BE1F71929FDBA7,3,天天美食,宝宝香菇鸡肉粥的做法,洋葱炒肉,安卓版本信息
D2C603C79364E54076DE3BA343688736,1,死亡邮件,长虹启客电视价格,分组名称,风湿关节壮骨胶囊
EBA398825BAE54C36B4EDB9D83AE06E3,2,有痔疮可以办健康证吗,http://mis.fdzcxy.com,微微一笑很倾城txt,怎样把握中国特色社会主义理论体系的主要内
242B7E39E912556438FFCDBECE793C23,3,养胃粥,健康证领取取条丢了,雌激素检查什么,肝癌的早期症状和前兆
B529A387C0EF8EEAC5A985793EC83EBF,2,晨字取名含义,微微一笑很倾城txt,百变小咩之我喜欢的样子你都有,唐七
1B8DAABB9BCA8F01A3A2704A20A5792B,4,早点图片大全,超极本,加盟店排行榜,谁英文怎么写
D32B5F52214F3286FE7E2CC988C2ED8F,0,档案 先分类再,octavia 昵称,英文 中国石油天然气集团公司机关服务中心,中国石油天然气集团公司机关服务中心
9DA9B7B8E398AF056E8FA00E550BC536,1,卷发适合染什么颜色,做眼线后注意事项,割双眼皮痛么,画眉需要的工具有那些
396B3EF6742431B2F1E9FDC42DDA84B0,1,贝克汉姆手绘图片,陈伟霆发型,资源共享吧,跨界歌王
328743B43725E9D6977852E50091D28E,2,联想zukz2视频评测,ipadmini2和小米平板2,mt9750,乐视
00DD7E446C43BC7123BD6C6D6093D097,1,华北理工轻工学院宿舍,郑明明化妆品怎么样,基程管理人员培训心得,周口科技职业学院
D816A31684E3C67DDBEE64C58F23D075,3,西单电影院,北京玩的地方,郑州二环内房价,逃生挑战2攻略
9201FDD6F4ADDE53B1DF0C7A16A1838B,3,瞳孔缩小,carolyn murphy,tantan,altuzarra 17
9EBA20599CF260CC76B6CCD750435B55,2,根据元素在周期表中的位置 判断下列各组化?>宠后作死日常,百年孤寂苏打绿,泥石流中的一股清流,微微一笑很倾城优酷
D540BC676C3637CC20BD48A635118D63,2,汤池温泉,小米手机云文件删除恢复,悟空华晨宇,通水
7367B81A3FA8EF0E8454FE73648205BB,1,美康粉黛撕拉鼻膜,我的脚得了甲沟炎化脓,泉州中骏世界城阿迪达斯,雷姆本子
27DDEB260671941AFC4B2E6B2C13B35F,1,自然乐园夏威夷面膜,大连财经学院校历2016,极乐净土为什么这么火,剑网三长歌心法
5E88256454F067BF5C0E0954621FB7A7,1,达芙文阿达帕林凝胶怎么样,为什么我玩手游的时候手出汗,夜魔水晶韦鲁斯多少钱,秋天穿什么衣服
BD490F6AE4C8BDD45B7CF0A2292B4607,5,和硕公主为什么嫁给父子两个,南京到开封高铁时刻表,苏荣,保时捷718敞篷版
F61EB1845CA7A767020FF014F53857D0,2,宣威吕懿,大连市人民政府网,西游之鼠能改天,介绍一部3000左右的平板
242929B4EEB17BFA2D6B1BB2FF2BA08B,1,氧化铁氧化亚铁,氮化镁与盐酸反应,月亮代表我的心歌词,女子挖棺材救活丈夫
E8F5F1AA6E1E79F43BAF9E1C31DA22DE,2,hello女神名单,微微一笑很倾城28怎么看不了,安然纳米汗蒸有什么好处,16数独
18A56C84EC30C6D8598E768398C2194B,0,退烧贴成人可以用吗,少帅你老婆又跑了全文免费阅读,八岁帝女重生凤霸天下,http://192.168.1.1
9336117E6951110139C997D485273744,1,身边发生的的新闻500字作文,八年级上册人教版英语配套,八年级上册物理配套答案人教版,百度
04F6309FE829CB0760C1D6F59814F17D,1,美人一笑很倾城,家里太穷恨父母,多久堕胎,双流机场到石羊场客运站
FC0D5C651181DBBB3C5387FDF7CE171F,2,电流源与电压源等效,3月30日,量子卫星,达内
A5A7FE824D5FA2DB1DFB9CF204DA7FAE,1,一缕阳光是什么意思,关于镜子自己的说说,写在最初的流年是么意思,网上银行查询余额
F56D023463FE8D1CF19400740CA5BF3A,2,汉赋取名,龙腾小说,戴尔笔记本5555,阿拉善
8ED5FCBABE29439B5E559E341AB2F646,1,李姓的来源,狐妖小红娘 鬼畜,藏獒最恐怖的是鼻子哪怕一年以后也会突然出,12星座最好的男人
8CABB62A043993C5F81F6D128440ECBE,1,表情包梁朝伟,炉石传说如何升级快,冲向蓝天怀抱是什么歌,三星galaxytabasmt585c
4D4342F353B340C9923422A6FBDE2013,4,m20北汽,济宁到五莲的火车几点到五莲,z20,赛欧
BA04C9E17F647BC2F89A04F5B3FD532C,1,女子持40米长刀当街砍人,百度,齐家装修怎么样,吃放凉的虾好吗
C5A078344EAE177A44A716886C969D09,2,魔兽7.0神器知识,泰国好的烟,7.0生存猎人神器加点,达拉然有没有拍卖行
5203DD72E4DF3D43A41ED2207142DE77,1,天天酷跑流星狮爷搭配,全民k歌怎么玩效果好,中国人的平均身高,阴齿是真的吗
4E3EDC2EE1CEF5EBC932A4FDC6BDA53C,3,嘴上长痘痘,男士嘴上长痘为什么,菱智m3和宝骏730,ze;
D6B0D26683DC8C5B90FD97ED935E3C68,1,阴道检查疼,snh48成员多少人,鼻子附近长脓包,身上一直有白带怎么办
46B25466EF389C18064A714097869B10,2,今世缘酒价格表,今世缘酒价格表和图片,苏州烟草网上订货平台手机版,冬奥会几年举办一次
3C08987CE2AD0CD6010BB692D54EC20A,1,组装电脑,妆成每被秋娘妒翻译,徐乃麟,戚薇
68D92EFF5AF6B329124DB79E1C2C8ECE,2,西安翻译学院合作的快递公司,没关系是爱情啊歌曲,2017年时候商洛市丹凤县还能考振兴计划吗,2016年普通话二级成绩查询
4802E408D3E16DEFBE372B78C3D642F0,5,竹马又名蓝颜,辽宁附近大学城,平凡女人的春天,汉译英
214BA791BC9D3FC546C118D998646F95,4,北京南锣鼓巷,大连三八广场附近顺丰快递,从南锣鼓巷站站到唐府中式文化酒店南锣鼓巷,2016大连医科大学附属一院慢病办理
7576EE18DE72D6CE4B4761745BAC6DBB,1,喜欢语文但是喜欢物理,娓娓动听,物理增大增粗,fa王者必修课花木兰
B82BCBB6376FC3426B3338F34C11542F,1,破晓之爱,微微一笑很倾城阿爽1001微微一笑很倾城阿爽,揭阳的快递到吴江多久,记得儿子的战争资源
0AE0F5013CB85B996B20D6E0B2704804,2,人民检察官,royal latex能买到真货吗,毛泽东传特里尔,电脑吱吱叫开不了机
8784FBAFE1CF340C5340D96B25CDAB59,2,iphone6s尺寸,身份证丢失怎么坐飞机,12. ip 地址132.119.100.200 的子网掩码是2,13. tftp 采用的传输层知名端口号为______.
5B10226E301A38D09560647003794F02,4,flag是什么意思,respectively是什么意思,nevertheless,高三英语白马寺用成语概括
80FCF0D621AB9E290E168D394406BC0D,1,边伯贤易烊千玺,边伯贤王源,易烊千玺整容前后照片,分数变小数
F30E61021E1068179B1507FB825C5709,3,生男孩子吃什么食物,减性食物有哪些,同治皇帝简介,欧式风格装修图片
ABDBB516986D15E08F4760FE2EE9E47E,2,买完的车票没坐车 火车站2怎么处理这张票,齐秦中国好声音,贪吃蛇大作战怎么吃别人,社会实践的目的和意义
1BC7316C9D6020B7FB0B5034CD7625B2,4,我的战争宣传片 无底线,机油 科鲁兹http://wenku.baidu.com/view/f,骑白马的农民,长沙按摩医院哪里好
9262DB116DDE453AFA454EF4F9BFF7AE,2,女人喝豆浆的好处和坏处,宫颈重度糜烂能用药物治疗吗,"想做人流,怀孕天数怎么算",羊水过少的护理目标是什么
2240F2BD8265B394C0F38C7E43679D11,1,手机卡卡在卡槽里拿不出来,牛仔裤与钱包,百度,恢复出厂设置会密码按键手机
74616DBD081223B7F64A6465F523607B,3,国家电网网上营业厅,唱吧麦克风使用教程,2016款全新日产奇骏,note7什么时候上市
0A020E22716E902CC6F9F1FAAE88324F,1,龙王传说,马尔代夫玩几天合适,衣帽间门帘,2016上海经济适用女完整版
018B94276F0C983B744883B25745BFF8,4,智信金融,北京到美国飞机多长时间,射钉无壳弹,网络测速
93DDFC1D4932F1559286B03EC7F34C2B,3,林心如香港电影节,城寨英雄在线观看,腾讯微博,小宝与康熙acfun
4E9AFE21096DFBDD4BEB822471A07F7A,4,u盘,石英表不走了怎么办,支委会计划召开党课,qq浏览器书城收藏的小说找不到
FB890B6796DEE06649ABF0D78D393ED3,2,王美人,路由器上los闪红灯是什么意思,八卦图,许三多
2C1949D1BC23C3EFAE35C60828129B47,2,纳税申报更改申报人的去哪里改,社保的企业帐号和密码是什么,总经理月度绩效考核表,电子回单柜
E3790FB08658823D52746745D9BE4B16,4,忻州到繁峙的汽车时刻表,孕妇能做头疗吗,公务员体检复查结果,如何接待公务员政审人员
AEB350EEB0FC5C743B6F9FD09E142BF0,1,爱是王逗逗原创歌曲,平板刷机,spe32pa++防晒霜,人红是非多是什么意思
017E34348F46298192330E8C34DE0AE6,1,权力的游戏台词,中国好声音陈乐基光辉岁月,寒战2百度云,接尘
A9558222FFAF3E37E257F05B8A84F0F3,1,高中转学籍的流程,胭脂扣经典语录,撒拉哈加是什么意思,微微一笑很倾txt
8E8D3388953947F8678A7A0DCE31FC51,2,中国建设银行个人网上银行,百度,排卵试纸,人乳头瘤病毒治疗
F705028C6B8047A53B53DE47DBEF722E,2,北京时间,qq头像,2015小明发布首页,2015小明看看个人首页
6A6F481BEB8AD82F78525067FF765B55,1,美国圣地亚哥大学,王府井有国美,笔记本电脑什么牌子好,火车票没了还会放票吗
031B309BA3D0CA240E07567970106646,2,笔记本下载软件一般保存在c盘哪里,多少岁可以拔罐,成都皮肤医院哪家好,剑侠情缘三
8CADE9E8516AE3A0CCE487097FC6D255,3,中间的点,天津大学招聘行政人员的条件,中央三台蔬菜男孩,南开大学招聘辅导员的条件
31782D526601FA00D7C7F4BDCB271F66,2,可以用微信支付的购物软件,火影之日向新传txt,火影回忆什么时候结束,末世之吞噬崛起txt下载
7CA1A19EF4D6B3965FF864D2AC4E2AFA,4,雪梨是普通的梨吗,家庭经济困难情况范文,开学第一课手抄报,失踪30年的飞机重回
6DEECA5A6FD65D4DB9D336C5CCB9FD9E,2,房地产事业从什么时候开始盛行,房地产由谁提出,水:冰公考题,赵小伟
301BAD98334B6012B1BDA2EDC43D851C,0,酒店泳池遭抢座,宋喆马蓉出轨照片全套,残奥会运动员身亡,关晓彤卖萌吃西瓜
1152962057A12EC2D9F26C0C0C8A488C,2,2016年中国女性的平均身高,身高168,孙明浩苏州大学医学院,女汉子真爱公式
27C3943075EEE627FFA75107BD813739,4,同音词,上海市市长,唉组什么词,口加关读什么
28BF4D42B90FC0F5A95CA841783E6B5B,1,如果你不努力学习你就不会进步,女学生秋装搭配,大胃王密子君,graduate是什么意思
A94958B815ED9AA7A7178D5203CDA659,2,马克思靠谱观后感,一次性卷发怎么持久,成都外国语学院,范斯跟万斯
1C43894D9A3B0FBCAC1E25C918A4FAA2,3,西安凤城二路有华夏公司吗,徐霆雷,西万路口公交站牌,安卓市场
0F14F59E29C9600DD380DE8A0CE96BBA,4,不同品牌手机可以用一个手机套,芜湖镜湖公园寂寞女,安卓手机与笔记本电脑的区别,庐江有几个电影院
A7F9C8C423B5C51E4B6A7BFB597F82C5,4,高敏,经常想念人怎么办,hospital读音,游戏中心
D1DC0EE4D6D9B8DF00214738ED9C1547,3,唐氏综合症,"右肺部隐隐作痛,麻痹",杭州一家网吧盈利多少,天地无极乾坤借法
B786DAC5DFCB991C1265F8C87A8004A9,4,榆次有什么刚开发的旅游景点,梦见自己杀了人,油泼面,悍女
D6FA1A840B9E2572C16E88F935A14481,2,小心杺,我对她再也没有要求了这样真好,徐娇我们来了走秀,妆化得很差不想出门了怎么办
7045899540DDCD7F330B0B9AE736F75E,1,白粉,顺丁烯二酸可以用来做毒品的掺杂剂吗,开心果,纯植物精油中药玫瑰花泡浴作用是什么
652C71D386847722E02C0887D91FEF73,1,酵母发面没发好怎么办,血粘和血脂是一样的吗,属猴和属猪的婚姻如何,1971年农历阳历表
1EC925201C58A37D558317F348197A87,4,小威密友,意大利语和西班牙语接近吗,xahnaziler,下周一中国股市将崩盘
93A64A87313E4072ABDCD00AE56EFF6C,2,如何分享wifi密码,护士证变更注册需要的资料,今日说法,美芽美妆视频
8F67477CD623FD81669D9D802DB1F0E6,1,迪奥口红真假辨别,戍足叫函谷举句式,中国哪个大学叫庆大,生孩六月慈父见背
E32B6221B5859CB043FB1A997AC7FDD8,1,k8288座位,火车票15.16.17号是连号吗,防晒霜过敏症状,男打女sp训诫文
A02D589379AADFA01D5BC9DF36DEE9FE,3,罄竹难书 绪慈,伯洛兹自然科学图书奖,赛珍珠的大地,营口长途客运站电话
A4532610C0B83D169E3D05FFE587ADB3,2,林志颖素颜,迅播影院手机版,农村别墅,射雕英雄传
D4550A2976E2326152385A0CD9DE27BE,2,吉尼斯抽烟,清静经,和氏璧的故事,小叶紫檀
2F211D5E905693129C0C4FA6F9B1C1DA,0,肉苁蓉的功效与作用,暑假家长意见怎么写,鹅蛋的营养价值,一年级小记者
E65A69058365AC859F3335D1C64AD176,1,虎肉,珍惜动物有哪些,炫极战,斧头帮
22665CF6F3EC2E154712EF28BAD0C668,2,方言试听,40天婴儿鼻子总不通气100140天婴儿鼻子总不,李小龙和阿里比赛视频,济公传郭德纲电视剧
0D9C674627A4741B05B430F53A5B9B31,1,守望先锋自定义有经验吗,celebration,西美校园网改密码,极乐净土为什么这么火
3CBB6ED8733B612ABF9F15FBD9FED8CE,2,罗海琼,房管局,康熙大帝,李莲英
D8EEB63B77375ABC4FC36EF4D96FDF83,3,江苏响水中学怎么样,百度,2016大丰中考分数线,海门教育网
7D9E2B9750B13DE705225786B6341674,5,形容琵琶的声音,中秋趣事作文400字,什么的铁观音,流量中kb mb是什么意思
453CAB9FFFA8F11765C7C584E8973E68,2,在写字楼里面做餐饮,小王子讲的是什么故事,亳州有学插花的么,微微一笑很倾城里面的厨师
1738421FCD6F345B2CA0A3164C4C01AE,2,成年后还可以变宽肩膀吗,雷跟笔记本,阿克苏医院举报电话,头孢拉定胶囊
4AE04DA80BE530EE6985EF2443FFD954,1,赣州师范高等专科学校录取分数线,cool1评测视频,赣州市人民医院,乐max2手机评测
129FD08A93B78AFEA52D448E7A170651,1,在电脑上怎么制作表格,宝骏790车的价格,毓怎么读,荏苒怎么读
8FAEF32D7EBDFF6393C60925BBC5E498,1,奇迹暖暖有双莓缤纷可以制作什么,中秋节人团聚吗,雨季不再来书评,有趣的历史书
CA623DC9ACE7DC474F94D3987BF60D33,4,医院废水大肠杆菌,畜禽废水大肠杆菌,如何去面试机修工,引起大肠杆菌高的原因
9B81EAB2C2CB8F3D6F6B1D0542CC6571,1,乡村小神医,渭南市科目二考试视频,三阶魔方,飞机阻力产生的原因
E65C61A933FC347EF0B68872004FFB33,1,淋病的早期症状图片,文化演变,宫颈炎吃什么药,百度
C8339A546BACBF687FCC9522C35E1563,1,火车票预订,因为早退检讨书,简单好看的发型扎法步骤,从金家墩客运站到武汉职业技术学院
A05782D30830A30788D31B748E19D642,1,雷神和戴尔,不系鞋带的系法图解,note5翘屏,百米国家二级运动员
685BD6C8C5CC1A65D993F3BF211849F9,1,宇宙少女程潇,vanwalk是什么牌子,薛之谦年代秀,我的鬼神大人第一集女主用的眼睛
EFF1F16D1406A5EFDC54822E2420FAB0,3,高密创建环境文明城市,苹果手机用什么阅读器,鞋带的系法图解,不可抗拒之男仆秘密阅读
29608636894D325C0DFE71112A9C4268,1,华硕,绿豆西米露的做法,武鸣到桂平携程,华硕x550ze7600
E2FA73CF8860A2A24A983B83E3C3BD4C,2,新买的电脑,支付宝扫月亮是什么,网卡转换器驱动,电脑重置之后蓝屏了
C4D74377F55A570B3B5631D25DC7919F,1,达尔优机械键盘,高潮,云南面积多少平方公里,英雄联盟2015世界总决赛
40EBD540FAF522ED8D374AC47F60103D,2,昆明后控商贸有限公司,广州惠州天气怎么样,昆明正泰电器,黑色上衣配啥颜色裤子
54D324831DE86414823367CCE649BB0A,2,问渠哪得清如许 为有源头活水来,领结婚证的地方叫什么,顺德,开机密码怎么设置
01CC037CA10F43416FF38C52A97A287D,2,杜仲茶,机油尺最佳位置,方原最后跟陆晴在一起了,柿本彩菜
ED49CA5756DEF8CA5CDA107BF61F34FF,3,梦见我妈打我,起亚汽车报价,糖尿病症状表现,天籁汽车报价及图片
C00D35634279B9D41D22A13F2BD4A99F,3,2016河北省普通话考试成绩查询,蚊子喜欢咬什么人,老舍是哪个民族,外财不发命穷人
6F936A3A791D5814FC16236CFAED0EA3,2,琵琶美酒夜光杯的全文,echo回声,龙王传说,国行和美版有什么区别
4DF94BF4EAE7075656341A1F132ED833,2,电动车改装提速培训,桃花运,三星笔记本最新款2016超薄,惠普笔记本i5多少钱
C407157995E75A73E22ED11DE9CC6580,1,热风弯刀游学者声望,龙王传说,关于螳螂妖箱子,突击测试高级符文绘制
E85ADEC2A76BC0DC97ABE69869733D74,3,安井千惠和费玉清,五羊湿巾模仿,补锌,轩轩
31B3ED9D48C57AE030FB8BE8AF1785A4,1,2 4 8 16什么意思,防伪码查询,网上买电脑哪家商城好,哥特女仆奥利安娜多少钱
BFF4A8A923876142A096A8BEF6643ED0,1,青过于蓝,北京教育机构招聘,http://yunpan.cn北/ch5xa4ssgku9g,北京教育机构招聘信息
2066B7BA313532484EE976E54AC181AD,1,我的世界1.8电脑正版登录器,描写穷的词语,滋的意思,酷跑的七天回归礼包
300E9A6F989E42672AD37DC4DF20A491,1,百雀羚可以收缩毛孔吗,狐狸犬多少钱一只,是个笑话,奥运访港发布会
FAD7FC41DE4C05C293EA59AEB691DF0A,2,二手奔腾x80,哈佛h9,影音先锋网站,宝骏310报价及图片
9019E9BA94A0B390732532531F281129,1,里约奥运会中国预计金牌数,你他娘的就是老子的master吗,赤城传说x,关灯后
707D50D50CB38F69A8752249A5BD10DA,4,万峰老师,殷万林,云南义拓,天麻的功效与作用及食用方法
790E0AE54284B2A0A8F14725349B733C,1,深圳名治哪里可以摆摊,粢饭团做法,千图网,深圳龙华摆摊的地方
0A700A33E31F8A92B0F092AE51704084,1,仙剑奇侠传5前传妖兽之胆给谁吃好,王者荣耀冒险模式满星,话费可以充值支付宝吗,q币充值中心
0689B9A6AA036E62B196B9149E756377,1,吉林省长春市初一上册唐诗五首,送杜少府之任蜀州,音标写法,za磨砂膏泥膜
B421E934EEB734758315AEFA2E03F1D9,2,青岛正方教务管理系统,星苹果乐园吴亚馨,结转主营业务成本,幸福末世
0D46BA21423122AF7136D91335E9747C,3,股市,广东新兴发生地震,移动流量查询,任意依恋歌曲
08874C2DA9CB8B0DDF4F107030F45598,2,孕妇能不能检查出肝母细胞瘤,车很重要,如何生一个健康聪明的宝宝,轻松筹怎么发起
490F777C17C619363BF12B69C29FE460,2,三星note5隐藏应用,宝宝脚指甲根部发白,224日元,cp是什么意思
79C974ADB97AC001189CD7018A476848,2,泰安天气,桥图片唯美,吉他自学好学吗,每天傍晚发烧
0D9C065FAE05FDCE8B28F29798088AEA,2,兰博基尼,文档怎么换行,东风日产 晨风,中国移动
9206D3EC0F00BA91F326EB329FE80BE0,1,青岛海洋大学,蛋糕图片,你会不会看到有一个我是什么歌,羽绒服图片
CFD95C804515159CFC07140F7AD6E86A,3,租牌照协议,梅毒图片,阴天演唱会,汽车证明
6E10C282CEBC5D895BAC55F57A3AD347,3,日照绿价格,夏红兵,丁庄金融,济南东火车站电话
C93A3A08FD2A484E5C2ABF28FDD435F8,3,可在古文中的意思,超纤皮,绍兴好玩的地方排行榜,笑瞢
9C45C1BDD6C0C7555848B004DF243D2C,1,人在囧途演员表,李天一律师,王者与青铜的区别,中国移动
BAF5A51DA7A74EEA146D259E2930B592,1,运城到湖北武汉的,定向流量怎么用,山西职工医院,极光蝴蝶刀官网
A7029570CC11D0A7B0F048A46CDE61B3,4,魔方教程视频一看就懂,克后面的单位是什么,泡玫瑰花喝有什么好处,重生军营军少别乱来
F24064842F38E8CB0E407D6EE1508BBF,1,一叶子面膜怎么样,有爱的词语,首席老公霸道宠宝贝继续,特色菜谱大全
315F69127EADCF1A86E0632DA8858D5E,1,阿迪达斯官方总店,黄家驹到底有没有死,交易平台,开讲啦科比
BB0C5970BBFD7D6E573B0ADBDFDA8011,1,3g和4g的区别,http：／／gaokao.haedu.gov.cn,选号平台网站,广州番禺
5F1A873B3EB7D7593F716780F5ED7FFA,4,哈尔滨关东巷,六年级班主任工作计划,两位数加两位数的加减运算,彩虹织机教程视频中文
7D6B22FD8E9FDF5305A0A7129B5F5363,1,韩国护肤品排行榜,百度,热水器热水进水,本溪绿石谷自驾游攻略
12A5DCF43766EECB9233667005C4194E,4,牙周病,周韵,马蓉床照图片,600734股吧
93412C9579D133EE060595B93A325B47,2,微微一笑很倾城txt,冥想的好处与危险,耳机l和r是什么意思,三星rv415重装系统
672C18422F7133F305C1B82CB1DC5536,2,床上有张脸,瘿瘤,扣扣透明头像怎么弄,肿节风
6377CAB83FE0FB124A67D888DBA6D835,1,名副其实的意思是什么,桃子怎么切好看,保卫萝卜,哆啦a梦生日特别篇2016
247C2A6EBECEB9948CC77A3E45758A5B,1,临朐付家李召,河套王,脑震荡怎么办,石家庄到西安多少公里
D81B26EA2413C2DFD2309D5AB853CEB6,1,顾字开头的成语,暗语表白,优学派u22,打字兼职软件
F6F7A862080B56532A76790466355AB4,2,女主角是唐宁的小说,唐宁的小说,乐视,拼团待抽奖是什么意思
09B3750F78B060FB0362926DBCBA7ADF,3,蛋炒饭怎么做好吃,吸奶器手动好还是电动好,瑶海工业园亲子家园,凉拌空心菜
34C64597E4F297A960339CC1CD5ECAA7,6,玻尿酸保湿精华乳200,联通国际漫游怎么开通,扬州特产有哪些,中国式关系电视剧播放
5CB65131B0040D225756C7CDF69E7B6E,2,c语言,安阳师范学院可以转专业吗,笔记本电脑什么牌子好,软件工程数java技术
0A3090D54C6F666119339B08A777A3D1,3,大米有长有短吗,调理内分泌需吃无限极哪些产品,大米时间长了还能吃吗,2016短发最新发型女
F254C8A10044677A64B83F4F32C4C6A2,2,万丈光芒 一首歌的歌词 一个组合 三个男的,4,万丈光芒 一首歌的歌词 一个组合 三个男的,天才在左疯子在右
8AEACE912242028723E1B53AE714270E,2,为什么分龄护肤,家啦巴巴什么歌,柿子和酸奶能一起吃吗,罗平油菜花海
94E6A43ADF213CF079B3115D58431314,3,手指伤口感染了怎么办,输入法 大多了一个人的名字,欧美圈,潘玮柏 蔡卓妍
215CEF1AE11455438863B2FDEE962A3C,2,光圈和遮光器一样么,自然流产有什么症状,hcg值多少是怀孕,单细胞生物有哪些
7E56EFEE3C1014C7594348662D00A99E,1,qq头像,王者荣耀赛季什么时候结束,5000毫安手机,800字作文
62C8C4B207CDDBFB43793FEEE3EE9A8C,1,闲鱼,htc,美国gdp2016,百度
E8A005C1FDC5DF4EA4AC02C4A7ED6D1D,4,把别人的照片换成自己的软件,斯利安叶酸片,中通快递单号查询,薛城一对一哪里好
1E8075F1761687021E72317339BD2BC4,2,郑州西是郑州站西广场吗,联安现代城,正气是什么,氧化铁可以作为保健品添加剂吗
E4EFE01780C5BE8DD1550B9103C0B985,2,南昌大学梅林,什么包菜对胃有好处,thorvpn,国家标准罐装煤气
108354D2D122E51BF0EDEF75D32E94A6,4,木字旁加个辛是什么字,女孩带雯好听吗,韩国测男女试纸怎么用,网上名字测试打分靠谱吗
ADD16BAD1A7A3B19BB085EE3FB5E33D1,1,王者荣耀那个英雄最厉害,恋爱暴君ova2,西望遥安,笔记本电脑什么牌子好
FBC73E1FF036BEFCA126F43A277CAD3B,2,明星减肥成功案例,天涯四美是谁,林志颖,宋松
8A455473348FC5028316400DF95F5543,1,金果阅读答案,孙中山,sarea中文意思,优秀作文有哲理的语段100
4BC8AC87C6B719CCA9BEE42D2EDDA9C0,4,石家庄鹿泉鸟语花香,异地同行取款手续费,封晓黎高级工程师,敬业集团
1D2F6529993166E9B077366DDF3C4645,1,芍药爽朗,鸡蛋放在糖水里,缚爱 弦弄,若想抓住那轮圆月
3C2D5B14EFD34F3BDCE1AB4D73B4AF8B,1,烤箱预热怎么弄,郭敬明,什么宽带便宜,五年一贯制
F034B6AE59A62DDA11CE20D103B8FE03,2,勇敢一点尤克里里吉他谱,女生经常去健身好吗,陆波 广东广州,怎么找到一个人的位置
D00CDD415817165C17E3EA29CD9D8255,1,张译,vivoy37手机多少钱,欲成欢,广东第二师范学院
6C0373ED3C9FFE2A2C8B0356626FFC60,2,霍建华张馨予,极地银狐,书包网,万合天宜
2BDFE560989D488EE39ADA5E4FEC6042,1,谷崎润一郎,lolhental,西部动漫2016,西部动漫文化
5547DFF324E505E576AF263984D82D41,2,"幼儿园教案,有礼貌的好孩子",朋友树制作图片,归离,电脑如何连接隐藏的wifi
440AAB6BA92FB33B4C6198BC12335F30,5,中老年人称呼,怎样删除一页word文档1002怎样删除一页word,金银花花语,除了马桶塞还能怎样
87E5D128D07563BF77A1954C668BA25D,3,霸王别姬,格萨尔王,杨贵妃,赫尔巴特
5FD97D3C92D34BE2433713ABE3C69D56,1,啦啦,今日说法,梦回初二,百度
1FDC8BF4C6D6DEC1FB4AFBC6F2F1406D,2,cf玩着玩着卡回桌面,cf论坛,网络连接设置,霸王别姬
2775C59EC028C5AD89B127FC76A64769,1,"薇薇没和奈何参加比赛的时候,薇薇想奈何的?fire",盛饭的英文翻译,首席老公霸道宠宝贝继续,小偷的英文
1BBBC86F0E3355C56379F62508C5B707,2,5级高阶战士lol,大李 老李和小李 朱玉,蜜雪儿,金岳霖
D685A0A96117E58EA37143F04AF9A281,3,厦门旅游攻略,中国手机银行,蛋糕图片,怎么重新设置路由器
3702DEF3A7311BF2584561F99B88F763,1,常靖昆刘思思照片,水边的阿狄丽娜,江祖平,中尉是什么级别
F8E39EF8CC4DB1849C70E123E57F44C6,1,也许英文,世界地图高清版大图,不仅要有服务他人的意识 还要学会宽容英文,胶肽美适合年龄
FF71476CB50001BE7A6F11B17676006B,1,小金鱼会长大吗,一起作业,针织棉好吗,孩子缺钙的症状有哪些
22B3E116DA8AA243F368F24A2B7A2393,1,励志的竞选宣言一句话,2016福建江夏学院投档线,如何把gif放到ppt里面,如何把gif放到ppt里面苹果电脑
CAD3FF28C24E84E1F1EC96B9DF42736D,1,超级qq官网,高考通知书物流查不到,太原怎么到太原理工大学现代科技学院,黑树叶烟
F1ECE3E24A657577A6CBF9E97EA57711,1,披头士经典歌曲,完美告白爱的证据完整视频,骚粉色,为成长添一抹亮色作文500字
81F179E938EE86787D2FE7A6879D3CE1,2,黑曜石本命佛,百香果的功效和禁忌,微信福利视频群2016,短发
CD267AE87D38C0C5F0F2A6F4A7FB9124,1,固态氧颜色,出事故的英语,考虑 英文,子夜歌
A282A613AB1F640B848A6FED15B443AB,1,z232次列车会晚点么,韩束面膜怎么样,爱马仕诞生时间,tusk是什么意思
0ED04849A32E20037D09043280F0DFFE,2,flag是什么意思,微微一笑很倾城插曲有哪些,"歌词里有remember,",vivox7用电快不快
3666EFC34B06AB4062F0E38807CB434B,1,的消声,王珞丹,张檬王语嫣,富坚义博
C8C15C6DED995A6B0B74708E7F7F1374,2,义乌810路公交车路线,盛辉物流不卸货,金华东站到义乌汽车时刻表,造作
BA789841D54904E0DC99B57417FE35FA,2,考研没动力,荣耀7和荣耀7i哪个好,北京邮电,祖父母的房子英文翻译
7D5BBC7DFF54E0BF2DAAD428689CF8CF,1,百度,华组词,电玩e皮肤是限定么,不要钱的看片软件
8D778251BEB091559EEE7509CDDF7D80,3,相宜本草被曝光了,哪个快递好,雪花秀怎么样,平板
87D534B1C0BAEF64BA9930E96482F0F1,1,张玮,河流之王,鲍天琦,顾成栋
FBAC69F5B1280D6DF5F3E58018E99500,4,小犰狳,赵州桥图片,松树图片,连绵词
75A81546CFDD045B39B8234EE21F1B5D,3,萝卜种植,马桶盖里的弹簧,小蟹,香菜的种植方法和时间
04D3A207FB1AD6805213D935313642EA,4,资生堂哪个系列最美白,肉体的恶魔,爆炸签字体,人生图片
52B4C15B0527B22926C56EC57A5372AC,2,女孩子身高长到什么时候,千图网,口腔科胸牌,阴道口
F166A142F479EB5CCA6F37E3217F77AE,1,社会主义,举重,杨琴演奏视频,三条扛的白鞋
E4FD5540374C58FD2B02C6D678D990FC,1,免费小说,肛裂能用红霉素软膏吗,毛孔粗大有黑头怎么办,3d眼镜怎么用手机
F550FE8D9F754671FEB31AFD33FFB489,2,联想小新700电竞版15.6寸游戏笔记本电脑,16年里番链接怎么看,华为4c,宏碁官网
3CECDDD6F8DB3F04C1E806794F5A26F4,1,哈利波特被诅咒的孩子中文版,哈哈哈一个成语,长脸剪短发好看吗,鞋带的系法图解
B19C11493C28D20C764D36FC5F225AD7,2,结核性胸膜炎治好后会复发吗,大乐透,名爵锐行,李若嘉
DB12F41ABE84F11DA1E03D5720E4E814,2,通化的特色,皇后翻身记,强调教,爬书网
AD0511875E04F26691CF25346EC98935,1,逃出亚马逊,吕雉被项羽干,15*******09电话号码,高中语文
F0AF8FBE20737A19A75B5D51EC6C74EC,1,东北三省是那三省,激励人心的句子,皮肤病毒血丸,等待一个人的qq昵称
9EB8C32AA2149F1CC3A65BA7122101EF,5,临澧一中2016高考喜报,周公解梦之做鱼锅破,邓超谈王宝强,文烈宏黑恶势力
4BFED782AAC6DB10A4959DD24C65443B,4,导引术,黑胡麻,罗盘阳宅使用方法图解,白马阴茎
471E94059E7D722C0D00EE76D6F9E017,1,天宫二号发射升空,我们来了第二季,baidu,王伯昭
7DD4D51CACCDC42A99BA8D0D2FE39F4D,3,百雀羚面膜后面的c/5是什么意思,御泥坊小迷糊面膜好吗,德邦物流股份有限公司,婴儿面膜真假分辨图
9BF2C6DF8CB10CC62170F7CC3AF440E5,1,罗斯柴尔德家族总资产,余罪第二季,真是拳击,向华强
32F0C0405C710AE5FF4CCB82D2563EE1,2,鼻中隔偏曲的危害,剖腹产多久肚子可以收回去,剖腹产后肚子胀鼓鼓的,"哺乳期乳房有硬块,碰到会痛"
C435A0991FEB4BF1F663F95AD4A4DBE0,4,千里行istep,比我漂亮的没我聪明,豆荚宝宝卡通,甲肝传播途径
904984E1FFDCC72448C13481F23E0633,2,静安面包房,银耳红枣汤煮多久最好,湘潭大学研究生怎么样啊,微微一笑很倾城里莫扎他和厨师
2384212693790596959BA81F17866575,1,海贼王女帝本子下载,闪电侠,angelababy,纪念碑谷攻略
0F632C3E878C093000C474FB7A001817,1,冬装搭配图片女,小宋佳的近照,知道又何妨,真正的感情是建立在精神的支柱和物质生活上
0815D8C0F0401927FAEF8BE42453891B,1,林允儿小幸运视频,鄂析,警花预警犬里面的o大饼,作文读书的感想400
921338D63A3DD02A9F8890E986AA0E15,2,"两个人吵架中间一个理字,打一成语",什么歌词里面说干我,割双眼皮,一个心里患字成语
A670D3F08833B346BE796DAB6D1B8AA5,1,让我茫茫人海里感到安定,偶像剧吻戏,杨洋的女朋友,月饼有什么馅
89B762DF4F4D7C4AF952167619715ED2,3,开关 pvc胶,乐视,乐视 反带耳机,饭团小宁
0A1E6257BABB1952A5B053AC698A0918,2,富丽堂皇的意思,矫枉过正是什么意思,陕西旅游出版社五年级英语上册教学计划,衡阳公交157路线查询
2A059B6D27056478B32540D19FBA62D3,1,盐城新修的一条到北闸的路,赞美喷泉的句子,上冈银行几点开门,金钥匙
DC38BE1AE518578533C51300118655C2,2,蛋糕卷发型,雪莉,剑三天空之城在哪,百度
1AF4627FEBD35D862BA92DA9141B2DBC,2,土豆怎么切块,裂1001无标题,脚心长痣,杭文治
D690BC4308D91D05AE98E80B5F6BC7F9,3,别克车油耗怎么样,猴年宝宝几月出生好,湖南省新宁县丰田乡天心小学,新宁县乡村教师
F93C0C5A2AB2FF942C6FDCFFFD00A99C,1,loveecho中翻组 单曲,脓包型痘痘,loveecho,新春型歌姬亚瑟 防御提升多少
1C17166F140A0324EC4A926D513566DB,4,贴针灸,昨晚为什么那么赌车,百家讲坛资治通鉴第一部,光棍
AC8662F96558EFD7FA94D5DD9CE7A623,1,山村老尸,被太阳晒伤,密室纪念碑谷2攻略,僵小鱼动画片全集
96DA84639E72CB00D2BEC84B7EB8EECF,2,测亩仪,平安福终身寿险是骗局,有没有测车速的软件,英子造型
82AD8DFEC9B319741E8857C209C79CF2,1,原浆稠酒,薇薇一笑很倾城11到12的百度云资源,青少年抑郁症测试题,乔任梁为什么吻徐璐
A709FF0D32F08B8817A1A0440D15FE1A,1,烦人的橙子视频,土拨鼠鬼畜视频,死神同人小说完结,宇智波鼬抱着弟弟
8FE6D05E6E9F0BAF744290C0D5ECC0CC,1,长沙中南林业科技大学地址,斗鱼,男生要怎么瘦脸,在长沙市雨花区的大学
63BD4A184AEF1F91D30288FDBDCFF112,1,北京时间,费用的英语单词,牛顿环实验数据处理,怎样获得成功英语作文
6A0686A92D0ADE0DA8D2043C6DA83505,1,资源共享吧,资源在哪里,干性发质适合用哪种洗发水,防晒霜过期了还能用吗
FDD0C4E185FA051E473F16828A04A623,2,体彩大乐透开奖结果1004体彩大乐透开奖结果,124路公交车路线,交通违章,亖
2C2A7DCBE89B3E068C8A0146F817A27B,4,韩国老板雇用黑工会有什么惩罚,我的世界最近版本黑屏,宫颈癌lla期直径3cm,大韩航班ke879到达北京时间
F0AB6901DDD91A2B0EB4D54BAB83B55F,2,充话费代理35元冲100元,摩托车链条润滑油,柳州话山歌对唱,加人神器免费下载
B8FBFBEB0B96713F2973ACD27C14A186,2,老公踢死我腹中胎儿,周岩毁容后最新照片,见面礼万里挑一少吗,吃流产药三天 可以喝冰水吗
7206E83734EE64B69A24B60B98016A3B,2,刘y.,拉杆箱布的好还是塑料的好,心经络图,陈柏宇女友
C54CFEA74E3DBA69F115C461823A0C92,1,怀孕期间吃什么干果好,针锋的近义词和反义词,蔽组词,怀孕5个月男孩肚子图
66E86E81D22A1F19EB8EC767E7361658,1,与其货车飙车 中其的意思,百度,联想y700-15isk兼容的m.2固态型号,小酒窝
F392A13A9C5F72590965C37AB40D126A,2,植物医生喷雾怎么样,小妾比天大郑恬,死亡邮件,统计学
1B452CD9EE0B6AD85FD8D6B3B874BB35,1,留恋一个地方心情短语,下划线怎么打,strategically,facebook意思
348B8154C2816EFD5F825C465DEA95A9,2,邮政异地转账手续费怎么算,股市与汇率的关系,资生堂美容露成分,什么杯子牌子好
0701ABEE3B86856832824D00CAD5446B,1,性启蒙课,广州中医药大学分数线,天津中医药大学宿舍知乎,驾照在哪里考都一样吗
022C0D77F6605E4B753614E522B49C0F,1,兰博基尼,摩托车电瓶在哪,那么好,故宫灵异事件
3D31AADF32D7F2849C81BC7DF4BF684C,1,三氯蔗糖糖尿病人能吃吗,磨豆腐,亚瑟士实体店地址列表,自我介绍 我是一个 的人
697754777F72AFC4F8D24B61494B99FF,2,喜帖街,多胞胎b超图,独步天下,吉安到兴国的汽车
D9EE8E2DA63510AFE65599219DBF3A06,1,月球,学技术,翡翠和玉的区别,鬼火改装图片
D4A067FB7F9E8894EB76A8B88B7BCAB4,2,腾冲天美时招聘,肉毒杆菌是什么,优净恩,腾冲时光ktv
37C672D74A682BC9A15B0AB381AD8C7F,1,苹果 pro,兰州和政路快递电话,任意依恋15集,杭州热线电话
6EFFA68A9F4D51F02D65F013D5D2FE4C,2,全国计算机一级考试时间,华硕,华硕vm510i5用什么型号的系统,汉译英
AAA2D4324B1EE0CF6AC4696CABC60369,1,南方姑娘歌词,电信查询话费打什么号码,不造啊什么意思,fifa16手机版中文ios
82279EF1FC5CF43EE830A3F5951DB1E5,2,岛国动作片在线视频,沈阳建筑大学,"豪门顶级宠婚:夜帝,轻点爱",军婚诱宠
9400744FC12953C67E816073465B7A7D,2,宣统元宝数量多吗,生化之我是丧尸,057456562396,维信理财
CDF1ED19CB28588742E0C850487E2E9E,1,伊卡萌美瞳好不好,比度克,8809478060002,我们就在这里 梦却了无踪影
0B84D9770527D123449691BA1DDBDF19,2,冰糖容易发胖吗,使命召唤11配置要求,葡萄干是凉性还是热性,步步高x7
81CDA170EE72909051C9FF585CF580F2,2,154医院,台湾总统,国民生产总值,女排训练基地
A222A612B6BE023920C587FCFCF26F6F,1,南京南京电影完整版,沈阳建筑大学,影视剧中陶渊明,蒙自
4AE8F71094C16232B37C825FA55C8C41,1,至尊灵皇,保安小说,校园邪神传,宽带电视机顶盒如何设置连接
1FD7326B5A25F8AD347359E1F52F813D,2,如何办理护照,板娘普通disco,苹果电脑安装显卡驱动黑屏,泸州老窖价格表
5235699A3D156F1D9EAFB8CA56312120,2,卑鄙上位黄晓明,教育网,痛经的人能游泳吗,日语能力考试照片上传不了
F4CB9A34731C535D87B770C4104F438E,3,苏州湾,童年歌曲,玖月传奇,华硕
84CB8C510A2CDA8506A6D18B326E86E9,2,小米平板有什么缺陷,平板小米windows10实际内存是多少,汽车机油可以加摩托车吗,发烧了怎么办如何退烧
FFC66A3E10AB0702BCAB23B0864985C2,3,孕妇能吃焖子,95539,子宫内膜薄怎么调理,怀孕初期有褐色分泌物
77B3F68F0510860B6208A268C00E902E,1,晟邦物流阜宁,steam市场,碧瑶,超能智齿
AFD326EB75D03BA8A18B730437E7D7DC,2,物理化学第五版上册答案 天津大学,思维导图,银川到成都可以从哪转,北方民族大学的学校代码
ECD90E1B0F91A77E4E246C614199CA23,3,腹部抽脂,吸收太好饿的快不排,腹腔镜切口有多大,做完抽脂减肥体重涨了几斤
2EFF3715F181CFF7A009E7F8F89DE783,1,杭州g20峰会,手机写小说,汕头市区是哪个区,而我不知道陈伟霆是谁
3CC93D95E8190B0112FDC2FA7F71FDE3,2,红豆薏米粉过了三个月还能吃吗,腰椎错位怎么治疗,腰伤复发两边都疼 是怎么回事,大学生创业基础网络课答案
145B41BD2C70AAC8C8C09725DBA4BAF0,1,降临诸天世界,炎黄龙记,无限自由者,有日出东方唯我不败字的图片
A1069A4D5672D6CCD9E0E3E9A9F3917C,1,武器大师少林武僧,nba2kol55级有什么奖励,校服裤太宽改难吗,benz 300td
30995AFAA4CCB02EA8D873E50A09DF7E,1,净身高liangyif,dota2 imba,360奇酷n4s屏多大,卡农摇滚电小提琴
7701B3D96B59C00A0FE91FDA27FD4462,2,一只可爱小白兔的故事,广阜屯联想电脑专卖店,水墨画,fehling试剂
29462B4AF78E79AB13138A21C6875738,4,梧州到桂林汽车时刻表,龙王传说,有一个抓鬼的帝小说,三顺有限公司
2D843A63048FDB6FCC7ECC695EEC309A,4,手机微信表情含义图解,dvd刻录mp4,深圳海上世界品秀ktv,厮杀列车
A46F7154683003626065A462E0905D5B,3,古代腰斩,男枪,coverage,lol波比
111A5DAD058C7D3989CDA78CD7B2BE45,2,肾功能衰竭早期症状,脓细胞与宫颈糜烂的关系,吃中药可以吃芒果吗,中医治盆腔炎
1A74E8240668164A3BEF83C53BA8454F,2,包装的目的,比心的手势,"电脑换了主板,电池检测不了为什么",笔记本电脑为什么要开机两次才行
203905152877B159214594EFB7E29383,3,俊男坊,恋上一只猫,后宫好乱完结,有种后宫叫德妃
586924CAC661C333E94AD9CD576BDCFA,1,石家庄居住证如何办理,生日快乐的开头歌曲是什么,居住证需要迁户口吗,新闻联播
62AB7F7A7E7A04E8DC28797BFF7AA5D3,1,闺密面包代理价格表,陈翔六点半第二季,手机管家有抢红包闹铃,广州地铁线路图
9D727499CD29E83D12A756B59F1143AA,4,斗鱼神剪辑福利电影,梦幻诛仙寻宝网,乐视,斗鱼
1EE8FF6EC0B04CDA2A8DFE236FDF0D11,1,七匣子下载,带着系统穿越到各种奥特曼的小说 小说,日本手机h游戏,钢铁三国志
65692063F2EF02F83B322D4B6AAE54B7,4,不明原因牙龈出血,生脉饮,京东哪家星月菩提好,做酸奶用什么牛奶好
B464C3B67B4C901FA039985BFD34ABFB,0,逐臭之夫结局含义十宗罪,七律 忆重庆谈判 毛泽东,含有枝汁的诗句,归国谣 毛泽东
549060E658DE7019314CC0AA00626862,2,旺旺杯,适合英语初学者看的电影,魅族3,龙王传说
0B31208CF6B759AED6ABC072F1963623,2,泵怎么读,彼丽,哪款面膜好用排行榜,胡彦斌
8EA4B1150E2D597A8F232009B730FB6E,1,一床情书,夏天连衣裙新款,锦绣缘华丽冒险,三级网络地址在线看
D04BC481B330B36144397884544FF339,1,3ce口红多少钱一支,关于秋天的作文,3ce什么最便宜,语爱是什么意思
60845A98AF29B2FDF188341FF7B2F4E5,2,皮肤类型测试,蕉城区进城务工子女就学抽签,99宿舍,拜阿司匹林
DE980C3691245F1FC50F815AF6EC0680,1,圆通快递单号查询 小说,vba符号,沈岸什么时候知道和他聊天的是初夏,快递太慢可以退款吗
D2590D1BE243E030101A89A5DE2891E7,1,开学第一课2014的嘉宾,里约奥运会结束时间,2016薛之谦演唱会,困难像弹簧你强他就弱你弱他就强
81EF0B6D569A21E8424CEFCA9531B225,1,手机淘宝电脑版登录,可以一次性去牙结石和拔牙根吗,"1.17互助,简单10秒任务 http://blog.sina.c",拔牙根需要打麻醉吗
A76F29680D78D298B207E46A20B8F440,1,炒饼丝热量,大番泻叶茶经期,帝都是成都吗,插排被没收检讨
FF09EDCD84C1E7525EA4E06B0D46E4A4,2,上大学户口迁到学校,编程语言软件,懒财宝,户口迁到外地需要什么
ACF513DD26C52CB1995A3F66DD207706,2,fei代言的,蛏子,什么app可以看电视直播,真水无香微微
E2D539974E358939E636A591F2F10175,2,无花果图片,传真机怎么用,河池学院主页,什么是脱肛
314BAA3B67F6A929D0D437E72FE3B1F2,2,长沙市开福区新港镇湘江北路兴旺路交汇处普,java开发需要掌握什么,手机百度云,196.168.1.1
3D269990D44D81FA4D08FCBD6FA6CCFE,2,kkkkav在线观看,新编英语教程第三版,水光针涂抹式,rendered 的用法
1B9334D3CFDA9A38F5E9F8BE0EA2F522,3,形容寂寞和孤单的头像,红米note系统还原,牙龈炎怎么办,海贼王753集怎么又没更新
7044B79638FDCA92DA5B5F58DA78ED10,2,普通话成绩查询2016,贵州城市职业学院就业方向,亖,killmehealme
A6636676C009B103E3AE21FFF133CAFA,2,木字旁加个辛是什么字,易卜居免费算命,正常的尿道口,水瓶座的性格
5CE12382EA39A47CC67B274675805AA6,1,汉译英,去哪儿网机票,五线谱,米虫
E5C5057CCA37EEC5A1A19B5A9CC71B07,1,网易注册邮箱,锦瑟年华谁与度下一句,沭阳地图,奇迹暖暖夏季游园会
A3DA4A48CED75E12A260E7F54B3FFF7D,1,潍坊公交80路改点了么,葫芦娃头,咪咕阅读,微信
5B682FDE8D1EEA428C7C1EB7BD59E745,3,梦见去剪头发可是没剪成,梦见吃无花果,树立什么词语搭配,乳腺增生症状图片图
5E9CE6D2D2A65E880E0A99B193069E56,1,黑曜石本命佛,黑曜石佩戴禁忌,金立m5手机的致命缺点,荔城区碧缘阁佛理协会游缘
264BD26B69F2A22BEB6D7B7F19C013CE,1,微微一笑很倾城床戏,不绑定银行卡怎么提现微信红包,多种引流精准人的方法,挫折也是一种幸福作文
BB8D88B3D0C82ABF524EAA5235BE15C1,0,vr体验馆是什么,常州大学武进校区宿舍9号楼南北朝向,去游乐园玩带什么吃的,南门翁城
401D817152158676766D15EADF901508,1,羊城通,辛德拉的名单,茶的分类及代表,美人鱼票房
6C0FAA368F667CD87AF8BD123FD65522,2,武汉大学天才,寒冰女皇皮肤多少钱,马明旭武汉大学天才,八进制常量前面加什么符合
0488B2197C61BFB0F7B028DFA2B8A27D,3,水瓶座个什么星座最配,掉表情最多的一段话,脑筋转弯大全,孙艺洲
93AE4CC9EFACCF0C2719516DF408712E,1,米旗月饼官网,高数同济大学第七版解析,周阴中 仙子,n维欧式空间
6273C3BCDDD272995BF8E05078B221A1,2,骑鸵鸟上班躲高峰,张一山女友曝光竟是谋女郎清纯不及杨紫,王宝强新片遭抵制,林志颖北京坐公交
D28134D33AFB4D9D2BF6A5D441AB2BE3,4,炒肉拉皮,虎尾兰图片,期盼的图片唯美,特百惠压力锅食谱
6F4EB6ACEF19A5336D1781A72536DC10,1,早餐的简笔画,"谈恋爱还没几个月就想过一辈子,交个朋友稍?这是自由的感觉是什么歌",墨苍穹,我的老师像妈妈歌词
7004F7C87EFC88320BD7FAE6E3A23D25,2,国外名人作家三个字,电动车被偷了怎么找回,阴道疼痛,巴勒斯坦
57373B4A51EFBD8D9CE0D2DE65F04DD0,2,嫡女重生误惹腹黑王爷免费阅读,vivo官网商城价格,全城热恋嘉宾老师名单,长春玩的地方
5426813837AB66294586BFF02282A454,1,歌词朗诵 搞笑,如何缓解耳鸣的症状,碧桂园bip,周杰伦新加坡演唱会2016
56BA0E6AE13780D00E2C41682A3A0FF1,3,ios 10.0.1降为ios 9有风险吗,百度,ios10降级9.3.5不越狱的方法,张艺兴国内经纪人
2F7CF8B7C99AA52D03502C076C04CE1C,2,暑期实践半个月的日记去铸造厂,平阳县鳌江镇程建铸造厂介绍,李敏镐,李民浩演过的电视剧
B8BB78DAB3CDF9F1A6279B8AACF72293,2,招聘网,seo,娇妃六宝膏,炫舞游戏大厅的歌2016
06ACA96B5AF7AE91D0BDE288694291EB,1,科三夜间灯光模拟考试,玛丽露进化,怪奇物语,口袋妖怪黑2海边洞穴怎么过
06AB5DE7B8FDF0BAF4B59D7099D5E8CB,1,苹果4s运营商关了一会就自动开了什么问题,计算机小苹果,怀孕八个月宝宝缺氧会有什么症状,复方水杨酸搽剂
87CAA756FFFC458C76DEE1835FB8DE41,3,铁丝工艺品制作教程,心好累图片,豆腐乳对饭店销量如何,谁会做铁丝工艺品自行车制作
09B70D6093BB6A946ED76DB8A668966A,5,卧式千斤顶,沃尔玛,比亚迪f3正时链条安装图,比亚迪f3皮带轮图
B11FA6C9F014D0500CDF4CF1978744F1,5,exo新综艺,我们的甲顺多少集,甄嬛传全集在线观看,黑帝99次宠婚 宝贝别害羞
099137F4EC4ADED3D29AC3633A2D522B,1,崛起于科技,神级,木雕图案,重生之科技巅峰
B74446110AE2DF7E27C74141CB35909F,1,愤懑读音是什么,寻找刘三姐第三季十六强晋级赛,优酷怎么不跳过片尾,支付吧银行卡转余额宝超额怎么
43FF692584615D4F25E0216265C6F7D8,2,翡翠和玉的区别,刘嘉玲,郭玲,石筱磊导演
8D31817AC47AFD163080E6FF21E7277B,2,王子吻醒了公主然后把她杀了,江山如此多娇,三岁的女孩英文,一欧元等于多少人民币
C915AD47ECF03AD8534DD8D87D0E6225,3,风险周期的最后一个步骤是,英爱小姐最后和谁在一起,在现金流图形中 已知的资金流入,在现金流图形中 已知的资金流出
C5E8A12D78AD6CDDBD90A1FA4B3259E8,2,心意闹钟,李易峰郑爽新戏,服装的风格有哪些类型,炎亚纶在恶作剧之吻演谁
108E8849D98D58323230177E7AD65FC3,1,学习音乐的应用,fps怎么读,走砍键位设置视频教程,枇杷
832EAEF61FA6CC2C7A3C798A5B3EA17A,3,李小龙一秒钟打九拳踢六腿,芒果卫视天天向上,超极本玩游戏,网络诈骗多少一百受理么
1D0806D4575051CC4CBE604369CB1CC1,2,音阶歌教案,反腐败论文,锦绣中华有学生票吗,各基层单位凡是有正式党员 以上
261F80A6B96CE58210FDDA5CFA08B7CA,2,重庆联合教育怎么样,吴起思想,华硕x550d进入bios,brand是什么意思
3130F64FF63C39E7CB3203A8550C5574,1,一叶子面膜怎么样,淮南师范学院校园卡可以退订吗,皖西学院,联通卡最低月租多少
91B0D61CB61120CA9F17819C2636F6E7,2,农村特困救助供养学生,中航,康师傅1升饮品,曲阳县
C7DEFDF019C0AB762A054C1E57E42F87,4,到户外活动是因为,拖狗事件视频,下一个我番外兄弟篇,火车票预订
103DC6222DA5CFDAAC6B8E3C83947028,2,"小受脸上有胎记,攻很宠受",重生成猎豹,魅恋 by 岩盐,一不小心点了网络禁用
CA83B0D470E5D7C78638BCBE4E13DB36,1,李敏镐,欧美男生发型,吴尊纹身图案,烤肉串
F368BC58183B323836634718AFA5B165,2,两弹元勋,女汉子真爱公式,上海卫视直播,托克托吧 百度贴吧
3EEA6CC0BC1DEE56AE6B91911EA06DA8,1,teamlife帽子,"女主爱吃甜食,一天遇到男主发觉他身上很香?狩猎美男之古旅",首席老公霸道宠宝贝继续,购物公园
96C011E50DE9D22F955FBFE41DF6E198,3,社旗电力,欧美玫瑰折法视频教程,温子熏,冷枭宠妻如命
259BCD17BB8CC54838EB88F29D838029,3,万剑一和幽姬,处女座今日星座运势,林惊羽喜欢谁,七杀星
C1C55EC65AE2DD5C54871E259619F3CC,2,银行卡异地可以注销吗,申请模版,faceu怎么放大眼睛,中国海洋大学崂山校区东区附近餐馆
FFBA22B6A1E9D0A38E97B0D1F35462D6,4,菊豆电影完整版,华摄氏度与摄氏度转换,玩具士兵怎么设置中文,三国全面战争骑兵
8F685F5E4D6BBA7DE1A02476C2045D68,1,悦诗风吟化妆棉怎么样,过去式对话,最后哭着说再见小贱,苏醒过去式
A90B4322CED87FE6F80FE779FE2F030B,2,吃多了怎么快速消化,百度评估员招聘,大连交通大学到西安路有多远,秦皇岛旅游攻略
8697C32EE5BE2562C3FEE4587E7D95B1,0,柳树玉牌图片,牛图案明清笔简图,玉牛挂牌,牛的笔画顺序
D45FE395626BBB753C931A2F3ACBBAFD,4,张大柱二狗子的小说,李逢金,乌鲁木齐天气预报15天,陈云斌丰胸
74A1540E9DD8CC7D52BA9C3B0EBC730A,2,用什么属性可唯一标志控件数组中的某一个控,江苏省海安县属于哪个市,我是吃货,刷卡手续费今下调
4544121139B88EEBB092E6B06C5EC037,1,一瓶香水能用多久,森林,女生生气了送什么礼物,arma3 dayz exile
C3CDB2ACF82BB3851F3A0CC3FCF1C679,1,宿舍无线路由器怎么装,为什么华为升级系统后变慢了,专转本,学校食堂刷卡吃饭怎么弄
B8AE9193C55C6C91469F593DCD63B952,3,愿你善良而不,撕人家通知书的人怎么样了,花旗参乌鸡汤,切糕都不买
227FB0B0834D37876426F12268A2DC51,3,碱性食物,假月光石,绥化市奋斗派出所,熏香的价格
D482237B64593A12759654B0288CA93F,3,高烧不退是什么原因,王者荣耀体验服下载,古曼童是什么,树叶图片简笔画
E2FA3E8AAAF433074716DD5C34A74D93,2,亚缇克兰的清洁面膜,牙龈炎变牙周炎,蓝石莲又名,牙齿黄金咀嚼片
22201875C50E476096E3626FF3FADC13,1,英文句子,烟台西到新泰,可乐好还是雪碧好,王者荣耀孙悟空还会出新皮肤吗
57E6B29EEA369EC6403FDFF167B41C6C,1,枣庄市山亭区邮政编码,忽然之间吉他谱,wap是什么网络,烟台到泰安火车时刻表
98497BD6807A87AFC51862A56729D6A8,3,肚皮舞的好处与坏处,年轻时照片的感觉,土豆丝的做法,惬意是什么意思
6744A2C523604ACA9B8E56A00ACD4260,1,站在 的门口0分作文,戚薇,英特尔i7,初高中化学衔接强化练习题
5A54822845FF55D6FC408A851B006551,5,宫颈癌晚期能治愈吗,容易患癌症的食物图片,宋喆与杨慧几个孩子,孙俪性感图片大全
E22D7317CE5D7B52F14A8261B2A37E94,5,黄蓉外传,酸奶溶豆做法视频,我想静静图片大全,特区爱奴视频
4729B58FEBD0AD485C43DFCF8775EE80,1,空间评赞精灵,9787561175996答案,宋欣佳怡,泰坦尼克号情侣图片
0D01915451C82618AC5B68D8B0B4DCB6,2,跆拳道教学视频,红白蓝疮病,梦见一条蛇追我追丢了,如何找工作最有效
7A5EFE2BC8148D64DEB922D31FBE3AD9,1,孙中山,大主宰,女演员徐婷病逝,星语心愿
D00128DA0C2A0D06266A719D81A6FF55,2,熬梨水多长时间,不吃早饭的危害有哪些,京东可以用支付宝吗,飞机票
B12674514E9AA8E20AD62CA1818CC990,2,虫洞,杭州g20峰会,腋下皮炎,棕色头发
B1D1756A29E6AB308AA314EBE35F5268,2,zl50gn装载机刹车片,廊坊大长亭赵丽颖,雨刷器,麻辣变形计演员表
DF97B46C993BE018C3F0F1DC5662527C,2,孙少爷,生化之我是丧尸,ai,失落神庙小说
ACF7CCAE80B12D88FF945566FCF970A5,2,动车,怎样和猫沟通,把口红吃掉了会怎么样,花店收据单
37E20E2FB494C13FFD3EB6A34132651C,4,蛇蛇皮肤该怎么办,护肤品彩妆能同时一起用吗,肚子咕噜咕噜响是怎么回事,树有心眼西下美女手扶下巴
499CCDCFC7433BCDB38128FED7414277,1,男生发色参考,周柏豪传闻mv女主角,每天早上起床两腿发酸,千图网
8A3817B0A068F6B0C7BEC5CC0DC37A90,2,眼角长痣代表什么,长沙到广州的火车票,银河sohi是在三里屯吗,冷疗
D5DD5896C1637288B78A2070B084F5B1,4,紫色晚礼服图片大全,凉鞋,蓬蓬裙,蝙蝠袖毛线连衣被
02C80950D075536983B486BA28F94815,2,有什么理由女方必须反还彩礼,痔疮图片大全,科目一电脑显示什么才能考过去,男人性冷淡是什么症状
D33D1DD0780633A094926630A5BD76E0,4,重生之无悔人生,叶修,我的女友被篮球队员,北汽幻速s62.0t
2380CE0F97110AFB2A7CD30FB443E4DA,2,表格怎么横着打印,误入龙榻皇上请放手书包网,靠 大神被潜了,维生素c和葡萄籽
C198D53BC40BB95899849574E1B18544,2,曹云金这事儿不赖我,oppoa33m,斗鱼,奔驰s63amg
D7DECCCF94F4C9F55C5D77A896B383F5,2,怎样去除黑头简单有效,佰肤草面膜相关价格表,合同造假的法律后果,上海为什么今天所以酒店涨价
5F67E8B7F4F746F9E22802CCA36D8037,0,2016全国高铁线路图,曲靖医学高等专科学校国庆放假安排,残奥会运动员身亡,宜宾到西安火车时刻表
7FAD3A9488C64ADE8F5C10E91FA73A5F,1,电动车排行榜前十名2016年,女生安全期是什么时间段,路由器连接wan连接不上是什么意思,侠盗猎车手圣安地列斯手机版秘籍
14A0AE0FF273A37DAC38571BF7845679,1,中午睡午觉需要卸妆吗,网上化妆品官方直售好吗,卸妆水,化妆棉哪个牌子好
5F94D98B89ABF50C65934901714D1705,4,春草明年绿 王孙归不归,喝金银花茶的好处和坏处,过敏性气管炎,大脚趾头麻脚麻是怎么回事
B9E400118BA800AEB6B6F3D0BCA214FB,4,孕妇可以用维e擦脸吗,猴与蛇相冲吗,母女考上医学院,早餐饼的做法大全图解
2556EE0232AA4B89843F71CB84A776FF,1,读技校怎么了,初恋,早起早睡对我们的健康有好处,河北38军112师
196827A9D0E7A33ABB9BDC445609C4A1,1,江苏大学,苏州大学校园地图,附近网吧,它
4785630045DFDB97F83C8A64BE4E338A,3,新任教师培训心得体会,百度手机助手,徐佳莹微微一笑很倾城,少先队的呼指什么号指什么
523F4F9DD467CCDD2435B07DAC2BBC74,2,elco是什么牌子,连云港微妙瑜伽,三阶魔方,红玫瑰和白玫瑰苏童
327C6E039076D5EE31A83A3B6CF94E1E,1,vivox7玩球球大作战怎么上传图片,纪念碑谷攻略,资源共享吧,跳水女
4F2C35070E45639520A849AD70DC4890,4,七彩云南玉石怎么样,红豆粥图片,踌躇,电影
FB6FB4FFC152D9BFD78ADCB03C488A72,3,高通骁龙652,护士招聘,2021年属什么生肖,30周胎动不是很明显
A3154799B8EA67BD377E260892635920,2,vivo耳机原装多少钱,汉译英,volte开通要钱吗,无边距手机
303F0B88B28AA753D24D278281A9DDD1,0,黑贝狗图片,金融总结与计划怎么写,许孟先,个人总结
445E8139586EEA0D506EEC01D5566E70,1,沈腾孩子,我的未来网,郑爽微微,当兵身高最高
92B45C7624E590589AEF5A148949AB04,5,帕金森病的症状,天津轻工职业技术学院几号开学,宝坻组织部部长,安娜情欲史
7647FECAC37F82710BB8FDA6D3579783,3,知道身份证能查出他的手机号吗,2468打一成语,建筑制图,怎么在网上选好的车牌号码
26AA9832BE827075730E664DC16664B8,1,有通行证办理签注要多久,黄腾峡附近的酒店,shidifu,黄腾峡离英德有多远
B3B14622FE824203F8FF545847FDDEB2,1,谁怎么拼音,卡通可爱女装,白衣女生头像,李正信女友
36D639C6366ACF5E79B92686344AEF1D,2,"点进入别人朋友圈,小视频听不到声音",鸡皮肤图片,23周做四维彩超早吗,大王纸尿裤和花王纸尿裤哪个好
ECB65E6F6147EA4E40B22CF207FA6BA6,3,上古卷轴5刺客前期咋玩,骑马与砍杀如何分析领主,新拆开的烟盒烟有黄点,田螺从壳里出来
18019F9A9C59FC7F103644DC7CFD92BD,2,张紫妍遗书全文,宁德天气,蔡琴的歌,斗鱼主播楚楚
C96BE3E7D2C48BE31076B7B9F2A5CFF4,2,关于中秋节的诗歌,瑜伽入门基本动作,沈阳枫叶情生物怎么样,通辽
2FF71EC27F749B1ABCD13236C6BFD05C,1,理央暴走卡车美少女,少年派的奇幻漂流免费下载,烧饼修改器,与嫂同居的日子全本
D1485FC1E82F37DC37A3E994D1B019FC,3,苍穹之昴赵丽颖,美丽也是技术活小组,海南三亚玫瑰谷特产,电脑放视屏多久熄屏
AA9B1C57395E014229B24B12716AF90F,0,"我现在一天抽5根烟左右,多久能彻底戒掉",nx508j努比亚,假头发多少钱,捡的苹果5s手机没有id
082C90C9231E88762658AED1FB40E993,1,北上广不相信眼泪,负责比赛相关 翻译,但愿你的眼睛只看到笑容,伤逝
C1AE5EF9FFC4B1E954E9095834574E68,1,海思麒麟,蛏子,ca38,汪峰徐歌阳视频
25C3092F409B8C4571DA5717549C8317,1,日在校园ova百度云,吸血鬼骑士,脸上长白毛的征兆,复旦大学宿舍
2A1206F035C715504ED5A9A688320F92,1,贇怎么读,雪莉,怎么练普通话才标准,厦门大学嘉庚学院
E4E3AD652C4580D8CDAD582675881940,0,土木工程专业就业前景,会计师,金科伟业,军训时手机放哪
4EC4548F4D984A46997ADC74D18C89E7,2,qq头像,耍流氓漫画,无敌流浪汉安卓版下载,鹿晗图片
BCCD8AE173BD2CAE61F6E6303E6A9DDF,1,兄弟图片义气,浩南,oppo怎样移到内存卡,天津火灾
82BC428125EA364E96A3BF220E349E5C,3,胶囊可以拆开吃粉吗,晋城孟匠新区,反恐特战队电视剧,国药准字的维生素c
86A1333AB287474A87C8FAFF0562B7E9,2,虫洞,爱闻汽油味怎么回事,微信为什么不能用空格网名,浙江的飞利浦假货多吗
29F24F3B9273DE0B5B408EDBADED2C8C,2,福建哪里好玩,黄土汤,代付可以用花呗吗,心有独钟歌词李佩玲
8902C0BBF32B7146F16AE0792994C20F,2,余罪第三部什么时候播,人民检察官在哪能看,人民检察官,篮球风暴
FD197DCDF51F1E216DEDA30255C55567,2,宝宝10个月小腿大,20到27度穿什么衣服,2016年10月份会冷吗,为什么10个月宝宝好矮
FFCCA848CD9EC2555B55F1305CB3E400,3,美联储加息后美元兑换人民币,"转学到俄亥俄州里大学读本科,有哪些费用",山东济南到甘肃张掖多远,淖
DFFDC3B19317897C8C86B1B61ACAEDF2,2,双色球2016098开奖结果,俞慧,百度,葛根图片
D1BD0C4843EDDA808F1AC1867D6A0E92,4,55英寸电视观看距离,小学五年级音乐课本,现代简约餐厅灯儿童房,动漫美女简笔画图片
3595736FD9E3BF4708EFFA3ED42267BB,2,电解质正常值是多少,ol发型扎法,羊蝎子是什么,眼妆图片
C3D42E81FC0EF18484F74AB54B345245,1,魏晨,无锡市立信技师学院,阿鲁巴啥意思,守望先锋多少钱
0ED79B91D0931BD81EE28011B1DF60B1,1,汝州寄料镇卫生院,签证好办吗,平顶山郏县黄渔乡卫生院,汉伯克食品有限公司
278D32C7A48DA38C6B84631C2508C6DA,1,那种卸妆棉好用,一共有多少种口红颜色,白水寨好玩吗,古今
A1599CBBCD8B27558221E9BAEBC9D204,1,那好吧下载,四号能不能住宿舍山东信院,手机银行前几个月收费吗,信息管理的学习要多看什么书
66800B2B40681CA4344C0846E511635D,2,龙腾小说,神马电影院,大学英语综合教程4课文翻译,24岁大学毕业正常吗
BA3A2B3AFFAB792DF10D3C7C88F55EE9,3,操作系统安装,亖,得不到的永远在骚动是哪首歌,拍拍贷借款筹集要多久
A4843DE89A39096D716E695AFD43031B,1,通威鱼饲料,成都万科青年城,打扰,顶板埋管什么时候敷设
48547AD8E7FBB7DE95C3DB9714E056B7,1,绿茶佛饼,安徽审计到合肥新华学院,周黑鸭鸭头图片,亳州学院
A2F776D0699460FABCCD9ACEBD6E3D76,1,女孩英语单词,dhv气垫产品介绍,靓之堂,一瘦就瘦脸怎么办
C8EB5FC25700EB73A3FAAFC0D0B490D0,1,上海杉达学院图片,五仁月饼,大学生行李清单,iphone控制中心如何放在屏幕上
1D3E6990BF5DEF69565E7B86C70CF9B2,1,bec真题集,chanel口红,雅士利正味麦片,绘绫社
86EF536D2235A186834C0723160AE063,2,"狮子座,那么高傲",你走开,是我入戏太深结局却一个人,"多想有个人,给我一耳光,说,"
17712342A5E3E7E5BB1AD59877F2464B,3,刮大白怎么配料,视频养鸡入门技术,海金沙花粉胶囊的价格,鸡冠花的功效与作用
6EC66A882CEC76D4B0749979B6EB5D54,3,淘宝的水密码,青岛到樱桃园的汽车,将,网银怎么用
2D2655009CCAC9A1E043DFE58B10C3DB,1,花盆怎么画,qq飞车价值查询,百度,acr枪
69FD64BCA053E25E1378B5A075008094,4,双鸭山百姓网,男方父母买房写女方名义离婚怎么分,婚姻法房产证2人名字,新华网
B3AB68EDB54A774E0C174AF608D877B6,4,玉渡山门票,无籽的葡萄能吃吗,跨界歌王,李春华葫芦丝花满楼曲
5ADD6BCC03BAA2B0F9D3A9BC5CF746C6,1,纤细的爱百度云,月经期间能吃治疗妇科炎症的药吗,会计专业都有哪些热门证书,一个绕丝旁一个乞念什么
9CAAB112A8309BADF690DF1D5F652D62,3,air max90毛线,百度,新乡胖东来什么时候开业,新乡二手电动车
201DE11E9300D96FD714CA5687D138F1,2,贝亲湿巾可以擦宝宝的脸不,衔接的意思,1岁男宝宝身高体重标准,幼师
25A0AFC2451EDD1D0995E06237B7948F,0,济南省博物馆2016中秋节开放吗,可瑞乐奶粉最新事件真相,一岁宝宝食谱大全,嫁个老公过日子
F3A6CC3D56FEB8A396680B705855D308,3,9码的衣服是多大孩子穿的,怎么样才把头发蓬松,童鞋批发市场,宝宝拉黑色大便是什么原因
8A25140107ABEA9B55113FCC9EA52C7D,1,惠州市热舞酒吧哪些歌好听,罗刹鬼,十宗罪2,联系笔记本怎么调节屏幕亮度
CD4365B8A284A67AE8F7FBABFEC4EFE9,2,问道山猫羽化要多少羽化丹,预产期过了5天了还没动静怎么办,怀孕40周了宝宝心有强光点,怀孕脚肿生男生女
1218979FA739B234281445DC0CD4B949,1,微微一笑很倾城插曲有哪些,戴尔amd radeon r7 m265,lol蜘蛛女皇s6视频,最强邪少txt下载
62CF03292A9C6A117B9F4BD53B9D3F99,3,跳绳能减肥吗,经常的近义词,金庸小说,射雕英雄传
2596D760F92A6E6A2D1D6684426B5FD2,2,秋以凉,四平青年1,好看的电影推荐2016,暗影杀手下载
D1C0DB2AE11AFCFD2C980816C110E537,2,福建哪里好玩,最新新闻贵阳,贵阳龙祺苑3栋传销,马蒂拉沙汽车跑车
893F12319D24560DBDE1B0D646E96073,1,小小彬,六块积木拼成 图解,鸡蛋饼卷菜,黑色喇叭裤
6CE13938E80D33A2FFC760D1C5412C8F,2,杭州萧山编码多少,杭州可悦卫生用品有限公司招聘邮编,关小迪,河庄招聘
9FC661D6D5A39433A7FB255EFD4CEE36,1,含镁高的食物,魏晨,可以两个人玩的手机游戏1001可以两个人玩的,百度云下载
0AED31352CEC80D286985AF8464E5EEB,4,盛开,怎么写儿童诗,龙王传说,安祖缇小说
E7ACDA0E63956DF90B5A2589C54B4D32,1,处女座和天秤座的结合体,张家古楼,体育课见习,"vivi你这样看着我,我会吃不消,"
C9C0A18446C0ADFF405643832759E04D,1,总共的英文,羊排调料熟了放还是不熟放上,张店12路公交车时间表,坚持的英文
C03D257B8DF66A9FE62749396E7C141E,1,贵阳火车站到未来方舟,抑郁症,http-proxy flipwalls.github.com,成真恋爱学
2CB059FB7305DD3B48D37F55044033AF,2,小狗拉黑屎怎么回事,里约奥运会还有多少天,vivo手机提示升级不升级可以吗,微信中秋节赞美信息一摁就是自己微信
732D342E5120E7DA0ECD06A77F51FF28,2,wibox迅雷搜索怎么用,咪咕阅读,梨的功效与作用,王祖蓝
59F3DC8EBF15F9277B507F11CADF0457,1,新倩女幽魂绑定了的东西是不是只能销毁,中通719375060439,新倩女幽魂经验怎么刷,笔记本电脑什么牌子好
E7186CBBE007FFB7A9EED58F22131DE0,1,僵卧孤村不自哀,表情包软件,怎么把红字体全变成黑字体,电脑快捷键大全
1520E081DED979E502743B161A438659,1,amd显卡,德莱文绞肉机皮肤高清,夺路而逃,魅族mx5直重新启动
846633B0D167116364F1E3BE3250F722,1,张嘉倪床戏,徐娇,有营业执照的打字员可信,广东省河源局公安局交通警察支队
BC7F51411B43DED1134E13CE71DF503F,2,老干妈,百岁山矿泉水官网,徐嫂糊汤粉,广州站有特产吗
E38AEF1EC039BBE1F6F2379F7E5966C2,3,极限杀戮,最终血统,最新小说排行榜2016,国术宗师
C4BBB148176A4CA8774A581AFD1A8C89,2,武汉有什么大学,执念太深是什么意思,微信代码怎么用,梦见自己光头了
FFB73CCECEAA36B0C9592B4572BCFE76,1,黑铁之堡张太玄,同心度公差符号,六扇门风云3.2剧情攻略,六扇门毒龙帮宝藏坐标
490830376BF0B1EFADB3E625E9178A56,1,丙烯颜料画衣服,好听的英语名女生,freda,村上春树的作品
3DD3697D31FBDD576E650D3765465006,1,校园三走,周云鹏初赛,今日金牌排行榜,兰博基尼
D5BEAA60DE416EA205DC6E60048104D2,2,高中生掉头发的原因,粉刺,胸透主要检查什么,去角质咖喱
C8346B670F867EED6C61613778FA9EB9,1,偶滴歌神啊杨迪唱的歌掰了个呆门,小别离江语晨马思纯,9.7英寸屏幕是多大对比图,小别离周冬雨
4B41B5FA71B047C1E4E48B70C9C8222C,0,黄蜂针尾后,华为600d,vivox5l能不能装内存卡,灰姑娘与四骑士百度云
BAC2CE007D678419235D088217977FD1,2,李海泉,经典传奇宋兵,手游征途,美女老板爱上打工仔
D313B1F818B1A67E50046225B2527082,1,鞋带的系法图解,指纹打卡是在哪录的在哪打吗,年糕火锅的吃法,汉江鱼府
9ABAE5495A305A94C8BE5FEAB6AD73FD,3,clean的反义词,脸上出油长痘什么原因,set,脸部控油的方法
429E226CECCECF81951F477AA3E4A3D3,1,余罪第二季,君威,铃木未来战士多少钱,地平线r2
37176CE29ACCCF1C81E71F52B28EFC43,2,小别离孩子什么时候出国,有机物含碳量的计算方式,班主任张老师按照学生的期中考试成绩调整座,区号32转化成16进制
A1712669442D7BFF8050FD3E5F9BECA6,4,铜牛 梅花,delphi c#,atm转账限额,微博评论 @删除
95B77E71212995EE5524FF32947A5E8F,4,lol的狮子狗,土豆牛肉,鸭胸肉的做法大全,百度
02080CD73BAAEB16520B6AA2FE972F8B,1,开学第一天作文400字,宋丹丹母亲去世,金山清理大师,草垛
87D020C98EA61785038C899B04C81989,1,韩文数字1到10怎么读,女主叫萌洛璃的小说,狂妃·狠彪悍,女主萌萌哒的宠文
D8D527CC562DBE8E6F296280E5E6E611,1,魔术快斗,袁隆平在那个学校任职,百度,http://
029BDEA4E144238D92845C9A1B914A09,2,吴秀波,昨天济南到潍坊的火车,k603列车时刻表,德邦总管出装顺序
99440F87D44F3CF79A3CE1E7AF2F9774,2,测试内心伴侣,属狗的和什么属相最配最合适呢,不是学生可以进学校跑路吗,七日减肥瘦身汤
735BAFD19019B0B2A8FC7378946F1614,2,房祖名老婆图片,减肥食谱一周瘦10斤,桌面有个图标删除不了,鹿晗的老婆和孩子
6417EF06E02E7006448D42C05C4ABE93,3,猎豹房车,qq安全中心能找回删掉的说说么,谢谢你的爱1999,手机下载的营业厅查询通话详单全面吗
BE59961CAAF1E68AED696F97F78589CB,4,耳机检测软件,顺丰快递单号查询,魅蓝3s,情撼九天一剑诛仙
10DB7A54C01EDAB6DFEC5E54E5CDD7C5,3,烧麦的做法大全,华为手机回复出厂设置后照片和视屏还有吗,番茄里脊肉的做法,快手类似的软件有那些
932C9DECE448DD2AF12EB27615488573,2,win10手机软件多吗,萝卜家园,win10手机,郑州协亿佳科技有限公司
AF229318D5901243BFD791FB209B4814,4,让你感到愉悦踏实的人 小说,二尖瓣轻度返流,宋慧乔发型太阳的后裔,保定市刘京红
4EF5202D8D2299F0FD2F3028B06FDB69,2,长智慧牙一般疼几天,笔记本电脑什么牌子好,长智牙痛吃头孢克肟胶囊,爱情心灵鸡汤经典语录
52D2463E62D7A370263CA6F9435FD112,1,乐视,守望先锋手机助手,jc-v5小精灵,果宝特攻橙留香
7A374897855E754D326F744A8C13BC10,3,子宫内膜薄怎么调理,裁员赔偿标准2016,阿胶是天天喝吗,大卫早孕试纸和秀儿早孕试纸哪个准
F27FA74E98411CD34E95D4C26EE8E8FC,1,上海轮滑俱乐部,坐飞机托运行李重量,兰博基尼,上海梨膏糖
7E2ABF81F633B51B544F27326CC8AEFE,1,温碧泉一号水有激素吗,自己发酵的葡萄酒为什么最上边一层白色的像,普拉洛芬滴眼液,眼前有黑色絮状漂浮物
E65B3B73B68F69EB5C06E7E6A4843CA1,3,综专业剧透,笔记本电脑什么牌子好,古穿今之豪门绣娘,书包网
3D724801AA210DB129BBB2E09BCE933E,1,石榴籽能吃吗,球球套路,冷酷军长强宠妻,特别污的情侣头像
52A20C331D623F868E45CB9C54EDBA98,4,白葡菌止咳片,滨州在哪里换审道路运输资格证,滨州阳光政务服务中心,iphone5拆机教程视频
4A58290CFBF51629BA29BB9A3C33BB64,2,秦皇岛亚泰裱框的,荣声冰箱,紫薇夫妻宫里有将军灾煞岁破,蜂蜜水护肝吗
67613CCE79C0824803B245AC63ED8B51,2,手工锁扣眼图解,韩剧分类,葱花蛋汤为什么变成沫了,口腔溃疡的治疗方法
B4A8C8242AA31BB73013B602E8DDB372,2,江苏大学,重生之鱼米水乡,会计继续教育时间,二年级数学课本上册 苏教版
8FB5B96948C502457A70CDEA301BFC63,2,吉他左手按品不能朋友其他,脸上有痤疮抹什么药好的快,健长乐牌长乐胶囊 0.35g/粒*60粒/瓶,最性感国家女
DC5A152B07899B039E6053852B29FAFA,5,东京大审判观后感,三星修改密码,justin bieber,短发
71748F8A7AE4F530FDA8CBDDBDA742DE,2,城隍庙,济源旅游景点大全,我决定不爱你了 歌词,豫c是河南那里的牌照
F255836F0A561E4E8BEB3EAFC0510772,1,悭,丙酮是什么,星号怎么打,自2000年以来 杭州
9E4CF39685C62E5D48B390DD5D405DEB,3,pon灯一直闪,微信做任务赚钱可信吗,建设银行个人网上银行,无论生活有多苦涩我依然是欢乐的
67842C629DFDDB89397AC051239B4F16,1,胡夏的歌,河南大学,外省的银行卡在本省能改密码吗,开封文化艺术职业学院附近有什么银行
EDF07B0EBDC2A5E1DBE2FE963AFF893E,1,啁啾怎么读,百度,头孢拉定胶囊,好看的韩国电影
83FAA583BD1459BCF244FA1A51209E0C,3,胡夏的歌,鲱鱼罐头为什么有人吃,孟庭苇为何不红,青果树
9FE6A463BB7616A4B1756DA13E19B3D1,2,一台容量为20kva,盐酸电池的应用,惊涛咳浪的近义词,起名网
A8FA857A1D5F1273B0C29FDE0C84F49E,1,清水爱,电音排行榜前十名2016,汽车票能提前几天取,腾讯网
0371819ADE689FE8A521DEC9EA83F459,3,郑州丰产路国家税务局,心累为什么,中原财经频道直播,特工绍特2完整版在线
C1FD609CF5541B6B0BB2A7FA97704DC2,4,三星g6000,范县城关镇华龙超市,美年大健康体检中心焦作,焦作屋里有棵树
692F37295C3FF61C6694BB621B3E66DC,0,怎么学理发能快速出师,隔壁老王直播间,法拉利多少钱报价及图片,天行九歌红莲配音是谁
BEA5ADD21433FAE1DB647C76B4D3C9A7,1,21克手机,手机电池节能模式,所有减小手机电池能耗的方法,为什么有的快递员收货前不让验货
958EB8E3DA9D5B06E595F949EE3058C1,1,一个月婴儿的肚子大小,洋码头,产妇乳头疼痛怎么办,母乳和奶粉
76725C51CA80C554A996897DB3D9D2D8,2,荥经花滩小余汽修厂电话,有亭子简笔画图片大全,二郎山泉水,亭子简笔画图片大全
2DBB32E34E9865A0300EC7024F743E20,3,拔罐减肥的坏处,金庸名言名句,扎西拉姆多多的情诗,拔罐减肥不掉称的原因
770F9D7FDD57E9C937D1D298F2FAF95C,1,伪善的人来了又走只顾吃穿,喜剧之王经典台词,红豆水,wtf什么意思
F37E907636A388CF8E3AB0230D3B05D0,3,张一山电视剧,豪华大厅图片,100分的名字,尹新月死没
D874555B675E13F75EEF8F7F15B85030,2,bonvoyage什么意思,孙杨的成就,医院可以抽血降低血液粘稠度吗,农村低保每月多少钱
0701DF2865FAB5A027584FA0D6665B06,2,cable是什么意思,蚌埠到淮南火车时刻表,聚划算官网,全城通缉剧情详解
B1D8E308C382D8A98854CC72B0735FF8,1,白百何老公,霍思燕吻戏,笔记本电脑卡的要死,微微一笑很倾城更新时间
1E70188494391C84FE3FD48EA4B72EDA,4,百度云昵称怎么改,鬼父百度云,别让她跑了抓活的,36.5℃面膜
9780445C5E7E7305D267FEBFB5832D72,2,少年派的奇幻漂流真相,华硕,牛叉王妃,女主穿越成王妃而且和三王爷的兄弟暧昧
BC9B82AC2FF8C161ABEA40735461F9A1,2,错过火车改签火车票的规则,mccartney 吉他mcc11c,百度,alumin是什么意思
75830B8F1BC8EF7C248E067C45986255,1,北京时间,揭西县办证大厅,百度手机助手,vivov3ma手机壳
4CFD976DD762F2D1716A43693265FDDF,1,中药葛根的功效与作用及食用方法,thinkpad setup怎么系统还原,山药的功效与作用及禁忌,联想平板电脑thinkpad setup
F446C64EDB18B55117F99E996740A2BB,2,建筑施工组织课后答案,奇迹暖暖攻略,诈骗短信举报号码,土豆片敷脸是生土豆还是熟土豆
A3C43D8A980DFFF2538A2890730B7534,4,qq头像,荥,重启路由器之后没网了,简单魔术教学硬币
88F1B0F1E911E89FDD9EB0B88A4F93B4,2,电缝纫机怎么穿线,台湾县市长访北京,乌兹别克斯坦总统病危,店铺新装修待久会得癌吗
50A094AA94AF2832D43B54FA60967E35,3,赛扬n2840,温峥嵘老公曲京远,pet,张曦文内衣
DBE8DD4C92593CA5100D4CD2BBF8F4D7,4,ipad按键没有声音,正定中学东校区,支付宝余额宝收益怎么算,张继科诗集
AF93FE3A17606524148556A4D22C4136,3,鞍山孙青村宝鱼庄做什么车,民政局,天魔神谭,云相册在哪里找
862172F1BF51EAB0979DEC7A7AE9CED4,1,qq头像,哈佛h9,学生发型男,全民k歌怎么玩效果好
8410F7F32963405AA3B976983414926A,1,三明哪里有乒乓球台,将士们听党指挥能打胜仗作风优良,白天能敷面膜吗,郑雅文
3721246083B94C241AA94D07C8ADEF2A,2,即使……也……造句,蜡笔小新剧场版,春风阅读答案,我的世界小本幸运方块
D57D1402AA037D5B9EF4153C3582CA5B,3,嘉兴新胜月饼,81亩地是多少公里,宝宝头发稀少怎么办,佳衣舍是传销吗
7EB463811847EC403C559343FC293A7E,2,支付宝账户怎么注销,瑞风s2双色版图片,洛阳西环路何时通车,昂科拉
84F64E675CF37A9334B0214C7C8A6F5C,2,大运体育馆游泳馆开放时间,美式婚礼流程,怎么修改图片格式,桂林旅游攻略
8806CDFFFC7460802AA0DF14A7ABAC2F,1,当兵家访问为什么要当兵,逆战浴火,下蹲受限,当兵去部队体检什么
16F9237C583EF1A30DD863528C683E08,3,婚庆司仪价格,夏天吃柿子,印度神曲,长运汽车站
678C5E87B2EED8A0D97551D3034BE371,1,在家怎么样把玻璃切割,太子妃花事记乐文,运动鞋清洗方法,电脑基本操作
80B397A953C8DE7C4F0C84426844823A,2,联想b460,古龙笔下偷王之王是谁,游戏炸弹超人,水浒传中解珍的外号是
652AFDB76D40B3F5EFD6AE17485B7C33,2,电视频道在哪里,手什么并用,选东西恐惧症怎么解决,爱奇艺会员电视能用吗
4BD6A14CEA5C1769577ED7C2C088DC58,1,隐形眼镜放水里放一晚上可以吗,泡沫面洁乳带刷的怎么用,老九门床戏在第几集,羊容易迷路么
47783A97E6089AB72156382168D1239E,2,孙中山,里约奥运会上巴西男子跳高冠军穿的衣服,野史大全,平方米与平方厘米
EE0ADF197B76E6EEAA2FD6ED212C4ED6,2,手机病毒,电脑用的浏览器排行,华为如何找到一键锁屏,廉租房申请条件2016宁夏
77D3C9FB4BF1FF3E7E110E6765097E38,1,冰条线钩拖鞋视频教程,勾拖鞋详细步骤,冰丝拖鞋的钩法和花样,它英语怎么写
57882A530FB918AD0F5F507ECDC72ED8,4,曲词起源于,天枰座,jewel,打西宁火车站的公交车
529C04696253141D1D91A7D185B0D2AD,1,赛尔号之寻找凤凰神兽,名侦探柯南绷带怪人,逆战,2016dnf国庆礼包预测
E27F6FCB90299BC56CF2441711FC1F52,2,手机号码被拉黑了能不能发短信,铃木125摩托车2个月没骑 打不着,yy客服中心,南岭到阳平
6FE76E43431A444860D4017F85F61159,1,线性代数求矩阵,百度,生化危机2最后的爱丽丝计划,电脑强制关机按什么键
BC169E6C1B3C77435C1E8C2346582C5C,4,常宝华,净水器营销方案,快鱼服饰有限公司,刘弗陵
35C2D504290C3941BBB98AFB9666E7E5,2,松下镜头42.5mm f1.2,稀树草原,wacom数位屏,照片格式有哪些
D41461F57D8DB482BF4F28B3A787E7FF,0,"关于行政机关和机构的设立,下列哪些是不正?西安的美食介绍",中国女排,开心消消乐下载,优酷视频下载
B6F85B985ACA88460BB17449B656E25D,1,死亡邮件,微信红包群,霸气的头像,英雄联盟之电竞称王
CD106C43474EC371930B83DE9C0F0C82,1,完美假期,博尔特钉子鞋,"农场要建一个长方形的养鸡场,鸡场的一边靠?人民检察官",山东人平均身高
8C753CBC221B87B1F234821F880FF991,2,web前端和软件测试,考研从什么时候开始准备,obb漱口水,okina漱口水
C42F2C9C6E369B1D41F10B2A33D66A22,2,信诚人寿的福连金生,02582290980,百子花,纪念碑谷里艾达的好朋友是谁
2580F825654656B02CCD1AABCF0F9824,3,绿豆面膜,酸菜鱼的做法,蛋炒饭怎么做好吃,洋葱炒肉
F1DA1DDAD00D60519B8E331708C257AC,1,本田和宝马x6很像,平安证劵有限责任公司,残奥会奖牌榜,02195511
EB9E78242F15B9A55BEF3EEFBD47A3A5,2,有线网卡驱动,校园破解的20021,我是公司最差的人,鹿晗吴世勋
DCFC99DF97E9391C7729127E69BE1FFE,5,兰博基尼,杨洋电话能打通,怎么防止喷麦,中国新歌手
680EDE253B76EB37B3F56E850C52B98B,2,《巨人的陨落,青云志观星崖主,wifi无线网卡是什么,panel是什么意思
896D4E9AAE5EBBB6B269EE567B8BEF0C,1,麻婆豆腐的家常做法,戚薇,蔡少芬,陈伟霆吻戏
24E29E7D7B47F3212571A35A0C3742AF,5,苏墨叶楚楚小说,211.985大学名单,凤姐,苹果与苹果之间发短信不要钱吗
259EEB95E2A0E3B0D0E17A671CE19CD5,2,skin79面膜官网价格表,书包网h合集小说txt,没能力施展自己的才华用成语怎么形容,西游记之三打白骨精
192BE64085DC052CA810B49371FB7DD7,0,陈江学校,推拿学,裴文中,王海江1688
057812C222AA08405B95F8060D6A2B0B,2,乱收费吗,来月经不流血,狂犬病什么症状,天空之镜
9949C480D4E1CC714EFA5AC63EDA076C,1,园林庭院设计平面图,华硕,sketchup怎么复制,集成显卡和核心显卡的区别
1A253B5FA8073EF39B8C08FDCECA63E7,2,水准仪水平制动螺旋修理多少钱,江湖淫侠录,免费完结小说txt下载,海星达h32价格
B6D6DE1DC7645BBEAFD099CDC2553562,1,王者荣耀女娲视频,比尔-拉塞尔,龙王传说,刘胡兰
EE281CA4E6F7060FCFE02BC885FCB038,2,微微一笑很倾城演员表电影,照片规格怎么改,周宸佳,修武七贤镇中通在哪点
066D3277CEBA2549084C282038BA97AD,1,中超风云中的小李明,六年级上册作文大全第一单元,六年级上册第一单元作文,中超积分榜
415D4FA5E7BEF3BC75235C6D7ADBD92B,4,星梦童趣,海藻面膜,羽毛球规则,带鱼怎么清洗
F15DD0D7853D1587D30791C0F3F12002,1,医学的书籍,if you音译歌词,葛根图片,天蝎座性格女
B5C3BA1BA4087B8FA1A721FCFE5A0467,4,2016清宫表,退保险怎么退,"同房的第二天晚上喝了大半瓶红酒,结果怀孕?一般怀孕多久生孩子",孕妇能吃红枣吗
388717D77EE433B49BEE1F2472DF7BAD,1,一渣到底快穿,99.9刑事专门律师,莆田系医院什么意思,全能女配快穿
D6927BBD00BEDCC186DA52762EA41F20,2,鲁南制药,千佛山对面,王嘉尔高清壁纸,临沂齐鲁工业大学
F86DAF30EA909FE4D608AA058029C9AF,3,潮汕特产,银杯子发黑怎么清洗,按揭一套房,用可乐洗银 小说
A8D6CCBD70840296F5E76D4938691CE9,3,棉质羊毛好嘛,孙骁骁,woa战队,苹果手机勿扰模式是什么意思
4E165DB563E54A20F3F8A3345FBCD2B3,2,暴烈骑士靠技能还是平a,七日年化收益率是什么意思,纺织原料,美国杜邦
30833B40392AB0230CEE02BE042B289C,2,wifi万能钥匙官网网址,搞怪头像,佛山有什么好玩的地方情侣一起,韩国热舞mv
C636BC4C802C4346B7163A422027CC04,2,闭上眼眼睛流泪,三千鸦杀全文阅读,玛卡网页版,石家庄格澜商务
2043434FF8FAE3C21502912FB7D0BAE1,1,bifer这是什么手机牌子,奸臣里的兴清,xp框架有什么用,兴清在韩国什么意思
389B308023DD094EDF2FF18BE303CEE8,4,秋天的四字词语,铭的拼音,353,昆明高铁什么时候通
767749341C9E92234DD58C6BF9A6E8FC,1,德克士和肯德基的区别,tf,lol直播应该防备什么,乐视max2开机之后多少运行内存
992BB04590EB1AEA34223CA1D2E744E1,1,密码输入次数超限怎么办,有什么类型的肤质,乐视,银行卡锁了支付宝还能用吗
F5E71E924B26DFC138766DEAAD171ACF,1,睡不着的赖床分子是什么意思,分手后断联心理学,gloria,宜宾市大浪淘沙
5603D54F8F4CAED82E4080321788D898,2,广东省新兴地震,wis黑头套装怎么样,黑白伤感女生头像,常州威雅公学
42B2D5DAD3B879C90FD6E21AA7455C55,2,湿核桃,三本是什么,童颜霜需要卸妆吗,许嵩早期照片
E4AC4903E033B55E40FA3BF2A37F843F,3,荣耀7对比,华为手机进水,下饭早餐,手机如何recovery模式
FDAC27157D958F766ABFDD6256142D89,2,三点一线,940mx显卡,新加坡苹果官网,倒车入库虚线点
71541EDB33F66E7EA74E29CE4F5E32FD,1,5块钱硬币建党成立90周年,百鬼夜行,红线绑钱,鼻炎怎么办
0A06CF0374D5E8B03FD47E8070179C3C,1,烈日灼心,郑州钟点房两个小时多钱,高希希作品,中指会
BB95F60DDEA1E5A0F955B35C5FE5C745,3,23层的电梯房买几楼最好的选择,人流33天后肚子疼,嫁个老公过日子,帝国总裁的宠妻
329084239E5CAC0C28BF264F4CE752F1,2,郑州工商局企业查询,不动产登记局和房管局,百合嘉苑,微信网页版能看到聊天记录吗
09A024CCFB5BD183B4EDA7A8D1C9951B,1,sam云播,qq红钻官网首页,小米手机截长图,云99
1D6A9C26E6C840C1C2F9958E51E23663,1,把空调开启时 拿东西把扇叶卡住,两个大脚趾甲里面今天突然有黑块,绿豆要泡多久才能煮,军工企业排行榜
4B03F9747CEADAB40D8BE4AE71789456,2,为什么染头发头顶和发尾颜色不一样,手机相册消失,sisley,faceu黑屏
74CAE7B663C409D3004A5976D34F199B,1,子宫内膜薄怎么调理,混血儿香奈儿,http://,狗肉多少钱一斤2016
9357CF0F1293078EBE092CB0CE368C5F,3,痛康灵多少钱一瓶,颈椎能引起耳朵痛吗,中秋小视频,中国2024年奥运会
AE7881D060FBA08CD60D366A47869CBE,3,女子误机冲进跑道,精子成活率低能受孕吗,任桥梁演过的电视剧,中信银行信用卡中心
72117A839845C4DBA8DA103B227A6847,2,铁线虫入侵存在么,老坛酸菜牛肉面曝光,十指紧扣,running man
A50AE9119C13B4283C88360F9DBB71E6,1,积极励志的流行歌曲,聚美退货后多久退款,少年中国说梁启超,勇敢的心电视剧全集
3ABF248B00273F4AFB956A71BBF2A158,1,使命召唤ol,左手勾手,安踏44码,什么练显得壮
A5E9C6DCAB2E446BA0AEF4C80E702F4B,3,36周胎儿可以存活吗,34周胎儿5斤能活吗,34周胎儿剖腹产,蒸脸器的好处和坏处
1A90893672A2BF8468CD862BD3E5C7AF,1,唱歌跑调最快纠正方法,跳绳能减肥吗,跳绳+蹲起,唱不好国歌
B42C2A673EABB968CD89E442239FF87F,1,iphone5s电信贴吧,360系统重装大师是原来的系统吗,我的酷跑故事,百度拆机教程
344054963D769B469E43D7B7115256F3,1,微微一笑很倾城第一次吻戏,angelababy,总裁关灯吧,icloud账户详情不可用
3F08788032E754EE1E38814C02C485B0,1,note7全球召回,为什么龙之母要霸占七国,南艺新生颜值爆表,胃胀气
97828BCFA59D2E082C5C5318A038E0BE,3,微水细胞生态护眼水,4岁女孩火铳,连珠铳,"我眼睛过敏了,暂时休息"
9461714C5B1048521FDF872CD16B452F,2,王凯多高,蕾哈娜,金岳霖,重庆观音桥晚上
AC8AA6429E54B5128B3B4D9C95696439,1,很现实实在的短句,合神心意的事奉刘志雄,路边贴手机膜的可以贴笔记本电脑吗,桑成云
8716AA9AEDAAACB9285CCAD703EC4C75,3,空腹吃香蕉酸奶,吾悦生活广场,肌肉拉伤可以吃海鲜吗,无锡周新苑个人租房信息
AB30E1A1763599D14A479DDE4A690CB6,1,亲子共成长获取不了验证码,qq位置修改,明星经纪人收入,虚空行者特效皮肤
0BFFE63B0BF120B6BAC9EC1512707F55,3,酸辣汤,清炒藕片,一人我饮酒醉,川味牛蛙
328AE1A7BD9D761896C547A32FF47D8A,3,惠州候鸟水榕庄度假酒店,阳朔酒店有哪些,欢乐颂服装品牌,如何举报诈骗电话
9786B30A6B6BFE9F0BC2C48E18FED3C6,2,电脑壁纸,穿越火线手游在电脑上操作,疯狂的麦克斯,solo吉他
086545B3C82DF3C8C036C1EB41EA03E2,2,百度,天外飞仙 丁鹏,浦发银行 信用卡 额度,英朗gt
2451C956160047A9C9F76B79F6FDA079,2,深宅旧梦百度云,孜然大蒜的做法,py,肉蔻
C682E04B35A05F7BE4CAF3C802AA5274,1,恶人报喜百度云,machenike是什么牌子,i7 4810mq怎么样,广州塔和长隆多远
E19EE45EFC3F064C297671681E7D39AD,4,南宁到阳朔动车时刻表查询,西宁一日游最好的路线,玻尿酸面膜后护肤品起泥怎么回事,昆明到西双版纳机票
9ADE840DB567554C6C8D8ADB3B39CDCE,4,罗德曼麦当娜一天十次,战略支援部队是干什么的,北京机施建工海亚,北京武警总队司令员
52A94B2DD915938B7CA7FE73BD82986E,2,月经不按时怎么自然避孕,有时候两个月来一次月经正常吗,头孢拉定胶囊,穿越之我是陆如萍
48513A98A22E5ABE1ADD92C74B47D0B0,3,鹅图片,大米是碱性还是酸性,步步高x5,肚皮舞难学吗
CBC76897FD22CD951425444C34F2361F,1,宁文彤个人资料,g456高铁时刻表,k68yp,济宁学院简介
A27CE8180AE2793C1C9087FBF87F2287,1,刘嘉玲,h.m是什么牌子,卸妆从上到下还是从下往上擦,唯品国际是正品吗
E0282C75DDD6FEB4986234596D0546BD,1,短发,三里人家价格表,钢的英文单词,最新电影
2501424A891E33C7094C713B86A5D7F2,2,有了虎牙直播是不是yy就没用了,百度,大溪沟自来水公司是不是渝中区雅兰大厦,顺丰快递收件电话
814022417E812EA3B9B6EEACD8549EF0,1,免费小说,angelababy,祝老师中秋节快乐的祝福语不正经的,孤独世界幸好有你
42DB943FF74603C8C2CBE44FF2B0114D,1,学校发的手机卡怎么激活,盛宴难却,http://,vivox6换个喇叭多少钱
35F65F18081A0FA4F343EB0B61076379,2,微微一笑很倾城插曲有哪些,葡萄糖酸钙能用盐水配,平地风波卷飘零之身相逢于落寞,武汉到深圳机票 资讯
EB3184BCF32A00FA0AD904BD8C4166B5,2,张云龙,试婚老公用点力全文免费阅读,prada香水有20ml,大乐透
B40FDFC6F2EBDF82F3DE5D6C5A8CCC1E,3,临沂雅丽美发美容学校,脱甲膏,超级访问,男人吃药了可以要孩子吗
323F932F8594475AE3A6F7E473EC2E15,2,萧敬腾20169月份演唱会,台式电脑,真爱,鼓浪屿船票时刻表
F1B8D21C041D71EE33DABA735D4832AD,1,奥特之王,你女儿在世界各地,周宸佳,我为你翻山越岭 却无心看风景
3B69A699337A9A2C8C1B97749D3CF0E3,2,篮球教学视频,前列腺的位置图片,罗海琼,傅园慧小品
F0EBCA66A686D1FA16387CAE86177502,2,用什么洗脸会变白,天才宝宝首席爹地好威武,豪门总裁的闪婚新娘,女生甜美短发发型图片
08E5FC98CC6C9D12DC4368B0065AE397,3,日本熊野马油洗发水,159素食全餐的危害,爱菲亚洗发水成分,意林草堂官网
4C61F13C0A018ADEB5D9F9C3122EC622,3,一个车夫赶辆马车 车上坐7个人,江苏体育彩票开奖结果16100,手婉蓝色图片,怎么蒸螃蟹
F30912321B3E70D36C51CB305FD7B8A0,1,皇话第二期,qq头像,呼出气体是纯净物吗,百度云下载
4496CDFF4DAB5B0A695B408F6D6B24EC,2,问道129宠物,问道强化上限怎么定的,黑色的狗狗,塔元庄冰雕极地大世界
65B6DD3EB0F49EC3521AD8AD62527E29,4,电脑基本操作知识 办公室常用,数学的小故事,物业管理员,关于数学的小故事10字1001关于数学的小故事
9F5EDE6FCAAD8CFDD87A175361938572,2,相宜本草莲花生水润凝露,张孝雯,法律上出生的概念,杨家岭
C84D0EDC5C0B5C8B55AEA9E39743E9E5,2,张若昀爸爸张健资料,染发剂弄到衣物上怎么清洗,米奇妙妙屋图片简笔画,井柏然倪妮
CFA7EF0195D0C256F581A6A43091D003,1,"对领导干部而言,家风",直播是干嘛的,麻辣变形计演员表,我们的十年
E5D8C95677FD19EB284F353596425C4E,3,大兴医院体检中心,封神传奇票房,中老年体检必查项目,欧莱雅玻尿酸眼霜
04469BD1015AA7A56CD9707D26092694,3,上海哪里好玩,上海10号线,人民广场地铁出口,泰迪换牙
74FDB4A15FFD1CB51099EF0EF9465B3C,3,大连国铭钢结构有限公司,梦见换鞋,一碗米汤倒在头上 打一明星,永赫
6ADF76F7C4E2A770A70686A3AD17CFC4,2,中通快递电话查询,三菱中央空调e09代码是什么故障,冰的最低温度是多少,笔记本怎么连接wifi
A5685BBDD23CDBF35C18F339545D43DF,2,素颜三部曲到底是不是真的,za姬芮漾白无痕双效精华怎么样,温碧霞的电影恨锁金瓶,神仙膏贵妇膏毁容
BE5FEF0D30437A1172BA25E7DF6F2A28,2,霉菌性阴炎症状图,release,coverage,excel
F2929FE5415259A429D1C39CD2699870,2,微微一笑很倾城txt,77路公交车路线,朴宝剑整容,泗阳游泳馆票价
F13683C8BB5AF4A66F61C45B1ACF6706,3,qq头像,福州华润燃气公司,方形脸剪波波头的明星,腰酸乳房胀痛是怎么回事
376CA3A29789DEF8C6E99BF1F3B43E95,2,玫瑰水的功效与作用,中国共产党党会,张智饶,西安交通大学研究生招考试大纲
86B231AE6AF88B1A130C6275254AC028,3,夏新手机,qq头像,尧天女帝,卡通qq头像
75B9F217B0AAD4A72535B35007ADEBED,1,北京时间,全民k歌怎么玩效果好,全民k歌怎么唱sss,韩栋
759FB0BB9CE670014CE87994EF149593,1,18岁可以领结婚证么,那些明星是9月18号生日,精索静脉曲张手术后多久可以剧烈运动,风扇怎么拆洗
E221DE58AE983164BA18055155E3FFA0,3,奥库,奥库养生锅,曹翠芬,桓仁到抚顺
64D839B2840531B767ED2007EB9491C4,3,离婚女人晚上寂寞吗,三级情片一路向西视频,寡妇村,免费小说
2FEE25D61BC64963FDBFC89B8EEC080D,2,近视眼怎么减少度数,拉肚子拉水吃藿香正气丸好使吗,哈西万达广场营业时间,"甲公司欠乙公司购货款70万元,由于甲公司发?1992年2月15日伦敦外汇市场上英镑对美元的?会计机构和会计人员管理制度"
85EE35CF14E6B4D26A4946A4165B09EA,2,周宸佳,抑郁症,我们的十年,采乐香水洗发水
AE56B960AE380BC093A49C80B301006A,3,大隋帝国风云,面条怎么做好吃,灌装机,拿破仑近卫军
BF2BB33CD0B8B9B9EA82CC12E03A0ED4,1,阴阳师召唤画符,面具电影金凯瑞,黑百合,仓鼠拱木屑
0E88E42AC6FD04CF184148EE6D4FF443,1,动漫闺蜜头像,贵阳中考科目及分值,钟政涛的照片,快穿之男配攻略
C51D8927977A3BE9FC0920CA7B9741BD,3,鞍山齐敏整形医院,拔罐和艾灸顺序,碗莲可以不用泥吗,美思满人胎素价格
9DA5E9B0ACB2673232D427152036549F,3,戚薇,宋欣佳怡,下软件送苹果手机,红豆沙
5F7F1BD5E8B10919D91B526CCC161F71,2,祈福名都郑州,怎么得到电子发票,高潮,2200650710067098订单号查询
3C085106701819139C6982FABD15BDB9,2,魏晨,姑娘,阮颜顾惜城免费阅读,王秋红
039B6BAE65DE5656DAF2775462C2F21C,1,nana电影,奇迹暖暖公主联盟委托蔷薇,奇迹暖暖9支2公主,高铁香油能不能带
AB21DCEBF99F88CA4505AA4FE9274719,1,美团早订多减怎么用,nvdia,主任空间有权限 不能转发,任意依恋吧
EE1B86D8A9C01C0875AB70EBD09D1DE2,3,魏晨,辛普森简笔画,格力老总,战恋雪
ECCB256B90F331C081C5BA5E9038DBA0,1,中秋节的祝福语带图片,读书还是工作,红米1屏幕尺寸,外阴骚痒
DAA3D891FED43252744EA20205A74A53,2,老是一点电脑图标就没了,天基动能,2014cf9月新英雄武器,笔记本电脑什么牌子好
6F49D4FB4C814F590C586CA0558F5CD5,1,苦瓜炒肉,部落冲突9本没王打黑,电宝能充进去电但不能给手机充电,吉客士
95A65CD1F76D33FE70C5741B0E0B1724,2,泰星noon,破晓之爱,西北农林科技大学,http://
2B5902F71977EF9755580E92CEF320E1,2,mcq otq什么意思,会计专硕学校排名,mdd和mdx区别,mpacc初试怎么才能考高
CE5F0DE5A30DADAE4EE476AF75ACC838,1,手机进水摄像头模糊,上课走神怎么办,作文题材,手机进水了摄像头有雾
396F2288B221F9EFA4224720A9481890,1,blackedcom全集百度云,blackedcom百度云,中国建设银行工作时间,王祖蓝
D575817AFB46344E81C5E2BE00F1680A,3,总裁得危险前妻,丧尸和软妹,微微一笑很倾城周末更新几集,宝贝真乖瑶池
2FA6145397112FAF7D39ED97A4BD945F,2,苹果手机性价比排行,领动,百度,oppor1c换屏幕多少钱
27F90EC0DFE57219BF8D42C558ABAF01,2,火影之百合后宫,后宫百合传,联想利泰软件有限公司有多少人,天津中考网
B603E796EB5A37706D0BA25F7AB740B8,1,美女组织乐对,董卿的老公,貔貅是什么意思,发生交通事故五五责任
F5E52749634ABC00331DCA15DE82CC80,3,三级网络地址在线看,重生2003,乡村艳福,三级苏三
6F61D91E163FF25E36FD3917508F941D,2,为什么刚才妇保医院出来的就单纯,比较伤感缓慢的歌,上海一家人演员表,梦见和男闺蜜接吻
9E77292AC94C493BECACD7C617C32E58,2,1000dpi的鼠标,恚怎么读,波雅汉库克,中通快递走高速吗
D51DBE3ECFECA1F1B837BC8D46BDB1A0,1,少年大宝全文阅读龙腾,龙腾小说,江百万,htc
D78833EABF6B4C95CD8A9B4A03AA8E2F,3,亳州天气,安满孕产妇营养奶粉,变频空调温度调的低吹风凉,血常规
82EBB361F9124D91E019D2DBE53BBD2C,1,谁动了我的奶酪小说,知我罪我 其惟春秋,瓦尔登湖经典语录,新视野大学英语第二版3课文翻译
831E6D24268E81E68163B96FB101ACD5,3,lol电玩阿狸,我比天狂和邪无罪,发烧了怎么办如何退烧,oppor7
3B31C564FFF523E6B28C50E8BD397E84,1,名侦探柯南日语版,秦时明月之君临天下,甲于2013年4月1日开办了一家个人独资企业,济南芙蓉街136号的具体情况
525938772AF2924C9EB8065BF6DB464F,2,高位破水,吴秀波,资生堂眼霜,鱼子酱乳液
A0702FEDBFBB2D044A1BB7F7715F096A,2,工程资料员去工地第一天干嘛,化妆棉哪个牌子好,顶管,芝麻酱如何调稀做凉面
1EB2768CE7739ACCB10C71A08D661803,1,盐城旅行社,戚薇,江苏省地图,那好吧下载
C8B422023DD380F2A70B60F3AA0F9F3C,2,梅西湖音乐喷泉时间,梅溪湖西地图,穿越乱清,电视怎么连接机顶盒
47CD31C9CE214A545EA9436368081CC3,4,法几画,背水一战打一生肖,我爱你胜过你爱我 冷漠 杨小曼,福州安全教育平台
91455A56417CE00D55E59FCBCF929005,1,进行钨极氩焊时,无线键盘是蓝牙吗,手自一体,收费站通行卡
D51E8B8D21B5A7A1A0B9DC5D37BF2B25,3,卓加偏旁组新字,孕前可做身体吗,谷是什么偏旁,红心火龙果的贮存
83520D6477603D49CD14DCF63A5703EE,2,猎艳神雕风流,天龙外传之王语嫣,蓝牙耳机怎么连接手机,天龙八部王语嫣的母亲
49B46507AABCE27A3547895EDF32179C,2,韩国炸酱面好吃吗,杨洋电话能打通,孙艺洲,angelababy
C85407C4010D90F6BA85B3C59945494C,1,中药苍术的功效与作用,卡络磺钠氯化钠的作用,东南v3菱悦汽车垫,中药鸡血藤的功效与作用
2CF50E0638A432D8F72FCC88AA187B3D,1,墨西哥努力出口措施,bellef,信仰尤克里里谱,属于90后的电视剧
A8CB4EA8DEFC841DE1D348EA262A8396,1,紫菜鸡蛋汤,显年龄小的妆容,肌研,保湿清爽的乳液
612BF1EE2BB26C77011A3245EF6A10E9,1,冰红茶跟柠檬茶,adidas新款版鞋,两个带分数相加,广播体操舞动青春音乐
5AC45E2DF4F225F8C0B7B1833359A9FE,4,小叶紫檀,春风化雨润大地打一生肖,皮毛一体女装,圣斯家具
F343FD6C3EEFF194580948C18F3D36F6,1,竞选班委自我介绍,马先生动画片,手机影院,农业掌上银行怎么开通网银
C628748977BF63C4106E0A963D405DD4,1,我爱你爱到花儿开了鸟儿把歌唱,飞流梅长苏耽美,有关赛华佗欧阳明日的耽美文,朔云飞渡by四下里
E1A8289EAD0CDFB312CE53AA9194E037,1,口袋妖怪火红沙狐乐园分布图,剑神重生txt下载,口袋妖怪火红沙狐乐园园长在哪,txt小说都市奇门医圣
525EA8B17B192A4D813AB39B6C8EB64E,3,散装的巧克力怎么包装,雪花片拼图大花篮,蚂蝗图片,废旧手提袋手工制作
F1242DC458D53FC0A78493EFF3227D1F,3,柳州有哪些大学,酸菜鱼的做法,菜板怎么消毒,梡木砧板的保养方法如下
D21FA701AE3AEAA9B065614632CCE24C,1,超级黑科技,中国式关系大结局结局是怎样,朗诗布丁小蛋酥,重生印度之高人一等
FB74E5FA0E12963240BE658012E50A80,1,唐唐big笑工坊,我的世界怎么把动物变成蛋,守望先锋多少钱,斗鱼
5C25F3DB40D1BC026BD125F54963367E,4,澳马仕碗篮,讲规距守纪律小报文字,"人肉杯糕,碧琪",云宝被碧琪杀死了视频
8237DF7F97DBADC88171D00076DF3028,2,湖北电大校本部能不能报考西藏公务员,中国女排惠若琪图片,非全日制自学是什么意思,中国女排
21CA6918B5AA5D6249998DB95F0E3C0B,4,30多岁五音不全学唱歌还可以吗,好看的韩国电影,水光针里加vc,怎么练习唱歌
7E7022DB0DB3FFBED98D75EB510821BA,3,成交量和成交额是什么意思,北京尚优教育,龙王传说,mbi骗局
D4DB64EFFEE85644DF469B29198E3050,1,将对牌型,狼牙土豆,白洁乱欲小说免费阅读,好太太洗衣液2kg价格
92D6C488366BD6364495688CB3452BDE,1,微拍福利广场,表情软件,手机屏幕闪烁不定,曹格无辜 mp3网盘下载
7AD2C33D6E8F1A93B7A86E9107CCD834,1,青汁喝完上火,facetime瘦脸面膜容易掉,雪纺裙弄上颜料,麒麟臂怎么减
2CFBC1ED34BFF7F5A8A8045373A37FE6,1,豹女多少钱点卷,qq头像,偶像歌手阿狸多少钱,手机58同城网
A5BAD5E9BA63C8081E39672B5EE06D6D,2,开过来,桃花依旧笑春风,伤不起,她去巴黎留学的梦英文
968F83FC308DB31E1F16BB7EFC8C312F,4,雪佛兰创酷,贾宏声,蓝牙鼠标怎么连接电脑,周易
7168B5944451F45A78CFA0B1F2C5BB54,1,颔骨突出,近视眼怎么恢复视力,鞋带的系法图解,犯罪是人的天性
2A9F697884D14D70DCB78A4688856FC5,2,复方氨基酸注射液,糖果小说,8.真的不爱吗,温和弱酸性洗面奶有哪些
97CAED6FBE5366DF8D7BDCEC0FABFDD6,2,新浪微博怎样赚钱,带着核桃花生露可以坐地铁么,服装专业人才网,郑州孕邦电子商务有限公司
9DF96D4BEC921B49EB034FB6799FFB50,1,秦时明月之君临天下,疯情书屋,http://,张歆艺
9F98676FE1279A9B2483B0D9D983EE2C,2,蚂蚁聚宝安全吗,是以见放,只婚不爱,第一最好不相见
5476584CE93515F0222B094DAE2D8CDE,2,北京时间,顺丰速递频现内鬼,汉翻英免费在线翻译,flash player安卓版
D472A4C90D8F79611CFDA7F11ED76E24,4,黑乎乎的面膜,神州专车,炒菜都有哪些好吃的酱,麻辣变形计演员表
7BA9D7064CC28909EF952B6EB2E8577E,5,每一期彩票销售额是多少,艾灸盒,大乐透,百度
8A4E923C5D97FE13ABB4D5ED49B48931,3,唯美六字诗句,电影,selpincity,海淀开拆市场违建
EBD1B92AF1170F4F1B4962D5EF45721E,3,鸡眼图片,qq气泡没有免费的,kiviak发音,老年夕阳红旅游
887471002D92406B1F0CDBD1CB7762AC,2,微型计算机原理与接口技术课后习题答案林志,百度,电影,微型计算机原理与接口技术答案
467106F6930C81A8F6DBF0A97DB59F8F,1,ins注册翻墙,维多利亚是哪个国家牌子,入党申请书格式,雅诗兰黛是哪个国家的品牌
D5B3C5E9C8682063AA8842646B898E1B,1,国食健字g20100224,sim卡串号是什么,麒麟处理器排行,i5 6500
F0A5EB378511D187A547E9921EB942FB,1,名牌鞋子有哪些牌子,天枰座,卡能耳机怎么样,十二星座女生谁最萌
61057AFA6DF23FDEC5AA954D3CF0468D,4,笔记本电脑搜索不到无线网络,驾驶证考试流程,小说排行榜2016前十名,星城在哪里
FBAA73042A7FE37587C84C625F301F3C,3,热水器漏电 可以退货吗,树上的人怎么才能活下来,天池门票,乌鲁木齐 计生办
3006304BF2781B93A47D3E58D8097A41,1,高中最讨厌,西北工业大学地址在哪里,最让人讨厌的人,读研究生是在原来的大学嘛
9B1A61F254733309B4ADB9F201863C4D,2,免费小说,守望先锋点位,n卡录屏叫什么名,机械师m551
4F38F4C33A501F71662A449CDD09C5B7,1,荷叶茶怎么制作,运动减肥的最好方法,荷花茶的制作方法,宫泉面膜多少钱一盒
8078ED6CCC74D269517E70E871220288,3,一遇成婚捡个总裁当老公免费下载,一遇成婚捡个总裁当老公免费电子书下载,邻家有女初长成,手机什么软件可以拍古装
35D80594AA6F990CF265444EA19F1C2D,1,有设计感的小碗和杯子,魏晨有没有整容,椅子创意设计户外,湖南卫视中秋晚会2016嘉宾
E2F7E33AD6032609B1CF4113CBE30280,4,武汉百联奥特莱斯楼层导购,adidas,武汉有ipsa专柜 小说,武汉ipsa专柜
F273B40C748C47F39144ABBBCCBFE240,1,费沁源,孟逸然好丑,郭晶晶,丁宁腿
7F9DD4DC06D0732B077E5DF5E724A9E7,2,入党积极分子思想汇报,曹显兵概率论视频23讲,刘强东发的前妻庄佳,手掌心 丁当
5AD201CF52BB1DFB22258C9EC07EE254,1,便秘出血怎么办,艺拓吉他,http://,哦 姑娘是什么歌
847E0334264C494E08D0230B7361DB6C,2,发根不稳固,上有压单下有托单,吸油烟机耗电吗,杳冥
F07B872CACCC9AD3B3B305DDEAD46DA9,2,什锦水果粥,七星彩画规律,寄身份证用什么快递好,第二代身份证
9F76BD1064595FABE0EBC8A09984ECE1,3,山竹的功效与作用,不便秘就是拉拉不出屎,南宁哪里补牙好,小孩喝益生菌酸奶好吗
AA359B671208C3D69E27B571C854D1A7,2,考驾照要体检吗,眼保仪对恢复视力有用吗,蓝牙耳机电池多少钱,驾照自学直考年内试点
DD01619FC200978F3A3EC20BF470B01A,1,百度手机助手,再给你,华为荣耀4a无法移动应用,华为荣耀4a可以用16g内存如果不能用是什么?华为荣耀4a可以支持sandisk闪迪的16g内存卡
BA98F5438014E28AC6957B472D3593E5,2,用什么洗脸会变白,大便屁股疼怎么回事,泥白正品,电信飞young套餐49元
71E94E94636B26BB4D76D29E554F5DC6,2,冰川巨兽墨菲特多少钱,失眠多梦怎么调理,滑雪大冒险第一个载具是草泥马,建设银行
45293907371A344A58F2443696A8808E,1,杨洋图片微微一笑很倾城,宋欣佳怡,宣传部面试问题,孙子兵法十三篇
C601CD9ED33680F06BC43B152FA81F60,2,重庆第一家小面,如何更方便的与老人联系,分湿骨关节,9月7日去世的明星
C4404D16BF4F6CC8A15330FC8F15E20B,3,酷睿i54210m,痛风患者服用碳酸氢钠最佳尿液ph,甲减面容图片,用药教育
FAF1D5F4CA41EC378CCE015727325368,3,天蚕土豆,仙界,蛏子,老人去世用报警吗
26FD7F02803F86818A56A2B3F4F16013,1,台式电脑,长沙到临汾,口袋妖怪mega进化图鉴,如何做服装生意
428400E01E79BD9F905854246911921B,1,定海艺术幼儿园,木屐拼音,什么软件可以通过手机控制wifi,网上兼职打码网站
F943DE53A09B0F8543D530EF8AE40680,2,大脚趾下面起个疙瘩刺痛,洪门真正存在么,鸡眼初期图片,怎么损人不带脏字
16A2BF0B7A2EA49EB08B1A62538E5396,2,冰山攻妖孽受bl小说,守望 溯雪,丹青劫by眉如黛,烟花 浮雅
312BA8CE9EE281023D28AE06FD4EA204,2,重生之无悔人生,类似重生之闲人高干宠文,一个普通的二本如何考上一个好的研究生,西望遥安
D3BA1713E2A7227D65F742ED1865EDEA,3,酸菜鱼的做法,用什么可以控制头油,计划生育流动网,怀孕第21周胎儿彩超图
A79E9B5887FFD8DFDB1AD84E43C409F4,3,封面图片,万加足念什么,手自一体,雷凌双擎和卡罗拉双擎哪个好
D92DD40F05907509F32CF002FF882918,1,华硕,百度,关于接口的描述,汉克时代科技有限公司
667A46CCCD4935329C31E958C938785D,2,笔记本wifi连接不了,怎么用笔记本电脑开wifi热点,蔡少芬,杉杉来吃小说txt下载
62EB4183C5B41BA720BB5F91B34C71F1,1,张云龙,魏晨,变形计张子安和隆仙桃,爱萨仕
2A4C983DC3B2616ABA7A697A431C831D,1,陈翔毛晓彤分手,天气预报澄海,马舒雅,参军祝福词
4A3D8CE3B324E9F5FB3ED82B362A0F7A,3,改签的火车票能退吗,警察六种素质,高潮,苹果手机怎么不用屏幕锁
71DFAF728F7DE7CAE249BCC7DADDFD0B,1,北京时间,试用期过了有工资,綦江在线,马云儿子
91C8AF8C8C8DEC49DEB631557ECB6494,1,刘乙秀,月下大庚角誓杀贴,南昌大学科学技术学院,水滴鱼
4DD690051650AA459D5830F5853F22BF,2,江苏大学,g20音乐喷泉,钱塘江大潮时间,文强
57C8F23F04287A614BB3A59E9E9879B1,2,好的qq昵称,一磅,广东工业大学,宝马mini
CD149C4DF21D9CBB89D394BF3BA8E258,1,综穿之拯救痴情女,资源共享吧,快穿之女配守则乐文,我是杀手女仆女穿男
57BD0369D297F7CC57EA4AADF700AA71,1,化学酸碱盐概念,零失败芒果慕斯蛋糕,你的一生什么,or的意思
C66A88F9DFC5F4A2C33CDC1ABD904521,4,江苏大学,夺嫡端述txt,c语言,信天游
AB50296498A1CA6C15145D15BDBA98C4,1,谁是卧底词语,陆怎么组词,重生之豪门辣妻,百度云txt小说下载
CB05C75D813BBF1E15770F34D8F6DC13,5,机电一体化好学吗,大庆连环湖温泉,黄家驹,牡丹江至绥阳火车时刻表
590D5AB8E0E9010493793EDF8DD0CDED,3,老翁徒手击退黑熊,神秘公式评球队,少女系杨幂腿抢镜,柯震东颜值全无
0C47842832F7CAA7A427895CE1154845,2,distributing什么意思,杨洋同款鞋,腹黑总裁狠斯文,腹黑前夫撩妻记
38873F031AC3B6063A50E4D4BF1A6A0F,2,甜甜的,厦门傲农集团,k9sm,天宫二号发射升空
FFB195A1F83B0ACFA5827F4CEA56CB4C,2,试婚老公用点力全文免费阅读,含有媚骨的成语,姬芮是哪个国家的品牌,波导管的波导波长是多少
CEAD26F2B5D577356549A68E77E1AECB,1,魔兽世界远石浅湾在哪,win10更新后玩游戏死机,魔兽世界克拉苏斯,curse插件
D9881917C6F09AA0E425F2B89EB26DAB,4,雅诗兰黛紫水配什么乳,无痛胃镜检查痛苦吗,中国和里约的距离,康婷是传销吗
56747731026BC617D015F4B194D32E49,2,大学生dj,洗衣机怎么清洗,增氧机原理,郑佳瑞乌龟
F3EFB06FEC2E225CFDF78A5C8FD2DC83,3,句容哪里办临时身份证,买房贷款要夫妻签字,南京丁家庄,花园洋房装修效果图
0903151ACAA221F2BE3181D4CD09BB3C,2,地铁七号线,五寸、六寸、七寸照片的大小各多少,狱鬼by狂上加狂百度云,constantly
43DE48CD3AAFF0BA09001AE2A8EEE9EE,1,语文花开八上答案,360路由器好吗,呵呵,王者荣耀安卓可以送苹果皮肤吗
52C2FF01812F577AD2C45AF4A1F92F18,4,微商什么产品好做,药监总局,70535505075825,美图秀秀
28070C38147EE395961E8CEC6B89F21C,1,我的世界红石灯,停机了,鸠字开头的成语,鸡肉有一部分黑了
B25F4E77985E5C77E071B4C755095FC4,2,微微一笑很倾城几点更新啊,收银员大该,微微一笑很倾城优酷更新时间,剑三是网易的吗
895586FF06C4301480DAF5DE1064446D,1,柿子叶的功效与作用,荷叶好还是柿叶好,薏苡仁、紫草,桂花茶的功效与作用
50D57CDFC178CE50DD1839E300327CEE,2,黄水谣合唱简谱,阿玛丽莉,钢琴曲欣赏100首,吃紧急避孕药会发胖吗
2CE2330E73ED8C98281A327FD8D3DE30,2,如何把蛋糕做大,商务谈判案例模拟怎么样把蛋糕做大,离月经还有十四天白带增多,廊坊市和香河到要多久
F0A470440870A04EA280CADA485E028E,3,张启发汉奸,有案底的人多少年解除,崇仁黑社会奥仔一,抚州陈菊芳
BB1468DEBB22E65763C787139E4244DF,3,睡觉多梦是什么原因,腹泻能艾灸吗,俞飞鸿演的电影,鼻子干燥怎么回事
B15A83838E09DF3CEA6CEEF9C2A84F64,0,腰薯,古文图片,凤形小区,圆柱面积
55F2E7164A88F576CE059499CDA2DA10,1,聪明的人为什么秃顶,酒店无早是什么意思,农行个人网上银行,二月红怎么死的
F023C7356052B5CB93E7413FA2A19D85,1,酸藤果,五粮液价格,30元流量季包怎么取消,95598电费网上查询
DF47CD3819137BF0F3CC53B4A1805D13,1,音频输入是什么意思,哈佛h9,dns辅服务器未响应怎么办,dns服务器未响应怎么办
43229379A832D2B9BF74A29ED544BDCC,1,入党积极分子思想汇报,手机充满电会自动关机,计算机二级photoshop操作题,睡眠模式是什么意思
EC477EF04CB0E0068AC329EE61F20941,2,杨魏玲花,2016金鹰女神投票排名,杨洋代言惠普笔记本,少年四大名捕郑爽演谁的
01A064638436EFA1F78CBC566E5749F6,1,终结的炽天使mmd,武汉音乐学院是几本,终结的炽天使 红深,王者荣耀cos道具出租
FA16DE6093E642580CF12E88DCB46EE3,1,流星雨台湾演员表,30篇习字多少字,哈林组五强,王者荣耀体验服下载
D3DA989D3BAC83F654F05585E59C194D,1,不过五给毛主席算命,好看都市修真小说完本,日本人为什么叫中国人支那人,情感说说大全
BE1075023344CB4A64E23A59310A2145,2,ps中的快捷键大全,"陌上花开,可缓缓归矣什么意思",汕头金平区卖新娘装,汕头金沙区卖新娘装的地方
39AF7E35981CEAAF4FC69422380C958B,3,赖薇如,透宝丹的使用方法,透宝丹哪里有卖,柠檬片跟面膜一起敷会有什么区别
E40F12A7EECF801B9C676DD57D70830A,1,优酷下载安装2016最新版本优酷,儿童可爱蔬菜水简笔画果图片大全,关于杨洋三生三世十里桃花的网名,儿童植物简笔画
C0F41F1E13CDF44C5447ADD8A935427C,2,月亮大还是地球大,微信提现10000手续费是多少,网连着网络电视,立体手工制作大全
A98041BEA3A59E2E6611064F5B860363,3,微微里面的插曲女唱,黛莱美面膜多少钱一盒,谢雨字图,黄瓜加蜂蜜敷脸有什么好处
785611F9DD7954FD7D2CFE4EC7F8141B,1,江西樟树永泰民政所单位名称,江西工业职业技术学院 官方网站,乐视2pro怎么样,江西工业职业技术学院新生入学通知
8862BCC6F8F52814870F2BB0CAC7C3B1,3,酸牛奶什么牌子的好,顺丰快递电话,电信卡不实名制会有什么后果,李文琦现在
65640AAED3FCA46F408B54547C09C26C,2,小作坊,国寿e家官网,中国好声音,萨瓦迪卡
94B705C83D0A20A806DE2E18D570E6C0,2,iphone 7包装盒曝光,奇迹暖暖公主级10-3,中午饭食谱,note7全球召回
51459BF0CEBEEA39A1E54A65F5571665,1,九一八历史博物馆,简单的手绘表情画法,新闻格式模板,怎么包书皮
4ED4EF7602ED1A99316C0C57E354330A,1,怀念的意思,南阳市三中2016招生名单,不用扎的发型,凉拌金针菇的做法
D43746A393432BB1C973E764048807B3,3,滴滴不是自己驾驶证注册怎么过脸,滴滴快车破解版,全民斗战神辅助工具ios,小孩流鼻血是什么原因
A10EFB40F0C66EEDC803262C8984F91D,1,集装箱高空坠落,步步高平板电脑,note7全球召回,周杰伦演唱会摔倒
1DC39A52949C7E391214D126741BF5E5,1,哪些手机有红外线功能,91皇室战争,gta5下载,大学宿舍笔记本电脑有限制功率吗
8CFF09A0848725BCF7FCD3C184F0BDFA,3,e3 1231 v3配什么主板,梦翻译成英文,i5 4590主机配置,英特尔e3400cpu
06E1DA59B5035CBC48C2FBB53C56D61E,2,歌诗图为什么买的人少,歌诗图,男枪为什么总说上上下下左左右右,焦点访谈康师傅多菌灵
6711583BB8F40BAE5791940AD7F994F3,0,林肖小说,高一思想政治必修一作业本,耽美娱乐圈宠文一对一宠,近视眼怎么恢复视力
E1B9A3014E07B1D3A147762EA08B0698,2,有罪之人错拘,但行好事莫问前程怎么接下一句,强化法律监督的名句,多巴胺是什么
ACEAC0AE22C919FE0AF33235FC789EF9,2,朵色怎么样,石榴的功效与作用,安妮宝贝,联通宽带不用路由器
32B636D6163309C4847545F0B9DBF576,3,in致青春,不是自己生的孩子,幻城马天宇结局,奔爱演员表
1DE2ED10D58C4B0B9FE8219B73C75248,2,平潭岛蓝眼泪,80分怎么玩,龙王传说,百度
FBFFB94DF486F954523EE65B2778B171,2,咋滴啦 谁呀小品,住宅房和商品房多少年,"看那军旗飞舞的方向,前进着战车舰队和机群,",上面也飘扬着我们的名字
C59F1FC2DFA2937C983A88E0F42A5CDB,4,汝河的起至,风水大相师,笔记本电脑黑屏怎么办,喷灌带
AE121FE6DBA404D472C7F01875F7BD2A,1,乌龟后面两只脚出来头又不出来,河外星系,怎么能查到车的位置,唱歌声音不成熟
5C1243479EADDFFFFCC8BCA06F49A7F4,2,今是街道办事处,ktv夜场是几点到几点,在学校旁边买房好不好,太子妃升职记完整版大结局
6650AFE65371AC0F8CAC0468532CEF3C,1,樱花是哪国的国花,江西师范高等专科学校,怎么才能知道qq好友屏蔽了你,赣三中老校区在哪
F183F2AE9EEDCBB15160D68BAD99B09B,1,银针菇,卧式千斤顶,大侠霍元甲,交配器 图片
A02324439B900A3A894293F0B3FD39A0,1,病假条怎么写学生,追凶者也,适合玩游戏的笔记本电脑,大话西游3
26D5101B862754807150F48B040ECBDE,4,电信怎样订流量,明医女妃传主题曲,魔王大人收了这妖孽,一更上墙txt下载
5D49A13506895DE57DBC4EA479E0EE0A,1,百度,善恶一念之间纹身图,欧美花臂纹身,李钟硕韩孝周
768AAAE10AC59B4670DC3DD5B4D104D6,4,卷轴,fastboot mode是什么意思,关于传统节日的文章,儿童幽门螺杆菌症状
08085342475634837A49223C791ACB72,2,石锤什么意思,致韵,王宝强起诉书,姐姐饿了吴奇隆里面的歌曲
19339A75EDFD921C7D436E9A8412D511,4,预收帐款算不算当期利润,上海房子疯了,习总答美国记者问,cool1
41B15BED31D7EF83AB272923688C05CA,2,儿童书法兴趣班,玫瑰园,大王叫我来巡山舞蹈,葡萄的图片
E0497E17768B3DC49640B5CE430DDC45,4,罗氏芬,太姥山天气预报,外贸常用英语口语,霞浦滩涂
EAEE49C11EAD1A510BC781227872B72F,2,怎样,怀孕35周胎动时感觉肚脐这,孕妇能吃石榴吗,笔记本电脑出现蓝屏英文字母recovery开不了
873E504C415AA24DF29EEA163C5D1219,3,卡恩威电子,铭恒达精密五金有限公司电话,藕粉的作用与功效,黑枸杞的功效与作用
A0D1D982B3D7EDD5342B97447A74ADD6,2,波若波罗密多心经,服务器错误是什么意思,桂花鸭专卖店,幽灵之刃机械键盘
5BABAAACBBA3CB3E2E0B85CB9FAD5792,1,龙王传说,三阶魔方,鹤壁新区银河幼儿园,旅游签证
2D85755D571797595A23666B07A9B8C4,2,英语老师第一节课自我介绍范文,一分钟自我介绍,英语音标学习,英语一题型和分值
398B6AED9F19F190D23D78529A65AD44,3,卵泡是椭圆形的好不好,试管促排卵太累会不会卵泡不长,穿越尼罗河公主,孕妇能吃石榴吗
2C3F8CDA513A2013A559F7DA0C3F813D,1,大富豪2九游版,希尔薇,铜梁二中,风之动漫
C8FC99FC2075F824047D63F5AE4BFBA7,4,北上广不相信眼泪,乳腺囊性增生最大的16m,红血丝是皮肤薄了吗,甲状腺不好的人能吃羊肉吗
EC196E205410F477B028B50FDF4CCF85,2,老九门百度云链接全集,假眼睫毛怎么卸,山西特岗,麻雀中苏三省为什么投敌
1DB9D4F6228D73834BB917042A30F50F,1,梅毒图片,咋样练习膀胱肌肉,全能解码播放器,细菌培养
3100978C473DCCAEFC8A29F49F10897A,1,扣扣头像女生,鹿晗图片,只是没力气 没食欲怎么回事小孩,吉林9月1日有雨吗
34D1CEB9EF6504BC1D14899A842A02C0,2,登机箱可以带上飞机吗,登机口怎么找,探探短信真的假的,头发蓬松毛躁怎么办
B1C208E86A91E956F4E57BE890928B9C,3,跑步治疗血瘀,体淤怎么改善,焕采空间便河,舌根有疙瘩图片
85B286D311F77D1801689F05625A0133,3,怎样训练狗狗,陋室铭描写环境清幽宁静的句子,华为商城,七年级下册英语语法重点翻译
124762C9FF7A5BF26C854B700ACD5A3F,2,小班音乐教案,怎样自己制作香皂盒,学前教育论文题目大全,不要和陌生人说话绘本
339DDCA68CBEC9E1ABDE77C2DA6DAE42,2,入门扫弦吉他谱,"安装了驱动精灵,反而打字都卡,怎么恢复到之","显卡升级更卡,怎么恢复",二手书交易网站
3373883A937A6271D7E1ADC5C46EBFBD,1,2016薄手机,夺宝,怎么改qq聊天背景,2016微博粉丝排行榜
79D0C3555DFBC55BCCEB4C7DEAE2E8FA,2,a4大还是a5大,杨姑娘水果,蓝色生死恋最经典主题曲,天猫魔盒怎么装电视猫
2077A273AAF97599FA25C05F5AF36D7E,1,僵尸道长2,僵尸先生5之驱魔警察,十点读书,海虾的营养价值及功效
4F8061475FAB88960242C4E5743F8474,1,徐州到西安沿线景区,倩女幽魂游戏图片,剑灵排行榜,婚前试爱小说辛晴
CE16D68B59D6BFE0C98D604C17ECC332,2,17.416开根号等于,污渍到板砖上擦不掉怎么办,成都考研大班联系方式,四六级
762D0C89E329DEF076C76E4254ACBF80,1,感冒吃药后出汗怎么办,个人洗护系列 洁爽精华,一直高烧39度怎么办女20,lipstick是什么牌子
E009EEC1E0509C8D97C7A1D1AD2E7ED3,3,村头那傻妞儿书包网,谭,穿越之农家医媳免费阅读,歌莉娅毛呢外套
7571AF041F5A20DECD2C3EF2A9B6E1B1,1,旅游景点的介绍英文,欢乐颂第二季什么时候播出,韭菜饺子壮阳,空间相册照片怎么删除
B10AAC869AAD2A0AA5E99273367688A9,2,立即下载安装高清影音,葆婴有限公司会员登录,葆婴官网,总会遇到你郑爽杨洋
5FF99CCD96FCAF7885DBF1B0D9B46CA6,2,微微一笑很倾城直播怎么看,增值税征税范围,张汉武,陕西招生考试信息网
9BAE8B312612B7994CE7D5588AD873E6,1,当你走向社会你会拥有一堆朋友 这些人就是?微信多开金色,猫和美金,凤姐,韩安冉快手打广告多少钱
86448031C613F9A284678F423241BA28,2,美发造型扎发方法图片,剑桥童鞋女,美发造型扎发100方法,短发
EAA19903B2F3E5DA12ADC5124B0EF40F,1,嘴唇上边中间起水泡怎么好的快,刘露图片,刘秀多少个儿女母亲分别是谁,宿州市第二中学
B42EEAB2D272B59D002CB9EBD874159A,1,电饭煲做小米粥的做法,做好事的作文,里番漫画,鱼我所欲也原文及翻译
A886710A7C46527BEC2FE4A4ED97174F,1,万州和美医院护士工资,阴针阳灸,商丘到万州转车怎样最快,怎么剥板栗
761FBD7A1C00EAFBA05BFFA1A06436FC,3,琅琊台,美图秀秀,林志玲孩子,李嫣
C6BE7078757CCE3B1AFEF98AF41DD4A1,1,充电宝使用注意事项,刷机时改名验证失败,草房子好词好句,男学生发型
59F0B2C383A4CDF752A5B6CBB8A4EF43,1,海藻面膜千万别买,黑枸杞可以用冷水泡吗,滴滴出行没有微信怎么弄,宾馆里的电脑怎么开
4A32E9EB2074A2E3076850F583AB74A1,4,微信聊天工具栏怎么更换,周村环保局宿舍,济南洪家楼银座,163贵州人事考试信息网
28A419D4C9BAFB781BB99A60C6B10C38,2,笔记本电脑牌子排名,微信多开软件免费下载,联想g450笔记本,为什么早晨起来胸口闷
79DB1A5BFA5163697C70036B7762D670,2,京东白条怎么还款日期,erp,丰田兰德酷路泽,为什么都说金属手机壳会干扰信号
D15FB07EFAFBD2022D057659351E71E6,1,高中学历做什么工作好,龙岗到东莞大巴,沈阳,东莞市君盛信息技术有限公司
9FEB06CAC724225C5C71B23669083E92,1,连云港那个学校的初三军训,天然气丰富吗,抑郁症,风流三国
F84F3F9F35283EB019DD6CD2ADD58BEB,1,萨摩智商,ricky,二两是多重,黄金gp什么意思
AA114BB41B35B6C9A5690A5F2BC4C666,3,龙腾小说,宠物蛇,戴隐形眼镜,宠物蛇驯养
358D9C7C40DC6482525781D9F41243EF,1,kkkkav在线观看,触手产卵里番,鸣人之死,有触手的里番
640B99797846A96F4677183CD6370898,1,手机qq音乐付费破解版,qq飞车活动专区,中国兔子动画片,透明日历
5B4273EA07B521A17AF07E7E853580EE,1,去国外翻译,英语日记,杨颖整容前照片,体育馆英文翻译
8B4EB8B5D8FB379814286A777EC59330,2,微微一笑很倾城 大神说我心疼了,豆干卡路里多少,于都古县名,"会坏的,轻点 鲤鱼乡"
FD6E4CDAC6635BC17E7850337327F251,2,za真皙美白隔离霜试用年龄段,天津小米之家营业时间,苹果iwatch,最快的邮递方式
6A9796F0366570B549ADD184E1332235,2,少将待遇,笔记本电脑玩cf怎么调全屏,皮脂瘤,牙后面长了一个疙瘩
AD6EBA07FCFE583862283B472C185338,2,鱼周读什么,还有一个叫什么任梁,蒙面歌王第二季名单,青州到青岛的火车时刻表
B1ABAEBFC47C26C88FA4C978534B121F,1,偶像梦幻祭北斗事件,20岁肚子疼,小碎花还是大碎花豆瓣,韩国衣服验证码猫腻
228C1871B86F78C528CF471ACD7F1F2E,4,轻音乐布线效果,为什么qq浏览器看不了视频,打印机怎么打一张就打不出来了,怎样查看微信提现记录
46488649940BBD1DFF810F859092E8B6,1,烧饼修改器,aj,home键,盔犀鸟
585A909F4BCAE8F815371680D96B5AA6,2,扭蛋,陆垚知马俐李军,顺丰快递单号查询,李白歌词
A21FC64C1E8517AD45D21E0A1E011818,3,谁让辽宁十年拉了一屁股饥荒,汉兰达7座图片,微信下载2016最新版本下载安装载,贾宏声跳楼死亡图片
5E4A932F5E0A0B446A62EACD462A8652,2,魅族哪个玩游戏好,2016宁乡结婚份子钱,结婚送什么礼物最好2016,何所冬暖何所夏凉7826936982
AD5DC13585ADCA8F442909BCE48B1B3D,2,文字桌面柳,dota2开放式话筒阈值,psv3.60破解,360n4s持续发烫
C20BD6B5F1FF992B0E327192E41C2B02,1,爱豆app,脂溢性皮炎加湿器,抑郁症,盐酸环丙沙星乳膏
EF8322AEEF4ED992A209D264E8338896,3,秦时明月之君临天下,百度,打响指什么意思,uzi视频
F84E7C826F6495F34AA1E2897A8A270A,2,乡村爱情电视剧大全,贷款利率怎么算利息,公交卡充值网上充值,"公交卡钱还很多,怎么刷卡说请充值"
7ECC884A6D20127FD32AA5735E33F662,3,开化妆品店需要什么,堕天使怎么刷,cf活动汇总,穿越剧电视剧大全
F3794F81C80C465C378E0ADD32E3CFC6,0,好太太浴霸官方网站,八面城到铁岭客车表,海藻面膜千万别买,买客车票
AD8A51F18EF994F87F213AE306414CF0,1,央视批天价片酬,唐僧取经概括,angelababy,孙悟空人物性格分析
01F86A2D3218ECEAF6E53146D38D90DE,2,部首查字,刘嘉玲,牙周康,腾牛装b神器
5EB6B704F7A268707546C12B52F400F0,2,乌龟爆皮是怎么回事,微波炉里瓷碗可以盖盖子吗,阳光灿烂的日子,宋慧乔八字刘海
6574962A944AD21DBC7D22F99297E8DD,4,黑鱼,星沙恒大翡翠华庭11栋住宅停车位比例是多少,星沙恒大翡翠华庭楼盘,南海神庙地址
5FE88B40A270BB547106BB47234233BA,2,2016年银行招聘考试时间安排,微微一笑很倾城里面的女演员脸整过吗,吸血伯爵配什么能爆分,擦果酸护肤品前注意事项
5737069F902A89F4313F473C2038A35B,3,一叶子面膜怎么样,无线网显示403什么意思,身份证丢了怎么坐飞机,中药补药怎么煎
29E494A43F7A9DCAE6BF9A41A0EECCBD,3,城寨英雄在线观看,冰皮月饼脱模,九朵云气垫跟珂莱欧气垫那个好用,水宝宝和安耐晒哪个好
B87AE783202162DDC9282494DF55DA0C,1,公安和警察有什么区别,百度,浪琴l619.2,祛痘印面膜
F6B4BD2D251C4301EFE23FE1D55EA0BE,1,ps2硬盘机,烧饼修改器,wii设置,闲鱼
7371C94D39133B8E58C92B070E274D2E,2,朕亦甚想你,芭比布朗流云眼线膏空瓶,opi酒红 郎窑红试色,溜肩着装
F2C47074EDFF6112EEE9CE08C464B82A,1,辉煌的英文,孔子,阿迪达斯 adidas crazy 2三叶草男子复刻篮?篮球里面guard是什么意思,dongfangzaixian
7EBC869F2524D2E8678296E6E48C3337,2,渐渐长大英语,万书网,为什么,书包网
336A4F87814FFE00FBCFE49DEA474F16,4,神秘岛读后感400字,电脑数字键盘不能用,i1001无标题,小海蒂读后感400字
4799888D802D49172A66CB8825173575,1,出轨俱乐部漫画全集,科学计算器,萌宝来袭尹梓苏,蝴蝶犬幼犬
3193F598E970EDB934B2824B72277EC6,2,糖尿病能喝牛奶吗,废品机械师怎样保存车辆,斗鱼主播不播会扣钱吗,联想y430pi7显卡是什么
C0D197D3E4D11DD1C623FE02772FA34E,1,世界第一初恋,总裁崩了对谁都不好,男友们同时求婚怎么破,荤君素妃
4CFA57B443E646AA7EC800061E21AB2B,2,长沙人才网,开福区新港街道,改wifi名称的时候锁定了,龙宇跑得快作弊器
A37049CB64D58001C3832C94AC628504,1,扛妆,教师节来临之际怎么发短信祝福老师,tplink路由器连上wifi却上不了网没连电脑,长治到深圳圆通快递需要多久
E2AA9B11454BCD3225F29CA5AC26AE07,2,穿越之美满人生百度云,考研新东方能提供什么服务,国家励志奖学金,报录比暨南
C7D3E58E34D515B66AB681A9D08FE688,4,mk手表算什么档次,12k从幼儿园出走,皮卡上路有什么限制,年级用英语怎么说
BE901720C95FB7B3FA1145A4B6D2624B,4,破壁机好还是原汁机好,韩剧《来自星星的你》的配音演员,剪刀面做法视频,麦维全能面条机
C8FCE2EDAE32A029A149FD091B0DC48F,2,苍穹之光薇恩多少钱,旱缸造雾的设备,i74980,win10怎么设置宽带连接
A943793A124D1D0D2EC96D5CEEBAFF7D,2,win10没用的系统插件,985本科考外校研究生好考吗,99宿舍,西交大和西工大电子专业实力
503B740C2054B103C8683506A63586A1,1,百度,辛弃疾众里寻他千百度,大专,桶珠和苹果圆哪个好
28947251BC02E9C2D0995332936FCCBB,3,菜村出现狼,苹果7分期1年要多少钱,1936年,症状性脱发
90D95AA9F89E2C1C1616B5594ED670AC,1,什么洗面奶比较好用,虞怎么读,麻辣变形计跟柳莎打架的人是谁,孝琳和闵孝琳是同一个人吗
AD903945218E16AF82C6E7E822368EBA,1,李孝顺,腾讯qt语音手机版下载,赵雅芝素颜,qq头像
80723FE58FFAF64ADB411CBA500E7771,2,麻婆豆腐的家常做法,电脑可不可以以旧换新,天猫的膜法世家面膜和淘宝的有什么区别,和爸爸kiss优酷01
19098997B2A4301CA44CA26B65D48914,1,秋赤音,朵唯t20手机怎么样,蛇足,林允儿
36AEC92508B585B9FE287079E133556F,1,独孤天下演员表,美少女战士,古代闺房描写,电脑重装可以不用光盘u盘吗
218669E3B3E93588E1CEB1EE3EF405D7,2,舍友太坏怎么办,阑尾炎开刀要住院多久,尚雯婕的儿子,痔疮怎么治
E6B645D8B1456DEB1E251AC8598E12BB,2,美睫后怎么洗脸,公司中秋节活动主题,敷了面膜可以直接刮痧板吸收吗,刘亦菲演的那个电影有纹身
D6FBF936F9B9DC529F519D4250180756,3,百世快递垃圾,葵花胃康灵,凯恩股份,麦芽
C69A7BED2E3B6411605A26072CFFEA28,2,女人下面松弛了怎么办,临沂职业中专,绝望的女生图片,狮子座喜欢什么样的女生
B574EF6ACED3EF814A4F24F02FF490E6,2,河童,初中毕业适合什么工作,狞猫,暖暖漫画的灵感
D556A731CBE5D548B4E6740E0ABB6EA0,1,御龙在天官网,天盾app,毛泽东诗词,闪电击中物品后一直没断
8A7D5A58AAC56A89A14A6A8DC298F13F,3,煮妇也疯狂命案逃亡18年,煮妇也疯狂第二部,命案逃亡18年,煮妇也疯狂之夺爱阴谋
C176134CA79771D6977582625C0DB39D,4,接发片,残奥会运动员身亡,快速使头发长长的偏方,做漂唇疼吗
6EBBBBF085F5C79C36A365E98DF4CEDB,1,专科录取时间,江西财经职业学院,灰姑娘与四骑士中告白歌,个性棉裤女外穿妈妈型
2AC2560C91915DF795EAD7F6400C87C7,1,薛之谦微博头像原图,网线续费后wifi能连接但不能上网,街车,斗鱼tv贝拉
DF57FB8E71C86F4835E8130A2659C828,2,dnf天幕恋人,爱拍dnf视频站,微信被拉黑后怎样联系上她,组装电脑
0A53ED718F91516A74AD64E309371E1C,2,怎么查询本机号码,天鹅湖吉他谱,吉他自学三月通,卡祖笛怎么吹
85677851228C27784B6FA632599473DA,1,正确量取15ml液体应选用的一组仪器是,马陆,左其铂,万宁一叶子
A2BC7836DD2A58D9DA7240013BA8DBBC,2,艾灸的作用和禁忌,每天学点说话技巧,温度by司溟,唐七
930D2CF03E6776BD15E60BF062A80FE6,1,春秋针织衫中学生女款,简单编发教程图解步骤,小精灵,七分袖宽松衬衣女
B43122662F7B39987CE588662C9C206D,4,王者荣耀中秋更新,王者荣耀碎片盒子,2016台风最新消息,1760万怎么骗
E97988D16471D0EBDA89D57915F3F383,4,郭德纲视频搞笑主持,宜组词有哪些,神龙汽车,拳击俱乐部
AFCDEC22B8337E563B43CED0839A9FBE,2,奶粉品牌,小米活塞基础版白色,月经的别称,小米活塞耳机基础版
74FC74DD3E73C1ED313A9F41D02C726C,2,提高个人品味,在肚子放热水能治好宫寒吗,形容别人说的很对,暖子宫
7F5CCDE3CDEE60B20B06CDBE1D4A9D7D,2,秋天用灰色代言是你随手丢弃的,赌赌赌我戒不掉的赌,平特一肖是什么意思,qq以前的说说怎么不见了
179E3CA1421A53A849A22E46AB5F93B7,1,复旦大学宿舍,aj,上海的985大学名单,cdz
8055F92D6E892853D59757E8918009C7,4,王者荣耀战士刺客通用符文,doov l5m来电没有声音,神龙教2周星驰国语,三星c5
E5736A3C5FB5E3276FA0AEF407AE68B1,3,深圳站,欧莱雅洁面慕斯贴牌加工,李敏镐,柔美栗黑的发色图片
DF2355BE0D968ECC8D316E4E26F200E3,1,霍金多高,幽默的自我介绍,孟婆,朴槿惠提早回国
857E9C5851EA0C293B19A357FC2FF31F,1,盛开,刘云老公是谁,家有刁夫,冷将军的女奴
6A353A1606160BB27305188BA27C1EC5,2,excel标题怎么居中,昆山寄东西到苏州多少钱,cf穿点教程,剑灵闪退问题修复方法
74A08478CCE2025E2D93C9DFCF1A3BDE,2,荨麻疹会传染吗,流星眉适合什么脸型,中直发,尼坤
D57E8D6EBE1BFF4D572ED3EA50FE7EC4,2,裤子的分类,顺丰速运,消费者行为学所罗门那个版本比较好,男装裤子分类
2415732526DCBAD972AA6413D232FC2A,1,怎么缠毛线,叠加电场o点场强,疾痛惨怛,黄金比例几比几
979FF0847D8DE4A6AC70B7B2029306B6,2,乏善可陈什么意思,夜风凛凛独回望旧事前尘,菁菁,一人我饮酒醉
58AE4A745BFEBB8AA2CCB8FB00CD8CD2,1,打架吧鬼神资源,死亡邮件,c语言,大嫁风尚哪里可以看
378081E03EF95A22AF2584172A575590,1,"激浊而扬清,废贪而立廉",张嘉倪床戏,batelai是什么牌子,相宜本草洗面奶图片
A6A7E7D13E9F7C8BF3CDCCD36B930443,1,终极一家bl之灸舞,灸舞同人,终极一班同人 失忆,死不原谅txt
17F24A4BA1B8E85DCFD0EE7DA5D4AD1A,4,奇石的名字,榆树的花像什么,"小孩牙不长,新娘摸了就好了,有什么说法",道德文明的素材
380322ED6E3E45128C1B46AD4A836740,3,毛细血管瘤怎样预防和治疗,heater是什么意思,c/t,rpressure什么意思
DEA5C5BF2A918792BCFDA8821553A337,1,我的世界小七巫妖王养成记的歌曲,这是个充满神奇魔力的地方,最合适的英文,iphone6s尺寸
9506BB4B2D164294EEE570DE687C76B1,1,适合14岁女生的护肤品,杨洋微微中打篮球,追凶者也,完美产品
136384EFF5E1F5D51E773BF681F68163,1,为什么小说上的内容变了,快穿我是他的未婚妻,百度,王牌御史漫画
4BDF736BCE1AF47592966C9912BA2A69,1,酰基,喜欢坐车的感觉是不是就喜欢开车,英语,吾爱sp
10B10F3B4D98EE0F61D10167BE13A72C,1,突然长了好多痘痘,天猫商城,狐狸叔叔,辣文微盘下载
9858101851B85E4B40C8E06B6CDA9F87,2,男朋友肋骨疼,属相婚配,木槿花西月锦绣,个人小结
681DE9F5175A66ED4B5F2E8686E3E90B,3,双鸭山百姓网,青云志剧情介绍,点眼药水眼睛刺痛,冻鱼超过多少时间不能吃
A4E625C25B4A07CCB0A4F319D44AB86C,3,合格证上牌时收走吗,科帕奇,东风风神ax7脚踏板,ax7 后备箱加
9BF6236331B235B96DE17B35F5130357,3,win10系统安装办公软件,大闸蟹蒸多久,长阳csd 行政综合服务中心,win10每次关机都更新
A243BB175EE0325F27CAEA536C1B921D,3,刚种的多肉可以浇水吗,刘秀跟刘彻,indiana,月经期间染头发有什么影响
D0978A26FE4D79C65F77238AB4646F1D,1,李白代表作,汉莫拉比法典条文与相关制度的比较,bbc伊朗,miss 苏
7AA9BF1C5EDCAB3FFEFBEF9C58990035,3,最后一个发生日快乐祝福语,冬天怎么能减肥瘦的快,榴莲放冰箱其他菜会生虫,汽车开起来教案
8B4CA4F13A0E3440015286CA9D9B5179,2,泰西百度云网盘,德迅广州怎样,ph+,商业运营岗位职责
F139A4B572B0D8DB8AFDD23C81FEA2E3,3,我们之中,汲氏,张镇宇韩国兵乓球,继承权的顺序人
2B036E10AA6FC23197B7D23C932319B7,1,张译,安农经全名是什么,破伤风症状,boost
AEC149DB448EA40382BDB1560A0FB97E,2,累死大团结,无托槽隐形矫正,frreefron∨ideos,世界各地农作物分布图
D7FB47326A72870F8B66802B40E43E32,1,今天西安至长春机票,北京东来顺哪家好,离兵马俑近的酒店,大主宰
B64B96E0E535AA5FCF843FDA86AC203A,1,正常眼角内图片大全,脂肪可以移动吗,河南大学,脱肛和痔疮的区别
37BB52F84AE1BB8B0E779643751481D6,4,天津墙体绿化,广东肠粉图片,苹果7什么时候上市售价多少,搅面机价格
3D8781FD74CB5512F63FE2149087FB6C,2,林妙可丰胸,凉拌藤菜的做法大全,重庆巴菲盛宴团购,洗牙后为什么不能吃可乐和咖啡之类的
EABEC08CCCE5735B4C3E30EAFFB15065,3,关于秋天的文章,川菜菜谱大全带图片,肖劲光,白银市作家协会
F60620361DDE46FA540901BD8CE4F514,4,指甲油的危害小孩,北极光,三岁男孩发型图片大全,指甲油的危害
7A4790DC639F8B4EA721A6A380B307C6,3,南通凯瑞家纺,洋葱炒什么肉好吃,战斗之夜奖励领取,外贸尾货进货渠道在哪里
EE45D1FEF62C5508A5D4765A15E66948,2,福州,定兴,强森为何如此强壮,寸5是几分
5D19602438A83824BC1F1EBE78B0FA97,2,tst冰肌如雪,angelababy,备孕黑豆要吃多长时间,多囊卵巢如何受孕
CCA43863C15B2ACB978224EDA61F58E7,3,顺丰快递电话,白云机场安检升级,九门是哪九门,孔夫子旧书网
1A70F790DCD07FAFB6BCF5E8934C3A64,4,电脑w8好还是w10,吸血鬼骑士,高职是大学吗,鞠婧祎怎么读
EAC137197973F309BDFE861DE56C983E,2,矼,吉林省四六级成绩查询,会通,趣店人脸为什么认证不了怎么办
E5B3039C60FFCD1EC287342720B6BBB4,1,热奶昔,重庆,罔显,耽美校园文霸道攻
D8F83B0E3F176D4C00B1FB8FF770D1AA,1,无可厚非,釜底游鱼,截然相反,隔岸观火
1668C73AFD02C30E813ED472AD3B3F07,2,河北佳鑫诺官网,nit考试培训班,顶顶,关咏荷
9E923C393B4FA162DF9A25BB4B07CD47,3,眉心一点红是什么意思,刮痧刮哪个部位,胶原蛋白粉多少钱,害怕过马路签名
2EE37ED228B243D1A34FED731CDFBE62,5,石英岩质玉对身体好吗,防火防盗防河南下一句,马云说30-30万的人最幸福,夏去秋来的路句子
A52C221A6E09560DD13C07B5B60EE8BC,3,一叶子面膜怎么样,拔罐多长时间合适,艾缇雅养巢包使用方法,为什么喝啤酒头晕白酒不头晕呢
E99F063F3A637A792C65961EF394440F,2,导引术,陆小凤与花满楼,重庆大学校花排行榜,2g独显和4g显存
237F0C54DF0CD948215C0BA825663D5B,2,红楼是什么意思,"您好,您拨打的电话已关机",电话号码查询机主姓名,雨和酸雨的区别
9C15D81670AEC8F039100202CD5AF6B3,2,零度无人机开机顺序,男生染什么颜色头发好看,2016年8月27日潍坊车祸,危害公共安全罪
0E98F9500BF0F323D21155EB23E9C02B,4,qq头像,秋思改写成小故事200字,关于写老师的对话英语作文,讴怎么组词
6EC00C9D5EBD18B0E661BEDBB770443A,3,食品安全,职业病多少小时,一级预防,黑色修身针织连衣裙怎么搭配
1A7E1CC8162580ECC9B2C4F03CE3A3BD,2,兰博基尼,百度,225 55 r19 米其林要多少钱一根,长方形面积
21DCAC9AC349F8592124ADBF0405E74D,3,暑假倒计时说说,新生儿奶粉哪个牌子好,tfboys观察日记全集,武警老兵退伍卸衔
7B88700DBBF3BF9FBC0FFE075B05BE54,2,2016金山幼儿园招生时间,上海海洋水族馆门票多少钱,初入幼儿园要准备什么,中信银行信用卡中心
4BD14E4749A6E79BA02FA149BD1CB8D8,3,车牌号讲究,安妮的口技,梅毒图片,掌上英雄联盟总局数
629171C6F4117CDC065FCF67B7E4B072,2,新买的路由器电脑可以连接手机不能连的原因,掘墓怎么玩视频,幸普森夫人,解砺
5E8A1277A5855D326B1F035DF149E3D0,1,怎么打110,魔王的我与不死公主的戒指,婚骗团伙骗走彩礼,妾上无妻
74CFDF934944FB80D2CCEBA48A5F7D9D,3,"怀孕3个多月了,总是发困",中央电视台秘密王国什么时候播,御剑情缘野生宠物,围产保健卡怎么办
05E278359F418445FF854CD31E3A71B1,3,法兰琳卡化妆品怎么样,qq头像,求qq跟密码,今日说法
3D4A9E3492DB61B56439C5D1235F7B5E,3,章子怡床戏,卡特生涯50佳球,皇后通奸太监电影,打架打死人视频
5CF71B67366341CEF76A0CC726F3C44A,3,北京现代音乐学院和北京现代音乐学院附属中,事业测试题超准的,如何瘦脸,手机单怎么刷视频教程
A0081A5428F4E371DEA56078946847C8,1,乞丐,我在回忆里等你电影,老人拔牙后血流不止怎么办,守望先锋多少钱
B5F9F26D1681D4F986B8E53DF1522597,1,鲍天琦,游泳冠军女子叶诗文,鬼胎 电影,快手怎样才可以把录的时间长一点
F4BAACA7A8706DC8F7A5737739AB4D3A,3,台电平板电脑,在韩国打工一月大概多少钱,总裁放肆宠权帝琛,黛莱美面膜多少钱一盒
36EBAD004D92A21612E0177C39960FCB,3,锦绣缘华丽冒险,吹面不寒杨柳风属于,货恶其弃于地也的其,联想天逸100i5 2g独显
EA8281E5962CFA2EC3773461CC1710E4,3,陪产假有薪资吗,开心果,亢家村村委会,交换温柔
DAAF6990712175B31825746023E1174D,2,广州联想客服中心,娥佩兰薏仁水功效和用法,露华浓口红230,kindle系统
76C1EBB405E7CE099030C9FA1FCD6262,3,安妮的口技,上海滩,拉丁文,奥特曼打吸血鬼的视频
FFFE3D7B664216D0B8ABF9538DD64EA5,1,q9300可以上b150吗,人画图片简笔画大全,cpui5哪个型号好,x4 559
EC289D5735BF6209DC9A5AF5B7942C29,3,我的愿望是世界和平,表格中字母的红线怎么去掉,如果我长得吓人,歪歪个人空间怎么看
1E4AD67E3B27A8ED24F7FC8BEDDAC767,3,我想要见你 飞奔,a59,奈何你有千般,保单质押贷款
C6F1CFB3B49239D54C00B859BB748745,3,南宫琴音作品,前列腺结石怎么引起的,中性粒细胞百分比偏低,紫玉米的功效与作用点
B7B3E0BF42804CAABAF1D0FA9E8B958E,1,qq头像,龙王传说,歌词高潮是亲爱的亲爱的亲爱的+++,如何减去臀
DF1C79BD308D0CFD3261DC6DF8051FBE,1,游泳换气,张云龙,高考成绩查询网址,王者荣耀英雄哪吒
8F9DE9C126AF3AD9BF13AEB975BD1A0D,1,溶解放热,period什么意思中文翻译,螨虫药多久,purchase
193AF5E9E7F5BA29BB17A1BABB5B2242,1,李宁空袭2,李宁篮球鞋2016新款,詹姆斯和乔丹谁厉害,井柏然倪妮
3305E71B2682BF93E64ACD058EC09C5F,4,缠绵入骨总裁好好爱,怎么查孩子的学籍号,客厅镜子对大门怎么破解,女监狱犯人每天做什么
3C4457B35EB18AEEDF56FC3E2EBB8665,1,古惑仔5龙争虎斗,复仇者联盟最厉害的是谁,魔法内衣,鬼泣手机版
CEEA0C3791FF34C411240BABBB9CD769,1,好的财经公众号,步步惊心丽第六集预告,"未按照规定保管会计资料,致使会计资料损毁,",mu5432航班动态信息
762B2092D95DB672B4C24202C00ED1B9,2,亖,向华强,养成类手机游戏,成就大师挑战赛能领几个皮肤
1B282B8EA830BA99B039E20DF30B83D3,2,属兔的今年多大,黑鱼,peet,媚者无双
307D53904BDB59A5A6723AA8A91FF0ED,4,王者荣耀18888买哪个adc英雄好,手机御龙在天如何输入位置坐标,军改什么时候结束,王者荣耀露娜怎样
5A3F320F641E36C804775D9B026DD7FE,1,铁剑不练练银剑,三国杀克制武将表,电影,三国杀200元买什么
9A90C71589B6D8A20A6A97891BC26F64,4,驾照扣分需要本人去吗,与其相见不如怀念,甲状腺手术是大手术吗,去眼袋手术价格
09558A7F9F0CCF19E0C1D1A4014344CF,1,600分能上什么大学,浙江省十佳运动员颁奖2015,全运聊起来孙杨,新闻联播
EA0BE577089E8F1922DEB9F32BE71E76,2,嵇,我的课余生活作文300字,大音响怎么才能充上电,属于民事诉讼中的电子数据的范围有哪些
2E4CE69EDCA40A7A56E99084B9D3832C,2,腾讯体育会员,名刊会最新破解版,盛世危言,名刊会破解版
4FBD0EB1A4B96678B3C5840D3AB00A88,3,南昌城区大面积停水,节约用水简笔画,儿童动物简笔画,胎心132是男孩女孩
E1D7F3AF0741F6E321454AE5DD74A3DD,1,北京地铁卡怎么使用,中国好声音第四季导师,云南丽江华坪到安康的快递多少钱,中国好声音第一季导师名单曝光
2F6ED4553B46286B1668708D744D74AA,4,三水有买柏来雅的店吗,陆小凤与花满楼,灵狐者刀锋邪恶小说,妖神记
86AFE69581F885A0325673A787395932,1,烧饼修改器,曼陀罗花语,长春理工大学排名,"塑料筷子桶里布鲁水,时间久了筷子长毛"
5B09B2551AE0A97C5F63296022D21194,1,城南晶座地址,黑胶伞真的防晒吗,脸上黑头怎么去除简单方法,巨景金太阳成都分公司
C286633C124005E913566EBF699A3B7C,2,酸菜鱼,凝香姬,iphone 6哪款颜色最贵,薏米要泡多久
5581B7E9CD0E904E7FD9272EF0A51AF1,1,燕归来熙,16855977,宁波中医院科室,女追男男主很冷的小说
7D9F0E96BDC73B3E155CF8E99AA2349F,3,销售净利润率,芝华仕沙发官网,华致酒行,醉里挑灯看剑梦回吹角连营赏析
08F3A636835BDB627776F587ADCAD86E,1,杨幂丰胸秘籍,caster red 香烟,我想和你在一起一辈子英文,北京中关村软件园招聘
91F3F860D34567F7803F39AF4B47D792,3,淘宝官方客服电话,重要通知图片,松江河圆通快递电话,财神爷图片
D324231F6CA1D40690C96DF6B9BDB42E,1,结婚为什么电视剧 孩子资料照片,载词语,《结婚的为什么》电视剧 得得,中药磁石肚脐贴减肥有用吗
28192BC4D8D1C9B969F3AA5C4EC21C3C,2,中兴a2怎么样,兰博基尼,鲜妻20岁 院长大人 早上好,蔡司镜片价格表
E26CDAAAC69181464BE315C7EF8DE829,1,非主流服饰,哥哥生日送什么花好手工图片,哥哥生日送什么花好,上火了吃什么降火最快
728C01A7B1AA25A82921BB6FEB96B414,3,唇腭裂是怎么造成的,名字打分免费测试,砂锅白菜,怀孕中期生男孩的特征
4FE7CA571361E36D66B51F5380956DCC,1,北京时间,波萝社,魏晨,眉毛翘
BF425055946084AE415A5F498C67FD41,1,厦门纪念品,厦门旅游攻略,风湿性关节炎病人能吃香菇吗,类风湿能吃红枣吗
B56CE5D3AA5E699D072BC9662FA9AC07,3,女孩美白用什么护肤品,java汉字乱码,中软机试题,百度
E33B27F91593A38AEB80A2BD20A63B76,3,微车违章查询,江铃是合资车吗,松下音响怎么样,郓城房产
448CCBE13E57A3BDC3DF19C14D5579F0,2,宋庆龄三姐妹,艾条熏肚脐能治宫寒吗,牙床上长软包一个月会自己消下去吗,瑞倪维儿亮颜洗面奶
108912914F3DE252509861BE4D1B2E25,2,移动灵活账期流量是什么,adidas官方旗舰店是正品吗,蚂蚁花呗怎么开通,vivox5pro
98084D4AC12A9C80330C0885C302D5CB,2,注心奶油,雪山迷情书包网,bec,izzue衬衣多少
8B4D35F0935E76F58B6D5B1F5C8DE05E,2,中级,陕西事业单位招聘考试真题,中国空军,毛泽东诗词
35522C1D7DC41E26E18018890EFFDD32,4,鸡胸肉的做法大全,济南长途汽车站在长途客运中心的什么方向,孕妇五个月食谱家常,明虾是海虾还是河虾
CF5B04DE223B8370B09F72347242AC16,1,阿迪达斯椰子,孤胆车神维加斯破解版,阿迪达斯,王者荣耀卡通头像q版
68E28AF69585E45FA238AE7DDEA88A26,1,尼坤暴打昌珉,angelababy,维尼夫妇釜山事件,永远爱英文
53B0CBD346B74A69D122E97135082F18,2,金钟民,初级会计职称考试,倪震,姓名配对测试爱情
1E710D9B6B8997FBFFDD67414D67CCFE,1,dnf86剑神用异界套好还是圣物好,dnf怀表,dnf手搓光剑技能设置,台式电脑
D2F5E262D2D8B15FDAA9B115C87A77BD,1,吉林省长春市双阳区山河镇八面石村,辽源市龙山区包括凌云乡吗,长春市,三好学生主要事迹
374D63882046FE6B2D6F80F2291AEA4E,1,铣怎么读,赵丽颖陈伟霆洞房第几集,消你什么意思,周记大全
44E0972E9D55A1123189681A97EA6B65,1,鸡蛋苹果可以一起吃吗,蛋炒饭怎么做好吃,橡皮章怎么清洗转印好了的,完美告白
0101C01CD45F3DD75A902D3552996AB8,1,2024年奥运会 上海,faceu特效相机下载,日本马油洗发水好用吗,小七
729C73BB7AFDE91181B780D980061C4D,2,地下城升级攻略,计算机二级报名时间,魔域官网,魔兽100级任务攻略
54C088646D43251D0BE0798F8B54A867,3,十八大教育核心,朱山助力是真的吗,烧毁圆明园,丁宁是干啥的
1D2B8A4A7798574AF48B5CF0DFE2FC10,2,男刀皮肤银龙裁决图片,英雄联盟大师挑战赛,徐伟栋,金希澈
7523375D54F3B8A3010BE9249A3950EB,2,醒酒器,牛里脊多少钱一斤,18840967299,黑户
C799A774990AE6CA13A5AE83BDE939C4,1,红珊瑚,女人戴蜜蜡的禁忌,牛奶加苹果醋会怎样,足英文怎么写
EAED2F406E8A1DC517A907202384775B,1,qq头像,hlloe 继承者1002无标题,学号不好辱骂老师,楼主女友
FA68A3D24DBA5AF70A60B16CC23604E1,2,口腔黏膜病学习题,支付宝客服人工服务,德国蔡司眼镜片,蒋欣仙剑奇侠传剧照
217588D2EEC43D7B8A596B30A81CA2F3,2,文件下载后打不开,成都文理学院学费能晚点交么,文件上部分打印错了能不能只打印上一部分,成都文理学院官网
DE8018ED17C364C95E1B3DD4ADB77308,4,12345609 打一个成语,烧饼修改器,2468打一成语,thian
5C6CA6697436640328DE08B4655F7520,1,杭州g20峰会,冒险骑士团桐人,银行按揭贷款流程,资产证明怎么开
E3477B4DDEE6F4BDB0488F993C9149BC,2,天御怎么样,男生脸颊两侧长毛,天御那个部位最强,dnf传说怎么得
F714857EA673BA7668E73C60923F8DF9,1,杜拉拉升职记里面招聘官,一次就好歌词,星际迷航1手势,王者荣耀远程还是近战
3237147000A66D0BCA9829E294B92AF1,1,罗恩阿泰斯特,柯南08,车辆工程就业方向,c语言
64660E06D0F22BD979576DFE47FA0100,1,超过一千章的游戏小说,戴耳机睡觉的危害,裹胸套装图片,其实我真的很爱你歌词
767334729A933926ECC92777E7A48E34,2,蚌埠到六安汽车要多长时间,单孔是什么,蚌埠到合肥汽车要多久,口腔溃疡的治疗方法
B3E21CCE2057C9B8FCDEE328025DA6AA,3,镜狱岛事件,为什么不给2月红药,瘦的女孩子,盖点虫
13B923407C22D0AB74291089542A7A9B,3,"孕妇梦见蛇被别人打死,肚子里的宝宝真的会?怀孕吃冬枣好吗",有没有怀孕了到生做彩超都看不到胎儿脸的,卫生巾筒能做什么玩具,"怀孕期间刚睡醒为什么心跳很快,正常吗"
D0D79DA734759131AEA8F54066077458,2,用特殊方式叫女友起床,云梦泽,被催眠的校花琦琦,大话西游3
CD00964310C0F710089923169FAA03DA,3,九州天空城剧情简介,青云志剧情介绍,郑雅文,重庆
9D2785DDBEA939E16BB0479EC4BCF57B,1,墨安辰免费,三角形按边分类可以分为哪三种,论语阅读练习,金盏花美肌水
8A1DF7F8C09CCEA1A83634EF1F81CC1D,1,2016年中山大学录取分数线,飞行器设计与工程就业前景,魅可矿物质口红17,魅可口红哪个颜色好看
10975D9EBD493317C3D76323A50AC0B5,3,乐视,雷贝拉唑,济南 历下区 招聘,快乐365 快乐向前冲
8C21AE86FDB9E86382A8CBD2F8FA49FA,2,自力教育,准新娘吸毒被抓,五星级酒店,刚买的砂锅如何清洗
D5642DC102DBC34F872CEFCF53D899C5,3,输卵管怎么检查,hpv39怎么治疗最好,幼儿园教师节庆祝方案,顺丰快递单号查询
92C665004722F2E2CA1CDB7984004DE5,1,你是傻逼么粤语,叫我老公是什么歌,大闸蟹,樱花女神
2431D88FFC11607914623C09ABBEFC80,2,乔诗语配音作品,十六月亮圆,奥运与国家形象,微微一笑很倾城插曲有哪些
5F89EBACB85C679367ADF97118EDA8E1,4,装修风格是白色的买实木家具搭配吗,辉煌商务宾馆,三星液晶电视,景旺电子招聘
C2B8A8FD08CCE243B8049B67BEB20A6B,1,上上下下韩国歌曲,古代不守妇道的女子,一又二分之一的夏天,霸气句子
CDC3639B435CEEF8B75399DE9741D988,4,下水道反味儿的解决办法,英雄联盟新手玩什么英雄,青少年适合听什么音乐,滴滴官网
46A053544DD1D462FFC36915C77F1317,1,视力,骑马与砍杀无双三国,圣安地列斯秘籍,诸葛亮墓
FDEFAA89EBA7F832AD7A4CD7142CF2DE,2,徐晓璐照片,最贵的一张面膜多少钱,中断用延时程序干嘛,vivo软件锁怎么设置
6DC9EA3406AC76B7B4C763B86D4702FD,1,虚拟号码,cctv1先辈的旗帜观后感,王者荣耀韩信台词,陈涉世家翻译
EDA7F1CBC4B86387516C19C8A9B882AE,1,畅想360客户端,ce挂起怎么解决,华为怎么快速返回桌面,华为5x运行内存多少
F7F63E753C6066F1EB4E168B12DD009E,1,王者荣耀要多少兆网,成都安全教育平台登录,腾达wifi延迟,dead master battery widg
04CB53B31D5A6F1F9FF4698702BB2189,1,卡钳,吴震宇关之琳霍建华,scgedule,一刹那的读音
D7473B7A6DD69EA0F80AB25DF08EA094,1,qq头像,我的母亲作文,锁机源码,如果再见不能红着眼是否能红着脸是什么话
8D1B81584F87AFAA045FAF80933B132C,4,铁东区教育局位置,少女有排卵期吗,非月经期出血的原因,鞍山二中的语文老师
C6EF879C69922358578900514D8237F8,2,梦幻西游手游化生4耐加点如何配宝石,期货模拟软件手机版,妖神记,微交易个人代理
B6A4E73E2ED6436190BFE5E07780AC73,4,石榴的功效与作用,香妃烤鸡官网,长沙到北京,茄子的功效
39AA8241DC865D0FCB0BF47B80721C3A,1,qq头像,淀怎么读,呵呵是什么意思,怎么包书皮
3A00A6072B0ADA9AEF8AB7537CD52589,1,闲鱼,城隍庙,自贡到绵阳要多久,江津火车站
A983C864E6642A56BD67722702E5930D,1,我们的爱情到这刚刚好1001我们的爱情到这刚,骨头阴裂,一个汉字占几个字节1001一个汉字占几个字节,电脑怎么看rmvb
173F653DB565A775786A95FAEA188788,2,四六级什么时候报名,科勒,臭美网脸型测试软件,韩国护肤品排行榜
7976FA38133CAD315DD02911FE0C2DF6,1,烧饼修改器,青春爱情语录,锦歌 歌词,连笔字体
7ACD5AFA97DE1C82728CE939096A568D,4,只能链接手环不能链接耳机,胃火肝火旺高血压,两个微信同时登陆的软件 小说,翻唱歌手陈
CC6816AF0DA764F025E08CD613CB7CEE,1,冻肉怎么,魏晨,茅台葡萄酒,重置笔记本电脑
26113FE88ECBA0D45BA3F790ED3F9ADA,5,陕西服装工程学院官网,bundle,radical,basic
812ECC48019D5C034767B5F958901D08,1,金希澈最新电视剧,进财宝考试答案,学生赚钱宝是真的吗,微信黑名单怎么恢复
1FF31AB8D35DE574AC8B8D889044E986,3,是故狂夫之言圣人择之刍荛之微先民询之,嬴乃夷门抱关者也翻译,平仲,使不辱于诸侯
44F01063CDD2D7FBCC260F9D90BB8D08,2,注定,西铁城手表,伸缩自如微盘,玉碎宫倾
4D85F06C8E4A535B06BD22DF77D252FA,3,机器人是先进制造业的关键支撑装备,中国新歌声什么时候播,下巴螨虫怎么办啊,硫磺皂的作用
1F424AE4449A8F59CD211B4C2BBFA3F9,1,光子郎喜欢美美,主服务器认证失败怎么办,行政班级课表查询,w10的wlanip怎么删除
3CF80E0955FDC6643E05B32C0835A830,1,工业化装修风格图片,河流之王,飘落的叶子图片,资源共享吧
F27AD1ACE4D54905AB9728911E6B48EB,4,霍启刚个人资料,曹云金再讽郭德纲,2016依兰高考成绩,依兰2016中考成绩
090A23EECFCD112A82D6ED3AF64AE5A0,1,全能奇才,帅哥头像,超级生物帝国,使命召唤ol
F13809D23D8BBFE1858C2DF3D1D743CE,2,剑灵剑士雷系加点8.16,暴风碎片有什么用,剑灵第四幕第一章,搞笑动漫
24BFBD73200BAAAD4ED754EBD9F5A01D,1,英镑是如何取得世界货币的霸主地位,360云盘,货币战争美元,八大的地点
064A0B9658B50807943DA947759DFB2A,1,优索词典怎么下载,dc345要在低温度加嘛,网线链接电脑不亮是怎么回事,mg751原料
FFB73A33DA5267D2C0A7884969A16D76,3,汽车之家2016最新报价,蜂蜜蛋糕的做法没有牛奶电饭锅,短发,小黑裙香水
806635361F0C09DE5739DA44DDA7D924,1,西北农林科技银行卡默认,旅行,linjunqin,船的歌吉他谱谢春花
3C66AC7F03467CF13F92A84B0D1DA4FA,1,转转面交怎么确定,goristen,顺丰快递价格表2016,转转验机流程
CB0FB741BB9A9DDACE79AD0049E41F7E,3,香港的字和台湾一样么,最后一次英文,法令纹,战争的英文
48DD72EF3B9B29D902A08058B9B7979D,2,清炒茄子的家常做法,右眼视力比左眼差很多怎么办,excel求最大值函数,信天游
BF574FD4A4DA12236DFD8D5AA5EAF7A7,3,备孕期间男女营养食谱,古天乐个人资料,鼻炎堵塞老是一边鼻子流鼻涕,小孩流鼻涕怎么办最简单方法
1612CDC44FB3474241037D1E2FDCF55C,2,手掌心 丁当,lol娜美台词,诛仙3官网,日风手机安卓经营类游戏
4519C6100CE84177AB0AEE8BA24D3E64,3,苹果是热性还是凉性,腔内彩超是不是阴超,天池山风景区,人人网为什么变成人人直播了
9AE503B8CD08FD5D1A3648C564248413,1,电脑开了机之后又自动关机,微星主板第一启动项,surface 4 pro怎么进bois,dw网页设计怎么添加背景音乐
085FF2A8558EC9637BCB0C359E543D7F,2,云集品牌太阳镜,嘴唇太厚变薄小妙招,像素头像,阿喀琉斯
457B19DD2B9099C9E25451FC9DABB404,5,卡地亚官网,准新娘吸毒被抓,个个腿长到逆天,侯耀文与郭德纲的矛盾
4BF6C19F1C79D1A2A10B5CAE40BC9BBE,1,周边玩的地方,王者妲己和小乔,代码刷q币,什么软件可以p
A7DE5E7F58E16CED28200392E736D7B9,2,郑徐高铁什么时候正式开通,过去是的英语,如何用java编的杨辉三角,郑徐高铁时刻表预测
B07227C0CD69B4832965A73488DDD5F4,1,世界最漂亮的蛇,中秋节初音未来,2016新闻评论范文300字,新潮大学英语新四级考试教程答案
C4AF5CEDDB016662F5B577021A169EEA,2,联想b490s,美人一笑也倾城 顾漫,http://,叶公好龙的意思
0C483790CE984ACD7C2E4BD36BB206D4,1,怎么女朋友能快点入睡,ng是啥,机械键盘按着没声音了,lol徐老湿来巡山
3BB12E1E7BAF3596B6DF0987514C16F8,3,阳台防护栏装修效果图,榕怎么组词,小鸭的叫声,窗户装饰花
8922361CBAEA6F68E4601195E7A3949D,4,收到现金写收条,帮你是情分不帮你是本分,当我唱起这首歌吉他谱,倒车入库技巧
39C6E5CCD2153560A87A952063238833,2,牙周病,牙齿中间有缝又松动,用凉的牙膏会引起牙龈萎缩吗,白带豆腐渣用什么药
A5E69EBBD909929246D395C92FD7F2F0,1,有一个电视剧在班上然后男的说你不会问我啊,广州珠江全峰快递,瑜伽入门基本动作,郑爽现在的男朋友是谁
185D51227568C4F28F848607D4F3B392,2,圣王,百度,中国建行电话号码,百度图片
964124206ADEC3659F6707DD7CD0E473,2,兰博基尼,2016国际投资论坛,女佩戴佛,孙中山
C13BCAC85C5C4B82ABB8E025F7994654,4,成都到合肥的飞机票,顺丰速运,危害公共安全罪,微店怎么开
C9EAFAD48DADCC9D0F67DBE081BF0879,1,高潮,http://,临清幼儿师范现在还能报名吗,天天向上最新一期天佑
4D485E190F45081AE89D7B153C8B4E4A,2,菠萝的图片大全,韭菜鸡蛋配料,为什么在atm机转账过了几个小时才扣手续费,a或b是在英语等级中是指什么意思
0BE6A488CAFA2D11DF081CC18F6D3B40,3,顺丰快递单号查询,流食,头孢注射4克,术后需要红包吗
1D43E7A8651A4ED184A9C8E57099E58F,1,胃镜,雅诗兰黛口红保期查询,相对分子质量怎么求,家庭经济困难学生认定申请表
C6E27087524268F31040932894514A33,4,葫芦岛新奥燃气招聘,水龙头维修,兴城万人徒步大会路线,盘锦大米品牌排行榜
CFA8E43E5B98A757830463F3229E44AF,3,京东海外购,贵阳翻译,亚马逊海外淘,最新tvb电视剧在哪里看到
C541D36A51E90BAAE6FDD68DE23B2CA7,4,银手指仙人掌图片,齐耳短发发型图片2016女,腰间盘突出咋引起的,泰迪修毛造型图片
40A3573EED6E5EB53F1526F50742FAF5,3,牛筋用高压锅多久能熟,星际旅行,丢失msvcr100.dll,空气炸锅鸡翅的做法
C9CB743C472F44C30ED889CFAB00F25B,1,聚美优品的东西是正品吗,化妆水干嘛用的,qq等级几个太阳一个皇冠,bb霜和粉底液可以同时用吗
1DC7222472D4F61EF5B0B79DD5FB1217,1,百度云破解版安卓,木吉是什么,河南高考考生服务,孤胆车神维加斯破解版
9D0F0AD7D332049B816E7B1587C15831,3,14个月宝宝 不长高,老人续命,主板定位位置,电脑被偷内存条定位位置
662CF65D987877CB90A6179351D8BD98,1,在卖化妆品那些店里买了一款韩国的芦荟胶试,电饭锅有蛋糕功能,angelababy,cpu是什么
FE348BF2388E7E2A508D7F7B2FA50DC5,1,qq头像,"我玩英雄联盟女神问我为什么喜欢,我说",纳尔的皮肤哪个好,陆垚知马俐下一句是什么
3AD1BD0E908E44663B2024A7D3A939BE,2,飞雁网,龙王传说,药检网,jojo的奇妙冒险第四部
1174DECB1F638D7B07B27A1B9BEBAA8B,4,途观和雅阁哪个实用,哈佛h9,新车用上检测线吗,现在买途观合适吗
57DBB7BBCD72A3D7109E46C8DFE9CA2E,3,百度,tb75-5288dclsg,peggy,华为终端有限公司
ECACF26B5BEC404FD2FE425EA91442BB,1,奥运闭幕式 中国旗手,西南财经大学天府学院,风景画,库克抛售苹果股份
B043C86918F16E0A18C223F118105AAE,1,微机室管理计划,脱发原因及治疗,化粪池结构图,久坐 血栓
CF920CEDBF99FC73F744C5A238624BE4,3,网站制作费税率,苹果6plus显示无服务,苹果6plus死机了怎么办,金蝶k3
B5967850A0B3A61940E3E7E53C80B094,2,坐月子可以吃面包,坐月子可以喝白开水吗,什么是黄疸,坐月子可以起来走动吗
89C4428DA58ADEE6559AF933571058DE,2,充话费到账怎么这么慢,ipad air可以打电话吗,凯宾斯基 热点,朝鲜现在相当于中国哪个年代
B98DB090C127E6211016683EF2070519,1,军训自我鉴定,辽宁林业地址,c语言,笔记本关机能充电吗
C9FDC990847BF9B5A9E1F95B662F56CE,1,郭敬明,乔欣图片,李东健关晓彤,aom
9C20C2F3C555B335631B6960D8482431,5,四边形具有什么性,吴秀波,王子文绯闻,李思思
BFB36052D2CF08B74ED9650845996922,4,艾灸的作用和禁忌,生完孩子后怕冷怎么补,真菌,长沙长郡双语实验学校
A2D7CD6B8C003AA02B116730A81CB4C5,2,商丘高铁站在哪,专科与本科的区别,小学教师资格证终身有效吗,蘑菇素 图片
93647616E59CA9DAE56CBCCFBB0B99AE,4,反映问题还是反应问题,蓝牙耳机原理图,ba8206ba4电路图,中国人才热线
0C8B16E354516660A5F9AE01F5C18E9C,3,韩国香水禁运,进出口公司是做什么的,罗加佳,timeless pore essence
639B4C4EC24A31D8420DC90F825EBE59,1,画国画需要什么工具,折纸小星星视频教程,中秋节的诗句 古诗,新葫芦兄弟下载
2EB7DC60E9EEFFEF2F4D19CB2BBE1C0B,5,霍启刚 运动手表,硫酸依替米星副作用,50219124多少钱一盒,鲁能首发
FC9B2DB38B2557764E34AA3A4C66D056,4,全网通荣耀5c和5x哪个好用,乐视,石家庄移动网上营业厅,移动参加活动抽奖活动
D4CF6FC7186F269E8CB005E3EA6D249D,2,队列怎么做到向右看齐,华硕,秦时明月之君临天下,"0575 傲天归来,双修解救!"
AFA9FEC2267774FEC574FE463CB7F291,1,清华同方售后服务电话,西安广济医院怎么样,32寸液晶电视多少钱,ar
01D333361FE7C3DFC781A7E88807A6B5,1,肾功能衰竭早期症状,水泥铲,三星galaxy,周星驰老婆
B6B53ACA0C379E7914107ED3F5914E75,2,技术学校的入学要求,王者荣耀女娲视频,客观存在是什么意思,错手杀死人会被判什么罪
C14151D8362492D4505B031E02C90E68,3,里约奥运中国女排名单,榕树图片,楼兰,芃
F6CE183D15803763B5D660D9226553DF,2,名词变复数规则,穿越之痞子王妃,春水漾txt书包网,抑郁症
46D593D8BDA47984D22AC1CA999A81FA,2,杨洋花样姐姐,奇迹暖暖攻略,阴阳师ssr式神怎么得,http://
B0FFEF54AAF2FF84F0FADBD3F81D14EA,4,学习机,甜甜圈英语怎么写,冀教版小学英语五年级上册视频全册,焊工
7F06FB44C66F356DD239646E407A82C7,3,海南黄花梨,小叶紫檀,电影里的坏人,三星耳机能配对iphon
01033391A5CFCEEE4D91D64AFECA63AD,2,格子纸标点符号,六国论,移动网上认证,湖北经济学院健身卡
33262EBEFDE707415520064C84BA8D66,2,万州凉风派出所,可口可乐商标值多少钱,三个棒棒糖代表什么,雅儿云播
C9DF31080555EA51220E3ECA0116959C,1,幻城黑雾,衣服染色怎么洗掉偏方,杨洋整容了吗,医学名词缩写
1150D8BEF20D524104AF392A5007A82A,3,股骨头坏死怎么治,最小值函数是,宝宝便秘怎么调理,麦淘亲子游全场活动
0B2A61340983772140BC93D82F8EAAC8,2,桃子叶子图片,染发剂哪个牌子好,空中超市的东西好不好,下划线怎么打
4F9A940735B57FFC10D9B868D3107392,2,继承者小说全文阅读,继承者同人和李孝信的女主是姓柳,hp长条条的随身教授,养成作死的弟控鲤鱼乡
68E158832C78A5AF19E5D9E5DBF4B502,1,火车到站从哪里下车,巢湖到合肥火车时刻表,一叶子鲜补水保湿礼盒,华为4c
15EB89DD17032A7A948442D806444FE8,4,特效软件有哪些,wifi慢的原因,吴磊学校,遥控器软件
285925F572DBE4464C2D02C3B69811A5,1,胃胀气能吃盐酸左氟氧沙星胶囊吗,星巴克咖啡,宜兴车站时刻表,胃胀气怎么办快速排气
E5DCE4A62B4B49F5CC5E628A97E02835,1,口红起白道,陈伟霆吻戏,皮炎用什么中药,郭富城熊黛林
4A96D18C4B468476FE43AF3D2E9D2031,1,王祖蓝老婆,小冉君个人资料,雪花秀,沈阳到北京高速多久
9B15909F4C71FDA622DD52FE6DA4576F,2,本田冠道,外汇牌价查询,沈阳的市北海街乐购,后三组选
D2D2554864FD4F395AC69AFD3AD10DD0,1,执笔写离殇,狗吃不吃酸,红米note3和小米note哪个好,华为4c
8966A76F362B26BF890D8888D0DDA550,3,去台湾买什么便宜,深圳北到东门,若有人兮天一方 忠为衣兮信为裳,蒸蛋器可以做哪些美食
DCCE94C3765CDB28E054B900103EF9B5,1,梦幻跑镖50票时间,美利达merida,中国人均gdp排名,做视频加后黑
2CA6040C53FDB66E16EEC8DCEE376EFD,3,积食的症状,保和丸的功效与作用,电镀是什么,宣化102路公交车时间
F04B6CC6A03B782463BE4A0457AE822D,1,神舟战神z7sp7s1鲁大师跑分,有固态硬盘还需要机械硬盘吗,苹果笔记本缺点,斯沃普斯
1B5CB22B910215019C70C386E2EBD2CA,2,2016下半年流行歌曲,吉林长春邮政编码,曾经有一个人,苍龙负图山千叠
A1D450DDA75986BB2B98F7D605C5EC25,4,南京到安庆高铁,兰蔻睫毛膏多少钱,个性餐桌设计效果图,宝马x1
0CE88E48BD14832543EA1D3AEC055C39,1,大唐芙蓉园好玩吗,曜变天目,电视剧推荐2016,康熙皇帝最爱的女人
463F84B14ABC9D02C14F70BAFDE4B699,2,wellbaby是什么,窦伊坊,勇敢的心电视剧全集,吃硬东西耳朵里面就头痛
E4ADA497447B6D1252DF9EBE3D1D7BA0,1,试婚老公用点力全文免费阅读,都市最强狂兵全文阅读,没有你陪伴真的好孤单现场版,上海邮政网上银行几点上班1002上海邮政网上
07659A0283316DE052608B565AC0DDCC,1,我是超人韩文,金牌流浪狗观后感,天安门的历史,300字导游词
74A3FD3F5C0E8C01A782A5E6F98D4529,2,笔记本电脑路由器设置,穿越之闲人修仙,南城旧事,书包网
3CFB47188A00F3D1368A7084273B4FDD,1,一叶子面膜怎么样,人不为己天诛地灭的真正含义,湖南岸阳,河南大学
27CCCC4EB6C82AF46E1010EBC540C00B,1,大朱庄的初中,鹅颈瓶实验证明了什么,塞防之争,舞法天女朵蜜什么意思
F1AC230C74CEE8CEB460A7E92244AB0C,2,小说总裁豪门,明夜阑珊,淮北市政府招聘信息,编制是什么意思
E52CB81724E5B7B40DA34BB18596557B,3,通过手机设置无线路由器,http://192.168.1.1,贾平凹作品长篇小说,周东一村房价
F8074CAE8FE844367F808CD2F1B19569,3,大好时光结局女主眼睛好了吗,羊城通,潮汕特产,懒洋洋图片
2B59D574AD9188F7363238EAC4B90050,2,刮痧,机甲女神之,私家庭院道路布局,怎样的方案好
B0B74791A3EBDD9AFD15DA2863B6B9CA,4,旗袍的英文单词怎么写,形容狮子的句子,南充川北医学院眼科,小西服的英文单词怎么写
78171F87FBADED30A8EA0372986C93B8,1,lol五周年网吧特权活动 网吧特权皮肤领取网,男装什么淘宝电好,魔兽要钱吗,lol韩服账号
76A054094C47285AAB2F8FC24F63C5BB,2,城轨网上订票,广东金融学院,arpg,c9高校
FF8F878F13A2A6AE26353726733D589D,1,qq头像,西游记每回概括200字,辍怎么读,陈涉世家翻译
EE2B13BD365CB0F83B1E4E0FD4CC0C70,3,皮特犬图片大全,idime手机壳何时上市,脸上黑头怎么去除简单方法,蓟县大学城怎么考
366ADAA7BA5C4FDC865159547C77B7F9,1,2016高三第一次,电解池电子流向,vivo手机开发者选项在哪,百度云网盘太阳的后裔
4A5BF1091629185728FB17AE886DFD07,2,丽江旅游,childlife,妊娠痒疹怎么办,黑户
0360E1AAA65B9FB0D769F6F04F8F1958,3,腾达fh456多少钱,移动怎么查自己手机号,甘谷县人民医院,起响亮顺口名字
C4867C9AE3105696A4A89D68F1191608,1,电脑为什么关不了机,防晒霜度数高伤害大吗,女人更年期吃什么好,3264680002731
FF4EFA3B45422EC3D6B262A776B2C1AD,4,微表情 美剧,142.4美元,杭州g20峰会停工时间,世界奇妙物语
883E25DA0A27CAF55ED4E86B89CCA425,1,转账支票会计分录,罗海琼,拐弯是踩离合器,芜湖
CE5FCB7EC22EA418E22A67B317A59D43,3,孕妇能吃燕麦片吗,谢杏芳,亳州天气,脸部抽脂
D164AA524614412AA1B3A82383A8A424,3,肾功能衰竭早期症状,肚子咕咕叫放屁多是什么原因,斯科拉里哪年拿的亚冠,北京海文医院
B97E1B218DC49B2CBA94542B6707DC61,1,吉首大学,林白微博,买衣服的app,地铁几号线到中南大学铁道学院
0180120DB203924D4ABAC318B35F3D78,2,智者发现价值 愚者接受价格的意思,ps怎样去背景,极限运动有哪些,cad线型文件加载
853B1B2C31AC7CB33BBDDE5029E9F68F,3,"芘,花薇莎招聘",优光科技普工招聘,武汉景泓生物,山川生物招聘
20832F0E54AF7F2A85F6F66231258366,2,本科论文代写一般多少钱,都市枭雄系统江白,杭州g20峰会,鉴宝金瞳
2DBF5BCC15A2F5BF89558DA6BFC4ED14,2,纯棉条纹连衣裙,酒红色与红色哪个颜色的包包适合22岁的女孩,湖南民政局,广州南站附近有什么玩的
9FA7D3E46EE4CC4D380264012FE67C90,5,北京孔雀城,nitecore ec2p,三只猴子 不听说看 雕塑,睡袋什么牌子好
3384B3972016AC43E74EB33133C4D712,3,diy编织花瓶,朴槿惠提早回国,你在看风景 看风景的人在看你,怎么治疗美尼尔氏综合征
B98DFE0B7598E9C9DE21A411FD49F491,1,美白面膜自制方法,绿茶粉面膜,"肚子里有气,老放屁",怀孕肚子硬还是软的
AF8C79B3F734BD9D09E0913EFD574E22,1,电脑右下角出现感叹号,谢杏芳,男生染什么颜色头发好看,微信红包图片整人的
3187E7BA5CF05111AA7EAEE51559F257,1,迈克沃格尔肌肉,photoshop手机版教程,杜汶泽,选择关闭盖子的功能是什么意思
307AE802B8A398700D4ABE5BE02E73B2,1,水星路由器恢复出厂设置后还要管理员密码吗,三星note10.1键盘保护套,山西文科状元曹湘宸,hp1515
BF42AE1D02D351D71E1A43647C91F5C4,1,通知书不见了,皮卡堂金票值多少,相遇于三千文中,4399游戏店交易平台
112D44E2537699A319B34A330FECABF9,2,脸上有螨虫能根除吗,地寑,大乐透,大王叫我来巡山舞蹈
16B179C5AD330EDD041932CEBC87B646,1,iphone在线qq安卓版,三星j3pro怎么root,三星j3pro介绍,贷款最少可以贷多少
6AE3767BFD95699F73B0B35BE22E4A30,5,海星如何粘到瓷砖上,猪鼻龟,香菇和胡萝卜可以一起吃吗,鼻尖头那的黑痣
B9BAA51B0C934522AFD080AD996F40CF,1,英魂之刃3c在哪,麻辣变形计秦升发型,小李飞刀,蔡少芬
8F355E0678E25EE7663FBD12EDD84878,2,人头发有多少根,小学四年级数学趣味游戏,99宿舍,四年级小学趣味数学课堂游戏
F03EF3ED15DA8D9B9C908194C493A700,1,怎样,g吸血鬼/27,蓝牙耳机怎么连接手机,g27h
2A397BF38F115AD8D6B3715D151F7BDC,2,限韩令张艺兴,南宁有几个奥特莱斯,starking,宋茜尼坤我们结婚了完整版
C572ADFD2E2C2BB2D774420F4520F717,0,刘嘉玲,彼丽,4006221703是什么电话,里约奥运会羽毛球林丹
C5665672CF5B27192B8645E1D127C4E7,1,饥荒攻略,世界ol下载,饥荒牦牛怎么打,爱奇艺有没有免流量包月
67F2C1AAD6EBAA5CC7EDE30E3A58574C,2,隔音耳塞的危害,running man,负离子脚环,鬼父
12796EFFD1472CA6D7923A114DC3C8A4,3,优速快递,美人坑图片,"两个月没来大姨妈,还脱发",北苑房价
E8F1664FFACF577F7CFED28EE3A69A84,2,更新系统后总是断网,反向形成晚期治疗,体现实质重于形式要求的有,倩女幽魂帮会跑商
10A956CF8F68D9BC91E14314432C0780,2,林正英很多小鬼是什么电影,oppor9区别,au-21 5370包,国产什么狗粮好
05CFB02F7318376FAA93EDFB4713BEAE,1,打完胎吃中药可以吃东西吗,爱奇艺我是演说家靳魏坤,红唇图片只有一个唇,十四号厦门热吗
06972F9A970D7C3082BDCDFD17282338,1,物理化学太难了,哈姆雷特,ecosoul口红,运河新校区
174973B0FE881F5F2DA28433BA507A9C,1,台电平板电脑,西红柿丝瓜的做法大全,中华烟一条多少包,手工展板图片
4D4D8EE148A62EABE7030D47C5371419,3,look单车崔克哪个好,朝鲜评用萨德制衡中国,捷安特xtcc2多少钱,本田jade
F242759DDAF623342040B5DEE2CEF8D3,2,"婆家说有钱了再买三金,大家怎么看",痘印痘坑会自愈吗,补办婚礼没意思了,和老公离婚可以去哪
C02E49335091FF9E31A02144C8DD4128,1,埋线双眼皮取出恢复什么样,唐山金荣整形医院死人,制造身份证,硅胶隆下巴
A8F87715F1D7056783A77467A78F719C,2,三字经全文,如新柔润洁面乳包装,太平洋车险电销续保员,怀孕中期期间胸部感觉胀痛拉扯是怎么回事
3562ED05C431AF9B3827CCDA706F5EB5,2,黑檀木手串盘玩后图,檀木手链怎么带视频,紫光檀木,中国体育彩票十一选五
6E44ECE0F5FD47BD3E162B7F41E1A286,1,泰安,最近有什么好听的歌2016,海棠,济南距离下次下雨多长时间
E83B27550B8EF3793585B1057AC8FAC7,3,计算器属于低值易耗品吗,中午和晚上做面膜那个时间段好,成本会计做了给会计吗,工器具的分类
3066C1E739B6BEA9834617F1DDE043C7,2,宝宝偏瘦怎么办,吸毒的人有,微信看不到视频怎么回事,快手发的作品怎么删除
8F83087B03C403B8D79375A20A5A437D,4,西亚地图,肺结核可以治好吗,前端开发需要学什么,教室资格证需要考哪些1001教室资格证需要考
9618A98C8CB1BD9957A63C2F7F068882,2,艾诺迪亚3哪里黄装爆率高,百度,艾诺迪亚3刺客最高伤害,熊猫降级
9A5CD36EC43D00F1F3D067B480608AAE,2,泡沫之夏2,济南汽车总站怎么去历城区智博教育,好看的半甲纹身图案,山东水利职业学院官网
7606C32F34133C95C3BA32504E1BB540,2,黑曜石佩戴禁忌,小叶紫檀,文玩字画,地平线摩托车
604BF1D827FFB843CE07C8C2B2D660A1,5,chuer地理上册七大洲怎么讲,深圳食街都有什么,industry是什么意思,technique怎么读
F91DB2CEB690B5D4F8B457FD971B00AF,2,质数是什么有那些,陈伟霆赵丽颖快乐大本营2015,分贝测试软件,完整近义词
57BC5095192B90A1BC7029C3D9AC7684,1,美人一笑也倾城下载,什么烟好抽,恋爱暴君ova2,去水印app
8C60C048258350A6C2ED60C3D6395A16,4,一克拉钻石多少钱,旌旗是什么意思,陆一琛程海安免费阅读,46除以4的竖式计算
5A337D0DC00D70D9867C513AF7B5BBA3,2,lol明星对抗赛2016,秋空之色无修版好看,好情人歌词,姐汁无修版全集
EB2F812C9FE16E52E4BC7F90662B8A77,6,乔四葬礼,西客站至三o一医院,"""数"" 综艺体",磁共振多少钱
B4BB8A09C1D9B899FECCCC7EB07C8683,2,擒敌拳16动视频教学,cccp是什么意思,排列数,武警擒敌拳16动下载
59012F19BCFDD271238D90E56F5CFA6E,1,玻尿酸价格,宫颈炎吃什么药,短发,螺旋烫
E6B07F01F537778BF28CE375D7606204,2,a25均衡器设置,李敏镐,韩孝珠,百度
F0FD607B7CEE704CAF8D8D8899D329D6,2,o型腿怎么矫正费用,卢冠廷,感慨感情的句子,黄宝强微博
C665977102EE0BAAD47A90EBEC2299AE,2,戚薇,熟悉的味道,济宁网络建设,胡彦斌
D517ACD544265F970C88CF22E69DC242,4,银筷子的链是银的吗,德州天气,新车磨合期注意事项,宝鸡新闻
0B100CACEB4CE0CDE87DE8A3727188A0,4,一老一小保险如何办理,房山山区搬迁计划,北京户口新政策2016款,中通快递单号查询
C582DD80ECD6A2016C814264753F73A5,1,陆小凤传奇之幽灵山庄,愿有人陪你颠沛流离歌词,奇书网,一共有多少个正方形
E070E67B96223909DDAF6F62E38665A2,1,大学生做兼职的好处,李若嘉,方正书宋,怎么双手弹钢琴
5D1EC64FA72849C1E5EC44D4C8FE288F,2,宠妻成瘾古幸铃,欲成欢,拼配,教师节快乐不同国家写法
BE957783CF920A9506C3921E670A25AE,1,手机腾讯管家下载,中国航母基地,山东综艺直播在线观看,腾讯管家下载
1A273517E05D7CC9474ADFC9A0D27D3E,1,呼出气体是纯净物吗,加油美少女苏菲和喻言pk的歌,春雨面膜真假,领袖的情怀
1E15FA5745D05D681B173C6B67C3B9BE,2,招商银行信用卡中心,初级会计职称考试,会计职称,星月菩提配什么衣服
DFFD70C5E42A3795EB9730C108D6DC97,2,韩后雪玲珑晶纯亮肤水是什么颜色,会车老压线,学车的垫子在哪里有卖,"小说中女主叫莫半夏,莫半烟"
74E8A9BBD42D410101973E009D0D1E35,5,蚂蚁咬了红肿痒可以吃头孢胶囊和氯雷他定片,韩式半永久雾眉多少钱,乌鸡炖香菇吃最营养,鸽子煲什么适合糖尿病人吃
82DE2E1DAA9BDA0B9CF5B7C4C3E7C48D,3,眼线液笔干了怎么办,哪种卸妆产品好,吉星高照激情戏,抑郁症
A3241F31377BAD95C71FA590A84186A5,3,东冲,今日说法,吴秀波,末和沫
841B48B6243079CC6799DAB47FF88E12,0,梦三生,浪淘沙张鼎鼎,美人一笑也倾城txt,秋色天空漫画
B6E8F44BF5EAA5E7363DD17730EAB82B,1,奇迹暖暖第十五,皇甫圣华,自我介绍600字作文,七一青城山学校
C56B1A74DA360AE9AF3CF45794B9E06C,3,母亲去世之后我就再也没有信心工作了,井柏然女友,厦门同安招聘启事,养胃粥
B197944EE8B4CEF41661AE6D40DB3AA2,1,逗别看,电影,老九门电视剧下载链接,球球大作战遇见
EF91AF9755EF7E22063F49ABF97491A6,1,dhc是什么牌子,葱油面,韩式水波纹造型视频,ahc系列产品介绍
B864892EE47F0DA039E7BB017842C323,2,余罪第二季,天津七街大客电话,一会梦见儿子无声无息找不到了,菏泽二手车58同城
7ED656FC4FB87D855A1174941C576C1D,1,海信kfr一72lw/72g860一a3,长虹55q2c价格,无界新闻清盘,中通快递单号查询
C66B2DA969A1018525DA220729389966,2,天津哪个中国人民银行可以查征信,公寓几个点契税,梅婷黑眼圈,空腹1
256D0BD91645EA4D19F28024C78C9646,3,台电ssd,泰安,华山,云南蒙自石榴
D4A2A8593385E7FBD2241C53DDBCE11E,1,劫的光放大招能打出多少伤害,angelababy,男生头发一般多长可以烫发,镀金放在阳光地下耀眼吗
71F7367ED70E6C0D27A9002A04E345BA,1,生姜洗发水排行榜,网上礼品免费送是不是真的,上海昌硕科技有限公司招聘,煮过的鸡蛋掰了皮里面有黑是怎的了
BC39F0C0BE9AF4ED728E8FDEC4BD0871,3,如何形容一个人像猪,柚子皮怎么做好吃,秋水伊人,未雨筹谋
F6D2C52158BC9BFC4B7ABE75DA2D7A57,2,不可抗力电影百度云资源最新,恐怖女,水分子的键角,王宝强离婚
F0841EF03D5E485C778E1AA92AB71711,3,想,o型血,香港购物,把照片发到微信朋友圈
93A5E244C3E6A4A6C05E8A3E3BC5B967,1,婚内出轨触犯法律吗,死亡邮件,世初和纯情,雷丘
2A09558B21B8C00BE41CCEC136B1B8C5,1,言必信行必果的意思,对老师的建议,刻画人物内心有什么作用,"太危险,这种照片千万别发到网上"
A08BC3C56D45D5E28E340410BA12AE74,4,qq头像,黄瓜面膜的功效,梦见额头受伤,膝盖酸痛
691B8CAF64B1BA5A9A12DC205165159E,1,圣安地列斯秘籍,鸣人vs佐助,鬼父百度云,qq设备锁怎么解除
EE889D803E451AF609BF352C7EE7B0A1,1,头晕轻飘飘是怎么回事,张辰赓,做网络文明传播志愿者倡议书作文,s6vn教学视频
560F80C5B05E51297F6C85E668C2A6F1,4,张德芬瑜伽冥想,脖子上有淋巴结正常吗,手术后能练瑜伽,中药渣子可以包患处吗
1690DC96CAE851017141EB67004B5281,2,分手后一起拍戏的演员,rn,月经后有褐色分泌物怎么回事,宁晋县东城实验中学
A8C06354D3F187E2B40553A1E94D991C,2,日照北京路198号,飞机行李托运价格,快递收费标准,2016中国留守儿童数量
7FDE33019CAA1D7603E06DE41526DF61,3,一叶子面膜怎么样,深圳单车骑行,悲观的人消极的态度,黑糖姜茶多少钱一盒
AFF6E43005D571776688A5380069DB89,1,最强升级系统全文,直流电弧的烧伤,热继电器,广安华胜路的培训中心
5A33C769A06F8D6C870D74BF1F2B1D7A,3,闲鱼,大乐透,黄山毛峰,南庄
8B2D79BAEA70A1452604B91942A33758,2,软组织受伤,狱鬼by狂上加狂,广安有哪些好的小学初中,重来的传奇幸福生活1002重来的传奇幸福生活
F11D4CDD1011BD15002E34BBF4FB55A5,5,里约出错的国旗,锦州高中体育考试,尖头顶最适合的发型女,本田飞度图片
97E284FA25868401FB52D2D06C8F8C47,3,顺丰快递电话,电子票是什么意思,奉节县邮编是多少,天津建筑公司有哪些
BBE64424D5AE41CF87A4983650E69417,4,梦见死鱼在地上,三字经儿歌视频,小白菜炒肉,炒茄丝
0705D7D3AFA9EF9E22242EC6A4D0696E,2,一加三手机壳怎么样,an unexpected error occurred registering,腕表之家,周杰伦2016演唱会郑州站
434CEB9BD06871FADBB7E14949990069,1,高通骁龙652,vivox7,easyhoon,绿卡
C264CEA8D8E927F38DCC1C9F0063B9E0,4,微信绑定手机号码换了怎么解绑,翮的意义,微信绑定手机号码多久可以解绑,腰走路久了时胀痛厉害是啥原因
1CEA3885EEBBC87C654BC216EFA284B2,4,氨气 冻结 指的是什么,腰酸是哪里,毛豆,核金属 装
8F249FED10FBCD7D75DEC9A5F3EA26C3,1,男生变声期喉咙会痛吗,珠峰峰顶图片,怎么表白,为什么有力气使不出来
09952B0CDE2EE41D4378664E6F4BB14D,2,北极狐背包真假对比,赤羽业,西贝莜面村,西风碧树 by 碧树
E5F8CBE20E71C4B1763FA3A27868860C,2,2016年属狗人的每月运势,甲亢怎样检查出来,百度云下载,电饭煲插电滴滴响
6BB21635052968F66556649AE6CD54F4,2,死亡邮件,电子现金的钱任何时候都可以取么,四周都是白色背景的软件,两会时间
BC5A3151E2ED1C2AFC7E1DAC9AA98CDF,4,桃李满门的意思是什么,qq屏蔽了别人还能收到信息吗,山丘造句,大米粥
71198564A2A10BFE62AB2B1080382271,3,金象物流郑州网点,万能蛋,黄豆价格最新行情2016,正阳熊寨天气
FFFEA304F1817F49EACB11D68B4B22E3,2,空号是什么意思,死亡邮件,九夫一后,跑步把脚背扭了怎么办
0418BD6A61C10094854E3686F029B18D,3,低保标准,中国共产党廉洁自律条例第二条,尿潜血3+,36.8度算发烧吗
9A89DFDB5F64AC61D662FF043935B0D3,1,优酷怎么传视频给别人,台式电脑,惠普酷睿2笔记本电脑,https://buyertrade.taobao.com/trade/deta
A506F4206BDD3EBA946DA5232B0AC8E6,1,爱拍,杨惟中字彦诚文言文答案,阴兴字君陵,王者荣耀马可波罗和刘备
5EC93435478467A2186914D404A60744,1,用手机做表格格式不对,富氢水,精子不液化的原因,saber
98D46B5C70D66B8BE8CEEFED1AD7ECDA,2,为什么键盘打不出字,联想win8改win7好不好啊,3dmax超级切割为什么两个物体加不到一起去,3dmax中放样旋转时为什么选了中心对称还没?qq飞车名字符号怎么打
3882535286C9FAE25551E982B1258362,5,关于微商的励志句子,充值软件哪个好,补水面膜广告语,南昌高楼顶楼起火
F64BC1952E2ECE5B74469EE2766C9A88,2,明朝大名府龙泉寺,枫香树果实,张营,课改培训心得体会
FA586291FBC6AC06A3379BC6701BE6E8,3,容易患癌症的食物图片,蜂蜜怎么喝治便秘,任长霞之死出殡现场,炖鸡汤好喝的窍门
2028AE7A9C6331FC6C2B9EED5DB4C314,3,毓怎么读,嫡女风华抢来的俏王妃txt下载,嫡女厚黑攻略txt下载,王妃不好惹相府庶女
E3E638F89DB32697CA2CDD06EA875811,3,呵呵是什么意思,人教版六年级上册英语课本,西湖文化广场大厦,犊子顺口溜
31751E0E28AFE873033ED15C769C1051,2,咸阳夜宴怎么玩,包皮手术十天可以同房,包皮手术恢复的好多久可以同房,包皮手术后最快多久可以性交
AB7907DAB1646F0E161AE8ECC25265E6,5,人民币图片一堆钱图片,像彩色糖果一样的避孕药,梦见别人的手流血了,被老虎咬的女人死了没
3B6300BE0EA0EF4AA89BBC7A4B4D595D,2,龙王传说,龙拳小子,盗墓笔记英文,电脑开机后进不了系统
52CAA5EF06E755E382E60445D5D02309,1,百度,wifikill,在什么ps3的网络连接测试老是失败,圣金甲虫
4D75A9486A68FCCF63A1B1B7D45960B1,2,advptery什么意思,3ce粉管口号,奶油打发化了还可以在打吗,在网上做女主播
020B2A049CAF415BCF7120E25BD6CA94,1,快乐大本营录制时间表2016,闲鱼,省内快递自行车要多少钱,三星c7
C0D2A504BB0109B93BADE6DFB03A1766,2,游戏中心,炉石传说雷德,拆卸精工表带,苏宁怎么领券
D0E59426543CAE8310821868A95D9736,1,王牌牌是什么意思,三星c5,蹦泡,也不行网络用语啥意思
20F5B81A1C4812C8F3F6B6BB33E0AECF,3,信用卡变成呆账的后果,18124695409,呆账会坐牢吗,梦见拉大便
1AA4DBC1F8D2111417557B4F668A0391,2,魔草,男生马尾辫,孔子,麻辣变形计崔天琪是吴飞的什么人
86D8122F8EB8EB551FB8EC3040BFBB0F,3,微微一笑很倾城插曲有哪些,柏拉图百分比会自动生成图吗'',蔻露薇洗发水是品牌吗,小姚笛
DB8C37CE2B818221C4B6CBB8727C95E2,3,海市蜃楼形成的原因,什么英雄克制亚索,石英石有限公司,nfc是什么
7E4F07D0FEEC8D974472D4C06058F04C,3,康全,费用率,最炫民族风,马特达蒙
155E7FCDB7C2E08505AB706A06B381F6,3,胆管占位可能是什么,嫁个老公过日子,补办手机卡委托书,蓝灯vpn
DFB666F2D86341D6ADAA54AC59FE2D40,3,十二生肖串珠教程,骑动感单车能减肥吗,什么方法可以缩小毛孔,菜饼的制作方法
8AC3EACC10FC0E5B8B745FD24E181079,1,青苹果范冰冰电影完整,专插本需要培训吗,广东插本英语试题,广东插本文史类和理工类考的试卷一样吗
5FE4277AADA9FD6DC33CDA02DB0B944C,2,鱼和飞鸟的故事泰戈尔,红烧鱼油温多少,肖骁,相宜本草被曝光了
9D3A7E9F3B0AE7B33A93953E3308FFA5,1,倾听大自然的声音500字,灰狗黑熊闯天下有感,他是紫薇的儿子东儿,辉克洗头膏
9C3D45D31131C66097D210A6D2214E6C,1,dnf感染孵化场位置,17173dnf,哈尔滨佛教学院,生辰八字怎么算
9F3E70B283701289691AAFE6A4817FDC,2,责任感用英语怎么说,武汉纺织大学,w两个世界中女主用的护肤品,河南大学
1D0DDA4FE2C3DB3AF1DA72AF1E5A06FE,1,青春时代韩剧,唇色深用什么颜色的口红,青春时代韩剧结局,蚂蚁花呗怎么开通
C08D69AFB8EBFA826F73BFA77DBDE16A,2,异地恋如果男朋友七夕情人节没有送礼物是不,皮肤真菌感染溃烂可以,真菌的生长环境,每天晚上用食醋泡脚好吗
D9640E8A685C08DC3505C5849ABC2847,2,佐佑公司中国移动招聘官网,http://pan.baidu.com/s/1plrpoqn,兰州新区601路线,中国移动笔试历年真题
8FC6AA1A0220CE21BB786C8562105B95,3,以前天津,香港买戒指,广州过百层,雪花秀
8D3CE603DB3966CB3AE40BE3B9307B7A,2,能看见鬼的刑警处容2,辛玛王国动物园,分配原料费用会计分录,幸福的故事
D7C1D88E2C0ACA933DFC0EE20A385AE9,3,妇炎洁好还是洁尔阴好,杨洋有没有女朋友,爱你是最好的时光大结局,杨洋三生三世十里桃花上映时间
FB3C01C2D0B6DEC7A9E160204EC9A245,1,阴道炎根治需要多久,手机自己升级系统好不好,李雅微图片,卡宴2016款
56CA47A3B4829A4D830B1A6C220383F8,2,吸毒者的恐怖吸毒过程,百度,路飞关系网,卡彭·贝基
C6017360BCBB2BFA9CB5CFB5AED736F8,2,殿试,泸州老窖陈酒52度价格,手机微信表情含义图解,eva
EF70C02A53F88734562D36010FEEF6A8,1,发货以后能不能改地址,蠢蠢的死法34,蠢蠢的死法45关时间调不起来,言承旭演过的电视剧
71171EB0B670172BC0EBF866DC551D6E,2,手动疏通器,大张伟喊话王思聪求撕,考驾照可以用临时身份证吗,note7全球召回
32FFEF17C75EE59B825C78840C4E1793,2,秦时明月插曲啦啦啦,魂斗罗怎么调30条命,vivox7,范思哲能排第几
4A24B50DDC0B8ABA44E33E37DD020994,1,网吧上网多少钱一小时,托盘,单双眼皮,醒酒的最快方法
51388A856666F2259928EF7F7FF3EAB5,2,在北京二环得胜街,笔记本空格键失灵怎么办,大乐透,小米sip
6DECA127D7DC0F285E01212F528AAD76,1,元素周期表高清大图,御剑情缘野生宠物,手机放歌声音变小了,oppo信号变数字
A537D4F9E360718BCD41455C46A69CD4,1,圣安地列斯秘籍,百度钱包手机版,gtx760,实体店买电脑要注意什么
C75352488FB3DFA3D0EEB2F0B59C1962,2,苏绛儿,笨蛋!你不是我妹,锁骨有痣的男人,元媛小说合集无删减版
44458E6C79132CE9EE04CB6B8ED92D22,1,宿舍神器,何需浅碧深红色,洁面乳和洗面奶的区别,嘴角开裂
7FDFEA9F118D911563C0CF6CC836B472,1,化验血常规能查出什么,泰安检查乙肝两对半大概多少钱,有西安到泰安的高铁吗,各类安眠首选药
590ACF1D38B904FE25965553C49D9A80,2,哺乳期吃烤鸭的坏处,x5sl可以用联通卡,dnf2016漫游刷图加点,中兴远航3
8339954E7B10A3403321815778D4E61E,2,酷派大神f2致命缺点,纷组词,盛组词,purchase
09D6CEFC0405E53ECEBC5DD9717A9D78,1,对古风圈的感受,有啥好看的玄幻修仙电视剧看的吗,广播剧剧本短篇,吉首大学
8F3CFA2F4675AE28D1BE9B99FF6E33B2,2,反派邪魅一笑,珠芽txt,莆田鞋,邮箱登陆
15A0A3C446AD32E1AA831EECE3C2C14C,1,改革开放是决定当代中国命运的关键抉择,不知道几号来的姨妈怎么办,太极拳图片,妇科千金洗液怎么使用
8B29FB1C9BB0B977A42344283A7039B6,1,百度,怖客官网,圣斗士混沌篇,华硕笔记本怎么调节屏幕亮度
AED514A459A97292EB0B5ECC91854E1E,3,佰草集官网,olay适合什么年龄,月经期间可以吃巧克力吗,王熙凤
8BEBE2B91F4360C3E5E168EEA57E2999,3,国寿福少儿版和少儿平安福,河西儿童医院怎么走,英国毛毛虫贵吗,三个月宝宝咳嗽怎么办
709BF98DC1FFAD8ED0070599E5784212,1,山东农业大学中德合作办学,郎平的前夫白帆近况,淄博联通宽带套餐每月80元,山铝医院皮肤科
DCC233D8813071C9A8A721F410FED7E7,2,新生儿痱子怎么好的快,坐月子喝米酒对宝宝有没有影响,侧切伤口裂开重新缝合,新生儿能用爽身粉吗
1E953754EDCE962C8A685F095CED1122,2,弗洛伊德,左侧编头发,陈佳玉的头发,大话西游3
912D599192C00618093C3084D04D5B8D,3,宫炎平分散片是治什么病,吴倩莲,榛子树,慢性子宫颈炎
250C57F75D45079362D68143ED3172E6,4,烟台公交567路,别克君越换轮胎视屏,恒泰锦绣园,实木办公桌
635033CA4FC00B85D56C25108AB2C415,2,赫拉气垫怎么样,"雅漾,理肤泉,丝塔芙那个护肤品比较好",佰草集玉润系列怎么样,药流后鸡汤可以放清补凉么
247288ADC4DA30DA0FC2E8FE2EE53861,3,霍比特人1,百度,你 u,海花岛骗局
DEC1E6598AFD5CB52E63DA8909456C7F,2,套在手上的手机套,熹妃传白菜怎么炒,道熙呀完整版在线观看,笔记本电脑什么牌子好
F6B7A22EA907E1551F9C1A020B962E10,2,居然之家兰州分公司招聘电话号码,兰州75路公交车路线图,盆腔炎怎么根治',兰州118路公交车路线
C9010ED89B9EA43C73C2E73F0D4FD3A3,4,粉刺,超级vpn,可以评论别人的说说却不能赞,变形金刚宇宙大帝
32C1E2F40AC581BB37BDEEBD104B728F,1,男人脸上长痘痘的原因,罗大佑家驹为什么会死,百度,珍珠粉祛痘的方法
E8437959624FDD2EFB12D02486EF948E,2,暴龙眼镜代理商,失眠症状与表现,缠绵入骨总裁好好爱,女主叫苏苗儿的小说
73865F8AF8CED7F7ECF2068EBFEC560A,2,韩孝珠,希尔薇,什么快递现在没有瘫痪,兰卡斯特大学
B4D8C922D88D4B93451045BB6D539ADF,3,凤凰觉醒任务,永生梦境鲜血伯爵阵容,笔记本电脑怎么除尘,光学显微镜的使用方法
D47024EFFB6970C9C0D191B7308525AB,1,死亡邮件,近视配镜,韩剧网最新韩国电视剧,实习
8DA23C708EF88033745F2D5D7043311B,1,速度与激情插曲有个唱听起来像傻逼的歌,笔记本怎么连接wifi,周传雄老婆vivian照片,斗鱼
AB05C95894B653E6B7B3D5B3C607A7E1,4,拆弹部队,油炸脆皮花生米的做法,花生米的做法大全,王双宝
7B64C6B2D24ECB86CAD002ED9E60B7B9,4,邢台洪水真相,我的世界恐怖视频马桶,360度全景行车记录仪,万能显卡驱动
4B1C03CC3D00C004D7F55565B24BEB24,2,闲鱼,天蚕土豆,喜马拉雅fm,cafeoi
C8317153404B10F848C304862804EE29,4,比亚迪油电两用车,中秋节的黑板报内容,读研究生需要什么条件,银行货款利息多少
51103B9A0CBA7008F1531A2F601211B4,5,星冰乐 种类,江苏广电 胡正光,沈凌,dt770pro le 80
A49EA89EADF064B1161404200D29D14A,2,重生嫡女复仇记盛世,潮州市新洋路,女主重生还是嫁给男主的文,弃妃要翻身
3BBB93E98F3AD15531D91E63E91D50A2,1,qq不是好友可以发消息吗,东北林业大学占地,rewrite有没有不是,征途是哪个公司的游戏
0EB7C8776522C9513FBDA1B1F7D6302F,2,何穗维多利亚的秘密,峰会结束时间,冥币,牙冠颜色发黑
BB34E16979EBD3F0582C222F8AB4BD11,1,看小说免费的小说软件,阿迪的:creater系列;,高中数学难吗,2016秋款jordan rising high 2 x
48168B66A7E0CBBA27F926ACE80E159A,1,邵亚光宋喆,windows vista,大学生游戏本推荐,电脑卡住了按什么键
7BA20B9CDBD19AD43CA1831AF8A14174,1,火影h图,u盘,重生之天龙前传,游戏笔记本电脑排行榜
86E542D71FA517AA64CFDB7C4CFCCA77,1,金铭,郑雅文,宋欣佳怡,粤语剧
0F2B8384A05246332E1AA27496399727,5,怎样选床上四件套,原地跑步能减肥吗,怎样换雨刮器视频,亚麻籽油的功效与作用
AB2A3290496826C4AC6CB2AEB203DD96,2,鞋带的系法图解,福建工程学院宿舍水费什么时候交扣,ted radio hour,材料科学与工程考研学校排名
4218692CF1039F8827858447F9E63A29,1,论语十则翻译初三,贴玩面膜之后用洗脸么,愚公移山读后感600字,外套
9A0BA79566B6A18D31B5192B12808B1E,2,青汁减肥效果怎么样,最里面的牙齿能拔吗,玻尿酸价格,青汁里面是不是有绿茶粉
72DDDD69E8D741405882F712CFDEEE6D,2,美人一笑很倾城,nb正品鞋如何辨别真假,重庆宜家家居营业时间,常见菊花茶分类
700145B3EFCAC3AA7CB1F947924FDC19,4,高科路由器设置,7620有没有主副天线区别,歼20发动机最新消息,nw710设置
68B61EA13AD56D04B12820C4ECAE34DF,3,中国银行龙岗支行地址,y阅头条 官方,2016深圳富士康底薪,观澜富士康属于哪个区
0930C69FD4D854D792F84A3FB40A5B83,2,黄石pk,福尔摩斯探案之《波西米亚丑闻》英文插画读,北京时间,舌头发麻去什么医院
F344A45128850CA4353D869F287A1087,2,冯小刚女儿,暗流英文,恋空,宋欣佳怡
F7DE3B151177F725C62E24350940C346,1,张一山电视剧,德克士价格表2016,给女朋友生日祝福说说,五线谱
591AC11B9DD64FA262F1899313CF3BB7,1,贵州计算机二级考试时间,云南旅游路线自由行,贵州计算机考试信息网,百度
CA431A91E3530659222B850C2B5FF8AC,3,开增值税票需要什么资料,水光面膜多少钱一盒,理发店都用什么洗发水,公司买的雨衣做什么费用
3F6DCF5C3B51CE755C414B3F55141AE2,2,令人失望的英文,英语四级官网查询,神州几号了2016年,山茶花蜂蜜
DDF9B619D1C1590DAEA792B30576DBC0,4,穿越时空之君王爱,女生头像白色系,画手教程,爱丽丝学园第二部
2DCAC6F01A9E7D9F15E0C827740F3289,4,华为麦芒5和荣耀8,好用的超值灶具,排卵试纸准确吗,关于民族团结的绘画
F736545BA8E6EAECF7E6911A6D404B7B,1,白色舌苔并且厚的原因,么么哒,今天怎么只有一集微微,欧美经典电影
2EAADAD63C44766185C963FD65D5FCF5,2,已状结肠炎的症状,已状结肠炎图片,顶切钳,车友驾校怎么样
6CD24AE18A869EBDE7D4BF197398A5B0,3,嘉实多,美孚马来西亚,fx110,excel
38EF3317995990144BE18FB598D73355,2,哪个快递快,宝宝尿的次数多怎么回事,女儿的小樱,杭州g20峰会是什么
513B60284BD4B7324463947C98D179BD,2,刺客信条泰隆多少钱,马克思主义基本原理概论,二手小白镜头,爱死小白兔镜头
2D354960DE0FADB14D6A44753E88A07C,1,没法翘二郎腿,汽车是前驱好还是后驱好,三生,剑灵界面隐藏
6BE6DB8B91ECF10F6E25A85B305F16EF,2,巴彦淖尔三支一扶群,所有花都为你开是什么歌,三支一扶登记表怎么填,社区民生资格审查需要多久
61B7A2E3270DC80E662ADA9076BD5163,2,芜湖小吃广告牌制作,刮凉粉,苗家小吃,鸿搏
78C4E9683358877076EDF0DB224F432B,1,游戏代打平台,最低10元开年费绿,黎明杀机,八连杀在线试听
ED1015F4C72DD49FDA89950E4EBA704F,3,百度手机助手,padi,padi路由器,消防施工固定线管的卡子
59681960357274A027D83CCD3C28B3DA,1,赛睿官网,加腾鹰手指怎么厉害了,百度,19禁韩国电影推荐
770F78C14270A6655F58804733CC55D9,1,黑水县,愈合后的伤口疼,弥猴桃的功效,万州甘宁镇
412725F015C6CEBFF2FBE364F96DCBE3,3,新华联集团,youtubecom视频主页,秦皇岛渔业,四合院注册餐饮行吗
0E8D22903C1F5BEC105F705AE0F4C60D,1,琵琶词伴韩在芬,大衣柜图片大全,胃胀气,独舞为了谁李琦
0FC922873706152E0714700AEC775998,3,淑女之家苏志文,我们的十年,盼盼浴室门怎么样,易乱琴迷
25DF1A78C56FF9065D086596A1B0B048,1,李耐阅现在的样子,lephone是什么牌子的手机,为什么滴眼药水一只眼睛有感觉一只没有,一人我饮酒醉醉把佳人成双对
59E4C6471B1A7A5503DA932E59651D4D,2,法棍面包的做法,山东鑫泰水处理技术有限公司,二手手机,百鸟朝凤电影拍摄地
9522537ADACD2B11EC7CA1E770E5603B,1,异乡奇遇打一字,迷之,洁面乳和洗面奶的区别,韩语人门视频在线观看
664A5583F61453FF5C6E488B5A1F883D,1,青汁,戚薇,edius教程,学号不好辱骂老师
FE7071FE13D4813829EE838323386C25,1,属兔的今年多大,杜丽,只因单身在一起,刘嘉玲
52CC11664516E92266FEA6001E589A60,1,博士读几年,百度,存折挂失之后能邮寄到工作地方么,自考浙大
889C9F43BFA431AE1480B20450E6CC14,3,许昕女友,人民币贬值房价,腾讯微博,枕上宠婚狼性老公要够
A5F89D094F9AFF28234E075FA085A3E7,3,相亲吧,吃过蟑螂爬过的东西会怎么样,恒大无理由退房细则,地藏经全文
B3AC6D16CAC743DC54CD3511EE81DBED,2,桂林北到广州南高铁,杨慧个人资料简介,唠嗑是什么意思,一般减脂要多久有效果
58D3B46B3256C87EC96BF52E5940762A,5,激战2大剑死灵,11大于2效应,余额宝收费最新消息,cad2007打不开
F56297888A82763E04D919ACCF752C95,1,家庭经济情况的登记表,u盘,奥运闭幕式2016,入党申请书格式
6C27593554FFD6B6CC0725E3FA2C713B,1,宋钟国离婚,能玩cf的笔记本电脑,手机充电插口进醋了用水清洗吗,华硕 asus x555yi7310
FCC223D3BF4DC8A0E20D7E63ADCF1F15,2,中班益智区墙面布置,魅族手机备份在哪里,鼻孔里面痛是怎么回事,清洁面膜排行榜10强
9DDDBFCEF954A3FAD1D957F3BD36354E,2,腾盛第五城,一叶子面膜怎么样,办房产证开发商缴税,疏通马桶多少钱
891F3F33ED524272171B96ED8E072CCB,2,万达冠超市营业时间,侧边辫子编法,实习生评语,侧边辫子编法图解
FEF56DB00A3B67A94398775A22EEEA9F,3,上海搜房网,近视眼怎么恢复视力,在昨天与今天之间铺设大道,香奈儿哪款口红不干
9BAC6C68F7852DB9386DB45BA368A119,1,具惠善天涯,宋欣佳怡,安宰贤具惠善扒皮,铜陵大专贴吧
B129C6F067901D5D72815AA8D6AD258B,1,2016体考分数线划定,梦到蛇预示着什么,笔记本电脑什么牌子好,数学公式大全
3D6BB9915F4C61B2B54637953AEAB6D5,2,玛丽酥一念夕雾乐文,陛下万岁万岁万万岁,"(快穿)你是我的 【简体,高h】",雷诺商学院在哪里
1DA8FA679AF7C038A9F40236038D5802,0,夜校有哪些专业,只怪我们太贪玩,邻家有狼,女追男男主很冷的小说
1488B58E5BB46BEEB836502AC7242552,1,毛泽东诗词,小清新网名,唯美的名字女生,用凉组词
BD35B959B79CA9BB40C67ACD4DE79009,3,佛山市口腔医院,2017年春节是几月几号,重庆,上海卫视生孩子的节目
7CE663DE4B0432FC25039692FA426ECA,1,宁负天下不负你,hp台式电脑,小米电视,无锡海底世界
DF46F8103F063273B9CDFF86108C79F3,3,笔记本超薄什么牌子好,燕塘3号线在哪站转2号线,手机3d视频屏幕放大器护眼镜投影仪能打到墙,超薄笔记本电脑哪款好
70CEBE445B70BA14777FB87D0344D982,4,一叶子面膜怎么样,尤尼克斯和爱迪达,"乎唯鸟语悉,唯得知言语",曝王力宏婚礼片段
1C65273B3492A11D4BB427624346C2D8,3,tcl电视机开关灯亮启动不起来是什么原因,狮子座女生,还没满月婴儿眼睛流泪,婴儿黄疸怎么测量
A1038A8442AACE9862DC9741D93CD925,1,870投币几元,微信上买票怎么改签,头发油应该怎么洗,电脑连不上无线网怎么回事
D30C578B5B6035439384B9AD84F27E2E,4,最新公积金贷款利率,裤裙搭配什么鞋子,国家资源公共服务平台,小白兔作文400字
70EB869D83828B01461824F04E2CAC30,2,四川大学专业排名,梦到同一个人很多次,大宋提刑官第二部,百肤宁面膜一盒多少钱
2204DF23CBE59B6509B2DBD719052A7B,2,zc6624飞机,亚泰富苑对面金鼎轩,金兀术读音,吊丝男士第5季全集7
8D0611B3AC6C86E95316F09A6F1F8C3D,3,大乐透,中国好人榜,刹车离合油门位置图,济南园博园水上乐园
57FFE8FF4D44D29C571BED09F21B0397,4,闫闫,制冰机什么牌子好,假鳕鱼柳,德州澳德乐美食
1582FA354D794ED1359A3ABD85304070,2,人流一个月月经量很少,人流后能吃鸭血粉丝吗,皮肤太白怎么办,石家庄财经职业学院到机场的路线
B810836BAB70971CE9763BBE31F0A31C,1,s6ap通用符文,卸载了显卡驱动后蓝屏不断重启进不去系统,大地影院u卡,稻草人幽魂皮肤价格表
CA2248A3B09C12A150CDD85CE15BEC9B,2,华为商城,武汉大学马克思主义学院,cp是什么意思,巴斯奎特
5AADE0810DB359EFE169DFF664BA3864,1,无可厚非,也无风雨也无晴,刘翔如何训练,电动车电瓶寿命多长
D58D77C36FCBF9BAFD8D9E59193CDD68,2,曲潇潇相同发型,天津肿瘤医院地址,孜然馒头丁的做法,欢乐北极星全集
54913484EC867DCD123328BD810018C2,2,中国建设银行个人网上银行,百度,公积金干什么用的,贷款能提前还吗
0F07FDB0C4B671CA007CB8DDBD2E47EF,2,猎场,小米概念机,李海泉,杨洋厦门
7B3073E8A5A3ECC0343C2329B2007C7C,2,高清mp4,翡翠恋人什么时候上映,最老的人是谁,石家庄好玩的景点
85983B9F047892DA1A6D2601D63A38DE,4,梦见自己考试作弊,秋季毛衣外套,"2016年9月17摩羯座,势!",2016年摩羯座10月份运势
317D3722483001071D694DB80DE43903,1,微微一笑很倾城电影预告片,宋欣佳怡,徐娇,方大同
FA811C1AFE6A0C57A632BC14488B0A99,3,海尔bcd222bc使用说明,便宜性价比高的蓝牙耳机,玻璃胶酸性和中性的区别,阻止运行
EEA50E62B79DE7F713399DC9E5F0FE67,4,水豚,上海滩,粤海润玉月饼,复数形式 英语
FCEBC5C147A67EC106A9664F3787ADF2,2,兰博基尼,dnf瞎子白书是什么意思,三星a9,地下城板甲ss
BDBA496D81735EBE9DB7C52DE6B9ABF2,3,晒伤用冷水冲,宜昌英杰学校,湖北人事网,办理信用卡好不好
CBA8D673D28A202ED4EAA2416D8D871D,1,冒险岛5转哪个职业好,冒险岛狂龙战士打boss,湖北最好的大学是,冒险岛现在用什么挂
937096EC383E5487CAAD02789447DB80,1,qq头像,混乱战神,刘嘉玲,精仿苹果6s
78D3C9FB41C397FEE7F2223B10CFD10E,2,2016中华好美妆,酒店管理专业个人实习总结,于无声处,古希腊神话人物女神
DBC77ED297B931F9255FBA50265CF09C,2,华为商城,狮子座女生,苹果发布会2016秋季时间,杨眼网
2287F03ADBFE36195589C5509D3833CB,1,魅蓝3s自动关机,有节奏点的配乐,上皮样肉瘤,cf
BDC95A76B294382679040239EA14119B,3,随乐走天涯,cb,刀刃电视剧全集在线,许韬
5E5C52BF5022A3BA106E56C240A7091B,2,王爷的侍妾,贵妾,开心消消乐下载,竹鞭先生完美文学馆
5FE8AD11CB7D12A28A44ABDFE78DA54A,1,弗洛伊德,泰国男星tik,林心如骂于正的微博,活着
745AFE61C81A45846C2A3A2ECA467387,3,qq音乐怎么移动歌曲顺序,qq音乐怎么移动歌曲顺序1001qq音乐怎么移动,劲歌金曲是那一年出的,香港的顺丰快递能寄东西回深圳吗
B83CFA98CB32AC5867E7043509780C86,4,青海藏红花,公司起名大全,抗曰时期湖北会战,扔手榴弹记录
0ADDE6BD0C865B1CF95F611CADD1284D,3,艾司唑仑片是安眠药吗,茶壶将军曹瑛,包头房价,帕尔哈提
FAD07671AFDF9FFA93F0D51F573FE4E3,1,大连枫叶职业技术学院,健胃消食片饭前吃还是饭后吃,康复治疗学的悲哀,大连职业技术学院官网
775C594C596B12925BAD5AD76875D596,2,洁尔阴洗液用法,女子花巨资放生 热点,红豆和赤小豆哪个去湿,红豆薏米燕麦核桃红
7106C221CA2B03749713EF3FD7D88569,1,维生素d的作用,如何校正台秤,消费者行为学第11版在线阅读,考不到几分不能补考四级
588586BEBB8A8B6EB7A9EBE13CD067B5,1,魅蓝note3电量实际可以用多少,vivox7,vivo v3max,小米note顶配版
12407436975F54398F32D5FDEE3BF7DE,1,验孕棒多久能测出来怀孕,深沪冰饼图片,动车,穿裙子去游乐园
E71A3397ED5D2052C237871824AD0B6C,1,油豆腐图片,寂寞女人最容易有二心吗,不交狗什么意思,好别扭什么意思
149A75EF99367F8DF353BE36292E374D,3,杰罗莎西拉子干红葡萄酒,观澜湖新城超市,中国房产证已规定成为永久产权,百度
CDF0225BD30701AEC390FF6937705611,1,仙剑奇侠传六抄袭罪恶王冠,魔兽争霸不用外网怎么联机,笔记本背包,http://
61B5FA86DBE1329FB0CABE6C8D47CF83,2,有蟹黄的是什么蟹,总有刁民想睡朕popo,有刁民想睡朕,葡萄为什么没有籽
E7E8AC0EF3868FDF400E8912EDDE5B09,1,北大青鸟马甸校区地址,q币可以充会员吗,偏分发型图片,求生之路怎么换枪
235CF1EB12B684A2811C76D4B0DB2EF5,2,京东里面怎么才能联系到店面客服,天天炫斗的抗魔值怎么获得,燃情百加得,不修斗气不修魔法是什么小说
05CF34422D1BB418E10E1682EF36A8FC,1,微微一笑很倾城中的厨师是谁,大张伟,艾兰沃克歌手,艾兰沃克
F3BA84FC9F3FD867BA312102D7D41716,3,三奸2手机在线观看,王宝强最新消息,什么东西去斑效果最好,素颜三部曲到底是不是真的
EB0A02FBBA8D241E5C3ADAD2DA6D34B2,1,男朋友叫什么昵称好听,pt,河南大学,刘胡兰
E7BF9C0EAF647EE4478A0D00960F1175,2,品牌文化,excel,h5是什么意思,珠海野狸岛骑车
C51765499FE0B25FA13E128DCA790F98,2,死亡邮件,笔纯影音,灰姑娘和四骑士第6集百度云,w两个世界12集百度云
CBCD2E6E600DF7FBDD21C467FDB1C585,2,新概念app推荐,2013微盘,恭喜发财番外青浼,原始再来月下桑
34BFB53F2BA6F5CFF9F89D02840E59A5,1,思维导图,不二良造,三星s6edge能不能同时使用2个电信,出血热自己能好嘛
975E81204A5128C4A30974105D193AE5,1,流星花园韩国,流星花园电视剧,刘嘉玲,具惠善
2278A090890DEA4896D9DAB06B778325,2,汉语,中国遥感事业的成就,暑假社会实践活动心得,词语读音软件
A79881E7182A6AE53D65451CC43BD84A,1,无可厚非,qq头像,允怎么读,唐雎不辱使命翻译
9B62FC9310D6FFD08283BEA4DE1B3C8D,1,微微一笑很倾城txt,祈祷的英文,伊顿珍妮,翡翠恋人什么时候上映
CBD2DABBB3EE8868B5D409714AD1E1D8,6,湖南省环保厅,美国移民eb一2到期后485:审批过程,蒋经国简介,钱学森 蒋英出轨
BD3EB07B3F7817885F4883174930B560,3,迂血了怎i么斛下去,小宝宝拉绿色的便便怎么回事,二岁半小孩贫血怎么办,尿毒症
370A28631912C58D458F3CAB195A031B,1,风油精碰,远离古典阅读题,eva,宾馆注意事项
43A4ADA315F7B045F5F49F1F673F037E,2,mac口红系列,什么是hops,antepodes,google drive
69435D16D03E4B28B0B04EC7A3266305,1,月亮婆婆的图片,维多利亚,笔记本电脑充电时能不能玩,奇怪的苏夕
EAC7F88D419C2AF72E345FDF064E8AE1,2,红米22014812,华为商城,百度,移动光纤
AD6A51D609E0A95F9AFDA5B240B6516E,3,一加3有红外吗,汽车扬声器破音,闲鱼,雨中放
C9592E6D589E0FC040CEA1D8A3568B66,1,十大运动鞋子品牌,林允儿,蝙蝠侠,世界十大名车排行榜
EA19DE51ECC9BD480A0C7ACFC411E608,1,从渭南市临渭区便民服务大厅怎么到临渭区扶,行列式的计算方法,有关学习的卡通图,庶女性福手册
0AE48D4D1B8C34783D69B23C9BE05593,1,经期肚子疼如何缓解,花子菜的功效与作用,杨颖整容前照片,高潮
51BD60CBED2657AC5B01212D7B30B927,3,铁力哪里卖水烟壶,铁力哪里卖壶,白色的手串有哪些品种,盘星月菩提的禁忌
0C04BAB6A0555E607C333FA9227B7D19,2,刚步入大学的想法,体育课的图片,大一总结过去展望未来,20岁女生两个多月不来月经原因有哪些
CBA4AD71F1E410F2F4CC3AB310D0D060,3,qq头像,合肥市临湖社区为什么每年都有人跳楼,手表上面三个小表盘有什么用,超拽qq群成员头衔
5E442D9152D2495E12F9AEE1E1882B54,2,穿越火线兼容性设置,叫神马未来影院,囊肿是什么病严重吗,被毛毛虫蛰了最有效的方法是什么
5EA29EAC783C0160B5B35DE5C7899074,2,手机卡卡在卡槽里拿不出来,中兴u9180卡槽,防伪码查询,乳腺堵塞怎么样打通
32338FF8F704D7B6643CD8AC0BDA8C69,3,人造动物奶油,苹果6plus64g官方报价,大枣是水果还是干果,戚薇演过的电视剧
A8036BDB51C0135B3F4DE5E7AD397BE7,2,面膜贴在脸上有点刺痛,面碱,糜烂型脚气,拔火罐教程视频教程
93DA9085116B537549885F3B4769CE82,3,跳舞扭屁股视频,ed的发音规则,学习英语字母用英语怎么说,210404身份证
10DEE094C438234E0BC3A437BFEB4D14,3,泉立方洗衣片是骗局,一元夺宝是真的吗,248到里水新天地广场吗,8.18手机兼职工资
C6C7E699DC01BE646797C58927AC4EFC,1,西南交大宣传片,四川重本,百度,笔记本电脑什么牌子好
DC79812955298CC77F5AAC67B904ED51,1,老九门为什么没出现吴老狗,大耳朵瑶瑶,巴扎黑,angelababy
DB1BC4360549BDEBCF091C4CB2F28D3E,2,玫瑰金的手机要哪种颜色的手机壳,怎么一下子把微博说说删了教一下,qq头像,双女结扎户是什么意思
A56AC81C3E86FC39BFA6553A66A207A9,2,麻圆的做法,暖暖13-支3公主,助学贷款可以第二年开始还吗,暖暖13-3少女
6E3B8A7404A787699CABE5AE1B09E68C,2,玫瑰疹,宝宝学步鞋什么牌子好,元祖,打疫苗针眼周围起疙瘩
46E235CEBB9DBEFF2AF9FB6A332191F5,2,过错原则和过错推定原则,环境资源法特征,2015年司考各部门法分值分布,民事责任的归责原则
999183741978FAC9DF3656082FEBCA87,2,怎么能用手机定位另一个手机1001怎么能用手,赣榆到南京汽车时刻表,"舌头下面那根筋断了,老是出血怎么办",南京到连云港火车
DBF4A5704C84519D7C0FA273038BB89E,1,一龙被ko,开什么卡包,末日践行者,战士基本卡组
C44865ECB2AD3D904FC7167E26F1C4CE,2,笔记本屏幕变色残影,科目三加减档,驾驶证一年后要换证吗,随身携带枪
47F6557E762D265F64A1774933B3E5FE,4,临汾各县市座机开始号码,av白雪公主,如何查手机号码主人,中国矿业大学
D0ECCABBD1E061357540498F8D68F340,2,cellatlas安卓,床下男女,clumps,cassette
8AB4FA1E06DD4E1A980194BB58F8ECDA,2,12345609 打一个成语,爬虾怎么剥皮,什么是续航,手机怎样给客服发图片
B5FC87F535DF7CB78E86A6EFDC711D72,0,荷花粉,喜欢亲你的人是爱你吗,摩羯男喜欢,蜂王浆 去皱
6040CF3ACFDFFC82DB24CD436CA141B8,2,姑娘,兰博基尼,信用卡每个月可以透支2500.需要多少工资,学习英语单词软件
F3FEF2CF197295D7B401CA0EA6874A4B,1,别人说你颜值高怎么回答,刘嘉玲,手表买什么牌子好,吉普自由光
59DACB885C76E2E6E13E229163D2E580,3,家里有虫子怎么消除,新白娘子传奇在哪儿可以看,王妃重生记,家用干燥剂有哪些
B01685935CC472E49F1E5F67F1AA965F,2,烧饼修改器,手机超好玩的单机游戏,好玩手机大型单机游戏,长腿叔叔歌词下载
E2430CE1A367CA74B0493F103EDCB673,2,联通50元套餐,短发,曹云金再讽郭德纲,可以用很久的笔
D033D8AA1164DBB4C89247F8793D20A1,1,九州天空城,终极系列,kiko重金属,黑糖三部曲
D87541675DCE17C73E1661375FCD5C13,3,罗成,鲁花5s压榨花生油4l为什么那么便宜,谷草转氨酶偏高的原因,湖北省委书记
DD46E2078A2F2B536BB479C2A33BE03F,1,吴亦凡的发型叫什么,猎鹰来袭汤普森图片,莱昂纳德十佳球2016,aj
C22B15020923CE783D1D9075A6FF2114,3,问道手游进化要多少元宝,大梁是哪个朝代,武动乾坤漫画,后宫海贼王
0D9B950A6CF8526A731CCA4375B2B05D,3,郑州公办初中排名,郑州博雅西城,河南省实验学校郑东中学,儿童有虫牙需要补牙吗
4AD7490CFCC6FDB9D6414F755F57B133,1,江苏大学,问说文言文阅读答案,只因单身在一起,宋欣佳怡
496B47B94986AADFAF1E8D266E1C52D6,6,大唐公司内蒙爆炸,云联惠股权有希望吗,flowerpot什么意思,灵瑞热水器
E8C28ABE498DA84C7C5381AB1A02E191,1,苹果5s信任怎么设置,江淮,腾讯客服,怎么开通手机银行
6D04EC95E4012DD52DEFBBE44A4191CE,0,累断爷的腰,survey,孙悟空,类似医手遮天的小说
5E394A4D1BDB4E084D88DFBD0627F61E,1,顺生,高潮,三维地图,中央民族大学在几环
54D0A19B29642A90B1BB65AF2612C76C,1,kmplayerb站,mtkboost怎么设置,i东职,一折特卖
1C7D87B6B3CCA23ACE8F1307196B8440,2,江西财经职业学院在哪,1000ad的尽打6反甲的龙龟,锁匠,常用的解锁图案
9516A1EA42969BCD13C58D5F96712F4A,2,六间房,龙王传说,王宝强微博新浪微博,跟女生聊什么话题
78A73A852A401CD52554C28D35AB03DB,2,誓约,盘 百度 com/s/1jht0pga,笔记本怎么调节左右屏幕,白马寺高速路口到偃师火车
9C06EB5B44C8A142963AB8D66751B250,1,stime什么意思,超级马里奥制造模拟器,斯缇姆是什么,小孩怎么画简单的小孩画
2CB356D18255619943D5C77056A776AB,1,11号,蛏子,我要上蒙面啥时候播出,oc兼职
78C586184F484ECB42AD8628F9C3552D,2,饭店老板拿皮带抽,快递可以运食用油吗,秘境带人与单刷有区别吗,六道仙人
CA43F36634842B06B8FFB45F84685C10,1,腹泻吃什么食物,百合苦,鲜海参排骨汤的做法,榴莲苦还能吃吗
C5132246429B893492C75CCCA914A282,1,三星a9,主播怎么样赚钱,中国电脑如何上日本的网站,韩蔻
1BCAE05597061163C1895A6CDE45471A,2,系列,乐视视频下线了怎么办,男主很漂亮的玄幻小说,大嫁风尚哪里可以看
DF420B9B23639B33977F2737C5771DDF,3,江阴城镇公交时刻表,车牌007,手表怎么换表带,乡村艳福
713A44B07A5F39C5B756F3925F6C73B5,2,十大裁判愚蠢判罚,"天天p图,怎么把照片背景换成蓝底",炉石传说解析包时出现问题,ktv嗨爆全场的歌中文
70C5182B22BB95F994B2224B3484E03A,1,酷我音乐为什么连不上网,新疆地区羽绒服,破产姐妹,距离浙江萧山机场最近的快递
F66064F31C4F00D376A057661692DA33,3,四个月宝宝肠绞痛的症状,肠套叠突发性,美国尿不湿科克兰,宝宝体重增长标准
E4D34C935452A78504320303CF701ACD,2,易车的底价买车靠谱吗,曾令军,北京邮电,我只在乎你电视剧
6AC254689BC347E5B4BD3BC8510927F3,1,简单粘土自然作品大全图片,艾糍粑的做法,小马骑行故事,花城汇
8BD64D95DFB25FFBE970C6CA73F02DCE,1,ifyou音译歌词,无限诱惑,非诚勿扰琢,男生染什么颜色头发好看
CA715B6FF06C2A8EEC8373FA26EDB3CF,2,结核好后皮试后皮肤成红色,徐峥,皮试结核几天肿块会消,吃苹果会拉肚子吗
603A9E7ABCCB8B9357F8B3A8B99E8293,1,莱克斯卢瑟,学习真的是我唯一的出路吗,赞美诸葛亮的作文,kigarts
FB9CB77B8EBE816EAA704C2E7763120D,2,剑圣打野职业联赛,它,种子优什么,那种车性价比高
5B9EA58F15C70EF941BBB28FE1193C72,1,哪里可以下载霉霉的歌,天蚕土豆,黑子的篮球有女生找黑子在那集,网络打字员兼职是真的吗
6633BD6F0BE95E652E105749C76CE74F,2,保时捷卡宴,马云老婆,浦东到人民广场,南京的酸菜鱼哪家好吃
6D4D3C9478BD0DDBB9ECC8EA95B7DB86,1,qq头像,范冰冰和梁朝伟,奢比尸,七仙女传奇什么时候播
4DB21F5BE95A7957446FE1014B7C45B9,6,加拿大技术移民紧缺职业清单2016,大连海事大学到大连机场,拟用是什么意思,天平座男生性格
427BF2E113372C03E38E34859C3466BB,5,abc专卖店,嫂子电视剧,泰迪猫小挂件,竞彩二串一推荐
7B42CE41AE153542B678D60FA7349F92,3,嵩县到新乡大巴,盛开,嵩县到新乡多长时间,洛阳招教真题
3418668C456A35D5805743E37CF37515,1,高清mp4,35码的重庆市名牌军鞋,单眼皮,http://pan.baidu.com/s/1mh5oegc
D26278318D71EE334AB1E91FAF97D581,1,六盘水到南宁火车时刻表,鸡眼图片,别人送了一束花拿回来怎么养,你是去飞机场还是火车站英文
2B6833462416CF4E6DC4B773C19678EB,3,瑜伽入门基本动作,啤酒过期了还能喝吗,三点水加固念什么拼音,纯牛奶敷脸的正确方法
A7B470FE5BF33A9F4FD4D0AB8A9F9778,1,互联网三马指的是谁,联想客户服务中心上班时间,滴滴打车快车是什么,彼岸花纹身
C645706E24376A8B68C113A609CF316C,1,换发型的app,发展才是硬道理,特教老师,考研英语时间多长
42984B9825BE62D4C340C44E3712E109,2,盐边县东骏快捷,慧极必伤,满汉全席形容菜多,网上买笔记本电脑靠谱吗
0D1BB4790F8029D212F640B5024596BB,2,白百合白冰,微微一笑很倾城txt,权利质押,奇骏20162.5
8AF5FB5E96C3BFA97D067B874D6FFF04,2,课题类型是实做,乔任梁《hello 女神》里唱的歌,课题类型,5g网络
5409D5DF941E2C6845BCE00B27092DB0,1,姣妃美肤之家官方网,携程买票怎么取票,衬衫发黄了怎么处理,丰巢的验证码没了
C16B6DF90FC52FD601685E941EC4257A,2,全新迈锐宝2016款,2016年农村什么最赚钱,网红网名,餐具一次性
201AE110860D6B362B91E4AD137B7E1C,3,拉宾特的黑手之杖,张家古楼,运城天气,我们的十年
9E0DECB40D5827E4D911A19A17CFE944,1,龙湖锦璾原著户型,龙湖锦麟原著优势,韩束红石榴套装怎么样,五十度灰歌
6E3F85DE1B9C6C678099F97BD7EF4F7A,3,河南的冬天冷吗,忘了我也不错歌词,好看的虐心穿越小说推荐,唐山万达超市
3DC441935241DEFA18C41A8DA267EA8B,2,碱性食物,干黄花菜的功效与作用及食用方法,黄金谷小米的功效,茄子的品种图片大全
8CDF67D1D6E2BE59CD92670B2C0449E3,1,快手大毛,台州,网红陈曦,马犬
047471985AD3A1385096F416C5D2471C,1,搞笑头像大全重口味,百度,安阳师范学院可以提前报道,微信如何发表说说
D2184831A3B9207216333A5E1953669A,1,紫光电子平板电脑怎么样,平板电脑没有声音怎么回事,shoulder,联想s720i
2225D40F911AFBDB3BB53707CAB06C7D,3,自己diy手机壳,李冰冰疯狂强吻视频,厨房装修效果图小户型,取环怎么取视频
CB0E11A7111FEEB2D165F751D94E16B5,1,喂奶姐优酷专辑,vivox6,手游排行榜,中国新歌声
EFEE4636AAEA6E7BC2F7568FA4BC0A84,1,魅族任务管理器怎么解锁,中通快递老板简介,飞越疯人院萨科,类似gta的游戏
1B9B2B71382627C22AE6C4BEE2BD9061,1,火影的羁绊,龙王传说,电信套餐资费介绍表,2016电信套餐资费表
CCDF78AB15CD0C02CF228A90CFA6F48E,2,沈阳都有什么区,人是无法做到换位思考的,性感动漫头像,癌症会传染吗
FFAA41D18568DB9E7E66439AE2C0D9FE,2,海南省国兴中学地址,刘德华和吴孟达演的电影名称,到重庆住哪里方便,小米斗地主游戏分享码在哪里
3983D21D058FAF77F4D92268311FF67D,2,超过一个星期不来月经,人民检察官,韩国泡萝卜,三字经全文
B0B09C80E098D5323FEAA715613CF0B1,2,知识产权的无形性特征,word怎样把图片设置为背景,公务员考试论坛,新闻联播
1D5A71B3E8B7D171C0F9CBC7731FAD28,2,联通校园卡流量比移动贵,联通流量半年1.5g,黛莱美微商真的赚钱吗,退团申请书范文
D4301C45D5C2B63DF140EE3BFCBDF865,3,李悦,信天游,贺炳炎的精神,华生ft-40
DBE05BC399B855E2A1D4D2A966868638,2,昏前婚后,去角质层对皮肤好吗,安农大官网,恋爱暴君ova2
3389627D4DEAF7525D101976C3D0F7CA,1,竹枝词 刘禹锡,aoe王者荣耀,小叶紫檀,微微一笑很倾城电视剧插曲古风
EC8A7945526CCFAAA7FE06882C76C206,2,月经晚来几天能验孕,盛开,吃生男生女的药管用吗,男主名祟震尧的文
6FE47F25C451B09E00F2E066A4CA6058,1,胯下运球,描述中国国旗,王熙凤,superhero
5706C44C41BD91ED4DD906B3214F44A8,1,卿本佳人床戏,火车票预订,民国时的银元,风行网
D87BD2DA3704B86E32AC86744C350065,5,怀孕初期孕酮和体温的关系,怀孕初期保胎要怎么躺着,怀孕初期黄体酮滴吃橘子,怀孕初期孕酮低会喘粗气
ED013090BF77BE9251116AAF6D77C54F,3,科密 m-c319d,appstore怎么变成中文,节气门,机票查询
547CDE636DBE2A116969336AA4F2DB22,2,龙腾小说,苹果手表2,苹果手表多少钱,qq农场蜜蜂满级
FE2933F7916B0A9E12F8B0821EE6CF08,1,周口科技职业学院,手机qq怎么取消黄钻自动续费,我们的十年,蝶莲娜面膜
EA8B6F0E9CD0CBAFF59D46830469318F,2,未来三年内在本公司发展方向与期望怎么写,一斤等于多少两,销售需要公司给予的支持与帮助,我的朋友韩语中文谐音
678D1BCF8977247CA50149FED5FBD5A1,2,大新哪里有兰州拉面,友爱路到农院路有多远,李治廷身高,麻雀毕忠良是好人吗
D548D63B252ADAAD0285BA88050D106E,2,重生空间之农女逆袭,歌词活着是你的人啊死了是你的魂啊,遗落空间,职业修仙高手
CC757EFBC8BD8C14623DF4D6D6CBDDFE,2,海南南沙温泉酒店,海南省农垦设计院,海南省热带海洋学院,海口家私广场
1286DE363708600870B37D51EA4CBE0D,3,体育彩票,大乐透2016106期开奖公告,黑标雪佛兰是哪款,西红士资料
91F528A6F8CB4512E1AADC829006303A,1,招聘网,sim卡号查询,外科医生有没有前途,临床医学找兼职
399A633E832286077E29FE0E773CDFD7,1,称垫泡沫,美国查尔斯顿公园,梅花变形,波斯菊简笔画
83A1D2CDE3E8FCC2A72EF468874E6BC4,3,东芝新硬盘通电次数400次,"硬盘通电次数10次,通电时间0",华硕官方电话查序列号,东芝硬盘通电次数和使用时间
4AFCF838F37A74A0E9F9344E7F929111,1,空中小姐的英文单词怎么记,高压锅怎么煮鸡蛋,2016年德克士套餐菜单,仿写人类的朋友课文第五自然段令人惊奇
1703CF5CE3DE77C5A4FA1AB8B7B80E00,4,摩尔,有关读书的古文,鼻子出油怎么办,胡歌杨幂
7350E361FB5B61831D4F0B17B03D9E8D,2,师叔 请您悠着点,新网球王子,弃妃要翻身,龙王传说
4438D6DA6F5F04FF7B246CFF55181A42,2,骑鸵鸟上班躲高峰,蘑菇头短发发型图片,面膜几天敷一次最好,龙王传说
9536A4C568488B4609B591DCD31BF2B2,1,qq头像,超短发多久才能齐肩,它是如此美丽英文,初中生发型短发女霸气
47B9C3D477EE26AB8D965365E52BECEB,2,李隆基和杨玉环为题材的故事那首诗,excel,东风不与周郎便 铜雀春深锁二乔的意思,招商客服怎么打不通
7737E96898D973B5848758E9302D7795,1,带瓶塞的啤酒,面粉的做法大全,佳能打印机不清晰,山丁子营养价值
CF117726D644B3F3C850BBB0D024C822,3,格力空调全能王i尊2,八里庙社区,全能王i尊-2格力空调价格表,三字经全文
EE100E4C4F63191B26D023B51A7AFC9E,1,李总理指的谁,济南哪里能买到纯天然蜂蜜2016年,准新娘吸毒被抓,木耳辣椒炒鸡蛋
655EEAB7A4993096FD11317443F9BB0D,1,小米手机被锁定后该如何解锁,中国会在多久成为发达国家,咖啡因的危害,熬夜对男生的危害
A8434379D1ABFE9E3839585CD824DCA9,1,有什么言情好看的小说,独宠前妻 总裁求复合,红袖添香vip账号共享,恋之罪电影
CB1A3820E7F4711D04ED8F499C2C3F33,2,魅蓝note3像素怎么样,肾炎性水肿,信天游,上海财经大学
8590FAFBCD1A12B58C5219BE06288404,3,芭妮兰新品上市,孕睫毛,什么护肤品能让皮肤又滑又有弹性,可儿
1FE9A4773169785AC224D9646BA6FCCA,1,口琴可以带上飞机吗,纪语沉香怎么样,lush lime,事业编考试
693B07FB9695964DF92D87B81094FDF4,2,酸菜鱼的做法,gucci16早秋新款peony系列,条纹搭配背带裙,杨颖整容前照片
BE90E8FCA6D08B8689E9A13DFF28B0FD,1,去山药皮手痒以后出现很多小红点是怎么了,道路交通标志是用来干嘛的,孕妇阴道口痒怎么回事,青口镇建设银行在哪里a
D2EE0341C3EA5D0DECB7EF0025A181BE,1,搜狗影视下载安装,观后镜调整图解,辟,茶几案头
956FEF4135909639E2DE1652AE1D6A70,5,带薪休假的规定2015年6月底出台,壳牌机油全合成,王加偏旁组成新字,崴脚脖子预示什么
FA66F471333FE06542F9A9DDBEC8D2B2,1,瑜伽入门基本动作,娃哈哈矿泉水图片,笔记本电脑什么牌子好,作者名字大全
D334A0D16310148B957F335F79FE0068,3,敏感肌 好用面膜,新生儿发绀,敏感肌面膜推荐,鹅口疮涂药后哭
857E5BA7F38F4D82FD20D7D807F40C3D,4,明星真人装扮游戏,电脑使命召唤游戏下载,新宝宝巴士应用,马旭东的照片
2821E12FEE61FAE47B251FD21A60BE59,1,肚子痒的睡不着怎么办,联盟s6什么时候结束,爱如潮水的图片,肚子非常痒尤其是晚上
6B42AB8223F9E8222AF5B104DA72EEF2,4,神经性头疼吃什么药好,兰蔻深层清洁面膜,湖南卫视莫文蔚费玉清,复方羊角片和正天丸
32FB8C5AF4FD6A30E8FFB0230606CAF5,2,奔腾mpv,vivox7,荣耀5c续航评测,560后排纯平
19E50732BFAD3A638E601C4A4008070E,2,讯景r7390,a8四核5550,raid,advanced
C3C4FF470406B1C53FE4C7B636317FF6,1,考中戏的条件,遮瑕膏,zxfuli福利社com,快递单号1202284072003
F1F4D77ED00878D8BEF1070FD85BF863,2,贝壳简笔画图片大全,建设银行,森田药妆是日本的吗,早上好英语
A29522A8C9ECA752D6E8AFBEE50D1E37,2,石榴籽能吃吗,鹿晗图片,"少壮不努力,老大挖洋芋",嘴唇开裂好了以后留黑点
65CA875BEAF5080FD5EC2F83423944F0,2,谢依霖漏胸,江苏无锡硕放变压器厂,bk-500隔离变压器 硕放,诛仙3 佛焚香副本怎么输出
11B4E776A9902FE65CB0B519823868CE,2,热干面的做法及配料,世间万物,"怎么才算熟练使用qq,yy",pzp
FB405CDC3B89B87F08136B97B9B0CA77,1,薛之谦唱功,墨脱县,处暑,专辑在哪里买
D03E2B2BC42C679171B2E68B85315F18,2,父亲是老师怎么祝福教师节,胡洧铖,裂纹舌,索然无味
28C2C5A0B1D5FC7BC26C418C77EEF1B7,3,天涯左央事件,抑郁症,产后抑郁症,图片头像
3A4CA301713FC8396C4AC035F83323FA,2,会计专业大学期间可以考哪些证,"下牙齿酸麻,有口腔溃疡",现金支付股利导致所有者权益变动吗,山海经之赤影传说
7540D56E55C864824360042E514EE468,3,隆638s,主持,拱形门 婚庆,赵兴80后脱口秀
379254B917BDB8523099E8B3DFE2ED44,1,高职高专院校排名,幽默的自我介绍,标准证件照背景,got7表情包
5E5D0A72844D299711E3E5CDB83A49A3,1,英雄联盟打不开,项目经理部的职责,西班牙孤单上的翔宇,湿气太重的表现
50BC1560E1BADBB77005EA6558226663,2,诛仙青云志迅雷下载,怎么找回回收站清空的文件,宠物王国和口袋妖怪,尸口巾
D46B76959DC76A005804693B85492AE4,2,ifyou音译歌词,死亡邮件,松枝记,我在乎谁太愚昧什么歌
8905DB8847AD64625ED18AA8311DA619,4,地塞米松磷酸钠小儿发烧,戌怎么读,戌时出生的人命运,丑时是几点到几点
B002AA9AE9F81193CB31DFC4DAFCDB34,1,iphone会出7s吗,iphone国内可以换新吗,泰兴市一高,大话西游2
148B0B6340D7E69AB199F722216856F9,2,小李飞刀,cp是什么意思,安装电脑系统的步骤,大话西游3
6D47A12EC204ABC933A93C10F45B99FF,2,加工中心简介,在线医生咨询,加工中心编程实例教程,小埋
E7DD42969BD8C04975848027E7C2440D,2,蛙趣视频,耽美黄文,短发,美人一笑也倾城 顾漫
EAA8D9B4149748709F7B55399674F70C,4,乌梢蛇的功效与作用,给老师的一封信,世贸广场在哪,美甲渐变色的做法视频
CA9FD0873E329370DE69749FD7DE35F6,2,人逢喜事精神爽的下一句,中秋给客户的祝福语1001中秋给客户的祝福语,笑暴牙,皮带扣种类
294634D21875143B44488C17E705DF0A,6,宿州市市直工委历任纪委书记,宿州市杜长民,安徽省2016年退休工资增长多少,泗县原农委主仼胡大春
4188A03B182E710F3E2751077425ABB9,1,重庆,follifollie什么档次,湖州,中国矿业大学
E024B4AFC6FC913003BBF9C9D0ECB3F6,1,移动怎么查自己手机号,笔记本电脑什么牌子好,移动校园手机卡怎么开通无线网,守望先锋多少钱
1415E662E237F5C87E79D337F281937F,2,逛窑子操窑姐,洗脸发箍的戴法,优资莱化妆品适合几岁,有必要做四维吗
766580E159B808D8D2F0FC3CEE599EC2,3,腰肌劳损腰僵,诛太岁,bjd吐槽吧,网易游戏校园招聘
4AC388CE002E311C2D333154E54A8EF5,2,微微一笑很倾城播放平台,2016专插本学校及专业,lululun,广东交通职业学院南校区
6AAE69EDEE7BEC337E20220D2382AEDA,2,给女方的彩礼钱归谁,尼尔森婴儿湿巾,孕妇奶粉离保质期过了一年,钩针宝宝鞋图解
C44AF3E410390279E3045EBD7EC73561,5,新西兰汤普森官网,曹云金再讽郭德纲,成都到稻城有汽车吗,碧纳妮
285429774906F1D697CA23023122DE01,1,时间过,广州商贸职业学校招生官网,广东培正学院环境,猫屎加字表情包
8435A63633300F11DB93412C8B42F045,3,失眠了怎么办怎么尽快入睡,用淘米水洗脸多久变白,"打死一只老鼠会有细菌吗,该怎么清",骨头坏死能治好吗
DC074BF1179AACA51B9CA79733AEC96D,1,怎样,东三省是那三个省,辽宁到天津多长时间,成都
E495DC810FBF9557A107847736E7B7B6,2,奇瑞,类似一亿个伤心的歌曲,刘亦菲登上韩国五大的女星,一加后盖
B3BB3DC5B836CF8B801B45C36D6240F9,1,羽毛球拍手胶缠法图解,龙王传说,南昌市公路上可以骑自行车吗,红米手机怎么查通话记录
9BA640B8F0BC99F3FBE337F47A6324A0,2,庄家,贵阳电瓶车上牌2016,夏朝的暴君和商暴君,平錾和尖錾有圆头吗冲击转
356F0AA20A88C8B14AB7F58B7396FB2B,3,金美伶个人资料,目前华为千元左右的手机,只是朋友,开水烫伤的痊愈周期
1C7C80F5014A41EBD408CB275E072721,4,姚贝娜死亡现场图片,百度,2四川大学录取分数线,成都金牛游园
1D070D5E850B6897FD0C6631E977A5AE,2,今日说法,不玩游戏配什么显卡,cpu i7 6700k和6700,贵州东华云数据有限公司
9F11BC9DB7A2E2D31944D384602E6FEE,2,盛开,宜昌公交b100,金泰吴,张艺兴网站
0F079FDD1594AF3D827007D173F6E655,2,小米开发者模式怎么关闭,魔兽世界npc名字大全,裴诺,学校的围墙加高
A0D119E07D1285C8AFF46BE00B0B217E,1,好玩的单机游戏电脑,世界杯的英文,百度,许嵩南昌演唱会
981F0682FD907C10114E312F62FCCCA7,4,西安送老师购物卡,西安三中定向生,路标是一座座屹立在,高中作文论据
0F19A35721D78D8FF809D65C234CBE6E,1,文松少女萌萌拳,江苏南通有什么好玩的地方,洪洞涧桥,洪段高速口
43A35C530425F737FA4E78F47D546CAA,1,3星j3,打自,矢野浩二,王者之影
9E5337FE354A229324173B012A16ABCB,1,军训自我鉴定,眼镜框断了怎么办,军训感言 大学,www03ggg
F48E7D6A3E9F4C8603ACF245D51DD922,3,逆水寒演员表,息红泪,羊先生大唐游侠传,温瑞安电视剧
2171BDBA04C1B05BD3D627E90C1DF23B,2,高铁站可以买普通火车票吗,鸡油黄和白蜜蜡图片,小孩暂时性脑子空白是怎么回事,牛大胆拌面加盟
42C45B610D89DF486E159B79366EC8D8,2,四字词语,初中日常管理规章制度,兔八哥国语全集第一季,葛美养生粥的做法
CAE2C66AF52248E95214F3C471BE881D,2,龙腾小说,宜兴111路末班几点,宜兴人民医院食物中毒,面膜多长时间换
C945EB8C335FD0DA98CB32A82D648C75,2,一元夺宝是真的吗,名探柯南中被戏迷称为一米六的是哪个角色,儿童画画比赛作品秋游主题,现在还有经济适用房吗2016年
2EB75729F7DF4AD1F6920D8E91D8BEDE,1,北京时间,雅马哈大货架摩托车,苹果id密码忘了怎么办,身份证丢失怎么坐飞机
E68E4D06070D9B8A4CB0417BB92BFDD2,6,沈阳东塔在哪,恒大集团,无限极保肝护肝的产品,金地艺境
95D2A270E1679C5A02FF44B0C004FAF9,1,天才在左疯子在右,"社会调查 关于农村环境,资源",大连民族大学官网,小葱的图书馆
DEA3F2EA5FBA8C274684CB3D1BA6547A,2,人民检察官,香港近期展览会,隐形纠正牙齿图片,潘佐错觉
413BCE808F5E2F4B37E8145A4D4069A2,1,旅游胜地排行榜,水象星座,露娜出装,邪恶帮
C15FF2135D7941F8267AF39B3601AC16,1,连接低音炮手机无法打字1001连接低音炮手机,云流量账号,百度,云流量把
35F8906816501E626E28B1E5BAECBA26,1,拆弹部队,碟中谍4百度云,割双眼皮,第85届奥斯卡金像奖
70119506D706DF9C26397D6BA3BCB25F,1,ios阴阳师网易手机账号怎么充值,东京喰种金木怎么死的,王者荣耀怎么送好友自己有的英雄,日常交际英语口语300句
D9EBBE4E31D0A93D4A8002D761E7EA0E,1,上海华东政法大学,淮安到上海时刻表,相亲吧,英语
81A359FDAD791AD558763C12D285C764,5,小麦价格展望,百度,小麦价格下降是因为新小麦上市,小麦价格下降原因
3819E9CA7AA57681D4E2FEF80664BD85,1,华为手机镜子故障,仙剑奇侠传1大结局讲的什么,仙剑奇侠传1大结局插曲,北京移动客户端
6F1992EB2EDE664ECB6E4B9F9B6ED8D6,2,长期吃盒饭的危害,医药代表是做什么的,cpu是什么,哈尔滨船舶电子大世界
A1AD91887524CB811C2E9DF62A06F3F8,3,什么时候立碑好,许昌恒达集团,无麟鱼,文竹叶子发黄怎么办视频
128906255394C5D3E626B044E0CD8A81,2,ppt的首行缩进在哪,尿急憋不住,滴哩滴哩动漫网,呵呵是什么意思
5F170AAFB332ED4697E6CAEECF5E7531,1,生日贺卡手绘,异地恋,cf,一个手机可以绑定几个qq
D85C74E56CCA8EE2E2C4E3BD5C0BDBBD,1,泰拉瑞亚感恩节火鸡掉落物品,洛基,么么哒,暴雪竞技
E442EC8A461625A61768A029EABE30A8,1,白云机场安检升级,手机qq默认气泡颜色,360云盘,乐购卡盟
36FABC2A9C144768D83C3EC6251F50CD,2,左眼4.8右眼5.0,变身小姐,初恋,6个柠檬饮料
FB3F5B53D54FA8B83B5A1EC5CAE2CDB3,1,游戏王可以转换伤害的,高俅一怎么过,gamekeybrord,非洲雄狮
5138964B0CE524DE7DCAEEE5A8108760,2,酒店泳池遭抢座,大风车摄影,针眼图片,忘拉手刹爱车入海
72CEB1E7BC55E737B1C27F2129C87D33,4,黄山市区号是多少,搜狗输入法v1,顺丰速运,近视会有什么状况
84CB4965BFEA3C22DD0B423232E50F79,3,喜鹊被仗毙,为啥不去问曾经借过你钱的人开口借钱,11处特工皇妃,猪獾油的功效与作用
2E7D31F06F6D749CEDA7CC41E0470A21,2,笔记本怎么快捷打开光驱,北京时间,歌诗图为什么买的人少,点焊机
9C87D3336CE0C15A67A32C9A22983E30,5,赔组词,人教版语文改版2016,责组词,暖暖环游世界下载
2140EF416E82FF52B14523F9258BAF75,2,部落冲突9本护资源阵,华硕进入bios按哪个键,丝路梁静茹,防伪码查询
03527D9F9270948C16C1B28773D6E7CB,1,皇冠里的女主是谁,aleyna,养一只仓鼠会孤独吗,姜潮
EB4E157568FCF206B8C00B9A2B57FBF4,1,花枝招展的拼音,一分钟呼吸多少次正常,你喜欢的老师是什么类型的,乘法口诀儿歌
DC973D28127D854344917BD7FC294071,1,王铁成 酷姿,英语日记,2016年高考满分作文800字,初二寒假日记大全
5ECCCEF996E5464EA7D1EECF700837F9,1,耿耿于怀mv 最好的我们,你住的城市下雨了 很想问你有没有带伞,唱歌的节目有哪些,唱歌的节目综艺有哪些
95CF8670CC555CB3694A418495C7D8BE,1,手机性能排行榜2016,王者荣耀武汉城市赛,发烧39.5度怎么办,王者荣耀区域赛
FF5AF7516F1BD9EF9C3D07CC5B09F3D9,1,惠达到马安镇多久,广东联通叠加包,红砖厂在哪个地铁站,祁国晟
0F9B1D1505CB40084FF0D941EE9D24BA,3,dnf邪恶动态图片大全,淘宝店铺头像素材,咖啡霜是什么,查号码归属地和姓名
BB95CE00E8DBCD01CDFB2A08DC0CF0EA,1,假跳绳能减肥吗,死亡邮件,江西现代职业技术学院,天天酷跑最好的精灵
0DE345D2FE925A1E64E76F26553EE207,2,启辰r30,魔法内衣,新闻联播,李谷一
5C77FD1BE7E4EEBF003A33048B8F89C1,1,怎么在qq群里改名字,当我唱起这首歌吉他谱,肚子吃撑了难受怎么办,大话腐女
1B133760EA29D31EFA3D202CC76F71A8,2,浙江欧馀山,葛山养生粥,跟腱炎,孙俪属相
22BDC0BC86D556B4F4809021E2ED3F8A,2,王爱慧,balancing emulsion,女主叫七夜的小说,好听的耽美广播剧he
A1E3C241487ED56ABD6E920DEC799845,0,八个月的宝宝摔后面有事吗,怀孕喝鸡汤好吗,喝酒脸变白,我用完美脸会变白吗
B10E33B92B2EE4E60D14675B3AD00BE9,2,烤箱食谱甜点,线衣马甲女,美丽说首页女装,红豆沙
3F23DA34AD954AACD91266269D2189A0,2,户型平面图,计算机二级考试报名入口陕西省,bimu绘图软件,清朝皇帝列表顺口溜
21C3F48BEF80B7995FFBDF7377DBBB35,4,一亩地 核桃树,柳园,新闻发言人洪磊,兔子饲料配方
635F5518588499B1FF925EE8CDE8BCFF,4,守望先锋怎么设置帧数,电脑显示器有哪些面板,动态对比度是不是越高越好,iphone充电器可以充ipod shuffle 2
605FF66240459E2A09F949DF189870B1,1,小米手机电量显示变黄,乌鸦的绝代智将多少钱,羊蝎子是什么,联想g40-70
A5B05825FF958AAF584D3690DE3D07A2,3,纳迪姆,自贡口水鸡的正宗做法,飞机时刻表,梦见自己吃小笼包子
15826C5BF68058764A2ED09C0F79B1E6,2,爱情保卫战一家白眼狼,爱情保卫战白眼狼女方狼心狗肺,秦时明月之君临天下,富士康中秋节放假几天
CB719C67B819236A168D0538172E5665,4,沙巴克传奇,计时器下载,三星a9,前列腺痛
8540D52A8E4A5824348F49D3D18C1630,2,毛泽东选集,郭晶晶,双眼皮,hm官网
28C1D375FCD2B88E23F668D1F4895892,2,vivox6金色手机图片,完美国际2帮派怎么升级,完美国际2羽灵用什么装备,完美国际2称号怎么不要
E3EE8C797D02401D01A817F510DF98B6,2,!爆笑解说良心恐怖片《女蛹,热风,英雄联盟怎么输空格id,龙琴皮肤
3DD9F8C19E96FA331360B215D7391CD7,3,穿越的女主在大殿杀一个人 内人给她看一副?九州天空城小说结局,盒子上是猫和老鼠 孩子吃的溶豆叫什么,曾轶可微微一笑很倾城,兽人部落共妻
7F4BFA72B9B513560CCA06A8630FD78A,4,杜丽,义乌山水音响,墙布的优缺点,芒果瓷砖和道格拉斯瓷砖
581ADEDAE12BD5C3C7CD3A97C50B1836,1,慢性胃炎会引起大便不好拉吗,江宁县医院国医堂,"大便由粗变细,肛门胀",麻仁丸吃多久可排便
4A7584FC7FC5A78947B0473EB4325FB9,2,出轨俱乐部漫画全集,永久瘦咬肌的方法,济南奥体中心什么时候有比赛,文科生可以报地理专业吗
079749735581DF7D91834DA484540B1C,2,奇瑞,泥鳅吃什么食物,通才学院在哪,国产最薄笔记本电脑
61DED625AED0DAEB4336BF55DDC7FB3B,1,平凡女人的春天,我们去大草原的湖边等候鸟飞回来,光盘行动手抄报,姜国帅
46D58992536C2C4707CE7654AEEFD6AE,1,大学四级考什么,民族健身操 全套演示分解示范,http://,玉都花少
08D38926F388795C7A0E99161F8BA982,1,新奥尔良鸡翅无烤箱版,灰姑娘与四名骑士,predicative,小食刻
442ACED2791A4085C2B70CDFD478900F,2,女儿的小樱,究极数码暴龙开服表 328,宫崎骏你在的城市下雨了,任娜英 鼻子
91CB11AE265676FB32CFDD5C322F4D12,5,莲池大师,修复面膜和美白面膜,钛镁合金门效果图,智炬如来心咒
EB6C1579D9F642287ECB2F6DBD73AB40,2,汽车上的15n啥意思,健腹轮使用方法视频,捷豹xf,车务查勘工资怎么样
36846E5C3E00F3FCCAA8FD9BC985BB93,2,我很孤独用英语怎么说,治疗早射吃什么药,芜湖出租车投诉电话,媳妇英文怎么写
2B6C401DF85571F923AE0D6286517A6C,1,"欲浮江海去,此别意茫然",成都德国领事馆地址,成都德国领事馆附近酒店,形容晴天的成语
8BC6CE9E315AEE18297E8E7F1722FBC5,2,怎样取环视频全部过程,暴走图片带字骂人图片,子宫浅上的环容易取吗,广州白云区哪家医院好
AD78EBBEA0FB2466B183521E59E2AA74,1,蔡家悦,angelababy,汪峰徐歌阳视频,气味图书馆香水价格
87E36D25CAA96D2D9A87AC26F545D309,1,乡村爱情九,北京时间,米旗月饼官网,刘国梁 孔令辉
EF05300CFFB15A8268647FDF3CEC5FC3,2,服务员调包茅台,瑞丽盘中餐,奇葩案件整理,微微一笑很倾城一共演几集
7F2898408199BDDB0FBADCAF1600CE6D,1,淘宝店铺号码在哪,吴王,微微一笑杨洋剧照,丰田兰德酷路泽
715C2020281A90F64BF1820779F59525,1,路游器,绿爪,路由器传输速率,吃了猫吃过的东西怎么办1001吃了猫吃过的东
B243DD2235B312FA507A80C40E5C2EDA,3,书城里小说怎么收费,30度穿什么衣服,深蓝色衣服配裤子颜色,深蓝色配什么颜色好看
B32C377EF553071EB37CE41ECDE9B183,2,长征几个月,小栗旬帅气,怎么能看到谁不看我的动态,小腿粗穿什么裤子显瘦
CCDAE6005A157AAD3694C16ACDF72B66,2,12306上的高铁票可以提前多少天预订,兰芝双色口红怎么涂,银从证书有效期,ipadair怎么在多个后台切换
B1A6E09C00FF665BEF3C16CA6047DD3F,2,缙云华莱士,文爱截图图片,"为什么微信重新安装的下,好多好友看不见了",现实网草
7F95389AB8157226E674327C87B08EAE,1,军事思想的基本概念,刘嘉玲,温碧霞演过哪些三影级,灵狐者发展
C0F8653135367FD608D544A97334C79A,3,富艺珠宝,总裁的小妻子,宜昌到张家界高铁,派出所星期六上班吗
271F5EC11CF0FBFCAB61FFCF54FC7B59,2,"山西省,太原市,小店区代码",儿童拼音游戏,美图秀秀,康宝莱奶昔减肥官网
B4938D42FFEDC3B636BD8A7E6DFDFCB9,1,微微一笑很倾城txt,美图秀秀,盭,王者荣耀怎么语音
C1D325A5ACCF3632A0DEAF5CBDEE1441,1,琪琪电影,素贞,万古神帝张若尘老婆,面包车装下54个人
DF71D8B449378A214F316B7D1534BD6A,1,向银行贷款20万怎么贷利息怎么算,2016年河北省高考分数线,开品牌折扣店去那进货,法雅折扣店名牌鞋子能折扣多少
E2BF02A20FEC8E76DC2F7E676E76C523,2,女配你怎么又哭了,320 240是几寸照片,下载邮箱里面的照片,画中欢
E79C42EAF3112924F264B15E91D285F1,1,天道不灭,beats耳机怎么戴,幸福末世,调膜液能用水代替吗
417DAFC76B63386723F12166BEF612FD,2,黑暗之妖临天下,p2p下载器,微信语音发不出去怎么回事,爸爸的小情人米饭
03B69AB96734B7495FE6F419C7344CBD,2,临时,祸起萧墙的典故,济宁实验初中招聘,济宁大唐中学高中部
BF673B51BE3C80332213A999DE529B21,1,openvpn connect教程,黄种人开头伴奏,黄池到马鞍山汽车站时刻表,美文积极段子
FDB871BEEAE2999D4C8F7448D6A1BCCC,1,天蝎座男生,顺丰快递电话,九阳帝尊,黄金瞳txt下载无错字
E1ED26137FC7AB833009711422F0E1F3,2,有没有三个字的成语,静姝怎么死的,王思聪骂周杰伦,王思聪骂张翰
B6D74B3B1DD68F9AB40D369FFD7E57E4,1,海贼王全集下载mp4,美国打工一个月多少钱,17岁男孩脸红,怎样让女人快速来高潮
7E47123C7FCE0C88C6AAAD08C9BD972C,1,nct 127 成员个人资料,微微一笑很倾城国外火不火,步步惊心丽谁喜欢女主,nct成员个人资料
1F05CFD06A562A8FDA8F4B1932740F13,2,魔幻熊,笔记本可以外接显示器吗,遗产继承顺序,徐峥
5CEC0B0A772EF30CE7C2D24D67852070,3,高速sd卡,平板电脑重力感应设置,手出汗是什么原因,身上长了好几个脂肪瘤
E5577B27C2CF47969E4A3E6CBD88D48B,4,婴儿吃鸡蛋过敏症状,小儿交叉搓腿综合症,肉用英语怎么说,做讲师的好处
4DDC59ACCB541DDDEDC889956A2255B8,1,笔记游戏本玩3d游戏,影武者,七日杀视频,ssd固态硬盘
E43139D7623BC21F593D999DA71C8A93,3,新生儿肠绞痛表现,宝宝袜子制作方法图解,乙肝母婴阻断方法,乙肝免疫球蛋白打几针
909C7569DF2EAED992D559014FEC2303,2,民政办和民政局的区别,河北大学工商学院官网,唯美时光图片,对朋友的祝福语简短
4C1703B902342FD0B9D12A0F7CB6932B,1,迷失自我2,马尔泰若曦历史原型,贤者之爱哪里可以看,打电话对方挂了会怎样
76E0058E8C02DD0B18AA3F131CB36256,1,欧美伤感图,南艺新生颜值爆表,云南理工大学官网,锌的作用及功能
3B5B9FB066C4E91A6803C4733FC0C25C,1,妻弟日日夜夜腐书网,幸福花园动漫在线观看,步步惊心丽边伯贤,台湾拂朵抗氧化素
846263BC0CB36BF839455638094C499E,2,吃牛蛙可以长高吗,子宫内膜薄怎么调理,吃牛蛙如何清除寄生虫,郎平为什么不要王一梅
5C4674616CAF16161EEF781333FE66EC,1,初中化学常见氧化物,qq头像,契灵漫画,月夜之恋
CCC134F095759B9C2E865ED9AB24987E,4,91年属什么生肖,全体险,法定纹处长痣,青汁的功效
29A285D00A2583E96DC97A2FB840718D,1,申通物流送货点查询,2016成都移动38元套餐包含什么,汽车票务网,敦煌沙漠在哪
350C379D12C94F3B6351D0B1CF4ABBD9,1,酷派7620l,钙补多了有什么症状,复州城天气预报,头发剪的很难看怎么办
1C81012F904F22097E947C7B9F40909E,1,不孚众望什么意思,安娜情欲史,江西省重点中学协作体高考第一次联考,手机换个尾插小板要多少钱
96D644E011BEF9BDED83C7D5973557BB,3,3t机械硬盘寿命多长时间,古曼童是什么,ug10下载,开发区东方驾校
F442AB0DBF2551760A2026CED92F9E8F,4,厦门交通设施生产公司,厦门华硕笔记本k550j多少钱,华硕笔记本k550j,风扇214811hs2c一b211多少钱
27DCC634A9769570288D627B1E85E22D,0,a4yy com首播影院,张子萱照片,短跑一百米世界纪录,招商银行卡种类介绍
1253AA66D0C44AF084DD9FA6F67208E1,1,怎么使用马桶,夏新手机,vivoy23l,手机lephonet2价格
97AAEA30CFF055C88385688E1CF80813,1,天猫猜品牌,表达生气的诗句,福州176路公交车路线,毓怎么读
7487FEC003E616D28A1F800F072B1D9C,3,手机怎么老是有游戏弹出来下载,独立显卡和集成显卡的区别,炫舞名字,手机号怎么充不了蓝钻
33EFC349CD6BCF0716597E98DFC290BD,2,在配置jdk环境变量时必须要设置java_home嘛,韩国哪些爱情电影男主颜值很高,html中tr th td是什么,微信视频怎么把自己图像的调大
58F062A85D5BE06F3DDD01FD2D477A82,2,吃药能吃香蕉吗,开刀不用住院得手术为什么微创要住院,月牙板是什么,吃维生素 拉肚子
7A166066CBD89FD82BA25F459A0C4714,1,当学习委员的决心,喝速溶咖啡能减肥吗,尤克里里小星星指弹谱,团总支的认识
690F9003DD941E680517B69984B19881,1,美人一笑很倾城,联想ideapad310s怎么样,有哪些名词后面加al,文学之我见
EAB1AF1CC671ED6CA5A11C72065F8E3B,1,拂风暖寐,猪八戒小说阅读网,灰太狼小说网,猪八戒小说网乱仑岳母
6806CB834B7B98E910B25FCC2DC30E35,3,高兴的四字词语有哪些,移动小吊车图片,什么地救护,什么的花纹
D66E04D077516D311BB1E501A7195B4E,2,罗氏芬,顺丰快递电话,吉大医院预约挂号官网,哈尔滨攻略
422A50DCE9B6EF8ACA6B9171D8380B44,4,手机盾,常州钟楼区新楼盘,脉脉官网,七座以下小车年检新规
BFACF791FB214CF87757355E1D4AFD68,3,马油擦脸怎么使用方法,叶选基的妻子高雅照片,珍珠粉用法,广州到娄底高铁
37B5CC57833F202A2B407EC63194ED1A,1,熊本开心表情包,百度图片,蜜汁白眼表情包,斯凯奇官网专柜袋子
034526632E2ADF3BF9E6DFE43FD66A1C,2,咽喉炎,特警力量多少集大结局,张瑞敏,猎场
6CFA4DAFF27DCA48D970B3F334510F5C,2,孙少爷,脸上有块硬硬的是什么,活着就是恶心,祝君有个好梦系列之欲望列车
AB46237D84D445415B490851560F6526,1,你是男的我也爱txt,巫山纵情,白醋收缩毛孔的方法,吃东西喉咙苦怎么回事
6EFBF66634FF779AB86585FF0C7EE059,1,stand 歌词,阿肯那吞,印尼老人称已活够,ldk
BA661875F8D93F613ABF99B487D7A234,2,布氏漏斗,席慕容,u盘,第三十八年夏至
C86E3D761CFB69B431833FD6674149BF,1,林丹所有比赛的视频,见汝不识君,中国女排决赛视频,北京奥运会闭幕式
DAD2A79BA89B08371B2ACE0EC9E2F18B,1,打雷可怕吗,兰芝的化妆品怎么样,笔记本苹果系统好用吗,猪肝毁容么
0F6A99FF5D0CAE8FADE79E589F7A8EB2,2,行书入门,南京碧桂园牛首山好吗,优速快递,艺术字体
C04AACEE0728933A3892D38FF11D018A,2,人民币图片一堆钱图片,高铁哪里写车厢号,韩束套装图片,太岁生长在什么地方
621C20688E4B38B1FA62C10FB2D92A4F,3,抑郁症,k5718,脚踏两只船的男人结局,阿珂
46AF12359ABFEC075ACBA6456FFD1F89,1,王者荣耀官网礼包领取,ipadmini4星空灰色,王者荣耀体验服下载,最便宜的ipad是哪款1001最便宜的ipad是哪款
282387D122D2AD43EC788A23502F3408,1,爱情计谋泰剧,如何制作长图片,莫兰迪台风是今年全球最强台风 翻译,荣耀5x的桌面
B44D4E01B60446588B909D229AECDEAF,1,面膜的水吃了怎么办,苹果手机为什么显示vip套餐获取失败,中国和俄罗斯关系好吗,陈百强
BA4887B15C3B2BE79F2A295FC68D9D55,3,师洋封杀,胡彦斌,京津一卡通天津办理点,北京到天津机场大巴时刻表
FA165A061C2DE1BEE0CDDB512ECE64E9,2,微信怎么查看删除的消息记录,kwɑ,澳大利亚辣椒进口吗,文本文件包含声音吗
D77A2D910AA62E8228A177A5E0B8EFD6,4,酸菜鱼,河南地方法规是否禁止使用电子狗,win7网卡驱动安装失败,2016新乡秋季车展
A77FF7F647E206B61467813DB66EEA82,2,男主角 蟾蜍,武警老兵退伍卸衔,武警贵州省总队第一支队,超级兵王叶谦
2163FEF769CDD39CF207AB421DEE12E8,1,乔任梁吧,一叶子面膜怎么样,take a bow中英文歌词,张云龙
7EE9E53B849C20FBDF1533BA09EFADAC,1,毛妹 守望先锋,抽烟吃什么清肺排毒,北京南站,niskie
7DC37667A775F891AF81699A97D6BE69,3,克林贡人,安娜贝尔豆瓣,蝇量级,stephen billington
84561B211A198CBAB66BBE17329870CF,5,男主是冰山闷骚的小说,唇属意外,幻城美人鱼公主,2016江苏泰兴模拟数学已知命题p实数m满足
94D03E3F34D208BF1C40B1D2F4B994FB,3,屁多屁臭是什么原因,坐牢有工资吗,开学第一课教案,遮住一只眼另一只斜视眼就正了
FF43AA1098E49949590060A80D757ACF,2,杨洋电话能打通,烽火戏诸侯新书,小辣椒,常熟客运站
6171D96010CCD689FB57112E7BFE80DE,2,广发银行官网,历史准许联谊的朝代,广发银行信用卡进度查询,邮政快递到长沙了 自己去取到哪里取
D09DF9A3C073B352A2716E4FFA96A193,1,初中生快开学了特别依赖,时间煮雨简谱双手,lol鬼影重重魔腾,gank是什么意思
C58874F5B11480C6B133240ED1BB385C,2,宽带怎样连接电脑和wifi,系统10笔记本电脑怎么设置不用开机密码,歪字拼音,温字拼音
CA0F375CC418CE7387568D0C06C7044D,1,计算机二级报名时间,军少盛宠:溺爱小蛮妻求支持,翡翠恋人什么时候上映,女排半决赛
934EEC72EE485693CC95D563B46C0FFA,3,虎尾兰图片,"夫妻之间沟通不了,为一点小事就吵,是不是该",奥运会运动员和领导拍照,奶茶妹妹的头发好多
6411B9C66C567A367E5F387B4309DDD9,2,望不暇鸟牛犀席作,鲧怎么读,林志颖演技,suspect
8CECC359AE4A5BBED613CF307F684C9D,2,怎么把图片调亮,广州美术学院平面设计考研初试科目,excel,鲁迅美院
1B31FDB829297ECA18D83F37E3AAC63A,1,qq头像,手机赚钱方法,可以隐藏应用的软件,学生赚钱软件
290ED725121F2C719A85905543C5A64A,1,单反能录像吗,原液的使用方法,"房价,租房",中国住房问题
DA7D413ED102E4DD0A76CDF998B2E24F,1,腾讯植物大战僵尸官网,全民k歌怎么唱sss,柴犬,足球网络游戏排行榜
2615D5FF03CEC8D794D2B718085BE51D,1,电瓶加蒸馏水有用吗,解放ca1160p62k1l3a2e4,new milky奶粉徐州代理,解放j6
101F84AD14B398778DA6DFB2E65BEB17,2,lifi技术借助于灯光传输信号吗,lifi完成网路设置无需任何设施,linux uniq,面向对象设计的原则
ED6DEE0AC8E22496EF45A6C1FD9DFCE1,4,卓尔山,5d3对比5d4,葡萄酒加防腐剂的比例,如家快捷酒店
E12FB321AF4D9090679739B1694D828A,1,不吃饭能活几天,学法指导的论文,26班班旗,诗经取名
3283B41DB2D2ABE391BFC61B1788801F,3,建设银行,大便溏者,蔡琴,过敏性鼻炎会引起头疼发热么
68D8C85342E605D403617F8BE9A5BC3C,2,昏前婚后,好看的重生文现代不狗血,公主贵性txt百度云,乔布斯
69CC54CA6ED18F90781B92DD1FED4292,1,九域神皇,因公牺牲家属待遇,微微一笑很倾城床戏,二条事业线一条停在智慧线一条停在
D3E6D49B318C0A7785F89EF11D7FEEFF,0,泾渭分明,西安科技大学吧,旋转楼梯平面画法,宝鸡方言配音秀
C231C48599F85710A4059B492D751084,3,你曾是我唯一,百度,生日快乐尤克里里谱子,黄梅招聘网最新招聘
04F0E35C974D2F9D8A5AEFE151DC132C,1,高中女生运动鞋图片,英雄联盟女英雄叫声,活佛济公白雪,肠镜
F6C444C78CBE2B1B3FFE208FA37C5FAD,1,女孩英语单词,奇迹暖暖海边派对的搭配10w,张馨月中国新歌声,奇迹暖暖7-7公主
9BD1E7F3A59EB8A7083E8B234DBEADF1,2,小米应用商店,贫困证明两级章,薯片的做法,孙彤宇现在的妻子
7B892A1743DB41ECC6193D7C0A2D98DA,2,青云志剧情介绍,qq头像,全民k歌怎么唱sss,凤岗汽车站直达丹竹头地铁站
0ACB6441F066FBDA1011ED57AC71E95A,1,o型血,陈翔六点半第二季,电位器,周星驰的鹿鼎记2
8C7B8B04C03AD23163C7DEFCDB9A8D7B,2,从济南到泰山怎么走,前世五百次回眸换来今生一次擦肩,饮料美食图片,余保家
D404FAD60654EDB41478D83BC766B284,1,换种姿势去破案,快穿 玉体 淑妃,秋名山什么梗,邀宠记九月轻歌千千
5B05D0EE2826CF7EEE9E73CB7349C9C6,3,红尘呀滚滚 痴痴呀情深,疣怎么读,团体游戏,密室逃脱80关怎么过
B8F80C8CCBA79A84875BE8EB0E23F378,3,酸菜鱼的做法,嘴唇厚用什么颜色口红好,熬夜没胃口喝什么汤好,十指紧扣图片唯美
FFF606CFEC7BB7836E3C8AD893A34EC5,0,我心澎湃如昨,爱的沉默在线阅读,丰田花冠2013款,海藻面膜
C07C40398BBCCB7EF0689E0E4DD0FDD8,1,平均速度用位移求还是路程求,韩孝珠,路由器上los闪红灯是什么意思,李钟硕主演的电视剧
AAB18CCDBF2DA7A2B5A1CBDD8133AAB7,1,法兰琳卡化妆品怎么样,酷派大神f2致命缺点,微信卖一键转发可以举报他吗,北京东站到长城
708C166C3FD72E262906718CF741819E,1,死亡邮件,win10通知栏没了wifi设置怎么办,百度云破解版安卓,花样队列
928BB51FC13EE2BF949BD74867B70728,3,杭州g20峰会,4512358156927,020 6188 4102,非主流qq昵称男生
F04275B28DF3D7D451648949AAB4B7CB,2,生殖器疱疹一年发一次,吃左旋肉碱的禁忌,和保卫萝卜类似的游戏,有六级证了还要四级证吗
5596263E35A5B683496769D81D722CBF,1,王宝强最新消息,古代青梅竹马甜蜜宠文,怎么用微信支付芒果tvvip,迷糊少奶奶
D9448D7F6303381E949219411C6AC89F,1,江西现代职业技术学院,电脑按键按不动是cpu的问题吗,早生贵宝,朝思暮尝
578319E526CA527182703E6C3AA22AB7,1,文化大革命起因,喉部淋巴结肿大,杨尚昆,蔚蓝国际
97AE59CE4B9E78DEAD315BD14BCE9921,2,中国青年政治学院研究生院,风疹,qq音乐会员下载的歌不是会员了还有吗,天津师范大学研究生院
8F9EB87E7E81F78960980C61D4A56FF2,4,最完美的离婚,朴槿惠提早回国,曹云金再讽郭德纲,网购奶粉有活虫
D998761C9A60830F5470085B625BF254,2,小别离佳妮的姐姐谁演的,盐酸米诺环素胶囊,花婆婆绘本故事,手机发乱码短信
B1C1436ACC4EB99AE89958333C1C3AAD,1,2016自由搏击视频,电影,国产007粤语,公交车站牌图片解读
60DFACF5036A499DC1B0B5289D10562E,2,牛皮癣的拼音,综合教程3课后答案,线性代数同济六版答案,http://
DB5EB358D1012A860C5B5104946FD2C0,5,实有人口包含流动人口吗,麻雀分集剧情介绍,麻雀电视剧分集介绍,拥抱太阳的月亮分集剧情介绍
3AEB1BB12088BAC2FA5BD03025BB01A0,1,金华付村在哪里,莫兰蒂台风福建泉州市,中餐菜谱大全,鸡肉卷的做法
F4E93D159BF1AAE520B32E0D820A5596,1,西北工业大学校车2016,周宸佳,西工大校园一卡通密码,英文
4A0D2AA0DF828C7408CDC2DA8CC630C7,4,成都420黄福平微信号,沙滩丝巾的各种围法,四季莱源四季水,皮肤嗮红了疼痛怎么办
B36D0C19738897CCC100D3AC87307082,1,赵维东 乔 岩安利,广东身心健康,安利邓少云,中国女排
C0DB7DC2A52AEF619EC7FC285CF67C2D,2,湖南的冬天冷吗,江苏大学,华北电力大学计算机专业研究生分几个专业,干女监考老师
DA4940BD293AB65DCE50B35EDB4C8BC2,2,爬山的读音是什么,邻的读音是什么,甲的组词,笔记本插耳机没声音
4CD7F1452302B962ABAE693518B759B3,4,龙王传说,曲不离口的上一句,七龙珠,抚顺青少年宫网站
6A8B0A1229825D20C903E6F42E6EA927,3,黄色裤子派黑短靴好看不,绿色褂子配什么裤子,农历1986年5月25是啥星座,辣子白菜的家常做法
708ED81E7FA9DC746AFB8970CAB15F79,1,黄明,新车上牌照流程及费用,国产新车上市,林志颖
AD44A7C3D9405E037B1DD9B9C832F13F,1,什么牌子酸奶有益生菌,慢性前列腺炎,和pdd一起直播的是谁,喝果汁会发胖吗
355475699067621FE35F28B22144BC43,1,逆战,火男丧尸多少钱,王者荣耀最高特效什么手机能玩,金克丝黑帮狂花视频
6F191923FE3B7CF59A6A13CB21BA13CA,2,武警劈砖,马云中学时候帅,中国女排,空调尘满怎么处理
E7E7C4E30ADD4B2BDD9BAF88BAC4685B,1,努比亚市场占有率,qq头像,本田冠道,守望先锋多少钱
1111F92E8EAFD9A70D9E3D7CA79DD225,5,微微一笑很倾城插曲有哪些,相公我罩你,男生子,于半珊
BFF62EC484E80F0DF8D4C1A3E982E35A,1,许许多多类似词语,中秋诗配画手抄报,墩煌石窟,龙脊梯田夏天好玩吗
A85879455AB56FBE337B1AF3E722B4B3,2,笔记本电脑牌子排名,电脑配置更新百分之三十就完成了怎么回事,华为和小米哪个好,追凶者也
95B13EB2980FEC8663D565EB2F414E08,2,vivox5max接电话声音调不了怎么办,考研还没学手绘怎么办,世界现代设计史和世界设计史是一样的吗,环境艺术设计专业考研
E3B8383E8485CB34891E00716E5A30D7,2,椒盐排骨的做法,幸福树,康图电水壶简介,带子点做
3EBAE50E5CF8E5E251C0A3A83C6012F9,2,双显卡是自动切换吗,京东笔记本电脑,笔记本电脑什么牌子好,王者荣耀体验服下载
C886767C41FDC19CDF2D1EB44AA6A965,2,杨洋个人资料身高,风水大相师,中医药店,沃尔玛
62B1FA012F180CF94D0530996486FC2A,1,手表壳怎么打开,中秋景点,工科专业,粘土白天鹅图片
381114F022BA12A302C942DC9DE61877,1,樱桃小丸子性格简介,龙王传说,镜子,姓陈的明星
61CC26D0FB5401FAA401CAEB055E77B1,3,pph痔疮手术后遗症,vivox7换屏幕多少钱徐州,肤乐王霜剂冶痔疮有用吗,海天上等蚝油是异味
7E426D7125AC7FF64ABC9A2A3CB8B229,3,汽车轮胎几年更换,大连天气预报,男人前列腺的症状,defenfer
4286E574B28548FE9A35687137F97C0D,2,宝马广告语,公孙宝月,达芙妮官方网站,logo特效
CC6DD267697B6CA4B8E1948FA35870F7,1,梅毒图片,指甲被压碎了还能长起来吗,河南财经政法大学贴吧,怎样
F223BBCD889147D16D5B77E09CDD3B32,3,优速快递,怀孕第一个月有什么反应,梨的功效与作用,圆通快递单号查询跟踪
3267583A68876A26D2ADF55A0246A511,1,乐视cool,360q5plus,乐视,经典女声老歌 歌词里有咖啡
8683574AF3EEF88460E69B7E9928ECCD,2,韩束深海双萃cc,2016英语一国家线,江苏大学,盛开
FB007B64704C0DA7DFB89AA9DF3B0099,3,暗绿色羽毛的鸟图片,偏头痛图片,g20峰会对杭州的影响,绍兴路政
712DC3BF3D27B79B71668FC3EC0EF25B,1,饥荒攻略,花呗分期怎么提高额度,真龙龙天下香烟价格表图,积家
AF5A767321B7F80D2389ED3E52169770,1,qq头像,陕西省公安厅b级,跨文化交际案例分析收获,唯品会能送到乡镇吗
7E0C084804C97C40FF8A3E069834DD5A,1,微微一笑很倾城全集哪里可以看,当蜡烛代替所有灯,倩女幽魂手游小谢,华为开发人员选项在哪里
7AB9B69862164404EF920C4BF8D6BBB0,2,黄色乔木,浮雕画,公园植物配置图,马克笔树木手绘图片
3FA87B74CB0E4A9B273E3E4650B35E9E,1,高达00,gta5被封,海蟹,高达铁血的奥尔芬斯第二季pv
47C13FA46E5213D869464D5410D898FE,1,攻略我的人都好敷衍[综,反派有话说[重生,星际之修仙直播间,弹丸论破if小说txt
9AE33AA7915211737D0AADA4BC883916,4,把对方微信加入黑名单他知道吗,一人我饮酒醉,天使的幸福,密子君催吐
DD59AC188EAFE21A5DB4CE8034C78C06,5,西红柿东瓜哪个更减肥,怎么在图片上加文字手机,百色市靖西县地图,中秋佳节征文
7E4EF887E9D326B8BADB73C2BE94BAAF,2,"小孩叫情情,",小孩名字叫情情,幼年丧父对一个人的影响,大主宰
0633BEB00E9B496B00A9FCB63CFCFF2D,1,邪恶漫画之冰雪奇缘,邪恶漫画之可知子绅士,你向东海北奔去后面自想,手工制作折纸立体房子
4BA2A40F26609FC974483134384DFD8B,3,郎本无情 换子成龙2,流泪的新娘,休闲服,永不明暝电视剧
60972A4A769BD2A194E735F10342C299,2,函调证明材料模板,结核病早期症状,系列重要讲话心得体会,丁烷分子图
002D81948B509953F082A2CC48D759EF,2,flyme 5.1.9.0a怎样,乐购苹果6s抢购真的吗,手机怎么获取wifi密码,ipad1现在还能用吗
04563F230550A59E523C3DAFC6C402C6,1,口袋妖怪xyz133集,机器人,口袋妖怪恶梦的插曲图文攻略,钻石哥
546DF2DAAE285143D082DFA2D956665D,4,伤感音乐,性冷淡,发型站,高潮
3F737A2C330C8AF869D7B6D372A525A2,3,酸菜鱼,戚薇,手把肉,水鸭
7F12D8136459CF9AC788BB613E2578F3,2,生日蛋糕的图片,大人体温烧到39℃了怎么办,樱花慕斯蛋糕的做法,退烧贴有用吗
78C195C212EAF4169EBB90E8378866AC,2,顽固性湿疹,胡萝卜吃多了皮肤会变黄吗,一叶子面膜怎么样,牛奶鸡蛋卷的做法
58EC04E0B8576EC076DC07F5B1B7E747,2,红米not2,肉松面包,新网球王子,南宁电子科技广场
A65CE2F43E68102B0F1B3BCDE21AF6A6,3,马拉松,韩姨,腾讯微博,沧州西客站客车时刻表
ADA63CEE6D27E04D931DB3D9D69CC316,3,成都,美图秀秀,电脑壁纸,尔岚服饰怎么样
E89EB98CC025328B806E05E0B80B98C7,3,龙珠果,珊英文名,盘锦,抑郁症
7E125D1EDB0D7D2048190DAD64BDC571,1,杨洋郑爽在一起了吗,联想s810t手机好不好,杨洋跳舞的视频大全,2016金鹰女神投票排名
8D905FB2998C9A00D5364C316C974C97,2,雷克萨斯车型包括,小米2s,sata,东风天龙
ECFC35AAF8E98FE1329B781AE686E919,2,ysl唇釉12,毕业生一定要报道,陈炳强,吕梁野山坡沙棘汁价格
7DBE2FEC81D440CB4D677D5BC9E731D3,2,谌龙读音,联通本地流量是什么意思,扒皮吧面基大叔孙若云死,中国移动本地流量
6917FE8B7F2749E0F1FD831F1A4ADA35,3,77摄影官网,时尚经典摄影沈阳,小孩出牙顺序图,婴儿发烧 没精神
C65A59404882497D341C0A21DD29F6B7,2,贇怎么读,不吃早饭的危害有哪些,关小迪,胆结石怎么预防
053C6EE217DB55E81A851C3EC53B5BB9,2,电脑死机cad能恢复,"地弹簧门是因为有弹簧,",银怎么清洗,"余额宝偶尔会发我用了好几百,其实我没用"
ADB9EAE181F025258B60C70C721E33A6,1,杨洋电话能打通,沙滩排球3,女汉子真爱公式,游戏专业学校
824FD2819D33449516D71A48B5FB0D0B,3,骨折类型分为,生活视觉摄影,宠妃难为,红字发票开具流程2016
8CD346884A61825C5BDF53C69F4584D6,2,欲成欢,米色风衣搭配什么鞋子,国妆特字查询官网,扑倒小萌妻大叔轻点
25C8615B5F37E65D264B81846B90712C,4,形容词变副词去e加ly,冷,咳嗽吃什么菜好的快,boy的双肩包
120B5B07C1F7AEC4FE46E2F7F470B1E1,0,阿尔罕布拉宫吉他谱,吴晗死得并不冤,汽车储物箱,郭富城成名广告
BD599EF86F1235DCA3A3BD8AB80DEFDC,1,鳄鱼吃电曼,黑狐,权智贤,超级教师
C911D89A9EE47D0B283FA3A59331BAA9,2,护肤101个小窍门,印度尼西亚纸币图片,凡碧诗水光提拉面膜,电脑出现651怎么解决
EC102247286669925319DB377B50D853,1,无可厚非,毕业答辩,不虞之誉,舍本逐末
DBB561157525DCA7B38E63F7AEFAEE87,4,祥瑞一生终身寿险,李冰父子治理岷江的故事,王宝强离婚,嫡女重生误惹腹黑王爷
C399AF1436C3966B342B68E60F9A0F1D,1,我的学校生活英语作文,学习周恩来精神,兴致勃勃,入党启蒙教育
CAA1766ADB1E44FB438F939417677195,3,姚启圣,陈涛可惜了,琼民源事件太子,黄光裕得罪
4576362D395320ACDA996708A66CC240,2,京东分拣员待遇怎么样,上海昌硕科技有限公司招聘,上海厂子招工,各大厂区给的回馈
9A415CBD63B4662FA9CCB85BA55DD481,1,鲤鱼乡文库骚双性,账面价值怎么计算,动漫没有钱观看视频,没有钱动漫
FF54D2218CEA10A8EA8F3719C1E28530,1,丝缔拉,龙王传说,美少女死神还我h魂,温清璇
EA7A21133F961F27D87811AE9F4D72EF,1,下载小说txt荒唐仙医,楼兰,修真界败类,安卓手机指纹充电
9E16680EAA6E821D6FE838F5DA554B7A,2,cass断面法土方计算,化妆棉哪个牌子好,山东省大学生科技创新大赛,电脑无法连接无线网
8985870F54F4737CDDC5CD4492B58E3D,1,ftp主服务器,口袋妖火之石,口袋妖怪草之石,千形网络
21BFF4BC0A75518B1E783F7A2F651CCF,1,qq飞车草莓能单独能不能开,360云盘,我的世界末地门,我的世界观察者有什么用
0BA860F9A59C17A2C5F04A0FA4796788,4,汉译英,再接再厉和再接再励哪个正确答案,关于创新的作文,描写自然现象的句子
9F6C269EDEDAE4551CAF23E5A38DA96A,4,郭圣通,大王叫我来巡山舞蹈,宜家家居简易衣柜,幼儿园学前班开学寄语
214951B27E6FD7FBB2F6C2B5CD6095F4,2,彩屏图渲染器,饶雪漫雀斑第二部,王美人,人民检察官
AC65BBA32691B9F0833F6C4BF3DDEAA5,4,厨房门用木门钛合金门,洁具卫浴10大品牌,宝仕龙集成吊顶灯尺寸,天使白书香桐
03C9E7EAD9268B6935B33FD76A85AD05,1,只因单身在一起,华为mt1-t00,相爱穿梭千年拍摄花絮,做毛发移植的医院
968B3AF1C097D1E39AECBA56225801FC,2,2016建行卡异地转账中行,标志是r的车是什么车,精灵宝贝可梦go,欲海逍遥第一
1FB520C752882E89D54688942A99FD37,1,盛开,呵呵,斩蛇起义,loking
634D85125E788B52BA16ED515138613A,1,恰同学少年风华正茂意思,公民准则,晚上咳嗽厉害怎么办,南京农业大学大艺团1001无标题
D46CA19B79B3933C7FA685549D7B5AB8,2,死亡邮件,河南大学,抑郁症,安东尼不二图片
B0B4D16A0311062476995135F403E4DC,1,鸡肉贵还是鸭肉贵,航天发展史,迪拜很有钱吗,地球会毁灭吗会爆炸吗
0C31EA22BE4D424E66458E605150AC32,3,成都新都招聘最新信息,姜力,新都实时公交查询,玉镯断了怎么修复
6537EDBE326838767F2654E9322ECB38,2,月经第一天肚子疼,琉璃美人煞,r9的数据线是多少a的,青椒鸡的做法
3A9D40FBC33953915698E74A5060B975,2,espoir口红,花漾,为什么微信上有个耳朵,考辅导员看什么书
AB2E15E449074B61146771289D26A8B0,3,太原350平豪装房,小别离全部演员,秋水伊人,内分泌失调可以羊奶么
9DE92316D788A69D26BF029C03D6A61B,3,许昌房屋出售信息,大众帕萨特,新兵入伍需要带什么,法院开庭全险责任7/3分鉴定费属于诉讼费
98E7209E56ABBC35B8400A572EB64674,3,焖鸭肉的做法大全,海上田园最近的地铁,影视大全官网,茶杯犬多少钱一只
A0274C24A108F02CD56CDCAEE23F9C92,1,适冬之望日前后的望,奉献的精神的英语,望洋兴叹,"质点做匀变速直线运动,a点 时速度为v1"
334DA8B0493E5BF289E0333378D9F186,1,电玩巴士官网,传颂之物h cg包下载,全能解码播放器,涩仙屋
DD7913B723814DED5B6C3802E60B0B30,3,补牙光固化的光,海滩流沙,76人队球员名单2016,鲑鱼是三文鱼吗
5E7E50F57E797F64179507E8D8262E4B,3,正宗赤峰对夹做法,西望遥安,香英果,匙吻鲟图片
F9ECEDAD02EAE06D4905F44F47642F2F,1,重庆工商大学官网主页,物流管理专业男生多还是女生多,淘宝账号处于安全保护中怎么办,大鱼海棠秋说的最后一句话
D4FE1317AABAC79F8A416BF53806F5C4,3,新生儿睡醒就哭怎么,坐月子可以吃醋吗,出生十天的宝宝一天睡多少小时,新生儿体温多少正常
E02EF53559EE6ADEA5D91F065590E3D9,5,2016年手机品牌排行榜,美元对加元汇率,西安事变,眼肌无力
E5CAF8FEF5AAB8A03B61D3A61DBCE356,4,新型农村社会养老保险,怎么调养卵巢功能,儿童口吃,折叠自行车
2ADF241CDC6206A7639797B3437F49D9,2,刘德华有多少钱,有m标志的鞋子,雪琪抗婚,怎么重头开始
E60B7B91E327D8A7CD08C236D394A48E,2,顺丰快递电话,天涯左央事件,什么芦荟去痘最好,被车撞了一般去医院检查会有什么毛病
75B9C3C6BE3835FE84DCCDF99E21E4E9,4,张行现任老婆照片,特百惠净水器怎么样,皇妾全文阅读全文,湿厕纸舒洁和心相印哪个好
1E8DE5A09AEA40DD8BDD21B1D30CB4CC,3,英语12个月份怎么写,灵寿特岗一般什么时候接到上岗通知啊,重生之炮灰的宠妃路,blub怎么读
5AF6901FB0523782F7B6181ACC1DBCF1,4,地铁14号线最新线路图,秋季干燥喝什么茶,手提包,排骨玉米莲藕汤的做法
2D29C88A392C817BD6C01407CB02C32A,3,金牌运动员排球互动课,冰冻的竹笋可以吃吗,朱婷图片排球扣球,叶下珠炖鸭肝的功效
55CD7017C5572D812ED33E2E8983A6AE,3,水晶吊坠有哪些,21金维他的作用及功能,圆通,善存片的作用和功效
80A3AE9765DB7F2E11101A33C511D9CB,3,lol怎么固定视角,长江大学在荆州哪个区,嘉陵摩托车,做梦脚抽筋
E1CE6B87962B8C87F0F633A7B6AC41BB,3,舌尖上的中国为什么停播,备孕老公要吃叶酸吗,猴年男宝宝名字大全2016,"输卵管通液术,注入25ml少量外溢"
D08BC3F204322F9C11C6910F964B7DA6,1,网络门禁,手机玩电脑软件下载,打印软件下载,手机刷屏软件下载
26C0D33BF702FD7D0A13E8A7FFDED42D,2,兰诗贝尔官网,优酷错误504是什么意思,美容美体培训学校济南,wis祛痘效果怎么样
CF072A3185350C12845E363E60140C80,3,海安县奥迪车财物被偷视频,郑州客运东站到火车站公交车,商丘美的半自动洗衣机批发价格,广州面膜化妆品有限公司供应商
DCDDAA234FFECC00BB5507662C4D6CEB,1,喻初薇,哈尔滨师范大学,魅族e系列,小学数学不好 初中好
7D2F969810BD4412D564B193B5032C46,2,吃了杀幽门螺杆菌的药黑便,怎么燃烧脂肪最快,西门头,家里wifi网速慢到死
F6BBC8B2CAA95B56397D362E505D1BCB,2,南海医院和市一哪个报销多,戴牙套一个月的变化,中国银行电话,法令纹
67F8630971823DA1EE7100C565D3A273,2,天龙双修逍遥伤害怎么计算,爱剪辑社区,畅游官网,学号不好辱骂老师
53CCC0544836B688CFA9769EC6B314B8,1,相公我来了书包网,湛蓝,np肉文女主角是妖王珠子的转世,相公太多非我愿
BC251338C687D98A591051695996557C,1,伊甸湖,脸白有淡斑用橡皮擦什么色号,郑州杀人烩面馆,巨型一号丝瓜水
482EE2507B8DD21C5FA2DCEEEC780A34,1,qq飞车怎么开永久雷诺,无法安装framework3.5,赵本山为什么被央视封,无线鼠标多少钱一般
DDEFE108FAFA75897C40B68EBFFD8EA8,3,怀孕吃鸡蛋好还是鸭蛋,营山母婴店,做四维巧克力吃多少1001做四维巧克力吃多少,孕妇能吃胡萝卜
A153EEDD2CD160FEBA0ECD1FD5BFF42C,2,开心快乐的词语,好看电影排行榜前十名,certified,长征
31B470D801E7A99A299E5BEA0E969778,2,朴灿烈全身图,exo全部歌曲,lotto exo mv中午,卷发器如何卷发
8D9DE3843645C27510F78D4E05CBC67D,2,周传雄孩子,狐狸眼面相,郑钧,被死亡是什么意思
456E3653D1424527E7CF02147BB53FCE,1,汇通快运单号查询,五年级小数乘法验算,华清池日记怎么写4年纪,藕芹菜馅包子
80C2488925793819B69F823BC006C847,3,血红蛋白浓度偏低,男友把戒指,眼上火肿了怎么办,当你的牵手搭在他的肩膀
74D814145E283975025D4C2A68B7EB81,2,巨型水蛭电影,龙王传说,怒火英雄演员表,捕蝇草移盆
BFCE3CDA563E6BAA770179FBE4C56886,1,刘晓庆晒骑马照霸气十足,大叔们给年轻人留点活路吧,李敖大师交过的女友不计其数,杭州g20峰会参会国家
1E693C1D5ECA40C07281146030180E24,1,人脸识别,微商佳佳老中医减肥茶,烧饼修改器,男女拥抱图片
469D9AB9718F66BE91BDC5C46A134C4D,4,武汉高铁站有地铁吗,榕江县人民政府网,晶体是物理性质吗,重庆邮电大学分数线
80067819E1243F4D18F44D38A0180FA1,2,你拨打的电话是空号,孤独的人总是晚回家,号码是空号什么意思,水平爱人
1AB9EC35DA19A09871D56759ED0B5376,5,天目山风景区,乳腺癌吃十么,鱼刺卡到喉咙吃橙子皮,知青春
7A27E290F3574B1704BA903346A8D696,5,抹姜可以长眉毛吗,网上派出所咨询,披萨多少钱一份,早上跑步好还是晚上跑步好减肥
726008A1D290EFDC48AC27A2D51C7923,1,高中会考成绩查询,从蚌埠到淮北多长时间,小凡spam个人空间,淮北15路公交车路线
4621125F394E1F7E1573141BAC0494F8,2,肉符文怎么配,标致4008,教师节祝福老师的说说,联想拯救者y700
6CCC1E87270653FEFCFB6C75A0350BBA,1,大学中秋节放假吗,网上怎么交学费,抠图软件app,权志龙vapp个人放送
C38E20DE2C42D24F7A49E1413D6756AD,2,冷笑话大全,从化天气,非月经期出血的原因,chan chan
A092AE929CC6A003E32D6DB9B563BD46,1,微微一笑很倾城电话剧共多少集,微微一笑很倾城演员表电影,你没我惨的意思,马上要开学的说说
9D1C9303D1A533375AD774C3DAB37F3A,1,米昔南京同仁堂,诸暨流光溢彩电话,熊果苷的作用,金鹰汇国际护肤正品店
DAA73C165DA37D4615002A7018A0D852,1,有哪些比较好的避孕药,生锈钉鸡尾酒,活着,放手图片
6C8D5A1CBD9A276065B05200EF9AF301,2,成龙获奥斯卡被酸,直播死亡众人落泪,苹果7发布会直播,外星人r3的电脑盖子合不紧
0BB44554BB4872573F7C1E89C8013770,4,记事本,演员薛之谦,跨界歌王冠军,大话西游3
4EAA7E9FAE9F2F5354E51C12A7ED6066,1,qq头像,人体蜈蚣2在线观看,多想抱着你哭,2016斜庞克发型
03C3E016340F3D4B541E398BE43CA9AC,2,亲爱的不要跨过那条江,英文翻译,夜场服务有那四到,冰糖柠檬水的功效与作用
9D0CF3ACE436636FFF8671C252701898,1,考上了北大哈佛,关晓彤是谁,寒后化妆品,问道手游区服务器列表
4BD8BDF4FDA28F7D7ABC8F47D52A2450,1,秦时明月之君临天下,cf与主机连接失败,中国申奥2024年奥运会,安城爱海百度百科
8A27EE7F04A4B1501790CD4F8C84F67E,3,不绑定的f1在哪刷,天龙宝翡翠矿石有什么用,johannes,郑州成功学院宿舍电压多少瓦
76801D575585A3F15D106C47971BC0A8,4,月夜之恋,鬼父2016,假面骑士变身器,成人玩具视频大全
14340B0AB7841C722BB5AF1D7803E40C,1,剑三手游,挠美女脚心文章大全,甘蓝龙,tk
F3D883385798C5A00493AA4E46C337A6,1,父母反对的感情是该争取还是放弃,单反700d图片,舌头下面血管发紫发黑怎么办,自重是什么意思
6F0C1986F2513B8F11532966E41FA3C5,2,一天只吃吃四片面包喝牛奶会胖吗,早上面包吃多了会胖嘛,早上面包吃多了会胖吗,晚餐吃根玉米
55BC81003F8EF22A665304CC0CB17E92,1,饕餮怎么读,听歌识曲节目有哪些,古代帝王如何体罚妃子,去氧孕烯炔雌醇片有什么作用
30EA4EB4FE3A122518A434C00AFD5444,1,孕妇能吃无加蔗糖麦片吗,月子能用免洗头喷雾剂吗,正味麦片多少钱,如何再柚宝宝发广告
0266FFD78A3ADE4A383F04B0879B4B48,2,头吹了空调头痛怎么办,yond,绿色的隔离霜,老无所依
3A21D3CCDB942BD55EAE6B9406837394,2,影后自强阅读,男主重生悔改的文,南京师范大学考研网,重生之侍不过三书包网
7D869337758A8ADD9169FD9B1B09E5E1,2,移动全球通套餐资费介绍,广电网络可以用台式电脑上网吗,猪腰子的营养价值,微盘怎么玩的
CC04B0D47368CEE7EB8D0931CAF7D6CB,3,法兰琳卡化妆品怎么样,榴莲壳炖鸡的功效,五行八卦基础知识,雨是什么意思
DA5E90E119F7E16FE00D7716FEA7F0D2,2,疯狂猜图一个跷跷板有个行字和效字,一个人进入一个虚的城门猜成语,案和策组什么成语,飞机托运行李规定
560B1356CAA95232D51FB3C8ACFACB52,2,左边一个骨右边一个宽念什么,炫舞聚宝盆是做什么的,炫舞刮刮乐显示10个钻 但是却没有刮刮券 谁,小米平板音乐默认怎么取消
1848BE762AD13DDF6BAE610307C839C1,2,一人我饮酒醉,妖孽只在夜里哭全文,河南省公务员考试时间,钟丽缇结婚
B13E7C08A5E42914B80E2BE00025FDD9,1,林逸身体里的,周可反女友故事下载,伦敦陷落,云盘
88E0A440B5C4BE98BC2BBA58B24C0480,2,北京整牙哪个医院好,apple store,淘宝买耐克鞋可靠吗,从牌阵看代表权力与胜利的象征 你可能有坚?丽贝亚建筑装饰工程有限公司
CB9A8ECF0F96EAF3C5B73E6162E4E502,1,逆战女角色h图,另一个用英语怎么说,3d恐怖手机联机游戏,初一学生launchpad
748B5FBA226462FD3BB1DEB50C29D171,1,微微一笑很倾城贝微微家族聚会第几集,游573路公交车路线,大王庄离南岗村远吗,郑州60路公交车路线
9582027245CE7AC320A994E5BDC959CD,2,石坚,周立波郭德纲,当初的承诺,电香薰炉
49764AD938E70189AEE07EA80596DB1F,2,心电图只有发病才可以做吗,军艺双子星刘伽,杨洋求婚,热浪不及你心浪
274DC3AC5850E38504E77ECB382CBD32,2,天才在左疯子在右,全民k歌怎么唱sss,跨界歌王,天才在左 疯子在右
D75FD02BB182B84A770B19C9BD705935,1,池塘里面有只小青蛙,闯哥,崩坏学园编年史全奖励,c语言
B3F6C77B2435B566EEDDD9A8B93CB407,2,祖宗不足法天命不足畏人言不足恤,钢化膜上有个光圈会不会影响手机,魅蓝e屏幕本身手里有自带膜吗,魅蓝怎么卸载自带软件
68ED8145D46F91345BD5BC0C0A0E40B2,3,2岁宝宝补钙食疗,现代灵动汽车,腊衣是什么,哪家投资理财公司好
2BDA9C3E13D177D35EFD30744396B502,0,王美人,纯音乐电音dj,战斧,郯城桃林摩托车
89165EBF03BD12DC8636FD863A31B881,3,红腿爆生长纹,类似奇幻射击单机游戏,苹果平板怎么激活,守望先锋多少钱
11879EB144B36CB04D772BC3E67ACAA5,1,微微一笑很倾城中的大学,关于脸上长痘痘的说说,关于美白,婷美的补水睡眠面膜
C169327E0087A534A6F4DCE4871F68D6,1,可不可以做手术治疗近视眼,世界最浪漫的地方,角色扮演的意思,没有烤箱吸油纸用什么代替
5B3A1E74F263C1F24A97E7E465D95377,3,陈小春儿子最新照片,如何让手机接不到骚扰电话,清风吹散往事如烟灭,手工活在家做
8822A51E2D4756D3104CAC65396F1ECE,1,王者荣耀8.23更新,梦幻西游手游妙法天书,阴茎勃起,自贡城里有到四川理工的公交吗
336BB4634AE6A627FA05450651B6410B,2,宽带连接651,很多人一起玩球球变大的游戏,寻找你的海洋 我注定这样,狗狗肚子一抽一抽的
E3F4DA1CF07F0A9596D6137903464F12,2,电子商务物流前俩张的思维导图,抚顺海洋极地馆门票,电子商务的类型有哪些,重生娱乐圈之完美男神
84A7E61BB7756B70087192693E37194A,2,烦躁的图片,sxd.xd.com,怎么把5s通讯录到6s,英文翻译
005F2C5D911F6C91A4480813887AFBED,3,阳泉1路车路线查询,央视中秋晚会2016搜狐,word怎么生成目录,excel
7824863402269F2FEE70CF83A85AD449,1,dota2tb棱彩宝石,电脑连接unicom跳不出来,上海六灶镇属于哪个区,dota2无尽试炼蛇棒
150079BB3AEA18A894A48C790DF83C97,1,张云龙,带鱼有肺,形容太阳炎热的两个字,6901028180818
F647443D7930B93DCC4C19916603B12E,2,霸气书库辣文蓝诗曼,青茄子,微微一笑很倾城angelababy剧照,比度克
8AFB61BA2400DDA866930890DA3AAF38,1,秋天气质搭配,深情的老歌适合女生唱的,纪律委员的职责,大学生活委员职责
F52FB1EE919A8694FD84402CAC0BA26E,3,万事如意呈吉祥打一生肖,石榴的功效与作用,脸部肌肤常常发烫、痒、起红疹,中国男女比例2016
2277B6AA7EB7E839921CB10F0EB12143,2,gta5视频攻略,移动硬盘怎么用,gta5线上模式西门找车任务,gta5怎么设置中文
32491356F9CE38CD37D6ACCF60145114,2,吾亦久人,朋友张震岳,腐控,朋友歌词张震岳
A259D48DFC0F243A85872D500CD32B82,2,"朋友圈文案这样写,让你业绩翻十倍",满月子可以吃烧烤吗,抽烟完丢掉了的叫什么,看不到别人的朋友圈是怎么回事
10F5E6A859430EE930600ABA87369908,1,蜈蚣辫,工程物资,吧台夏季饮品,六级不能刷分
A710A4E5F5F5A8B0DF61526D43033237,1,膜法世家黑珍珠清洗,南昌大学图书馆,去痘坑时间,名侦探柯南剧场版20
941A71A15357462CBC10F0FA80247DB3,2,日文翻译器扫描,月夜美梦奇迹暖暖,奇迹暖暖海边派对的搭配10w,大便粘稠
208192275C3464D2E58D711C45F85A48,3,乡镇党政办的主要工作,有理数和无理数的区别,关于教师节座谈会的主持稿,属鼠的属相婚配表
3FC8FBE3F6FEC5D6563E8AEBAE5FEE6A,2,苹果手机更新系统,5203d立体画,青城山下白素贞,四川省农村信用社
DC5A24379E39FD9DBCBBEB6E67CE9F5A,2,都市奇缘郑爽坐莲,江南大学在滨湖区哪个地方,陈学冬谢依霖,恋空
DD431EB9342AE7FA3B57C23D6C4C86A6,1,欢乐颂第二季什么时候播出,亖,类似爱情angelina,敷面膜感觉脸上辣辣的1001敷面膜感觉脸上辣
167E86286DEAA981A3FBF12740FB7D12,1,西藏大学,穿越英雄武器,能跟我们照张照片吗英语,言承旭林志玲
229CD53FADCCD350BC3E1A5F9AF1DD11,4,盐城社会工作考试成绩查询,新闻联播,2016新专卖店,央视今日关注
BA73FFAA2D323011468329CB91E10F82,4,汽车之家2016最新报价,甄嬛传剧情分集介绍,多燕瘦食用方法,六肽-1
94299AC91B596EAA06FB5BC333D135E5,3,"牵手不觉得,断臂也痛",惠普电脑不卖了,关于亲情的歌曲和歌词,牛奶面膜可以天天做吗
1EF5A523D158F0274BD5EDF55FAADABC,1,兰博基尼,梅毒图片,亡灵杀手破解版,巅峰少帅贴吧
FAD04022D15127E621015BB798245A5C,2,北上广不相信眼泪,不无聊的电脑网络游戏,耐玩的电脑网络游戏,5万到7万的车子
1B355AE5B14D659613972F03EF469E8B,2,合肥西站客车买票要身份证么,华为哪款手机配置高,欧时纳包包怎么样,ua55ju6800jxxz
D36D390D6CC1B2717A0068E7131DCA62,3,飞机靠前好还是靠后好,事业编前途,工程保险费属于什么费用,长沙去青岛
57A89DF5CBDB4ADCA98C6841FDC9937F,2,cs1.6背景图片制作,计算机二级报名时间,威尔特·张伯伦,wav文件不能复制怎么办
072470F3C03C3E8889D36CCE6A890A9E,1,"登录校园网时显示获取用户属性超时,请检查?华南理工大学2015srp轻工与食品学学院项目?阴阳师斗技积分怎么获得",汽车安全系统开发需要掌握什么知识,thinkpade445无线网卡开关在哪,韩语音标发音软件
49E1A4DA5165AD34CA866844BD55815E,2,公共事业管理责任的基本内涵,炫舞天梯挑战在哪里,西游记里人物职务安排,单片机原理及接口技术第三版课后习题答案
DBFFDDB7EC1941DE0B905B5C65CEEDCA,1,立起来的眼镜蛇图片,土拨鼠图片,gas英文音标,眼镜蛇跑车
BC65A3361667F62B19D473289D129F4E,2,中国十大牛羊养殖企业,养猪技术,王者荣耀妲己团战,现代养猪技术
6447DBD8B5B39068CA9E10B7E63F11B8,1,ifyou吉他谱,快手小凯怎么死的,郭敬明,孙悟空
2A64274CB06802606C5BDC54C3478D4E,3,美国最新突击步枪,密苏里战列舰模型涂装,乘车路线:上海火车站坐地铁1号线到汉中路下,密苏里战列舰
AE8034CA7DC0AB9B9BC9C4DB4609964E,1,张云龙,r7 360显卡,马鸣,鲍勃·佩克
F7CDB6F5A0492941EF7A914DB9B1E3A0,1,烧饼修改器,火影实境展几月份,片假名,斗鱼
B82305AF313CDC2DFD1B244257D22701,2,网络兼职,ck女士香水,火影忍者究极风暴3中文版,上海卫视在线直播观看
AB8567779C61FB60CCD2BF9BCF584032,1,qq头像,百度,十宗罪2,万宝路爆珠为什么被禁
E2DB9FEAFC2D60014C5A52BCD67BE1E1,2,重生复仇腹黑嫡女,dxl是什么自行车,giemsa染色,活菌染色原理
794F0F9B57643031EB80D99F972E1D48,3,五周半女孩身高体重,科婷魅采滋养眼霜,喝中药为什么不能吃肉蛋奶,如何用奶粉代替做饼干
55B3FBE40F8E45F508AE4A0906EA0874,2,婚前试爱,电脑qq哪个建可以直接发信息1001电脑qq哪个,红粉菲菲,安徽体育加试评分标准2016
4E1DAA5F0A3E16E4ABD4BA7FB6C1E6A8,1,古代结婚的衣服叫什么,卧虎,何常在,美图秀秀
84659FFFB08EC162349FBED886755DC4,2,回族为什么不吃猪肉,peggy,印章盖在日期中间是什么,辣嘴鸭加盟费是多少
4FCFED430458309366D7610355E78C8A,1,金毛几个月就可以吃有味道的东西,三个月金毛舌头发红,让狗牙齿划了一下,胡彦斌
20ADD5BF4394F2EA5474D16C041BEC28,2,男士洗面奶牌子大全,蔬菜沙拉的做法,深圳宝安机场有到盐城的航班吗,兰博基尼
31B757DFB902AF7CC6AA850CD6C6D489,4,经常玩手游应该装多少兆网线,无限之住人,白岩松奥运仲裁用的不是脑子,邮政手机银行密码几位的
E0504F361E68881FAB6DCE7C41FBD86B,2,微微一笑很倾城娄艺潇,微微一笑很倾城片头曲,肖海洋前任叫什么,奥运竞猜
6B74EF857661E0F6377A941274DD020A,1,池昌旭的吻戏,喜马拉雅fm,等你仰望广播剧,欲成欢
338C136F95B4EF7D010D55E8B93A3B65,3,艾灸的作用和禁忌,魏丑夫是谁,烧伤可以用凉水吗,孩子不喝奶粉怎么办
071C287CB8549FC2EF95EE6AF055FFDF,1,马油有几种味道,门面国护证,方包圆的脸型适合什么发型,爱敬洗发水怎么样
1944EE822092564B1774C36853E69F54,3,济南直飞丽江,中秋的文章,关于中秋的诗句,审计中级考试时间
2791F173AFC53096312ACC72CBF097CB,2,厦门旅游攻略,朋友圈免费送苹果手机,男多女少大学读书,军训漫画图
1C743291D53B9E088A6644994C27DBD2,4,2016涪陵江东有什么重大怎么发展,涪陵江东将怎么发展,涪陵江东,以后的大涪陵
D706B721F3D38C5CB09E5DF3563ADC61,2,济阳到章丘多远,北京时间,内扣烫的时候卷的紧好还是松好,开火念什么字
1730C66D8F56C2DEEF9614B40A0B2B7D,1,吉林市集散仓,加盟店排行榜,蓝牙耳机天行者2代,花呗可以叫外卖吗
36CBA26AF73495C8A962AB88B6F8CC1A,6,演员高云翔的家庭背景,冒充公安局电话诈骗,张铁林,13985052339
A6311CD050E2572E13EF66A75FBEB3E4,3,李湘脸大,张斌,绿卡,左旋肉碱茶多酚副作用
48C82D3CA7629FC14FF1153E74B56CED,2,康熙微服私访记,爱奇艺怎样修改昵称,建设银行个人网上银行,淘宝如何修改收货地址
903DD910719C19EAE03AF1AFE58AD5AE,2,金鱼的繁殖期是什么时候,192.168.2.1手机登陆,tl,医院护工多少钱一天
6E625D83204BFEBF916B467B910E2B13,2,学高为师 身正为范,比较有价值的历史书,惜我往矣杨柳依依,任何手机号都可以办理全球通吗
50C96090B9FBEEBEFCC6D2F3BB13FA0A,3,八月十五话中秋作文,一比多,太阳花治扭伤,0594是哪里的区号
9CDE787CB0DE986F33F244080E9A8AD4,2,提子皮可以吃吗,严凯泰,酸奶机价位大概多少比较好,手机号码值钱测试
E53C6388E81789F59B6EFA301D16DA00,2,路旺石埠的东南方向,12.1全等三角形教案,小龙虾,莱阳人力资源网
326096E91CC4304C1EBA48BDB20077C4,1,名门绅士之珍爱妙方,瘦小腿手术多少钱,广西灵山明星,靓之堂
4332CEEE48C96BBBB9D67FD3FC76A8B9,2,akta蛋白纯化仪,交换温柔,加拿大硕士毕业移民,爱课网上如果创建群组
F61A03364DBEFCFD3986C2CD7A244D88,3,德国科学家洪堡提出了什么观点,黑胡椒那里买,回眸医笑 冷王的神秘嫡妃,关闭的英文
5AB619B9323514769EF647CF984113F3,1,耳塞式耳机正确戴法,纪念碑谷攻略,onscripter黑屏,门面房是什么
1B6E816FBF2C2518EC8E1C28FE4C2B04,2,笔记本不用后可以直接盖上盖吗,http://,兰大教务系统,葡萄是热性还是凉性
979C154518DCBFDFDCA24A2370C5CEC9,1,深圳到盘锦快递要多久中通,孤胆车神,mc207,李思思
F869B4327FD336E5453FDAAE4CF7292E,2,三个闺蜜的微信群名,济南山东女子学院,中国冠军范,罗伯特·帕丁森
F759C60D7F4D7B2C81D8894C852ED2A5,4,潮田渚,老婆模拟器,杀老师表情的意义,lol女英雄邪恶本子
59FBA2AAB4B67411CCCFFFB9480BB705,2,定位我现在的位置,国产笔记本电脑排行榜,1939民国教师节,固态硬盘加装机械硬盘
89FD911F92C844975D5CC75497BACC2A,1,忠犬八公观后感400字,伍慧珊真空图片,乡字照片,伍子胥图片
2FFC817867C3924D4717E515C987216E,2,ems派件几点下班,min是什么意思,二垒是什么意思,亖
CD679E4E8394211320E786CAF43FE3D3,1,擒拿术,十字器,自慰器下载,双鱼座今日运势
4F38BDACFEE374300D753C74A251062D,1,qq头像,angelababy,高二课本有哪些,冰川时代5预告
A98BA361ED6CFBF74FDB5E41A2C14AE8,1,约会大作战剧场版,联通换套餐要换号码吗,兰博,妖神记
08173DDFE4FD4926438D29578907C8E6,2,双港能源,滨海幸福家苑,污水处理流程图,性感女健身教练
49AEFA4F4BE6C7AD9C3B1269F4C1A510,2,猪肉在吃之前要不要烫,百度,屏南县生源地贷款,管理类联考综合能力真题
AEDB0DE8762482E4C9F0998DFCFCCA2A,1,绝命时刻,代号装甲1秘籍,僵尸道长2,谁等谁等了一万年
3B9C2C9709BB770FA80037CE941CA753,2,耐克新款女鞋2016款,veacool是什么牌子,脸上挤出来的白色条状是什么,大庆东到齐齐哈尔
DE4AFC2139F6C699D18464E1E35E70F9,3,问道十阶坐骑,北极的青蛙,南京大屠杀发生在什么时候,徐向前
B65E00634D42E2C33D2AB423FE5A5E1A,2,没有达到专科分数线,怎么找镜头感,非英语专业可以考专四吗,暑期实践意见
39D0FE5A177F25588860FDC9B8669B51,1,囡,百度,就好高能量超滤直饮机,asap台湾
48603BED86315CB69737EFA083609FC9,2,福州仓山万达有卖泳衣的么,瓦拉克,剑三大药臼在哪买,奇迹暖暖荧光石有什么用
6D1D1E9B4D85A8AC72F1C1EF5683ED0F,3,cpu跑分1.5w怎么样,曾雪麟,今天美国发生9级地震,163贵州人事考试信息网
D3DCA7891693145767B22F16F94C3B02,2,北京时间,火车退票新规定,谷崎润一郎,学号不好辱骂老师
8AB8CCFCACD82051D4EF898AC46E744F,1,dnf手机tgp助手手机版,貔貅可以戴在腰上吗,朴槿惠提早回国,cf打折活动
52CBDE3D8FFF7F4421A7940004CA761E,1,钟汉良火线追凶,希尔薇,送给心爱的她软件,怎样防止低血糖
3AB387DF1FFA541AED87A32FE1D3AE3C,1,诺手破败三相,微信消息免打扰什么意思,镇江,蓝色印章苹果
06EA3F0A9E1EE61AA577C59B5042621F,3,台式电脑,96年,台式游戏电脑,游戏台式电脑排名
7DE76E442ED04341BCED356AE41A48F3,1,墙布,迪亚多纳,阿迪达斯,欧美墙纸
CECE7790246A4561E06D270712022E5A,1,如何查看本机mac地址,韩孝珠,陈百强,百加v6如何用按键进入刷机模式
45D1CC9CD904AF5325B8A445E6B54E75,2,自由兵迷彩服,血管钳,上海大学现腐尸,小时候
5B5B7267FDFA53F5C8536960C84CB54B,4,爸妈寄语大全一年级,cot是什么意思,蝴,日本化妆品有辐射吗
C555A9B15BAB2CB9AE037E567A8DA57C,2,汉译英,建筑设计时太具象了,睡前喝大麦若叶,深海少女简谱
D383AE4DB837BB280F139FCE882D409E,0,拖拉机视频,五征240拖拉机,微信表情,wpsoffice是什么意思有什么用
511A1C58AA3B50B16D669A25C7BE5FB1,2,中建七局四公司待遇,aj,广东省 广州市 增城区 建安石场,哈佛h9
A1EC7EDA65452DDE4CF0B3E88BBD408E,1,新生报到登记表,特别想念你歌词,九月的说说,联通闲时流量是几点到几点
27342554FEEC6D0964408AAC34E4F848,3,黄金女保彪剧照,四季常青树图片大全,黑芝麻洗发水广告,竹叶的图片
6219EE2B6A900A170614372623B84770,4,有卖王婆大虾调料的吗,乳山哪家招聘保管,菲诗小铺洗面奶,蒙特梭利教育法
DE851834B95983232F1B7F0487A01241,2,2016奥运会篮球总决赛比分,雪铁龙c3 2010,2016里约篮球比分,日产
220F046586AD761F01C1272899368AD5,2,快递员搞笑的话,百度,流泪图片,成熟的句子
B47376586565F1C4FBD7DAB9B9E64AC6,1,顺丰速运,百度,手机定时开关机怎么设置,搜狗应用市场
3DEB4D03433FF1A9491B761882525A86,2,千纤草得海藻怎么样,炫舞徽章似水烟波怎么得,沾衣作品集,海藻面膜千万别买
234990B6CC54A181BCA8788CE18FFC92,1,关于班级演讲稿,核桃浆沾手上怎么洗,用瘦脸推下巴轮廓骨头疼,iphone6s尺寸
2469CEDF1AC9B00DCC749933BBEE74B9,2,李谷一,冷冻,婚前两个人共同贷款二套房怎么算,英雄联盟段位
F7186BF6296F177066ED63427768DD41,1,kkmall几点开门,月歌,刀剑乱舞剃刀,文言文 安
E77BE80A9BADF179A00CEB353C2FBAF4,2,韩国超人回来了老爸出轨,苗草王,分手的时候,为什么英雄联盟叫lol
BAD53E6EB41C268C07D4855DDA4D2B1D,1,升龙,肯德基吃了对身体好吗,超极本,加油站晚上有油加吗
EA16F5418B46EBBDB668A21F43E45B41,2,76什么意思,烦躁的图片,qq群魅力勋章怎么点亮,何享健
A19BCBA2BB0BB61203D0F5C655C1E05C,1,喝大米粥会发胖吗,陆小凤与花满楼,燕麦什么时候吃减肥,好吃怎么办
45B6E52E5FC275ED3419879E444E6D82,3,韩国面膜哪个牌子好,康婷,补砖块截图,秦皇岛到鞍山物流
B9746B7C908652BA1DCC308E0FB7E7F8,2,笳拼音,国泰安邦,大学生职业素质构成与综合培养研究,羁
CF75F19A9E2477D3F80BF53DC7928C5D,3,在乎你情侣商城,小李飞刀,红旗h7,高峰个人资料
24A5C7E47441AC03357982642CE83A03,1,闲鱼,草你奶奶用蒙语怎么说,北京地铁一号线复兴门,中国五线城市名单
C559DE238E4D6AA60B5BA5FD45F52D01,3,雪花秀滋阴系列,敏感肌肤爱过敏用呼吸哪个套盒合适,怎样辨别玻尿酸真假,吃优尔可以补充抵抗力
1AD68B91C75526534CB99A19214F6DDE,3,卵泡黄素华,宫颈囊肿需要治疗吗,痛经的原因,邳州市人民医院
CA5D73D110C08315CCD7981D39062BE7,2,穿越火线枪战王者周年庆,水杯,龙王传说,几岁身高彻底成形
3E3155CB9540A194EDFD9D21D4753F48,2,深蓝色幼儿扣子,316路公交车路线,冬季穿搭秀,唐嫣电视剧
C086B7B71739A0490857C3EC4D331769,1,友情岁月吉他弹唱,惠普笔记本拆机视频,超载一人怎么处罚,中国电信网络电视交费
74E0141325C5CC45B15B81BA628C4CCF,2,消消乐238关三星攻略,微微一笑很倾城txt,公章图片,台湾工作签证
E0F4D590AE7232038127D1DD299CFF19,5,长生憾,秦皇岛站附近宾馆,徐峥,泡面碗
51E87FEA14CB5C50B8CCF009835832E3,1,lol战斗学院的荣耀,苹果5怎么恢复出厂设置,守望先锋排位,教师节短信祝福平常语
8ACE500D92D4D9A126E8E083290F482E,4,杨斌,四大古都,澳洲ve面霜怎么用,刘斌简历
AB6FB678F9373CD404045CF5D3C22542,3,固态硬盘分几个区好,为什么4.0的蓝牙连接2.0蓝牙音箱老掉线,邮政银行转账记录查询,华硕x540拆机视频
6BC29E6797EECD374176A5F0383B9522,1,乐视,我们应该感恩父母,张思帆纹身,我们的十年
C9056CEA3E281D469802A5BBE39D3F43,1,魏晨,第二课堂是干嘛的,孙悟空,17岁想打职业
C331D355963D345DE6A11D9D117A231C,1,法令纹,郑爽护肤品,梦里花落,谈快乐
B3A5E8840F78A9B9396B66D7B805418F,3,2017年几月生宝宝好,明年阳历6月出生的宝宝好吗,"8月25经期结速,9月10号能查出怀孕吗",清华同方平板电脑f888价格
CC1E91585B79D96A0069B55B674F121B,0,淘流量,128g固态是什么,给老师的中秋祝福语,华硕
5EC844F5D069C159898A7A022820521C,1,龙腾小说,农村创业项目大全,联想g50报价,周二珂资料
53A5BF564F01B6E3E5D7E6CC9F71F7BB,3,工商银行查询余额,蔡少芬,上官婉儿相貌复原图,用面膜为什么要用脱脂牛奶
1191B4D9135B75113B4EADAFF857917E,1,接吻情侣头,谢娜同款发型,infocus手机怎么下载qq,英文翻译
CC219387F8CD14728C082640B7153292,1,民政办和民政局的区别,盛开,为你的寂寞唱歌,撒旦囚妻
EB36396FCAA3EE23EBDFEE85E67DB02E,3,御泥坊红酒套装价位,哪款补水面膜好用,pf79是什么牌子,胆汁反流性胃炎可以喝三九胃泰颗粒吗
AF540C944015B72484640D94AEAAD875,4,时尚小鱼,米果童装怎么加盟,听图童装,万州到广州有动车吗
CE3E2827AD1287ABA05425D7F39837B8,2,左岸咖啡,滑稽脸抱枕,罗海琼,如果当时
C8391DDA125F68BA234DFB0501D14CFE,2,美男子照片大全,联通宽带缴费,十宗罪1,具惠善
0AE343412B38916E78946B5BF4B7B650,2,踮脚瘦腿,火车晚点可以退票吗,保鲜盒耐热100度,快递从西安到宝鸡
8CA0FECA19DF50B44B87C0C89BE4E6E9,1,金条999.9,麦科特电动车,买店东西只换不退钱,卡地亚官网
A6CC481940C2CA29277D339ECFCE864C,2,游戏帧数,微信,钢笔,法语aller的动词形式
27BB6D61D8B20FEC8E5515394328C70D,1,南宁到金钗的汽车,南宁医科大一附院门诊计划生育科,南宁动物园的蟒蛇是哪里来的,去酒吧的女生注意事项
D6CCE3CD21ABCE31DAE07950E9CF7C4E,1,防过敏的面膜有哪些,ega是什么意思,css语言和c语言有什区别,星星用英语怎么说
298C78AAA4F39DC0355EF072A2999108,2,痘痘肌毛孔大用呼吸水分怎么样,百度云在电脑上下载的视频在手机上可以,水光樱花面膜敷上脸,雪肌精适合什么年龄
04B0284A1D36AF500C52A7B7FF89DE5B,3,安利漱口水孕妇能用吗,装修图片,广汉热岛,产后瘦身
828B82135A3D79DD4BCA815B20A83435,2,计算机二级中,盆骨出血,言情小说免费阅读,天才魔妃我要了全文免费阅读
F6FB9D2AE97F4C60B4FCB7461FBFA6A1,1,荣格心理学入门,lolob,百度,男鬼
D4EA1C1D1FF3D1A4EF833B867C1BEE86,3,青春时代韩剧,小别离导演,小松菜奈个人资料,我去上学了9月11日这一期ella唱的歌
E5090FB41EE789ABD0800741B2C1603B,2,愚公微微一笑很倾城,一克拉等于多少克,大学生课外阅读情况调查,大学生课外阅读情况调查问卷分析
EBA6F57BFE4FCADA7A8161A4BC488A39,1,你敢娶我敢嫁,斯人已去,重生复仇千金苏安然,苏大天赐庄校区宿舍
CADA6923EF7CA8A9285268E31B54003E,1,proxymator怎么用,保安员如何严格约束自己,时空召唤吧,海贼王波特卡斯d露玖
878BFE380249286034C167D3B2B09EB4,3,杭州市考点监考,考试屏蔽电信信号吗,车台大功率,苏州月嫂
35246FA2AAA9BA826E6B1724EC995740,1,即墨宝龙杀人案,男生怎样使头发长得快,校服裤子怎么改 带图,创世修罗传
A0CB6B1B3C4C21F5120DF24DFFC9E34F,4,疯狂猜成语一个幽灵前面有俩个人在跑,海藻泥面膜怎么用,妇宝宁男人使用方法,疯狂猜成语两颗星星一颗碎了
133C6C7DE81039D3FD4403F0A46533CE,1,美少女战士头像情侣,angelababy,山西离河南平顶山多远,烫直发发型图片
07EF0E44055E5FFFA41FC94D23381D2F,3,一提裤子就还有尿出来,笔记本换硬盘,苹果软件源,马云白衬衣演讲
AF4EB24ED15C8FCA966CC951D1FA0787,2,罪恶都市遥控飞机炸船,罪恶都市手下的武器,吞噬永恒全文阅读,罪恶都市手机版
0CE5AD8A161D92D92961AFFCC50E31C8,1,数据线转换插头,已连接的wifi怎么查看密码,铅酸电池优点,夜晚宝盒是什么
81AFA70CCF11D31C9136284D0B113155,3,eason天河体育中心演唱会什么时候开,innisfree火山泥面膜过敏,innisfree火山泥面膜,地磁偏角是谁发现的
C909AEA8E856C7FDB1253268E27DD692,1,日语歌简单简谱,亲情号码类型,皇牌机娘,老司机浏览器
DC49AD2B9DF3C18392E5F5ADD4174BDC,3,刑天战神,1953年杭州书记,大跃进,中秋图诗
B1FCDCF7FAA1B146E22248E1233B48F7,1,青春美文cute约稿函,花生黄瓜能一起吃吗,u盘插手机上怎么用,白水虾蘸水
2617AFFB83B9393E6921E2B8101218CD,1,天之炽3出了吗,买不到票怎么上车补票,如何安装系统,电脑重新分区有哪些影响
8ABBD01D7A3BE83899A01470C80B913B,2,移动流量查询,075595511,"参加保险销售人员资格考试的人员,考试成绩?我国商业保险分为财产保险和人身保险 其中,",美人鱼歌曲
F84D7259F22448DD23AEB682AA313A59,1,芭蕉树下听雨声,mic eco,三星s6edge十,去西藏
15DC4F713022F0F5F6091737494F9ADB,3,微信红包提示音怎么设置,溢价权,石墨烯电池最新进展,哥老官是什么意思
26112DD7D2F8E534A13DFF08798918B9,1,到廊坊市广阳区大学城南门路线,hbr在不同状态下 哪种能量高,强化复合地板欧人,进击的巨人有没有能看的视频
37BB485499E2B68DB146F76895811806,2,红油怎么熬制,中企动力科技股份有限公司锦州分公司,沉柯,射手座男性格分析
F65B845B331251E77331ADABF8EAB1DD,4,罪恶之家电视剧,准新娘吸毒被抓,青云志小说,时尚经典婚纱摄影怎么样
F07C16164409756AB9CD2E83B7FB2A5E,2,上古卷轴5怎么使用里力量,喜剧中心哪期好笑,百度,广西医科
D8924555B1D2DB11D91F772874111160,1,最贵的手机排行榜,手指纱布包扎法,胶南小场卫生,胶南鑫海国际城
A1C0201B98F800B84BA800E6B22DC35B,2,离骚塑造了怎样的形象,白带像水一样正常吗,天津地震最新消息今天2016,敦煌旅游攻略
7B7F43EDE8E0F48CC467429F0F5E324A,1,只涂隔离霜可以吗,老九门3536百度云资源,致橡树,打吊针多少钱
692A5942E55196B21C820A2372798102,2,如何在cad中把标注连起来,短头发女生发型扎法,电脑壁纸,内部收益率公式
E56A7342538FBB630B9F1973E00972BB,2,发芽土豆去掉芽能吃吗,赤壁特产有哪些,治唇炎的偏方,嘴唇总是起泡怎么回事
5598DBF13589C6A2DBB46B20D88F06EB,3,气砖价格和图片,超狗任务,阿波罗18号,绵阳什么时间限双号
F99D281CF4A726D95076C5B5FDE8EA02,2,嫡福书包网完整版,逆向停车怎么处罚2016,"总裁,关灯吧txt下载书包网",逆向行驶被抓拍到怎么处罚2016
302610C088585869E2FF36D8E8E5AA29,3,周杰伦rap吴映香跳舞,二手手机,杨洋的女朋友,盗梦空间结局官方解释
522E884A6A339679BF8FEA724523E673,3,考拉英语怎么读,三学期制,打过狂犬疫苗加强针半年内被抓伤,完美告白
1118B188FC6EB85ACA2DD6D9D2885B17,2,旅游策划书,湛江师范学院改名,贝蒂,岭南师范正方教务系统
802E4A6477BEE3EF86881926E129F061,2,脸上的痤疮能不能用针扎破,早泄跟肾亏,甲硝唑乳膏的作用,甲硝唑
DBA3DFDB4424666D98ECEF8CDB92E915,3,哪些抽象名词即可做可数又做不可数,惠州西湖,思维导图,科学求实什么意思
0B29BABABA9C62C508E135BC46A0975B,1,轿车特技视频,唐宋八大家是哪八位,银行卡不能和什么放在一起,卑微眼光
F16E6883E7FBEF2A07952F429A20E7F7,3,羊肉萝卜包子的做法,母女考上医学院,六个月宝宝一次吃多少毫升奶粉,杨洋的女朋友
84D040D66E6119BE417898E8CCF76788,1,贴吧直播,微信好友上限,svip秒8活动官网2016,若快打码平台官网
A20D8C6F98325682200A0427CD190790,2,七巧板拼字母图案大全,水灵灵的意思,蹈四字组词,开发银行生源地助学贷款怎么登录
753BBF73A835BD252C40EFFD9A9A285F,3,千尸屋影评,苹果可以安装安卓模拟器吗,终极凶器,补水面膜可以天天敷吗1010补水面膜可以天天
FD3B44F33689DDB19F3D252B034FD882,1,柏拉图是谁,往往取酒还独倾前一句,春秋战国是哪个朝代,短篇小说集里的排心思
20D7DE51E0513B2541D7CC345B4F3368,3,在天津镇政府上班,不能胜任公务员工作,百度云如何修改手机号,长发往左还是往右
32920A4944F1EA258CC04C19C3EC99D3,3,情感散文家,我是一个容易感动的人但我却感动不了别人,长的不好看只能蒙面照啦,隆鼻后觉得鼻子好大
8123937E7CC6BCEDA2823DCFB88F598E,2,铜陵快递有五险一金吗,鲍天琦,n多寿司菜单,矬怎么读
4390816E8F790F0A73E8E380D2472129,2,深情的句子,光子嫩肤后多久可以化妆,动物情侣头像,行政管理专业难吗
699B7D4BE6BAB5F1B1233F62F4907E16,1,有一种踏实 是你心中有我名字,药学是干什么的,联想a3900,"求答案,好难猜: ( )什么车,没有轮 ( )什么?浪琴的石英表怎么样"
6F3ED7009491943A1728DE2B4C56CFAD,1,陈世杰 绘画 墙,扇贝打卡怎么补,t3,扇贝怎么补卡
CE5CBA6FC34DFAFA68688DF111BB822E,1,山东艺术学院,泰安,青岛海洋大学宿舍图片,港版苹果怎么查看是不是正品
761097E6A9E511D38D8096B481694CA4,1,唯品会御泥坊,染发剂弄到衣物上怎么清洗,小小的船儿歌,萧逸才
B63090025329F1F217E82DCB147E35E2,1,地瓜地瓜我是土豆暗号,我带你的心理解析,形容地方历经风霜的必须,白色瓷砖出现黑色条纹
561C27619CDF98750D171E2F60C3265B,2,94年属什么,recommended,乌兹别克总统去世,怎么称呼导员
0E3F970F241BA586F3FBB366C1856B94,2,死亡邮件,云南省公务员学前教育,科三直线行驶,杨洋郑爽视频
7DFB96CDF67AE2E0B8C6DBCF0AE8CCF7,3,雪花秀滋阴系列,卡通头像情侣动漫两张,93年跟97年的配么,长智齿牙龈肿痛多久
E73EF9604D306F24F9E98648B42629B0,1,word365激活,梦幻三部曲护肤品怎么样,极乐净土为什么这么火,dreamtimes面膜怎么样1002dreamtimes面膜怎
0C88D62B024D4B497A102262634F40CB,4,妇宝宁用后有危害吗,妇宝宁蜜域凝胶,东北人是日本人后代,阿弥陀佛佛号唱诵
C35A93F96F1BFC0B54ADFAA1290B301A,2,百雀羚有没有过敏的,打怪升级游戏2007,皮蛋的做法,英雄联盟女汉子名字
5F69B04A2AE86294DDB15BB6D30D5D24,1,全国报名征兵网,手游倩女幽魂怎么得到坐骑,诛仙手游背包的猴子,专门买卖二手的网站
2D8DACF10FCEB3F959ADCBA100021058,1,核冬天,小金刚坏籽,剑网三打不开登录界面,打嗝怎么办快速止嗝
507DD23141D64A8FFE943FE2549F1536,1,简谱知识,embody什么意思,交通运输工程师素质培养课,青霉素v钾片
F4950E2C7263289F2CBBF1A6A12F92AD,1,乐2很卡,河南地铁开封,河南大学,顺德
EBB515DAB8D3B852CFAB22744F934CA7,2,尼坤,怎样得厌食症,韩国电影排行榜前十名,杰克·吉伦哈尔
3C54BFE7810D0B1CAEBCB348BF956447,3,360云盘网页登录首页,新生儿白细胞变化ppt,叶璇疯了吗,亲爱的公主病11集
CF8CCFD224411328BBA9CB6247017B96,4,铁板销售沈阳销售价格,铁艺制作,胃总是恶心怎么回事,沈阳二手车库门回收
D952FC4950BBA75BD09158793B765AC1,2,系泊系统,锚链规格的意义,于敏,小别离小说在线阅读
EBE26FA4FFBA4337544D94EDD087B076,3,1.5升等于多少毫升,新闻联播,霍建华林心如,发烧可以吹风扇吗
E4C400B2684D3D2FA22CEC886956B500,6,句容到丹阳五中多少公里,朴槿惠提早回国,老师你还是放弃吧,韩国翻拍中国的步步惊心
5D71B1B780AEC9EA93C5E3FAC465F4B0,2,酷翼4g无线路由器设置,cpu体质怎么看,肉松面包,192.168.100.1手机登陆页面
F244DF8C31ED8C6BBEE270F6058EF4C6,1,小纹身,南征北战好听的歌曲,晚饭不吃饿治百病,南征北战组合
F0CBD94ABE1E62CB6E4F8695998391B2,4,鲜花港菊花展2016图,太行山高速涉涿鹿县吗,太行山高速公路涉县段,多年以后你是否还记得
2655F6CD1EEED3D10C8F913E5382ADF1,2,南阳到郑州行阳火车票查询,酱香冬瓜猪肉怎么做,淘宝官网,容园美面膜
03C4B488EDDB6A9CA1E54A3624750FE0,2,比利画的画,雪莉,比利,多重人格视频
9CC95D78A726560EB64EB4904CE459EA,1,临朐哪有篮球场,曲师大图书馆,eva,闫妮
3008A90B7D159A47853A31F84EFF520C,4,澄,彭宇,王子文跨界歌王,十二王子之绅士兽医
B1CF9D189BCFF879ECAC95537AEDF3CB,1,近视眼怎么恢复视力,李晓鹏,手机总是自己突然关机了,后背长了一个痘痘
0D784210A453B45026DFE006794F3D3D,1,lol战斗之夜2016地址,黑色星期五死了多少人,科学家发现人类灵魂,wtf什么意思
F684D8E6FEDDC14427D33B2250639920,2,微拍福利广场,杭州g20峰会,我的世界栅栏太大会怎样,我的世界怎样养羊
BF0C3F1CEC6DA8CC36AE1B37109225B4,2,中国邮政储蓄银行官网1001中国邮政储蓄银行,笔记本电脑什么牌子好,午马僵尸电影全集,麻辣变形计演员表
FE8334A9C5BB4BCBDB4B0D2C80A7DAB7,2,笔记本电脑开机黑屏,celine,什么胶水粘橡胶最好,开双眼皮多久恢复
8F4783EF8FD54306EA6D183F901D71F8,1,洛雪,满汪峰,卖书,螺旋烫
6F8C7D398681CAAB3BC9E433F12997EB,2,日本大学院大学名单,秩父事件,大学类型分类什么区别,中国传媒大学到北大怎么走
65B2556EDC33C4A9C74DCACC749FA763,1,抗战的基地的小说,换底公式,小魔仙的小兰,我的世界怎么去月球
E134E46088A00C673F455677FD03D384,4,没抹完的口红电视剧,函授学历,注册安全工程师,"我家鸭脖子歪,屎有白的东西是什么病急"
C6336FDC07019ED7276F4E2991287592,3,甲状线结节是什么,地奥司明片,补血汤,手术后脚肿如何消肿
95BC3B2D37D054F75806FFF159CE3205,2,中韩关系现状2016,破晓之爱,汰渍代言人,朴槿惠提早回国
AA1236B57F8C3CDEECEC13AE6EA234F1,2,香港澳门回归时间,金英光,三时三餐高敞篇,1930年毛泽东提出的作品
580AAB06B2ECFCA60D5113006ABCD743,5,tc-1424t外交官拉杆箱,159素食全餐的危害,英国留学迷你电饭煲1人份,汇率换算器
06B79CF9F69CBA462136D312CDD0EBA5,2,exo解散了吗,民生银行上班时间表,猫小姐减肥奶片好用吗,11处特工皇妃
BEF28BDD299225B10FEA053743F342A3,1,生存死亡60秒手机版,生存60秒手机版,掌中老虎,崩溃大陆蝴蝶剑
74849043F61410D54063F6142C27E112,2,看透自己的爱情我听过别人的故事,男士卫衣,刘紫薇,林志颖
9AB3EF6A24DCD4970B9C4C323A0C6D4D,2,属蛇几月好,一次性美瞳多少钱,跑步腿疼怎么办,肥胖纹怎么消除
A4D921A6A77ACFD45255192B1DC25092,2,clarks鞋码偏大吗,胭脂水粉,生化龙北国,洋码头
35C37355062B80243EA5938FE0D339BD,2,上海华东政法大学,崔冬晖,大连刚毕业大学生工资,汤姆汉克斯
0D83C610BD0829E2F09D38D47811E902,1,理解的英文,眼角下垂面相,诸暨到湖南高铁时刻表,启东有没有火车站
558F6DF26C2BE3666490A32117382563,1,笑傲江湖ol哪个门派好,在没有灯光下面玩手机对眼睛危害大吗,湖南新环境集团,厨师学校
0D77AA0CEB65CDC25B3CDFC20D687723,1,第一次只留了一点点血,化妆棉哪个牌子好,红心萝卜,荣耀8好还是oppor9好
026E9D706637882EBAEF365D459762E2,1,乡村小神医,"乡野小子去美女寡妇家拿东西,恰巧她正在午?安卓手机无线怎么连接电视",朴槿惠提早回国,全民星挑战
B430B4A9A7EE4BFCD433BB73396B675C,1,青岛海洋大学,vivo曲屏手机图片,简述孟买5月平均气温比,我拿什么和你计较是什么歌
AEEFBF1326047A0860B633DA7E66CDD6,3,天猫供销平台首页,花生黄瓜一起吃会怎样,保险档案查询,麦乐购母婴商城
D878F98F94B55EAA8E807F9CB948FEBD,2,等,天猫网购商城,评书三国演义,智能手环
12384CBBD6EDE4D635EDF10A1A4EE04B,3,赣州市区人口,眼球震颤的治疗方法,洗护用品货架,伪装者演员表
38CC4CCC1C94BB42F1B88DE41DA3F5E7,1,属兔的今年多大,flag是什么意思,怡瑞国际美容美发店,黄金百万臀
1966013A5267978112A6E988286DA8E8,4,四轮摩托车,家长 护队,太原博浪,代全民 左权
01ED208E55DFE66D9882B8A33DC7B106,3,油炸脆皮香蕉,厦门旅游攻略,浴霸排名,腾讯微博
68A999565F1878FB86D2424012BC07A4,1,典范英语坦白翻译,李宗伟孩子,sharp,水调歌头上阕问的什么下阕写什么
BB3006B17B767CD1F76313BD2FD0FBF1,2,九阴真经等级进阶表,微信怎么设置添加好友权限,黑帝99次宠婚 宝贝别害羞,九阴真经3d地宫怎么进
7CD303B8C2D8EBC01A66C809B65E55D6,3,天津米立方海世界水上乐园门票购买有教师证,艾滋感染,北京古北水镇好玩吗,山西平遥古城、乔家大院
794104256593D123E566793B2DD2C313,1,会长是女仆大人第二部,400米好跑吗,汉译英,练字用什么笔最好
60B4299B4C75FBB964F5327AD9A7746C,3,小鲜肉,未婚先孕男方需负法律责任吗,阿路和如,冰淇淋
AB3D2A39C5A0D7D99172174CEE542227,1,微微一笑很倾城txt,曾经蔚蓝歌词,百度,曾任职务怎么写
4B680B0D3362ABAAB25348B9200CD556,2,qq头像,淀粉怎么水调用热水还是凉水,哈萨克族结婚,猕猴桃是热性还是凉性
272F762AD32F8505EF654119A7967F52,1,众泰t700什么时候上市,卷毛指示犬,不败女神关小迪,q35昌河
FC7CF1CB9A87EF96FA751639A48CBBA5,1,笔记本卡住不动,笔记本关机能充电吗,寻仙,笔记本机械硬盘硬盘位置响
132529246B709F13565CB8B38FCB06C6,1,一年级语文上册课文,教室布置设计图片,如何让时间过得更快,小兔子乖乖
A3E18F5FE9C823C25302051B1BB0B01D,3,刚拉直头发一天多淋雨了 有事吗,民法关于婚前婚买房前加名字和婚后加名字的,腹部按摩手法视频,智联招聘手机版
A62274B80B65FF0C2E5AB17A1FA2F382,2,职场 学习,m2 801wv100r001c233b019,大麦若叶的功效与作用,珂莱欧和赫拉气垫哪个好1001珂莱欧和赫拉气
AAA8077FEBA4CC6F483464C2228F8A79,0,哈瓦那犬,腹黑校草不做你的伤情女友我,香奈尔口红51号色,爆宠萌货:灰狼boss绵羊妻
C505929ED279FE6F9D518A8BB12C2711,2,支付宝红包口令,常州德胜河2016拓宽,圩塘租地,碧雪情天online
6D27F77E3F9FB85179D501F265177664,2,重生耽美腐书网专题文,口红为什么是红的,微微一笑很倾城片头曲,2014重生耽美文鲤鱼乡
33044E9AF0C4AD905381D2F33FA31F6F,1,一个丧乐手亲历的诡异事件,死丘事件,饺子的多种包法,小兔子乖乖
E105E3CB7EB1C5D8B5305899F39C77B6,2,汽车玻璃去胶,聊大校历,异地补办身份证流程,小米2s
BDD7725CE5C98F8796D0989E58F2FE16,1,7.13是什么星座,38t防空坦克猎豹弹药,左岸,木春臼
3D0D7C191282A93CEC95B113E62E59E7,3,瓴开头的成语,中国国旗图片大全,联通开通国际漫游多少钱,志开头的成语
3D5E4A82D13C024DE00CB6028B9FE224,3,做饭视频,巴哥犬图片,柴犬,唐海招聘
039F99C0D5DA3327AD92684D4DD22637,2,大学毕业后团组织关系,雷锋姓什么名字,富源幼儿园,钟组词
9D16190443C789C42706D609976F8AFE,3,长乐龙景路,理发店都用什么洗发水,属龙的人和什么属相最配,徐峥
76B8E12198AC3AD8433F694B406A609F,2,等一个人咖啡,香火,中国玻璃大桥,3ce粉饼真假鉴别
2C8950B964F784FD069E98E6B646B878,1,终极教官秦龙免费阅读,天降无限透支卡,青春痘能不能挤,上海最贵的房子
A726FB7FE37F02008FEA9099504EA256,4,朴槿惠提早回国,捷豹xf,杨梅,减肥饮食注意事项
2C2F51A083A0B25239E626528FA5B4B8,1,什么柴油机上喷什么油漆,昔我故友叼似卿全文,合约机是什么意思,混泥土多少钱一方
EACABF46103FF68A58A6DDAEC525B2A8,2,变压器组装方式,钢丝衣架套妹子,霍乱,"英雄联盟里的大龙耍帅的一条,被打的又是一?花间一壶酒歌"
1AE24E7C310B157F5783FB0B14D4EC3C,2,flag是什么意思,补考不考,cpu水冷风扇,cpu杂音
5D3C5840CF78B3690F0BF346E9CA024C,4,满脸都起皮怎么办,肚子涨放屁是什么原因,雅诗兰黛面膜要不要洗,麻雀在哪个台播
4F13ACCBE274F39EEB274162E826BC9A,3,泉州新车站到英都要多久,平板电脑和台式电脑的区别,雨夜惊魂,麻辣变形计演员表
F0E9FB5CEE956FB472DC86C662739772,2,肝细胞的分化过程,agoda,晚上能吃苹果吗,美国黑五是什么时候
EF07A5D4FEB90F202919622ECEE10715,1,乐视,混血儿香奈儿,sloggi,成为演员的途径
FB0C273177141EF84927996A884DB3D0,3,陈好个人资料简介,北京是中国的首都吗,一到十的英文,张云龙详细资料
6D588A726C3281D92F85A843B0F5E170,2,天上人间夜总会,何立平,兔啾啾,慢性胃炎
EAD225E58890256B81FFFDE07C4AF4E9,3,纸板手工制作大全图片,健康管理师就业前景,春卷馅子有几种,昆山统钲机械有限公司
C1429421D8F87050640526BC3E9190DB,1,费沁源,联通话费查询,残奥会运动员身亡,刘美含于小彤
5EE43A87316EEE438FB9913BB162F6DC,1,欧美姿臻品丝膜,科目三考试最容易出错的地方,可爱笑脸图片大全,手绘笑脸图片
9F126B2547229DC40F213F7009091177,3,梦精灵叶罗丽小说,百花错,美人私房菜电视剧片花,轩辕剑外传汉之云
CF497AE6D44128DA5C36711634FF6633,1,肉鸡养殖技术,台电平板电脑,云南文山20亩地种什么好,中秋节发红包
AFF847C8160C6BC940C941F82D9AC090,2,郑恩地key,赵丽颖弟弟,市长夫人,希望天空罗马音
AEDC8B43A6F18EF4DF5A73D80964CDB9,3,三星手机定位好使吗,百度,小米2s,贝尔格里尔斯荒野求生
49F958FFED0CF08F3305C8BD877B59C8,2,湛山寺,word里怎么添加10以上的数字编号,2016放假安排,吉首大学官网
46BC3212F9B39A3651DD0730363197F0,4,梦到青蛙周公解梦,陆子艺出车祸照片,amaro ramazzotti,北京穿什么衣服
606DA4117B3401C644CC5CC59035105D,1,悦诗风吟洗面奶,exo音悦大来宾,冰淇淋车,国粹酒
D8C02BA3489F3E5065DED6EF06130C6B,1,都市美女如云,增值业务费怎么取消,奥特之王,笔记本电脑什么牌子好
FD7BE3BBCE1A6532B7770EE7EC58F4D4,2,极品飞车19为何一到开始自由驾驶就卡主不动,常山汽车站时刻表查询,目光为啥会让人感觉到,唐伯虎点秋香经典台词
1464250309D20999B4A9AA8DABD95C9A,3,新疆财政网会计事务办事大厅,绝宠医妃腹黑残王追妻,凤王宠妻腹黑小野妃,庶女掀桌 王爷太猖狂
95B95C168F6433D79DB43E2FECA64A29,2,海底总动员,高丽亚那面膜,婚前试爱,玫瑰人生梦
0D324B55421091A03326465C37F491D8,4,重庆,帕奎奥vs梅威瑟,皮皮跑得快记牌器,如何查看芝麻分
BBDE20A6D6E9A1F8DBFE6B9B125B206B,1,赤壁赋中与明月共存,近视眼怎么恢复视力,":大家好,打扰一下我是网红揭秘 首先声明我?近视眼激光手术",正确的邮箱地址怎么写
EB5B1C52C3C057F404B524FA450E9F61,1,唉在有情天,weibo.com/wap/s/uesuudmohat0k,盛开,exo瘾迷者是什么小说改编的
45BC55236412049B3074344186155C90,2,视力,韩后熬夜达人面膜价格,蜂蜜糖水的功效,我拿着爱的号码牌是什么歌
7717296866D6C349A1E794CCF120CAB6,2,王权富贵是怎么死的,树 叶子 风的爱情故事,吴秀波,使命召唤ol
BCAED05832506E8178806A3A82A115D1,2,a车那个比较好,qq飞车星光秀场怎么送花,香蕉面膜放多少牛奶,qq飞车网名英文加中文
EAA3ECD5A1BA01BE9892D452E73C8D63,2,手拿太阳,河南特岗考什么,乐视2max钢化膜,给图片加文字的软件
4DC2E9FF9360C474C5D55C26410260CD,2,2017年春节是几月几号,云海肴,北京情侣必去的景点,魔方公寓 北京 坑
267CA8EAC8B4B92BBE7A1EF60052B50B,2,媳妇粤语怎么写,隐形眼镜排行榜,床咚是什么意思啊,留香时间长的洗发水
D2DEF45DD5AEAAB8B56E6638F88CD15B,3,办银行卡需要什么,beautiful girl韩文,李智贤running man,眨眼睛图案鞋子
AD8D0612A01AF0C87918DF2A8C75CED5,3,iphone解除绑定银行卡,土地使用权跟建筑面积不一样大,超五类网线传输速度,泸州老窖醇香42度 佳酿
16D5B75CAAFCD4D8F8D4CC3B4E67A5C8,3,朗行,昕动2016款,ysl圆管12,国产奔驰glc
749A863AC28F87691252BEA3BCE57012,3,乐视,cd,日本儿童手表,汤姆猫女
662862E5C6B7CEA9C087F59A3BBEF4A5,2,石榴籽能吃吗,头发干枯毛躁怎么办1001头发干枯毛躁怎么办,脸上干燥痒,电信移动联通哪个好用
809F12BBB7864A3AF7018524C7EB467E,2,"别人送我零食,却叫我和别人分享是什么意思",way翻译,怎么才能知道男生喜不喜欢你,要怎么化妆才好看
9FC9A3F13F1DEC8EAA05F557066FD3AD,4,包皮过长是什么样图片,七彩虹gt730k白金版,乐视,浦发银行信用卡中心
9919E62035DA3E4AABEC49EAAD7335C0,2,早膳养颜,你发剧本我来喘女,为什么交通银行信用卡申请失败,声爱吧读段子无下限
A9905E370FC591A1B276C7472FD2F4EC,3,生态木板装修效果图,恐怖故事第三季红头发男,恐怖故事第三季沼泽女巫,百度
350B2AA8E2A2E17FDC89ABE4AD6FD942,4,石家庄回民扒鸡,杨丽萍洱海豪宅照片,石榴的功效与作用,宫庭电视剧大全
6CC72F443742494A4090C26B444220BD,1,iphone5s换屏幕多少钱,深圳市财付通科技扣钱,中国建设银行个人网上银行,香蕉的功效与作用
86E7B66E5EC0EB881120A29A90874A62,3,手机服务密码忘了怎么办,铁盒拼图在哪可以买到,麻辣变形计小说,手机实名制查询
F1B8A17799D80078511346AE2CF04FDF,1,玛卡什么人吃,大学规划,路由器只有第一个灯亮无法上网,为我们带来利益英文
1183FA84384D6BB9D7523AAC0D586787,2,奇迹暖暖加好友,范冰冰洗脸怎么洗,我和你,鼻翼两侧长痘
4C4E7DDCAC0502C651D0062A671091E0,1,flag是什么意思,大巴车票查询,太行大峡谷,河南旅游网
74EA9D36D0FB849117868428933002AA,1,琼怎么读,从嵊州莲塘到鹿山广场坐几路车,迪丽热巴演过的电视剧,水乳霜的使用顺序
124047EF08CA92C94291BC04A5C3C5DE,1,九条命语录,铜川职业技术学院贴吧,有一首歌叫什么鸟,你住的城市下雨了 很想问你有没有带伞
40078330327ED2EE1AA2EC21DD86B5A5,2,三毛语录经典语录,fifaol3后卫5大神兽,人生哲理图片,准新娘吸毒被抓
B2A2B4EF5D6E505E3FB89800ABB46F6A,2,天后,安琪下载,真爱,大学毕业求婚
8DC42B1663674502F24E0458829F2A9B,2,gta线上模式赚钱,北京时间,gta5提示无法进入r星,为什么
924BE4B44366C807B7A49E9EBDF65625,1,石家庄地图,戴尔vostro270装系统,电脑手机互传文件,问道手游版官网下载
E3D9DA506D9CB8376A45C7B6028FDCF0,2,戚薇,微微一笑很倾城插曲有哪些,生化危机电影吉尔,怀孕了吃避孕会有撤退性出血那
94055CA7F7EB612BF2E084F2455BAE3F,5,北上广不相信眼泪,沈阳建筑大学,看见我和你,辽宁工程技术大学
4FDAAF396D08C39C05B34B52036D3B69,1,梧桐直播间龙珠直播,飙山狼运动鞋官网,乐视,守望先锋多少钱
92AC21C01D207ACE46EABC4CAA2AE199,1,金项链怎么清洗,闹心是什么意思,珍珠长项链毛衣链女,把删除的照片找回来
0EA3B6A96BFCCE640F4A17724C8EA91D,1,爱的秘密韩国电影完整,成语接龙快手,完美告白,人教版七上册英语短语
76A9F2BA12A41DF9AFB298BBD88303CD,3,河童,百鬼夜行,海藻面膜千万别买,双侧乳腺增生是什么
82B6FF20091E3CF0C980831698F94781,3,etc卡怎么办,人人车贷款好办吗,轿车底下漏水,2016年8月7停牌股票
FD0633E925D05F2D6366523794065A22,2,百度云x战警天启下载,红米note充电接口坏了,最新三星手机,iphone7plus32g多少钱
420C7FE99DE8FD0FEDD06637A729A90A,1,入党申请书格式,战恋雪,bolted,单元格内换行
D45082BB315A6F72E4C23C756FBF7AB8,2,李连杰微博新浪,梅毒图片,腾讯微博,向佐
BC9CCEB1A858B2F73795D0C303C1060C,1,掌上飞车被关注,灰姑娘与四骑士全集百度云,蛋炒饭怎么做好吃,如果别人设置扣扣不可以进去 但是点开还是?no zuo no die why you try
4D2764E091FA2B24B9C6D938D02261B0,1,我的女友是嫦娥仙子1004我的女友是嫦娥仙子,怎么系鞋带,南充嘉陵江死人新闻,南充嘉陵江昨天死人新闻
25B0B6C1D5B639FEAEE54983D9BCAB00,1,交换温柔,爱的色放手机在线观看完整版,任意依恋的英文歌,肉体的恶魔
F846EE9DCABA017E6401E653B1E5ACF6,2,电脑如何放光盘,邪少的纯情宝贝全文免费阅读,莫语工作室,一直打嗝是什么原因
CC9E44D70438E50A340D73DF13D2965D,2,个人择业意愿,辛西娅国际影城市场部,上海东航招聘网,道路交通有什么行业
6D1B2E669F331A0EECA56BDCB6D30127,2,华硕笔记本k550j,贾建军,量子卫星,华硕笔记本电脑黑屏打不开
D8FA03768C90CF213C29B16EEEDF139F,1,魔兽争霸,组合防腐木花箱,宋欣佳怡,南宁水悦龙湾
AF14E965C22D48AE81F44BAAA8CD4087,3,羽绒服与冲锋衣,广东充电桩分布,宝安图书馆借书证办理,飞机票
1AC54C4F8C82B1DD94F48FC6D0E074DF,2,"晚上跑步半个小时,跳绳500个,能减肥吗",公务员什么时候报名2016年,笔记本电脑什么牌子好,每日消耗多少卡减肥
8E0B7C5AE696B80F77B5893E85E4A56E,2,宋丹丹老公,鸡眼图片,呵呵,阳光灿烂的日子
261262C29E3E485A1A2D25AC811DBF8B,1,酸菜鱼,91年的今年多大,喜欢把10点28说成十点半的人是么类型的,苹果笔记本电脑登qq显示什么在线
2CD3F90EE7D9D9441931BF4DAD2086B7,2,qq头像,相思歌词,那又怎么样呢张玉华,雪莉
A29D6103E2E6D7D8A42EC8F5A8010EBE,2,需要的心理学定义,微信外卖订餐系统,锦绣缘华丽冒险,百度
50E0575D891E11B4C53851BBCB32D0BC,3,北京到廊坊的大巴,胸腔积液严重吗,梦见有人把所有动物的尾巴剪掉了,做一个骨科手术要多少钱
7DA6F547A62FF89A333584393CF7D2D5,3,ua背包,古北水镇攻略,汉德学校 胡校长,荣庆金悦府 房子怎么样
963F8AE9FF4D4A99A1B05465FC1859E5,1,广东高考文理,身边的温暖选取有序的几个很断面,身边的温暖800字,微服出巡衣服
AB9F94B920820BA2F87B9C50EFB5CAEC,2,对乙酰氨基酚是美林吗,新倩女幽魂画魂前期攻略,倩女任务攻略,怎么解除微信绑定的银行卡
35248F5FE264D8DC1D58A9EDA9A0C152,2,善变txt藤萍,欲成欢,跳高会不会造成心脏破裂,男主重生悔改的文
6DD1E21DCED8BB78A327B651DE5856A1,3,孝义市星际会馆地址,简单的化妆需要些什么化妆品,手机接到电话会报名字怎么取消,幻妆夜
D663903B7506369A905E5CA3739A460C,4,糖尿病引起的尿毒症,阴虱多久会被发现,客厅沙发背后的墙上挂的装饰画挂什么内容好,不应有恨 何事长向别时圆
2B2A58030452E2851BE97834FAD52AED,2,动词ing双写的有哪些,名词变复数规则,带天使的翅膀的帽子的小女孩名字,ck
97E0D2BF0DAA60B8757F907E3F0A611C,4,刘德华和吴孟达演的电影名称,汪峰的当我想你的时候,古穿今美食之哑厨,古穿今美食影后
4E03604586ADC57E718920A971BEBEE6,4,(mad教程,李玉山,钱的英文,编程之道
E3229A5111FC4167048E578F52CBD50D,2,什么手机性能和苹果6一样,中药几次见效,一来月经就拉肚子,鞋子太硬怎么软化
6BDA0A655EB2968C80E10E3B83295512,0,重生豪门日记,病女爱情故事恐怖,别墅群荒废似鬼城,大脸女生适合的短发
9B2187C8BFAE7C99BAE04F681BF3D68F,2,大乐透,运动健身衣服,宜春市教师资格证认定机构代码,江西教师网注册
ED1FB4E736731486A11D72B16EED6EEC,3,刑法全文,山西人事考试网,95388顺风话费,打95388收费吗
5F029730BD8A334B48DC0E5EF43B35C8,1,家乐浓汤宝,三星905s3g,恶毒女配身后的极品男人1004恶毒女配身后的,"日安,蜗牛小姐"
831C7EFAAF52B2756FE5C9C7B39D4E14,3,路口铺站,路口铺物流车间,烟台车务段有哪些站,庆丰包子铺价钱
D97E520848A1C9A15ECD5FDACD4C37CC,3,丝华芙官网,兰博基尼,近视眼怎么恢复视力,植村秀那个国家的
656B3B3BC9C93475BC505C5BFECD5679,4,微微一笑很倾城 晋江,ics 频道 天天健节目,百度,言灵师的娱乐圈 96
922A2AAAE6BA0EAE864A31685D3FED3E,3,微信怎么看群在哪里,"丹雾 意,赤水什么的",南洋大道,住酒店遗精了怎么办
499F5BA100BB3D8573BB195D8A912860,1,心火电影剧照,安迪 威尔火星救援,环保的坏处,情蛊
D37A9DB13653AAE9565C28BA978DD52D,1,李亚男吻戏,flag是什么意思,韵达快递1901629870787,考研一号图书网
0DCD90E0ADEA36CC92EED51F12B015F1,2,总裁的小萌妻,基金考试科目,win8哪些启动禁止后有什么影响,深圳证券交易所官网
61D66A230ED7531D8D92FF104785C9B1,2,手绘板配件都有什么,vivox6能装电信卡嘛,下巴假体多少钱,老凤祥刻字要钱嘛
7AD7AF9E71F3CE7E1D52D55043855A51,2,未老先衰的症状图片,一个巴黎两个爱,辽宁工程技术大学,如何煮牛奶麦片不会糊锅
E9A34DE8632C07D392130D4BB5AF031E,3,如家早上酒店六点入住几点退房,黑米和麦片一起煮吗,h5是什么意思,外贸流程和外贸术语
B789E940E85DCE2F81B74C472B7C401E,1,村上春树 春天的熊,rm,茶几 英语,滑雪 英语
8705A23413E7BE86AF8F9F3DD9277138,1,灵狐者的爱情故事h,道士小说排行榜,混沌大圣,购物公园
A50399F47E8B6EA3FC02D3AD3A27BF78,1,战斗吧剑灵夏日海滩,黎明杀机,雪人武器,虎纹鲨鱼是什么梗
C2D069B794197292B61FE4F943163AFC,3,奶粉品牌,活着就是恶心,胃肠感冒的症状表现,怎么找蜈蚣
3118A3029AB041A717EE66B4849CCCC8,1,用什么洗脸会变白,经常用蜂蜜敷脸好吗,鸡蛋蜂蜜面膜男生,奥特之王
583808FC25E0B0A9A49B665447F0B133,3,吴秀波,尚洁个人资料,张子枫的最佳现场,相亲2
EEA6CA483AE1244DBDC30BC4B34D0B08,2,美翻吧的东西怎么样,幸福的原始生活,新华书店网上商城网址,和周杰伦长得像的男优
ED39C3F7EB1CCE5D5EFFACD32BD8678C,4,李思思,张楠田卿,吴正元,童蕾
2C1676DDA9E7FBAF5E67EC1BEC03F9CB,5,出人头地的意思,多肉植物七彩草,缠绵入骨总裁好好爱,大溪地在哪里
49D0257521881CFF8B00884C9B1DC2DF,5,狗狗图片大全可爱壁纸,怎么治小孩牙疼的偏方大全,科技狗狗图片大全,石榴籽能吃吗
95AEF323659AEAFCA7A2BD5F74CC6BEC,2,兰博基尼,永不消逝的电波,做投资,康婷是传销吗
CE1DBAD2096E26C913401D7D217AF8D0,2,名图一键启动怎么用,抽象头像男,名图怎么启动不启动发动机,成熟的句子
BE24FC148788E2D9A1A127FA4CEA83DC,4,桂林米粉,姚启圣,破上风是干嘛的,观音灵签82签求事业
32A0A8B5289FBC053A86449F1EFF4B2E,2,快穿耽美书包网,花房by轩辕路苍腐书网,离婚abo耽美文,苍by公子紫庭
15F1CC2FDF5FFF1C6A05B154CA043D98,3,转账如果支行不符合,广西旅游景点,五线谱基础教程,广西贵港西山
706FCF7F9D2DCDF8B66AB160175C928C,1,教师节祝福 也许我不是您最好的学生但是您?金刚石晶体硅化学式,天宫二号发射升空,最高价氧化物对应的水化物,南艺新生颜值爆表
4911E8EE70D1B6A7D8B477BB4A56BEF3,4,抓好党的作风建设包括,两学一做四个专题,党员组织关系排查范围,两学一做第三专题讨论
DDEB3374416F23690A4AA2E1BFBD37F6,2,怎样查找自己是否被标记诈骗,"宫少,来床咚",沃尔玛,当班长要怎么做
2E8FC5EF22AED80A7C6C5A97BA23E6B4,1,心理健康委员申请书,显存是什么意思,c语言,怎样恢复微信聊天记录
DCAE62A4C0AB89B920B75779FE0F0769,1,朝鲜皇上李显,曹轩宾好听的歌,思亲肤散粉有没有紫色,奇瑞
99FB9A9311F7A084F7C20FF3FF446EEA,1,毫升和克的换算,减刑lol,connection,vpn有什么用
872F80CFD30BC28BEDA18022476FEF73,1,非主流女生头像,鼻子油是什么原因,董一涵,可靠性是指企业的小会计核算制度应当前后各
F965A8E3019FB9E03052D10D5E12564C,2,红色眼妆图片,郭敬明个人资料身高,刘嘉玲,怎么样加更多的微信好友
5E81A5B0D7CC69CFE72405858654906F,3,神曲,尼泊尔刀制作过程,捷豹xf,cx4
C19D8860A80EF9659D7EF1E426FC8721,2,怎样设置服装做出来,仓鼠不吃东西没精神,快手评论多的情况下怎样回复别人,163邮箱注册
596AFFBF3A257DEB75A23AE55C3061B1,2,呵呵,浴血奋战,杨幂h文,从渣男手中夺走女主
53BD5FB9C5DDC17BA1BEB636671524E9,4,纷组词,迪诺洗发水,罗海琼,学游泳作文二年级
C129298F15D45A15491BD2202C39F189,4,贺卡花边装饰图案,雪肤来,雪肤莱化妆品官网,火烧云的资料
7472AF695E74236E1EE0A7F01A3C47C9,2,aa655 con网页,金湾到西安,深圳南海玫瑰园,冰魄炫舞
4810C49DF7A38513B4F468253CB0C538,2,视频看戏机哪个牌子好,益母方糖,兰芝面霜,杨洋出道几年了
A10810BA170A9635ABFA7C1495AE6B7A,2,超清tv看卫视频道怎么能大屏幕播放不了,流量宝送流量是真的吗,煮带壳的花生的做法,电信宽带月租99 50m的
E58DE72146DAC97DDC5DDD73EF95755C,1,iphone6plus丢了 关机 定位不到,神奇宝贝图鉴,诗集大全,大乐透
F8976AF5415A1810E1B4A2AE812BE13C,2,中心静脉压高度的正常值,硫酸钠和硫酸镁作用,术前禁食禁水时间,可待因
33B31FDC4B644428D945FE55964323D5,3,pk10开奖记录,山村女人香,联想笔记本一键还原怎么操作,乡村艳福
3777C814433FAB717BF3F95694B950F7,1,神州战神笔记本 15.6寸 i7 4710mq,玉柴润发牌拖拉机,qq音乐,oppor9
ACD92C7D8BFC7BCE6C47F8341271A489,5,qq头像,谭杰中 伤寒论,培根随笔读后感600字,海边直播课堂
1EB8B74C1FD1F8E2C19919D89FEC6267,1,一声的誓言一世的恩爱,灵芝和灵芝孢子粉有什么区别,世上没有桃源 净土在自己心中 为心灵留白给,海参崴怎么读
307D759E905A377F707F7145B49AB67A,4,沂水事业单位八月份工资发了吗,两眉之间有痣代表什么,服务员调包茅台,2016年沂水事业编职位表
EEAE4844D1D004C110D4EA37247CB914,2,qq头像,张云龙,谜砂剧情介绍大结局,旋风少女二
EEEED729760622A867A1ED4CE4497E92,2,蛙趣视频,脸太瘦凹陷,万达收购马德里竞技,皮肤好坏区别
3C1F9CDCF63C9744D0E2F9D171D47A9E,1,新买的电脑打游戏卡,地下城与勇士卡洛夫,坐便器怎么用,班和凯打是哪一集
CA3286C0D6FA0BACBE4330834B45F5DE,3,五间平方设计图平面图,停车违章罚款,呼和浩特质检局副吃处级干部工资多少,停车违章扣几分
1F2E2FC1F1CA91342621ED24764D6BDA,4,遮疤痕纹身图,氯氮平片的功能主治,朴槿惠取消中韩首脑会谈,出院病人病历首页是什么
65D2B6185DCAF698A184C7DFCAFDC8B0,1,招贤路在哪,年少初遇,图片加载失败的图片,病态女生头像原宿
F63946C1CBBD8518387BA3CA712F12BD,1,说两个人投缘什么意思,办公软件,重庆三峡学院,笔记本一个月用多少流量
17F781BDDCC4EE6D8883D8D1F208A815,1,iphone 7包装盒曝光,感受化妆发型的魅力,男子欠70多万不还,这些癌症可能懒出来
8A76A8C82EB3CEE80347C0340E63694E,2,诸暨是哪里的,苏州汽车租赁公司挂靠,苏州汽车租赁公司带车司机,六个月的婴儿适合去什么地方玩
7C87A9040BC3ACA5EB3BB2B2BC517BB2,1,中式大厅吊顶,撩妹歌词,一元的牛排做法,福佳斯国际花园
257CBAEE2B96367FC9C9332B882185CB,1,火爆鸭子的做法,笔记本电脑什么牌子好,军对级别,重庆科创职业学院
5CCDA2A7D7BD41A0785014FAC5BB5E17,2,风油精由来,主角参加真人秀的小说,国库单一账户制度,步步惊心 韩国
7514A447783118AB53AD06B8484F08D5,1,火车站西广场是不是就是郑州火车站,现代途胜怎么样,从信阳到郑州的邮政快递几天到,1澳元等于多少人民币
7C4C18AFBBB0EFEF7418C91B651980CD,1,科帕奇2016款,成都双流纹身店,努比亚z11尊享版,励志句子唯美简短
CE9236A4DD1281DBE55AD3E67BF4B3C4,2,盛开,后爱瘦身汤,英语四级考试报名官网,梦落花
2BA7F64928E719A9E1B93F70D1C1C6FC,1,电气石陶瓷直发器,丽扬,手相图解大全女,东汇城
FC59CCCC982ADDD06B0FBD287D536FF7,1,怎样会腹泻,超能少年第一季,金针菇与西红柿同吃吗,鱼蚌相争 渔翁得利
8D47420E4E4192635B26CFA50B185AE0,2,合金亚索,辣木子的功效与作用,没有银行卡可以取钱吗,我们都是超能力者电影图解
0370D19980948F62FBA9DBC731AF1A0D,3,腰偶尔刺痛,电信宽带客服,价差预备费计算公式,ipad如何用视频播放器导入视频文件
88DEF9E3E56B6FDDA441AB26CD9A7156,1,"自主科技创新催生 ""蛟龙"" 入水",苹果手表多少钱,孔子的弟子在鲁国赎人的材料题意,一套瓷肌美白产品大约能用多久
F6E5326ADD0908B5F7CBE46AF04D97CC,2,换笔记本风扇的教程,"工字型悬臂梁上作用均布荷载,最大正应力发?华硕",造价需要查什么东西,沉溺彬彬
8F1E0D1389F771BC4645E3FD19C948C2,1,龙王传说,嘉禾神农滨谷湾,完美告白,命里相逢
859AA3F5E754EE68B379E21D4613AFDA,3,华为荣耀5xotg在哪儿,12路公交车路线,多少的爱都不要中文版,美丽之冠七星酒店
7401B534ADC4A0978222F77526B51C85,1,衡越,山莓,刺瓜,多玩lol官网
A5FE7ABB9B2C35FF82708637A0C77371,2,空手道和散打哪个厉害,综艺节目收视率排行榜,卢尧知玛丽,电费没交多长时间会停
786701763B0A16C46807810D26CF198D,2,2016新款毛衣图片大全,老九门第三十集,朱孝天韩雯雯,郑恺
EA725E453A6D3BA1D394CDB6A1FC17AD,2,机场提货是怎么打包的,上海机场免税店,婵真适合什么年龄,芜湖
490172D021165414AB8086EAFF454535,1,安踏官方商城点不了立即购买是怎么回事,安踏官方旗舰店的线下换货可信么,买运动鞋应该买多大的,膝盖下楼梯时疼是怎么回事
F22339D86AC611C36740E15A4EB8CA97,1,内江运亨大酒店,好想你,怒放的生命吉他谱,你一定要幸福歌词
D363BEA74EE129F069EF6841BB0F883C,4,邛崃卧龙镇2016,太湖猪,肝肿瘤,邛崃种猪场
B70459096FED9029F4CE0EB56E770A42,1,墓室模拟,"扑倒小甜妻老公,请亲亲",扑倒小甜妻老公 请亲亲,"吻安,小甜妻"
88B6D6735AE3DD2AC0EA7ADBA34F0C60,1,高考分数线,opopr9多少钱,bb霜与遮瑕霜,残奥会奖牌榜
F2513545184010289AC52C46474FB198,3,企业所得税计算方法,一年内可以吃几次避孕药,冰皮月饼调稀了怎么办,那好吧下载
6773E887B6ADCB3B9242B560CE256D82,1,哈尔滨铁道职业技术学院多少号开学,碳酸氢钠和氢氧化钠反应1007碳酸氢钠和氢氧,徐若瑄天使三部曲好看吗,网上赌博qq群
80D87A74EB58624C824E4E616365236E,2,是不是所有的卸妆水都适合没化妆的用,皮蛋的做法,陆小凤与花满楼,原地慢跑能减肥吗
0DB78F839445D9F1A1A86A9AD26B5DEF,2,梁祝,论皇后的养成苏雪若乐文,聚美优品的东西是正品吗,草莓鼻毛孔已形成
EE02CECC346C5C2D9F3525C9AF1A6B20,2,甄嬛传全集在线观看,西红柿疙瘩汤,泰州邮编多少,艳鬼狂情小说
E6B747C8B472704E49DB231A0D900AF2,3,红旗h7,烟台汽车总站电话,关税税率表,潘基文
273B29E97BA725BDDEED1188761C77AB,2,手机号暂停服务是什么意思,向佐,你几本儿电脑黑屏了然后要按什么键它才能亮,徐良的歌为什么被禁
B1B09A4BEE7F35315842323B243F346E,3,买房需要的证件,十一放假安排2016,5到8万买什么车好,疝气是怎么引起的
B013AC4A090C0BD32A8EC756DF624557,3,徐州教研室,每逢佳节倍思亲是什么节日,美丽的南沙群岛 第一课时,江苏师范大学研究生院
F1BFFDB515057D21079CDAC89B7AB1B8,2,qq头像,贱人都该死,晋城移动办新卡活动8元1g流量,笔记本能效等级是什么
1B5D0FB8F4C2499780FCFD5AC4EA3178,3,他就会超级飞侠开紧会瞎,普法考试答案,如法网登陆,五年级生态文明教育教案
7AAEBCCBC36B5663A0DD58D1DC2A9E20,1,巫山哪些景点不要门票,纵横,为什么小三峡票很贵,巫山神女峰
7AED972B5E9CD8E931C1E3553C30417C,2,孙中山,守望先锋多少钱,永恒纪元苹果版,手机在国外怎么上网
17FA6E8EFBD7474CB0762C3BA26DC872,1,汽车底盘传动系的组成,王者荣耀体验服下载,太阳的后羿口哨铃声,cpu是什么
596040F918395A6BA51C8A174811F400,1,qq头像,怪兽大作战技能在哪里,炖排骨的做法,廉价
08F9526158767A73A63689F3CF3B290A,3,优资莱面膜补水孕妇,脸上长小红点是什么原因,脸上红红的小红点很多怎么回事怎么消掉,煮糖水的材料
470FEE955D872F7050E42069BE1184E7,2,更改银行卡预留手机号,张无忌,神经纤维瘤病与咖啡斑,vivo指纹解锁怎么设置
5F576EFE8293A73CF8AD707F3DEB8CCC,3,基格尔德对基格尔德,举起手来,山西农业大学葡萄酒专业,神奇宝贝xy133
51E951182BD1A0C876D460760BC16D13,3,城寨英雄 沈震轩,东莞道滘君汇半岛,浮世绘 周杰伦,serveral是什么意思
31DFFAA25E15BC8BC302BC23CF7EF4DA,3,圣诞女孩动漫图片,阴阳师雨女御魂,斩骨刀图片,王者荣耀延迟高怎么办
0347883F215931D1841094DF4699BC13,5,俊男坊,微微一笑很倾城电视剧里有吐舌头声音的背景,庾澄庆老婆,照片p成火星人
FBD0C0879A58203B18338A78C5B20535,1,刘亦菲替身,陆细细,吃藕什么意思,暗杀教室之月如琉璃
188B0932B7CFDC1981D456A8246AE768,2,乔四爷刑行现场,汽车之家2016最新报价,a4yy com首播影院,菲律宾跳水视频
666C9CEC391C6F46BD2C5AD33C374F26,1,舌苔里面黄白,舌苔黄白是怎么回事,海贼王只可以在爱奇艺看嘛,没有便秘怎么还有痣疮
5E1B99736E5A11C371C4D956257E6B3F,4,章回体 人民军,11月20日是什么星座,20种不予免税的商品,高桥留美子代表作
BD734993D7C00DE05F13E32A99CDEC9F,3,福特gt,兰博基尼,奇瑞,中华酷宝
9AF1F7108CDAE40D61CBE7728C7ADE13,3,深圳思科瑞光电,微信直邮是什么,天脉自助洗车机,学生平板电脑哪个牌子好
FAAD7E577C1D301D3633E19BE1B1D7BA,3,北京时间,周记酒店,云南残疾人联合会招聘,急性肠胃炎
1C3DB35626A0492C096B601A6CA02847,1,怎样,圣安地列斯秘籍,服务处所怎么填,笔记本鼠标不受控制
1FB8C6A190B9B46862E9F0065D335362,1,板上钉钉,海口东山学校,海南一本线2016,络绎不绝
670C8C5819ADE4F4F24AD7F6B764877F,4,深圳36周年,木养是什么字,水光针加vc效果怎么样,伯公解签
8300C69DABFEF9E21C5B76D2237EEA0A,4,艾炙眼睛的作用,七岁孩子应该具备那些才合格,一叶子面膜多少钱一盒,野生天麻
D6CD7C786717B3FFAABBBAF03AD5F5B8,2,qq头像,欲成欢,前夫请温柔,妖孽np草莓酱
86098AEF648684085142156A77749629,1,很久不见英语,加拿大学校上课时间,课业,百度
A9337AFD99C33DE1FD2522B547AA433F,3,所有运动鞋品牌标志,别人小视频转发朋友圈,运动鞋品牌布狮,童鞋批发市场
566E43EE0FB7CCD32D043907FB79C633,1,王珞丹,戴向宇吻陈紫函,湖南大众传媒职业技术学院,孙骁骁
D6A76CAFEF1816DD9EA874672ABAC9E0,5,手机服务密码忘了怎么办,只怪我们太贪玩,世界各个国家的国旗,银娇电影完整版韩国
B55AC92113ECBC55ABA3DF8C6DB49993,1,qq头像,如何把一部手机的音乐转移到另一部手机上,杭州g20峰会即将开幕,小辣椒
4C738A9C16DF8F0B2D34A81EFA93CA52,1,在淘宝买高仿鞋怎样搜索,网络cr是什么意思,为什么有些人可以随处使用笔记本电脑,全民k歌怎么升级快
6393C5ED650F397DD86CAFEB86DE8C9B,1,"我鼻子上长了痘痘抹了消痤水痘痘下去了,痘?百度",战静一,她电影影评,润滑油可以那什么代替
B4989685B8DF853A01B5717B9CB45FFB,5,火山鸣泉刘泽峰,中乙火山呜泉,梦见买手表是什么意思,斗鱼
F259343E60E752BF1F7D12B2C934FD5A,3,生完孩子后怕冷怎么补,最后一次月经8月6号到9月14号怀孕多久了,家常早餐食谱大全图片,3岁宝宝早餐吃点
AE19BC3306BA8AF797962AAC82A8B99D,3,捕鱼达人千炮版攻略,手机可以怎么进入已锁空间,参术儿康糖浆,开背鱼图
31196671AA90781F678053DB764A3656,3,天蚕土豆,宝马320,wjndows10系统怎么样,阳极发黑处理怎么发的黑
14603D14DD1FC644B227B80FB5EF995D,1,飞机打包带怎么用,空乘护照,泰国人夭怎么做的手术,隐形眼镜滑片怎么办
E7CC8F124C18C21024605974C643723E,2,师夷家爽肤水,下巴长痘痘怎么消除,武汉596路公交车路线查询,武汉智能公交
C259576A0AE94352C8E95EF06BBCA136,2,腾讯视频关闭弹幕,网络兼职,球球大作战段位顺序,使命召唤ol
C624A3EC2579AE1EF70FCCB5FE129E71,5,淘宝一件发两次货,德邦快递查询,联通如何开通流量包,你是狐狸精全文阅读
350F8D2F6F0BCDD2245AC9C5DA682434,0,资生堂发膜,手经常紧在一起是什么原因,人参归脾丸,好好黄芪颗粒
65578C999C5482B806BF76A382922AAE,2,魅族hd50,"平时阴茎睾丸回缩,龟头发冷怎么回事",魔鬼猫耳机怎么样,小说吧
8D6B697CC247CD98BA6DBBEC137C1768,2,彩虹吉他谱单音,大数据时代,因为你情有独钟,百度
14D5FB98FB4F17EEC12B0AA7161921A8,1,男生如何cos,西洋古董洋果子店泷泽秀明扮演,v家族成员,贝蒂
66FCD40E98E0849C039136D0D1A5996A,4,审计局是做什么的,国家社科后期,中国银行公务卡还款日,女性股藓怎么根治
706F7D4EC63752CD4BCF7C9D0531505D,2,小柠檬编织视频全集,玉皇顶,刘胡兰,小青柠
9ADE481A434976DE308362CE4141A647,3,排卵期小腹坠痛可以吃紧急避孕药,婚戒哪个牌子好,市里小学老师一周几节课,贵溪至南昌
CF512AC178AB762AC8DEA9A7DBBF0818,1,杭州g20峰会,王迅,汉译英,逍遥游的翻译
715EB50AE68D88661A0549A726CB8BCE,3,海边晒黑了怎么快速变白,中级经济法题库及答案,熟悉的味道,木耳的根能吃吗
694C84537AAB51D852E0741C21F31F66,2,营口有什么好玩的地方,撕人订制小歪,美图秀秀,抚顺望花晚上哪好玩
27356B3FE4F08172CE8067462F2E6277,2,张艺兴代言的游戏,手机屏幕出现广告,广电封杀名单,张艺兴慈善芭莎
C83C4B6986077EED118718A046111AE0,2,厦门机场到漳州大巴时刻表,人民检察官,兰州人力资源网,纯文字情侣头像一对
6BBC44CA3F181E7335E5D25F15060F69,2,邪恶少女漫画里番,每天醒来英语,momentarily,盛泽有什么好吃的
170F58030500B774B926B138B2475CDC,2,儿歌视频,单机时空猎人,北方地图,悦动圈跑步下载软件
231235FC96ABE9B6DAB66BD8E593D166,2,吃苍蝇,微信学生兼职,老干妈,辽阳大保健
521F2738E00F5348740BC59EA08834A8,1,老九门txt百度云资源,苍溪县国通快递,东方航空5430是什么机体,蚂蚁花呗怎么开通
BC254E4CFF371EE95E05DF9B6D47E083,1,宅电,听力下降怎么办,唐小僧配什么坐骑,里约奥运会在哪个频道播出
74D2ADC32DCC2DCE6BF45714DDE13F02,1,经典绕口令,霍比特人有几部,还能叫你一声老婆,饥饿鲨进化灭世魔龙
619E5F2A2D4ABE256984685EB160534C,3,北京时间,安诺施瓦辛格肌肉,蓝牙耳机怎么换成中文,上龙
0945C3045D9D703E7E43C69BA52524A8,1,音响设备及器材 |,退伍军人补贴新政策贷款买车,保镖公司,投资小项目
DD234D7DB416C4F28CD7821881056C25,2,我们去大草原的湖边等候鸟飞回来,水杯,女生安全期是什么时间段,你给的思念很小心
5495B69795F850C3798D347E4B75C3BA,3,功能性子宫出血症状,沈嘉颖,50岁了月经多的止不住,沈煜博爱的主场照片
E75647AA701F519EF49CF7245CDC3EEA,2,心有所想下一句,秘结不通,少儿正常发育,气血两虚便秘
1952540B57ABBE81F4C8304084382F41,3,补水祛痘面膜哪种好,李泽楷结婚了吗,微微一笑很倾城的主题曲,椰子可以加炼奶吗
19356BD28EB7EFFBD2C982E452504824,1,旋风少女2谁和谁在一起,全民k歌艾辰的头,英雄联盟沙漠皇帝和ez那个更非主流点,英雄联盟ez电玩皮肤会下架么
7A851B838FA16C3A7983DDBEE3F5C781,2,潮阳职业技术学校,想创业找项目,投资基金怎么赚钱,会计应届生招聘
CCDED9FEC1CA3E92B636E75F1E9F44F8,1,学生在线怎么查专业排名,天津做长途汽车站,美图秀秀,地塞米松的作用及害处
3D61CE69412FDFC610DA8BABD76774C8,1,现代古惑仔1003无标题,既东封郑 又欲肆其西封翻译,陈赫是否参加baby婚礼,女汉子真爱公式
15E70780350B8764929C2B924E458063,2,周慧敏晒28年旧照,西甲出最牛升班马,港迷妹向孙杨示爱,红军门神血染赛场
96068B4A5657540B9BFFC6176CFBFBB1,1,美图秀秀,江西瑶湖七校,梦想的例子古代人,微酸袅袅甜文小说
73042DB6F3E445DAF3B1B88B5D9E798C,1,香洲区属于什么镇,去完黑头可以敷面膜吗,珠海市香洲区有几个镇,jackson探班马天宇
7CA5DB87DBA0477B4FEDC7804587055C,3,手机录音剪切软件,土豆的做法大全,公积金贷款提现,汝州皇家府邸在哪
E3AD9F7C4AEF0495DD851ED37916F562,2,东北师范大学索丰,高中语文选择题题库,微微一笑很倾城床戏,"同化,顺应"
D43B05F24D118D94F6A8BE277DFFBB2F,2,男枪,武警老兵退伍卸衔,轮子妈出装,寄快递哪家便宜
61BEF98CE74A04C7DF994ADF72430E36,2,草文秀,百合网征婚交友网,肾虚型月经量少怎么办,六小龄童去世了吗
0F4792B80DECB2BDA59B3C423B31CEC1,2,国产suv,直招士官,河南人无耻,国产suv哪个最好口啤排名
D3CC6E004547447EBA358D903CB24A53,2,人流后可以喝王老吉吗,不结婚把孩子生下就走,鱼汤和排骨淮山一起喝吗,甜蜜再恋哪个软件可以看
BACD9E109F1C5F886A3DE62AAFA8F89A,3,校开头的成语,重庆,耐克毛毛虫童鞋价格,饥字开头的成语接龙大全
B7EEAD57E6F13901E5A6ACA057908427,1,公司消防逃生通道,"神武2 95天宫和狮驼,五庄哪个好",2017年夜饭预订,龙应台经典语录
F5350839CD002615860A791F2969B9B8,1,硼氯液,这货不是乌迪尔价格,巴德皮肤长者之森价格,杭州职业技术学院官网
E03A23271F65251C24955E259ED08777,2,热风,女的会觉得她恋爱了段子,抑郁症,廉政公署
B8483E42DB1EC33B84C8F2D40275B4EC,4,于洪区和泰馨城因该属于东平湖第一小学吗,终极使命电视剧全集,tne,电视连不到网络
6EBD5F896DAB7C279EFB9A8954BB0BA7,2,白色头发怎么染,百万新娘之爱无悔嘉佑救英杰,打鱼脱口秀,儿童led手表怎么调时间
1187F3E40F76CD700EC2C7E20785EB35,2,英国恐怖故事第三季德古拉扮演,费雯丽主演的电影,梦见看别人喝咖啡,梦见自己和同学哭了
F81F95EBFDE194AEBD4F09B5D2C9E260,2,me and you铃声,男朋友不爱你的表现有哪些,蝴蝶结的折法,草嗤
8F6E1E5EC719815A842F667C3A2470B7,2,邹凯女友周捷的简历,甜品的做法,未来英文单词怎么写,百度
8723F966A82896329ABF38D3C5644A4E,3,贇怎么读,汽车出风口出热风,流氓会吉他,zanipolo terzini官网
4270ED256734012DCE528B46FA6B0ACC,2,电视剧十宗罪更新时间,是什么动力让你坚持努力学习,qq飞车特别卡,那最痛的距离是你不在身边
95479410AB5093DBB84203A9445EAB7B,5,生化魔人怎么玩,邢台文明驾驶预约,邢台网上车管所,林志颖
95D1EE97313B1C8D0B5FF5559C652F6B,2,信阳农商银行,的温存是哪首歌的歌词,聚儿魅,斗鱼
6BEDA663D0F84768362A96EE315F1105,1,中心极限定理,谁杀了她,现代区域经济学,嘴角开裂
85DA49FDE6CD054766BF792F126BBB58,2,嘉实多,肥皂与香皂的区别,机械增压,dns服务器未响应怎么办
42BA49867842B67EF2A859790EC34623,2,恶弟的放纵,类似艳婢的书,河南蒸面条的家常做法,电池炉通电开不起机
838855781102EA39801C8CAA8C72FD3F,3,7画,olny,奥运会闭幕式白岩松,名侦探柯南日语版
6C1EB895951A502C32AF6BC469E19F84,1,亚索e闪q还是eq闪,劫打亚索怎么打,失落的世界伊泽瑞尔多少钱,王力宏是哪里人
2974105094A381549283819FD727EF65,1,苹果6s怎么隔空,yoosee摄像头说明书,百度,qq兴趣部落群怎么设置特殊头衔
4BD5CFE579BB659D3F5DE79B92A1B349,1,什么时候杭州不能进,英文翻译,高端大气上档次下一句是什么,侠盗猎车破坏者怎么过
7A09CE3C7E8DD7B1DC1A7F434FCA43E3,5,娇女嫩蕊b,控制柜接线图怎么看,甜品店球型吊灯,桂林机场可以报销动车票吗
203447FB326147B42E2FDBB26884E5DB,1,glgabyte怎么重装,save bios to drive是什么意思,林允儿,安卓市场
6823C7760621B1072002F60A84BF2C37,3,章丘市实验小学,冰心,周记大全,最经典的一场维密秀
2EC458A45D49726203C808DE93A20706,2,凤凰古城在哪里,中国建设银行个人网上银行,校级证书,王
61E4AD2596DB906B728130E283B4F60B,1,陈勋奇,篮球火,对某一外国综艺的英语评价200字,静心口服液
7078DBE23FF271F9577B079F14C7B068,1,张云龙,郭敬明,angelababy,露珠像什么
FEC1B556BCE903BAFEA109F4E73F89F2,2,中秋节可以提前几天买票,贾静雯祝福前夫,女保镖舒心走红,韩国地震
5E6D6600F1B0DF0D10574E2ED8273FDD,1,饥荒手机mod大全,爱我们在一起,瞎子,中暑喝盐水有用吗
52C2A67362DF2391FF6D33AC25152B3B,1,三毛语录经典语录,高中政治,hera,士
51FBB4BA41310C0167AE244B402734D1,3,怎么加入唯宝汇,java工资怎么样,东莞浩扬电子有限公司,东莞茶山镇南社浩扬电子有限公司
82097F665F15757551A2402D531D2C27,1,外国绘本图片,环创什么意思,mlb,aape dc
75D28BD8E5AA452A08A0FD2D3AD50ED8,1,北京时间,内蒙古工业大学能源与动力工程学院的交通运,巧克力囊肿是什么,微量元素
21122CEFC133CCFCBB0B56DDAE891F43,3,五菱宏光s标配和舒适的哪个好,导航上面怎么没有临沂到费县走滨河的路线,孙中山,琰琥宁
05E6C1903E44CF01D8A9361A998B9F92,2,喜悦的近义词,问渠哪得清如许 为有源头活水来,生蚝图片,糯米百度下载
1E694C50CA228F056C1365D1B765E613,3,vero moda西安民乐园店电话,急性中耳炎吃什么药,西安地铁3号线丈八路站点,庆阳天气预报
14E5B9E9E4653C222D726A22AF75A0AF,2,oppor9解锁密码忘记怎么办,郑恺,黑龙江省哈尔滨市阿城区职教中心生源地代码,无限极洁面仪使用方法
083EEC9231108BC4C9259455E9A97911,2,相师 韩愈,石家庄公安厅在哪,螀怎么读音,清平乐忆梁汾加拼音
2FC535D45C49CA293EB79D17C8CC2EBC,1,中国伊朗的关系,新乡麻辣条机价格,火狼女,白娘子传说是真的吗
B6B7765642510CF5F3AD7D16527A3F29,1,美少女战士,空间精灵王,经常回顾,星座爱情学
CC48529F6DA799D2E7574BCC3DC8ADFC,3,小别离总共几集,戚薇,酸辣番瓜,郑钧
07111984D190EB69E290CA8072BCCA3C,3,d2247列车时刻表,熊猫香烟价格,建设银行,1871110
67DA55BCEC26A92C5E8703836A11FEDF,2,罹,女生,人寿保险行政助理,保险公司增员邀约话术
9B33A84B9B727F092F3AE3E30428CDBA,1,缷眼妆的湿巾可以用来,商务英语出来做什么,安卓机越用越卡怎么办,樟脑丸怎么放
8DEF02EC40355D3126946608EC019B40,1,矢志不渝是什么意思,手上扎刺怎么能快速出来,皇冠梨的功效与作用,梨的功效与作用
1F5FD33A3C45C9534ED5AC13374FDAEE,3,韩兆和潘长江的关系,马上又,再见难吗 难 难就算了,悲伤没落的头像
7174B964B7736A5D51438AC9CC49ECBB,3,赵雨菲,海边有山的旅游景点,武则天狠话,鹅与大雁
DF1B98C6D081D4CCFB71C22BC6C4978F,5,新闻图片大全,玛丽艳黑泥面膜功效,家居服品牌,辽宁中医药大学官网
861AFD284AE879F6AC721324F1D9507D,2,冬天脸上脱皮,肖申克的救赎截图,交通运输业营改增对小规模纳税人的影响,营改增的影响
A16BC4C22F194F3A78C57380411EBED1,1,飞机杯是什么样的,百度云下载,火葬场工作人员不害怕吗,玉髓的功效
697B7D3A2991AC2977861AF16596EDDA,1,还不是我宠的,皇子嫁到,足球竞技宠文,天生一对男神别害羞
09F18ED50DB38128BAD3AFDBED1A6391,2,乐心官网,喝酒说说心情,笔记本电脑怎么下载软件,皮蛋的营养价值及功效
707F506EAE817DBF45681A6979E84570,2,早餐鸡蛋的做法大全,形容秋天凉爽感觉的词,美宝莲官网价格表,五十九公斤是多少斤
2C738F4F7AB9967283C3823C8573F8ED,3,北京时间,咏春拳对散打,奥德赛2016款,bj40l优惠
DF1C5D4368DD9E8ED9E206D228C811B8,2,2468打一成语,幼儿园中班家长会,鱼的折法,什么的天幕填空
B085588611198FAE9E88DB42D9C8EBC3,1,bip版优酷,烧饼修改器,百度,乱码
DC471A6726922A8EF421A82BBAB17876,3,取消关注了怎么有你可能感兴趣的人,发微信朋友圈怎么和qq同步,今日说法,哈弗h2报价
49A657CA85A0BC34E2E56730B004BB4B,1,2012年4000的电脑配置,正版文明5闪退,耕升750ti功耗,一元购脚本
3A35144E0E6484F0F3604EF9752BF73D,1,hirudoid除疤膏 价格,跟腱炎,左前分支传导阻滞,识汝不识丁6-10百度云
8F5D3D5B17FC215E5570CB628C073CD7,3,家长的话,我的课余生活作文300字,似乎造句,橄榄甘油能用来擦脸吗
A8D934CAEF1C9C30355D83E041903511,1,红玫瑰剪头多少钱,笔记本电脑开不开机一键还原怎么操作,这是我的战争各人物完美结局,香蕉和酸奶可以一起吃吗
473D103D35C665D315ED6903F6783F9F,1,b365酵素,指甲油要几天卸一次,周记大全,可以用盐水洗防晒霜吗
AE88B9F93DC1DA2CD29917EF6E7EE542,4,郑准怀,四合院别墅,泰国工业化水平,娄底南到广州南经过哪些站
5357617F64C9A2C05FC692D5B3787FC2,1,天猫网购商城,怎么控制性瘾,qvrcharge,孟狐狸
F272A8C20DE26B3A6F232BE13F05BF52,1,极灵混沌决txt下载,建设银行个人网上银行,变态的宇宙时代,极灵混沌决全文下载
0D6645A8BF79F69F26ADF49DF59B0571,0,书的序言,龙岩陈嘉平,天天影院官网,书的卷首寄语
C412C0B2C08DDC37E63298FDEB76914D,2,北京时间,猪八戒兼职网,肌肉运动型男头像,长沙到广州火车票多少钱
18A82F6C9A4C6B6D7F93734A854ECDA9,3,boots明星产品推荐,曼谷到孟加拉航班,微信,口琴送别
D16A8F83591A00BFD84DCCC520F17936,2,自制手机投影仪能看清吗,混饭圈是什么意思,梦猫人,中国航空公司有哪些
22BB4C1781C073DF08AC001034643614,4,决战玄武门,老翁徒手击退黑熊,胡杏儿着急要小孩,跑步浑身疼怎么办
A567359CA05180FB5CEBEEB8FEF906C5,1,瑞安论坛招聘,阆中宏云江山国际,温州大学瓯江学院邮编,20个成语及造句
D86F3A5A0BDAE41BB2D2117395E2A70A,1,临沂火车站附近的小区,血液病有哪些症状,社会与法沉睡的秘密,胳膊上的痣
581F6505CE8F81705A0E394D11161548,1,中国反恐怖特种部队,九和到潮汕,k1546列车时刻表,割包皮的好处是什么
EDAF757E8E53BAEB44DECCB4A71A4B6D,1,周杰伦成名之路,耳机一个没声音怎么办,周杰伦成名经历,xl是多大号
244B9C7333293CE034B6A7221C0F68D0,1,什么软件可以拍一寸照,悍妃 本王杀了你,大学必看100本书籍,浙江旅游学院招生信息1001浙江旅游学院招生
D999C18A5B45B7B728635E41D9646A1C,2,抓头发技巧,百度,"最佳歌手,重叠时空",卡拉赞之夜三区
CAB7DCBD6A3ADE1FBCB7A4F967B45F2C,3,临时身份证可以住酒店吗,新三板开户条件 个人,对白茶社 微信公众号,微店
142DDBB450D6932F5E72F7F6A790737E,2,晚婚,g2000是什么档次,演员薛之谦,大闸蟹隔多久不能吃
6C508411DE373E30F60AB77829FE62BE,3,王祖蓝老婆,排卵期白带有血丝,牡蛎热量高吗,专柜女装质量真的很好吗
D8A99F3DC1BA98E52424FE86FE1788DB,1,侠盗飞车gta5秘籍大全,bingo,手游火影忍者白,信息考试考的是什么
A5EA773316C02D82ADBBC1D79A230FEF,3,孕妇吃梨对胎儿好吗,孕妇吃ve对胎儿有影响吗,孕囊,口腔溃疡的治疗方法
9DB268AD5F9606EA8A33D7AC0AC2E937,1,怎样,长高拉伸运动图解,英文翻译,上背部疼
03CEBB9CC92A2E2DA6ADF05A7761394D,1,货车溜坡撞死妻子新闻,关小迪,拔罐想睡觉,关小迪头发颜色
AD8129D25C5ACE43CE89B590F19B2197,2,狙击手幽灵射手,汉图楚娃图片,致青春原来你还在这里豆瓣评分,华为e3372怎样
251E5D2542210D569100E312E555C069,1,为什么不能在房梁下,保时捷918 spyder,你怎么舍得我难过帕尔,陆军服装
CFD737B830F86ABC5108890B6A892264,2,杨洋动漫图片,无限挑战权志龙,洗发水什么牌子好,sherry怎么读
A35FE59E365754A74E0DB043F528C71D,2,相信漫威,火吉他纹身,科学家降头,斯诺登电影
727D22FAA3236843F668A35AA6F2D985,2,过路口压到对向车道会扣分吗,深圳闯黄灯会被扣分吗,高速,闯绿灯罚款又扣分
A2B2BE3264AD51A8D44C9CD4BEDD7066,4,李耐阅现在的样子,用什么洗脸会变白,神奇宝贝第部国语版四部,后生可畏是什么意思
19A5FB0A292235AD87BB567C91D37CFF,1,qq头像,合肥到阜阳的汽车是在合肥汽车总站还是合肥,爹地们太腹黑全文阅读,白薇阿姨在线阅读
34B822DFE88AA2F68EAF91DD4491A0A5,4,skf轴承是哪个国家的,酸菜鱼,广阳岛有什么好玩的,宝沃汽车
EEDB65B8E0FBF9002943069C3E6DCB53,3,金铭,南昌电动车上牌照需要什么手续,上海滩,邓超出轨
0CB9798FC2226746074C083356AEB082,1,最完美的离婚,胡杏儿着急要小孩,我想得到你英文翻译,自我介绍500字
591B9D8185C1F5B283405A8DAB29170C,3,刘嘉玲,英超精华,宜君,浙江地图
1D9DAFDB58BC92B8DA5BE5D2EE46BF8F,3,猕胡桃坏了,猕胡桃怎么就可以吃了,陕西爱伏新能源,西安居住证可以办理
CF1F0D12FA98D68866D8443D73D36510,1,球球大作战怎么换账号,寒暄的意思,办了银行卡怎么开通网银,身上起疙瘩一会就没了
EB5EBA34BED5240A2F6601F7271F2702,3,金铭,廖京生何晴,黄龄 恰好,谷崎润一郎
9001EDB6D4E487B2D56C855BC5745359,1,qq头像,中分长直发,锂电池价格,养乐多最好喝的4种喝法
9A9E2B2646FAE17F20AF9565DDC1999B,1,爱洛公主,睡眠不足5小时,苏运莹,中国女排
2B23B2E8ABEF87236939BD723760D9D5,1,难过伤心的说说,身上痣多是什么原因,砂锅可以做茄子吗,无痛人流后要休息几天
F41342662B66B0BE765226F28BAC29D4,2,平凡女人的春天,大麦若叶青汁用法,手工贺卡图画,excel
CCD241980E0AE1D5FC7BAF278E4DA30F,1,炉石500胜奖励,百度,炉石怎么好友对战,史玉柱
A5E82E7BC3A4D40F3FC1A0BB9D4119EC,2,人民检察官,找个天使替我去爱你电视剧,野蛮秘籍,邛崃有顺丰快递
7AC2736582624F1BC79B5FD21A522A47,3,爱笑不笑第四季全集,大宝的洗面奶成份,碧欧泉有激素吗,有用过三十年以上大宝的人吗
6BBCFC0AF878C4F9BE5C47B180100C2D,1,广播,u8智能手表,iphone值得买几,安德玛和耐克哪个好
A2CD710C70B6CFA64276A4C767EBCE79,3,优酷下载安装2016最新版本优酷,微微一笑很倾城她现在就很漂亮,word字体边框如何取消,优酷下载安装
C713391920360DE42974033F1512DB36,2,小米电视,张瑞敏,每个成功的背后,百度
A8A1E6E279668B4C20C87B1D91E58931,1,小米s,法令纹,下眼皮长红色,二垒是什么意思
087FAE17B57366F68407EE773F08903A,1,向量,ceo的英文全称,蛇是胎生还是卵生,求感人的友情动漫
68EF292CDB13495FD7C8082DC34327C7,3,v310联想,许昌到太康汽车时刻表,斯托雅,bettie ballhaus
D983CD7106F0D14E54BF96AD78B47999,1,鹿晗图片,豆 花,南瓜饼保存方法,袋装的韩式宫廷香辣炒年糕怎么做
7FC495AA731FE71A3463DFE69F83393D,1,cf幻影和复仇者哪个好,gta5最高通缉令,黎明大学文传主教学楼,暑期社会实践总结报告
FBD73A696FE96792C7F4291AD04C32D7,5,笔记本wni7屏幕大小选择,手机连电脑下载什么软件,家庭壁画图片大全,投影仪一般多少钱
542D7CB0043CA3A202AF7A929204F88D,2,华硕光驱怎么打开,小米耳机头戴式,华硕,固态每天录入50g
D94406B594518343372076C6A0CD9A45,2,人民检察官,面膜敷完后要洗脸吗,残奥会奖牌榜,孙建宏资料
CAC91BCE17A45BF13E2B6D7AFC679A05,2,wow 怎样给武器附魔,wow影暗岛在哪,wow7.0猎人宝宝,wow恶魔猎手怎样升级110
B9046CEBB6B8F34EC8F3DB280972EE93,1,恶魔暴君的逃妃,指甲油的危害,奸臣电影完整版,橙光皇上玩妃子游戏
A21F7984BA1C410DFED580505A82E236,2,锂电池价格,大润发网上商城,多玩lol官网,英特尔i7
06D6A4EA27F362FAF8A3BDEA70708E5C,2,东莞黄江候机楼到宝安机场的班次,恋爱的绝对命令,麻辣变形计小说,重生之豪门辣妻
D42A8088BBCF206352E7532FEA09887E,1,炸鸡块,angelababy,为什么一吃东西就拉肚子,鸡肉卷的做法
3AE1CD15217598AEB78157EE3B813901,1,范思哲手包男士图片,163邮箱注册,奥迪车价格及图片,gta5骑车怎么带人
DC23212B3340D2862AB105C84767296A,3,左边下巴疼是什么原因,潮流社区,衬衫配什么裤子好看,摩尔庄园手机版
3631D27E77DDB4083B01144AD79E0903,1,合约机是什么意思,汉语四六级考试,韩国用的社交软件,myknue
AF2222FF507D246C32127A09FCC857A7,3,与土有关的网名,我才29岁不知道怎么了现在记忆力下降得很快,笔记本电脑什么牌子好,请问在重庆市坐出租车时遇到堵车要不要算钱
B870722A9BA979EC061CE8A5CFBDEE1B,3,搞笑新闻,我的冒险世界罗小丁,少儿故事全琴,小羊肖恩之冠军羊全集
A178D5B89EE5236E252A81C27E7B3605,1,军事纪实,建设银行,人造人18号,暴走漫画
E40F7C8F5EA01937FD855E983EC594DE,2,恒和中央公园,英朗xt,兰博基尼,熏黑大灯
8A52770E208D0BB7C1FA7B5F5C758682,2,公文都需要加盖公章吗,雷神机械键盘怎么样,h5是第几代html,文艺复兴三杰是谁
C7886CFC600FB76F3559EDD14422B884,1,八味地黄丸多少钱,淘宝开店要交保证金吗,中韩12强赛时间,哈瓦那雪茄
F7CCA5583AE6B3EE0FBB795CE80A18B8,1,抽纸手工包装视频教程,tcl空调质量怎么样,那英老公孟桐的前妻,老黄历查询
1A53945C94B415321936894F93ACF918,1,luna爆水粉底使用方法,vc职业,眼霜能不能随时涂,小别离小区在哪
BEB9854EAFA60EE97FC6C2B82AB61801,4,单手肩上投篮,言值,购物软件哪个更实用更便宜男生,机器人
C4FEE8A16F20421BE882DDB74C819BD7,1,定做名片图片大全,小清新网名,男神图片,社会人网名霸道
79131E69330AD49A673FE9B857C2CE76,3,余罪第二季,尚源品牌,朗动,余罪第二
F5C249442B78F7FA0545593A5182163B,2,一叶子面膜怎么样,"经历太多的变化,爱变得复杂",报关员工资待遇怎么样,一叶子面膜黑松露
1F28D66E1C50F5A75BB509E020233176,1,列王的纷争正在连接聊天服务器,风暴英雄奥莉尔天赋,1214652659qq,剧毒蛮王
F4AA5A6DBADE4BBD4273364C1642B8AA,3,乐视cool,哪款计步器软件好用,vivo手机实体鉴别真假,cool1
B4238767CDB2AB19A1A89D6ED631F610,1,磐石市,马拉松,计算机2级准考证打印,犯罪率最高省份
906F6733B1DC33FD3DFE81F4726E3C4D,2,组织发展的目标,嫖竹马txt,乖宠txt下载,在以下哪种情况下同质群体可能达到较高的工
73A2D430FC9AB9A0D947C300C4FE2D07,1,有没有万能空调遥控器,疯狂桃花运,军民融合式发展战略的含义,长征
AEF3F288F4B1740FA626DE7FD2C4A25E,1,天蝎座男生,你伤害了我还一笑而过下一句,有钱就要用攒不到钱怎么办,"物理老师你过来,我问你,s闭合的时候,哪个灯"
E00AC3FF037F457762E6E52846A48689,2,郴州荛牧儿,铅笔画小人图片,givenchy是什么牌子,大学英语六级报名截止
473466E390287399E395F507216EAC09,2,vr开发需要准备什么,网络营销,新东方考研秦皇岛代理商是谁,怎么用dos命令查看电脑性能
5FD5FEB68D53DA480AB0C214C7AEAA21,2,逆剑狂神,天降之物,家有女友,电信爱看4g省内流量
7AA03E5B70F836A4DA5CDC91DD873CC7,4,菲格英语,鞍山到成都,樊文花成都,成都熙康健康管理中心
28DB2C51FF3DC44D475A2B126980D20E,3,招商信诺最近新闻,"保持自性真清净的心态去信佛,最令男人着迷,",下堂夫人要翻身 全文,尘埃 王菲
4EB471767CFC9495A6A263E623E6A9FB,2,沙锅第一次用注意事项,孕妇吃坏东西拉肚子怎么办,天翼家庭网关账号密码,只有身份证照片能干嘛
A0D9C924E2CE58D31BC69A309B4C0EC1,3,zteba610c功能介绍,三邦邦视频致命的诱惑,出轨的味道129视频网,三邦车视唐朝豪放女
6DADD7AC800F2D07FA781FFC881D9A99,0,lol裁决之镰,三文鱼装饰,新倩女幽魂小艾,笔记本电脑黑屏怎么办
588CD45F778563AC9DDA3F4E7869D77C,1,one day 电影男主,奇迹暖暖攻略,新网球王子,oneday
F578CDBE32480E7EF7D6BEA3F41EBCAF,1,"国文和英文,则必须学有素养",郑爽取出假体对比,维生素片应该什么时候吃,窑
11705925537C861C0BCCAE9EEBF066BB,3,张康贾旭明相声全集,青城山下白素贞,含有春字的词,子轩上班时间
B327CF9B9DE3453226682D3053F1354A,3,高中学籍电子档案,做月饼,百度,英语备课大师网
F7C97C8693905D3F4FDC13EA991CB654,4,行李箱里面东西怎么摆,移动通信技术就业工资,男士洗面奶牌子大全,老炮儿里平邑县人
1A0E31EC90B1BFEBB52045EA2269BCA5,4,汪姓由来,百世汇通查询,玉柴发动机型号的参数,福特2.0自吸发动机咋样
847BAB81736E70407958185EAB95A27B,1,帅和帅气的意思,iphone6s和iphone7哪个好,男孩射精年龄,鹿晗整容前后照片
6217025CD744B2F5DBC7785511A1A4EF,1,平凡女人的春天,欲成欢,若白死了吗,济宁的服装厂有哪些
84D7D7D7B75FE3CA691652786EC53E34,1,美版苹果4s解锁多少钱,mc676ll/a,美版苹果4s恢复出厂,微信大拇指能发几个最好
1B50CF9D446C942CF2DCDCCE8F006228,1,腹中线,平特一肖是什么意思,15779723523,乌龙院
4303DE70A59E96C40B27F021FC594040,1,qq空间上传照片设置的部分好友可见别人怎么,家长学生走读保证书,起口疮是缺什么维生素,不容易脱妆的粉底液
89D1FC496140FA520D973BA5C40CBBD8,2,护肤品,25th,熔炉电影,河南省会计信息服务平台
F33455127356A766F4B0C9DED7C9277D,1,球球大作战视频大神,chkdsk工具怎么修复xp,面膜用后直接扔了吗,联机同屏游戏
1438B1C13BB3DA0153058EAF86023703,1,万柏林去火车站有几路公交,宿舍名字大全搞笑,用热水棒烧水壶应该多少水,"计算机能正常启动,音响不能用怎么检查"
9D1F23C42637ABC6A3580A8A7F44CEB8,4,学车理论考试试题,山竹的功效与作用,碧浪洗衣凝珠,儿童密码存钱罐
49783EABECEBF45EECC9921209D62D93,3,收入月入一万能养一辆帕萨特吗,组装机进系充统,一个网络怎样设两个无线路邮器,2003有那些网络流行歌
F259BBD5DD1D4418A831E87358343FB2,1,用易信打电话对方显示什么号码,英雄杀真商纣怎么过,有信,被拉黑了怎么才能打通电话
9F43085CABECE8AE2B3C5822C7290F03,1,龙王传说,长沙易到用车怎么收费,亖,湖南师范大学至谨楼
C98EC9E97D3F09EA64321FE6302586C0,2,重庆外国语实验学校,涪陵十五中,极低密度脂蛋白1.56严不严重,完全形成的人是什么意思
66D5DDECAFF635CEC29CEAD2898CCB0E,1,照相机,费沁源,油画教程,刘范姓
C4D7F0706C0E2CDDF1EC7084EC34E87B,1,冬季女靴,瑶芳清颜产品价格,kiko口红试色9系,徐娇
B8CFB25DC1BE16DE9F8D96F70CF02745,3,人参归脾丸,腾讯微博,乡村小镇预约电话,左眼皮眼角跳怎么回事
CE8023769FC8510E11D2A90F34F6330A,2,手机处理器哪个品牌好,大团结目录阅读目录,冀t哪的牌照,任何人的英文
E00E475E3CAB485D3EBE7971BB774EF4,2,女主重生回到7,四川大学贴吧,牛撵平,韩娱王不见王
AC74BCEF4C6A8665724EF40714F3A9C3,1,max指甲油,唐唐big笑工坊,吴世勋为什么叫奶包,朴灿烈闹钟铃声
2E65655E116A4AFDA6E44FC5B3DA5419,2,香衣草花的图片,云南香灵草有什么作用,3g业务怎么变成4g业务,微信密码忘了手机丢了怎么办
2368E44E4B5C1E063622B0861474D362,4,五华区李岱,如何加大静电,梅里雪山诗歌,制作图片加字
E1002AE008412A926CD4E5CEB6DF0B67,2,洗发水什么牌子好,重生药庐空间,兰州火车站城际列车入口,厦门旺辉酒店大床房
5800631F9B2C95B4BF56C40E684CB033,2,泰安,科目二补考好贵,科目二考试顺序,类似十年一品
58F4E60DC2E5A2AFD93CCB5D1C33960D,1,有部电影瑞士,如果当时,晖,奥兰网
BB528D7DBBA0EFC21F6E752CCBA677AB,2,北汽骑士,属兔2011年是什么命,属猪八月运势如何,三一重工
922BF5632454193A2ECC810F7028F345,4,什么的石级,澳洲药皂功效,残疾证如何办理,哪个品牌的蛋糕造型好
4475AF98F20905DF237F398ED10CAAF4,1,红色的痘印不退,豆豆风,桌上贴什么提醒的便利贴比较好呢,南京有哪些好玩的地方
252712FDB803FCC438E5F971DB1AC8D3,3,眼睛老有眼屎是怎么回事,结婚当天新娘忌讳什么,澳门赌王何鸿燊姨太,至尊农女千千岁书包网
179D1F43C1B361AA0154C2687C938E19,2,绿豆面膜,韩姨,收缩毛孔的套装,膜法世家1绿豆泥浆面膜
FF2E9FBDB96154B38D0C2D411C2FD870,1,龙王传说,东京尸兄鬼第三季,王者荣耀官网新英雄,综艺节目
C0CA00B8036E520F721FE9A494325FF8,2,手机微信聊天手机发热了,网上,被红蚂蚁咬了怎么办,晚上跑步最佳时间
1B51E86AB0BEFF413CB31F4A2D525733,1,到武广的公交车,灰姑娘美国电影剧情经典台词,送你一枚小弹壳,匡威的鞋子是不是偏大
27F6B6C01C471062973C91E86421FB98,2,微信英文名字大全,顺丰快递电话,gypsophila,满天星的英文翻译
20CE0A1A093A996730563DA0F3791B27,3,一个土一个阜,长沙安能物流招聘信息,怎么注销平安金管家,牙龈肿痛吃什么食物
A2A25616299151C8D1C51E4D9941467A,1,艺妓般若花臂手稿,奇瑞,天王表皮带价格及图片,照片怎么弄成漫画照片
83052A0DB2F4942114607940A59084F3,1,最新宫本武藏出装纯输出,宫本武藏出装,威图报价,1元人民币等于多少日元
35BE6C7931E960F1D566C4A3EECE0BC1,1,身高156的标准体重,i管家怎么怎么关闭流量监控,大学考试有排名吗,竞选生活委员怎么说比较酷炫
55489A31F0A6727DE6EB67B5F4CC048E,1,电脑好的壁纸,cf战队宣言,斗破苍穹动漫全集观看,obs直播教程
D063D8D8660CA33551FA12B1C508C124,5,太阳和国旗一同升起,杨浦是哪里,梦见后视镜破了,笔记本电脑可以放光盘吗
8EF5C36BA8425E29C0319DFCD10A47D2,2,包皮过长是什么样图片,哈密瓜怎么切图解,看图写话陌生人敲门,盼盼韩文怎么写
0E9D2DE61A23453AB47C182E0CCEB97B,1,错的英语怎么写,咋在猩猩助手下载梦幻西游,电脑有那些不可禁用的系统服务,windos10wi-fi图标不见了
647A2D2BC3D1762565E0DA7BA87A5CA0,2,上海华东政法大学,催乳师,江西中医药大学是几本,日本福岛核事故真相
FCBB73330458D8D27D0B6C848B3B140D,1,头像个性网女生,水的比热容,立方差公式,三星c5
06C993A142E54374CB2B4F39E2AAC044,3,拍拍贷可以循环借款吗,中国银行晚上转账多久,公积金绑定手机号码,长沙公积金管理中心电话
A4F0D11B9F6E1567C852C0933FBD8FA9,2,剑侠世界手游下载,沃百富官网,大众途观车钥匙换电池,net职通车官网
B15149DFF33E8A9DF8B0AAFB5D68E817,2,青春疼痛系列虐心小说,一叶子面膜怎么样,华山,人流后四十天没来月经怎么办
57950FD7DF68DB6041E64BDAF8354666,1,著名散文诗精选,语文课的课前演讲,钾钠铵硝皆可溶,手指长
6630E9AA733F6319602CEB2A10C8EB39,1,qq头像,南昌火车站,帅哥头像,淘宝可以微信零钱支付吗
741FA3AA9CDBDC45DDE8A7BB2734D80C,2,黄鹤楼送孟浩然之广陵,北风和太阳闫仲渝,壁虎进家在风水上讲,wan miniport笔记本
948649B41FEF41C8E391B20CF1866137,1,闲鱼,京东下载手机版下载安装,魅蓝3和魅蓝note3,物理退烧的正确方法
128026BC53601B5C4E5ECBDEFC2C4201,1,哀悼短信,南通圆融广场芒多多在几楼,南半球的太阳方向,沉积岩
54D864FF37E0C5984E5887705D19160D,1,三星edge6快速充电用不了,木字旁加个辛是什么字,土豆泥,断背山配乐
3221C2BC2B2212E2FE54C857573A5062,2,穿星月菩提用什么线,炮打小怪兽游乐设备,薛家湾镇,星月菩提眼
2E7CA7D2559EE2B83DFC59A9B6EDE8CB,3,眼睛跳的预兆是吉是凶,梦见自己像是吸毒,身体有毒素怎么排毒,卓资山大榆树乡小南沟村
DC4C9E2E1000FC833CECA762A15B7114,1,沈阳建筑大学,小精灵,miui8手机分身,乐视
74D1FEF61D951496FC51E1DF8F82DD3D,1,正弦波横轴纵轴代表什么,磨咖啡豆,"c语言连接没问题,编译有问题",cannot init steam
8E6D1C4BC65A75B8E758838048036820,3,生完孩子盘骨痛,坐月子已经一个月了还是经常头晕,暴走漫画无奈表情,月子怎么祛风
3F692C69B4DE63F2E6B7E399F482F121,3,莱卡会舒水吗,庚,千图网,壬
4B8EA2CE50C91415E1808278CBBF0E0B,2,博雅斗地主下载手机版,博雅斗地主官方下载,月经一般来几天,金毛又拉又吐
772318B26D9AE919047C987F9B2898EA,1,食指比无名指长代表什么,好听的游戏名字,yy直播间,老炮闷三
3276990CE21D13E71EF95EA67864FEC8,3,我们来了第八期是什么地方,宝宝拉黑色大便是什么原因,拔丝土豆,大学新学期开学标语
3D15541F0E34AD4B6C0F5BDA9E1B3044,3,帕金森病的症状,急性咽炎,美国派4:美国重逢,梦见先人说话
82B23F2A526BA68D0018ACEB63B168FC,1,工作女郎电影完整版,儿时的味道,六合彩103期,阿迪达斯
774D7FDF71DCD8707EAF8BC7AFE3E5E7,2,脸上长痘痘可以磨皮吗,初一上册英语课程第一单元,亨特hm,顺应论对新闻翻译的国内外研究现状
5598500C51FC208C09496A942F7447DD,2,京东的降价通知要收费吗,爱丽小屋dear my wish真假辨别,童年吉他谱,湖南大学统计学研究生好考吗
75E5235600A8D0C2AE73D5F51FD86855,1,高墙王网吧哪个有水冷机,饥荒攻略,154502856,360云盘
5118DF929BC74FB754A0A0A46B5B33F3,2,我心向明月无奈明月照沟渠,魅蓝metal取消下载,汽车油改气对发动机的影响,尘封悬案
49628F2C65C0D8D07AE30E7B5520AEC2,1,大学六级多少分过,大学宿舍舍长工作总结,山东政法学院,简单的可爱的美甲
6E315671708E9343B5B8B81343066367,2,电信宽带查询,蚂蚁借呗逾期利息是多少,嘉洲广场,电脑可以抢红包吗
675DD38816A81EDE043DB815CBE3DACA,1,怎样把空间设置成未开通,uhd屏幕,ips屏幕,传送门骑士
0A18348C6F94FC1151372956AB8CAD81,1,古惑仔:江湖新秩序,释迦果的功效,u盘,二手书交易网站
16FF7F650D0772F01F0E4F2AAE75A9EA,1,过生日是过阳历还是阴历,耳机应该怎么佩戴在身上,挂耳式耳机戴法图解,崔子千女朋友雷一萌
772E411B7AA404A014C250C0191F21A0,1,学号不好辱骂老师,春情acome,给我一个吻可以不可以,背影动漫图片女生
3892214944ECE7B47FB4779AD63C1264,2,录视频用什么软件好,南京师范大学行政管理考研真题下载,胃胀气怎么办快速排气,现实可能性和抽象可能性
DCF896A0219787A221CCD48617A22297,3,股市,车遥控器电池可以充电使用,埃及金字塔内部图片,爱派
4D00022382ABAA9A14F3D737A865E472,3,qq头像,云南追风果,网上信访受理中心,笔记本自检不到硬盘
6D5506361C67E88353DF3CDECB6BC9E9,1,北上广不相信眼泪,乔丹的球衣是几号,阴历九月十二是几月几日,北京奥运会是第几届奥运会
7150BF1B3597EA4B61553F589EC89245,1,珊珊来吃,一对兄弟提着两筐一共80个苹果回家,林徽因与徐志摩,翡翠恋人什么时候上映
E8AC615F2FC193DE9667351E48BB608C,2,只有你韩版电影,准新娘吸毒被抓,矩阵为0是不是里面的元素都为0,简单的阶梯型矩阵
2081D4D1EB679602FA278B807DBA2D91,2,政府与非营利组织会计第四版课后答案,汪伪政府和军统和共产党,济南长清区崮云湖齐鲁工业大学邮编是多少,金鹰女神
BD18FC0596FAD986A31548BDD095AFF9,1,南极岛风景作文,妖精的尾巴什么时候更新,琉璃美人煞,百度
35566C56D73A62A4B0D9E93BAAF36086,1,形容一个人身体不好,山西省大同市农村社会养老保险调查报告,2016最流行发色,待处理财产损益属于什么科目
6165FD5C7A192F8193536A127CFCC7A2,1,安徽移动,黛维莉祛斑美白套装,皖西学院,百度
7787CB1D5E4F4306F2AA68D49D0FB192,2,厕所串串的土豆粉,染一点头发图片,病痛,关于改变的句子
C393ED7730AC3C41596A82E6E4BA0F18,1,济宁兖州到威海车费多少,大明锦衣卫电影,韩国最大航运公司破产,财神爷生日
F3A267B8DB60D1B181CE2C4EA3A6AB72,3,北京时间,"吃螃蟹突然过敏,以前不过敏",手动旋转吊车,家里空间小养什么狗
36C101CAA16BA938FF073F8ACD79CD99,2,龙腾小说,惊天魔盗团2资源,战神2圣剑神罚,风水大相师
243302774F7C7B6AABF5848E04963EE0,5,港口航道与海岸工程可就业的单位,什么专业的能进海事局,大学辅导员招聘条件,令的偏旁
7C1C9BFB45BFF3B8DBDE74C5B8D93A09,3,阿迪达斯,玉溪香烟非卖品价格表图,条码查询,有必要装净水器有用吗
C301CFAC443722088B69E8FBE90A0EDF,3,捡到苹果5s手机怕定位,天蚕土豆,七座suv车型十万左右,未来新的购物模式
48779D1F2F7CE548EA0085A2E592EC22,4,小天才儿童手表,武大 李大刚,牙买加,武汉到青岛绕行郑州
049FD4E8EFF96F87B9E7CB756F402A78,4,谷草转氨酶偏低,进度条,莲花池状水池,枫糖宝宝
98A6A6D2AED5098610DC96DC9EEEA87B,1,面膜贴了有刺痛感,马报资料,boss凶猛老公领证吧,为什么胸闷怎么引起的
BFC730A305DF823526A30171FA04A0A0,2,"从北站坐公交到防院,离大学城重师有多远",对g20峰会的感想,白糖可以放在冷冻室吗,送向日葵花的寓意
23E2C777367054CA7CE735804F2D50C7,1,水煮白菜减肥,半倒立,蒸红薯可以减肥没,吉他六弦代表什么音
C90040715D8851B86B3E4278E8DA8867,1,成都三天游攻略,31新加坡币,从湖北工业大学到欢乐谷,戏命师
C4ADD7E82CB2EEF905B5FB548CC23402,2,十二指肠球部溃疡好了,95至尊多少钱一包,幽门螺旋杆菌阳性怎么办,用针挑黑头
14B126A15E15CAFC6B4204B95E74115D,4,中毅达股票,冯盈盈个人资料,恒大集团,推倒刘亦菲
1D395752B8B4874DD9CA58C618B59D0C,4,大理喜洲古镇到大理机场,上国学课的感想,华山索道价格,13201436666
179DA5F3DA41896EBFB7CC5649429852,1,酸菜鱼,历史上的历代皇后改的电视剧,'h3c,qq头像杨洋带字
0CF22C9B95E266A7E757D9E2196C3BBF,1,大乐透,完美告白,郑爽胡彦斌,烧烤火锅独家记忆
C8A43071EEE40C86599E304045B807AF,2,梦见人死了又活了是什么意思,大学重修没过怎么办,滴滴打车邀请后为什么没有优惠券,艺术字转换器
F7F109E68058503BBC136E1E43959695,1,天蝎座男生,从朋友那听说痴心的你曾找过我,美利达自行车网购,抑郁症
FA3715D85A35488900137ACF5BC5C142,2,最新军旅电视剧2016,瘦脸棒有用吗,ppt模板图片,金星脱口秀
4EBF2940FC7EDF6A2EDB83C48EF35C78,1,定时开关机,qq亲密度怎么看,360云盘,win7纯净版
7786BFD823F6E6DDBC3AA97F50BB8624,1,校易讯,02968817627,唐山2路,百度
08362CB264F13F80EBA782CAF573A071,3,北京时间,建筑三维设计,自制万年历挂件,正汇钱包
DEE227BCBD6DF7A7E142117642C9D4D3,1,小鹰直播,电脑版root下载,旋风少女第二季小说,线肺癌
5D3550DA9AD694ECEE8F404086B732B1,1,循环队列,杭州g20峰会,山东省泰安市k3路公交跑一趟的时间,笛卡尔积
591D67BC1F76B7342AFF0335E7812493,1,唇色深用什么颜色的口红,求百度云盘资源,seldom,英语电影观后感写作格式
1AC33F67C5E8795ECFA699D1FAF58DEA,0,九五至尊天尊多少钱,百雀羚补水面膜哪款好,百度,王宝强离婚知情人曝料
3EB2F1D103DC4BDA660DDC7C82DF412E,3,寇辰水乳什么功效,自制美白祛斑小窍门,伤心委屈的说说,怎么正确使用寇辰cc霜
244029783F5161E4B98176D0DA8279E8,4,怎么取消光驱启动电脑,骑马与砍杀汉匈全面战争宝箱,windowsxp格式化,骑马与砍杀千人战场
C18F63E1C353A496C011DF5E93DBEB96,5,男士内裤什么牌子的好,修眉毛刀工具套装,女装only官网旗舰店衬衫,香港领姿女装正品专柜
64A2234AA3AE686D453D7FF890CA35A1,1,网上借款秒到账,温岭大溪车站,温岭大溪车站排队购票,类似信而富的借款通道
F44ECADCC28B8D98D03D8BA6296BF08B,4,女排精神演讲稿,愿你与这世界温暖相拥读后感,里约奥运会几号举行的,愿你与这世界温暖相拥读后感600
5AF571A034C7C68AEF1A7D190BA5B5D7,1,qq没有消息刷新不出来,与儿女讲论文义古义,唐家湾介绍,百度图片
B0FD034874A6D1611716823562B6001B,2,精听选什么材料,英语强调句型结构,相贱恨晚,上海外语中级口译2016
324ADA9A7F3975701A1B048CBF15E95D,1,大脚车轮胎1 8,侠盗飞车罪恶都市,侠盗飞车罪恶都市mod,手机怎么下载电脑游戏安装包
8722DE66B76B6BE68DB014AFBED572A6,3,恭请舅父及全家福,marginalized,vitriol,拉杆箱关不上怎么办
7473F9F8785391DB34400A75FF016D9D,1,qq授权怎么取消用手机,八哥鸟说话视频,有心事的说说,鼻翼两侧长痘
BFD55613E019CA593EBC3F2003CE80A3,1,戚薇,angelababy,旋风少女第二季图片,激情戏的故事
D08765A16ADE5E95D8FC8E9FC7B66581,2,香港教育王国,单程证的审批,短发,排队待安排到名单公布
104118FD2FAC631EFA930AF812ABE7CD,2,音乐制作软件对电脑有什么要求,吴冠中,ltsb,王建林
9385987F435BB961B4AE28229AD00FA9,1,创卫小能手怎么跳,婚前试爱,葡萄灰、梨黄、茄子紫还有什么,单人旁的字旁有哪些
408AE6217D6C34A64B0CEACF0828BA8B,3,泰兴阳光家园,乏力纳差的鉴别诊断,深静脉血栓,梅尼埃病
F737534E5A7DB198CB8E5740F75DD081,4,麦当劳几点开始早餐,企鹅家族,什么是纯植物洗发水,篆书中的约字怎么写
60540F3FC61BA169B55FF31B9D6D42C8,1,k歌评分,联想y430 重量,gta5火车,xbox360 fifa17
422F2A82899B539ADC50E97732702D27,1,檎的读音,郭敬明,350凯利健乐真空子弹头,qq秀聊天室手机版
D927856567C74598233A78542C3EE89B,1,倒膜怎么用,徐州戏马台附近有没有卖窗帘的,吴秀波,淮安金湖熙园
B5A57AC47878FF35CEF0F4B931491D1E,3,et是什么意思,圣罗兰遮瑕笔1号色,炮神杜清明结局,去疤痕
5B08754BB0690AE1133BE00A08CEBAE9,1,月影下泰剧,订房确认单怎么开,厦门市闽之旅国际旅行社有限公司许可证号,kwan
D60E5EA512E5A15F7D09F7E8B22BEB97,5,雪莉,我的电话号码是用英语怎么说,新边城浪子傅红雪爱谁,刘庭羽
6230E1E66E95DAC39D67B3A884495FDF,4,广垦粮油有限公司,斯巴达斯克跟吸血鬼日记女是不是同一个人10,脚气应不应该到医院,广州到惠州汽车票
9D26FDF22D42107830100C1AED813A5C,2,天天炫斗拍卖行在哪,咽鼓管堵塞能自愈吗,龙王传说,氨基酸怎么来的
3A10240D59C5E5AC29A08BB29D56D75F,3,捷波朗蓝牙耳机官网,vivox5,十五年前的歌曲,绿化对环境的作用
3A4CE8029A1D6046FFAA6B92ADA7BBEE,1,榴莲吃多了会发胖吗,百度,彭晓冉个人资料,化合价降低是什么反应
84EE81EC6FF6E1A58C7CFF60ADC8E7E8,1,微微一笑很倾城txt,嫁给吸血鬼txt下载,飞天舞蹈视频,vivo*7
FE53D8EC7B26FA5540C72B5592E0ADCC,1,做英语完形填空的技巧,怎么知道面膜过不过敏,二氧化铈是一种重要的稀土氧化物,过氧化氢在酸性条件下与高锰酸钾反应的离子
16DE858B1368740C0D2B00FC6FF91188,2,诛仙手游真仙和散仙,诛仙手游奇遇称号任务大全,医保可以在医院抵消治疗费吗,诛仙手游阴阳镜可以重复吗
CEC003C1F012EB8BACE9EFABBE8D4B1B,1,玻尿酸价格,婴儿油可以去黑头吗,haru是谁的女儿,文科班大约多少艺体
A4CA50F5AA7C95417B356B60992FEA56,1,微微一笑很倾城有封腾,镇江高等专科学校新校区,周杰伦刮风那天,那天风
0D32E39DBC62BBCFE5EFFC2CBF80B1BF,2,企业所得税计算方法,贷款利息,百度,骷髅简笔
6C1322300D974B07204A1EA83739DFB5,1,岳池8月27号停电通知,周柏豪,悄悄话一个月后真的会显示吗,511621e+17
26278F73E1988F2D962130C115C88A97,2,青云志剧情介绍,宝宝一岁最近不吃饭该怎么办,三星sch-p709刷机步骤,tda2005代换tda7388
0D52807D42BDB1D6E0A0AC02E4D23D75,2,12路公交车路线,天后,非诚女嘉宾产子前杀夫,被子用了4年还能用吗
81A4F7126BBFCCF95F773426B127BA29,2,潘玮柏妻子照片,中山大学到拱北多久,大勤实业有限公司珠海,唐嫣订婚
0A480254718301602CD53647EC00745F,3,吃牛肉上火吗,洗发水什么牌子好,箭牌洗发水好用吗,孕妇感冒开空调还是风扇
D9C6A63A44A84F91E880788B5C2620FC,6,爪子饼干,面包糠炸鸡腿的做法,粗粮面膜,包子店转让最新信息
14DEEA096ECEBFA17FA18AF47D3A01F5,2,马拉松,莱山区哪有鸡翅包饭,174开头的9999怎么样,星月桶珠
87E752CAFBA10DBAC0E2E0E147691461,1,蝴蝶t64那些人用,怎么让衣服快速干,温州乒乓球实体店,狂飙8套胶
F4FF9CC847D2E1586EC0E6F8DB702D82,1,饕餮怎么读,经期多久是排卵期,女性的排卵期在月经之前,怎么劝不想读书的人
D1B34A839A1D964F565191F5CA17B0B4,2,陆垚小时候是谁演的,身份证号查四六级成绩,身份证号查四六级成绩网址,三年之痛七年之痒是什么意思
18D48D8101F3670B741034895972541D,1,什么金属本好,神龙钢刀图片,凌晨几点不是高峰期,国产手机哪个质量最好
0AA7AEB610EC01AFD6CA6F9E840FF84B,2,淘宝订单号查询物流,广州地铁线路图,香港有什么值得买的,"远方客人愁悠容,笑看来客何处愁 人生渺渺几"
842AB6438E755B8E90F6AB5C707259FF,2,定汽车票用什么软件,恶弟的放纵,欲成欢,电脑开机后进不了系统
304D60C9D448D038F7B435216828F924,1,小米4s怎么设置蓝牙耳机和wifi冲突,笔记本电脑开机黑屏,笔记本可以改装吗,任天堂官网
534894992938AA3D5CD7EFA0323CF0DE,1,小米应用商店,儿童漫,剑姬图片,mc真实生活体验
1E64E60D5943D95EEDF27A6948DE7A06,1,游戏中心,茶果油的作用与功效,移动0元购机,哪里有手工活外发拿回家做
D5F399BAE01D5DB5930DEDE62FEE33DD,1,秘密爱,小鲜肉,鹿晗素质高,秦无炎
834BB5330ED314F90444C27B425765BF,2,厦门公共自行车,集美大学留学生,170号段是哪家运营商,腹内皆是草莽
39AC09F526CA35AF71E12A96962CCC49,1,睡醒呼吸道疼,漫威末日竞技场,路由器设置好了上不了网,什么豆奶粉喝了头大
39CF9D83AB44324C9BF072F99EE713C3,3,清华大学到国家图书馆,乙肝五项对照表25阳性,乙肝五项25阳性是乙肝疫苗反应吗,凤眼
519CEE0D441B69522410466983FDCA98,2,陕西条子肉的做法带图,三妙丸,512路公交车路线,香附
20CBB3E0D535DC3DA3291E021610ED7C,1,anxu铁观音,伤心英文,钱的英文,健康英文
E4149A95D78663A74F615D825984ADDC,1,国际欧芭洗发水,黄马甲快递,有一个热气球失踪,给我来瓶酒忘记忧与愁是哪的
87878A1A12A1635A442B62ECF104C7CD,1,丧尸围城3汽车旅馆,ps4游戏怎么下载,灵狐者cf动态图,丧尸围城3英文名字
42D30C3C1EB85759F7A313A64FCA2786,2,移动流量包价格,2016电信套餐资费表,灯泡可以直接换吗,王羲之真迹值多少钱
9060F2B1BF7C7137BD077F80CC09278B,1,wifi信号还没流量好,老年人老是想睡是怎么回事,怎样把支付宝姓名给淘宝,微电影呼吸
22A0AD3FBEFC3E01FD276F74ED3904C2,1,极品飞车世界在线,珠海离佛山有多远,浽怎么读,极品飞车官网
2A858EFD88FD18D3AAD0F4D2594008B0,1,吴江在哪,哈利路亚是什么意思,短句吧,美白面膜自制
878363D6A42715AD6ABC2FEE921C5380,3,常用的英语单词有多少个,关晓彤 身高,红酒杯哪个牌子好,梦见门牙掉了一颗
6A930265046A5686F50FC17BC897CCF3,1,洛阳理工西校区地址,洛阳到孟津的汽车站时刻表,补办身份证需要什么,花菜炒肉
0651409DB988F0025C6A019F152200EC,3,iphone7销量如何,8月搬家,稳什么优势,8月黄历查询
FA721E159EDCA49C595A020758C1E261,2,男人的肚子越来越大,花牛苹果的营养价值,一般提早多久买机票便宜,空调遥控器打不开空调
6077CDD8AF43D091B867FDCCAC0224F9,2,纤细的爱百度云,痴人之爱字幕百度网盘,兰陵缭乱,男生婚前买的房子
A9087BA645528EA0C2738D730ECF1388,2,杨幂图片,中国最好的复合板材,八连杀,红虫是什么东西
8DE6721186E7F485CBAC7955BE539519,3,家具销售部组织架构,汽车仪表盘出现像时钟一样的,汽车刮中间底盘会出现什么问题,驾驶证实习期能上高速嘛
024756D4D209340F532195C6B02DD8C3,3,盛开,烤瓷牙可以用多久,酸笋鸭的做法,向佐
5E96694FEECEBC992738DA3E7BF68F21,3,我们无法创建新的分区也找不到现有的分区,office2013系统要求,jawbone up2,kindle红屏
D5161AFCCA759ACC398EEEF2059AD804,1,2月10日是什么星座,城阳小北曲夕阳红幼儿园,我们的明天,三星note3怎么设置热点密码
D68597983BCDC45E0F93C307E3779604,1,旅长的军装,吴秀波,超能敢死队上映时间,士兵死亡之后有什么礼遇
1A825299F5D4E350D095662F7E979D24,1,华东交通理工学院大一课表,骑士vs雄鹿录像,华为p9钢化膜能用在g9上吗,火车票预订
76C84528CAA6FCF5B91E047EECA376FC,2,联想笔记本怎麼安装自带电源驱动,短发图片,歪商城抽奖到微信公众兑奖真的假的,芝麻糊可以和玉米粉一起吃啊
A444D32BBBEBAB9FA12236FE5C5377A7,4,幼儿园小班升中班儿歌,家长建议20字,微商卖衣服的广告词,下巴白头粉刺
81924F49C72459B7B3615E5FB7C44CF4,2,王迅,微微一笑很倾城怎么看不了,骨性龅牙手术风险,合肥赛菲招聘
6E4FF18534F9D4ED8CED48DA9CC264CD,4,师生恋小说肉宠文文,某市计划在后年将该市绿地面积在今年的基础,化妆,我的邻居是exo
6A57E11060F9E86B62DDD0B34F29E8F8,2,10号令,毛主席的重孙,微信村村乐怎么查询物流信息,米虫
06B3421B8E6CEFCCDC7F0A8BC67BF515,3,非诚勿扰乌克兰美女,百度,非诚勿扰上最强大脑的男嘉宾,乡村艳遇小说
3CA6087832AACC2B07268B86E608ECF8,2,贝安琪,charles keith官网,红旗h7,天才在左疯子在右
5586BB1F67B6A052347733EB97082B49,4,顺丰快递电话,古巨基老婆陈英雪照片,奥运会2016是哪个国家,那一天我真难忘800字作文
2869689620FFF7B13E9CBB518129E3DA,1,紫妈是谁,鼠儿果,发烧了怎么办如何退烧,无锡中凯城市运动公园
2C319300E00B0003E174EA58B9DE41C3,3,万用表对交流接触器的检测,测电笔的使用方法,感应水龙头维修,chnt
5341D9008A211F7B1E442FEB0B5C1BC0,2,地点郑东-其他 商都路中兴南路建正东方中心,一吃饭就恶心想吐怎么回事,外地的医保卡能在本地用吗,郑州商都路与通泰路
5AA89DC5AA60EF0A41AEEC16F092AF6D,2,董洁出轨,少年星海,钟丽缇女儿大女儿,2016德云社学员报名系统平台
0190B1D38A348F04C59F3DF427B3C207,3,孕妇梦见老公出轨,仙居城建,孕妇肚子鼓大包是女孩,农村一间房打地基得多少天
E20F7DAA543149769A15021E90425ECC,3,哈尔滨904大厦是什么,哈尔滨工程大学能进教学楼吗,像小孩性格,大人像小孩的性格
10769FB846BB36642F52D3A7DBAC48D5,3,红薯棕子能一起吃吗,1000越南盾,鸡蛋汤,红枣粽子
121F3BAF7DAC2F8A2EA6C2A5D8BC54D9,1,枪战游戏,苹果4.7和5.5有什么优势,王者荣耀杨戬,打字快的秘诀
86D55BE5D3559563E7326D21E378B0C8,1,青汁祛痘效果怎么样,韩孝珠,一条…路上两边都种满的法国梧桐,有一种酒叫玛格利亚
9FDF9267D2708BD283694E046BBD34CA,1,福鼎四中,达芬奇英语,bench,鹿晗图片
3C54AE3DCA0C8F5B112A6824F9459220,1,长期手瘾的危害有哪些,失恋听什么歌,"电脑原本是网卡连接,现在需要宽带连接该怎?笔记本电脑什么牌子好",魅色
7397B4F56114409225771FD06F565181,2,序时账簿,红烧黑鱼,五险都包括什么险,卡森
1EB444B816F93FF8AE8163FF9857F719,1,蒸脸器怎么用,麦吉丽素颜三部曲价格,澳洲脱脂奶粉吃法,澳洲德运奶粉吃法
3A92778E4F60BCAFFA935C8DB63B8FF1,3,长芽的花生能吃吗,皇后牌片仔癀珍珠霜,楤木根,面酐什么意思
96A1C98F944559F52D640E03C5469BE6,1,我在看电视呢用英语怎么说,格尔木是哪个省的城市,朝阳区人民检察院地址,我没看懂英文怎么说
737F4FBE3F31C5ED290629ADE7D2FD94,2,刘德华主演的电影,跑鞋,星河战队和梦之队是哪个动画里的,尖叫的土拨鼠
BF17A892465F552842CB1F79A012A623,1,孙佳姝,suncorp老人机怎么存号码,我们的故事爱也爱的值得,电影排行榜前十名
EC04CCFC56B8FFE14F34747E6A10DAC1,2,重修之灭仙,烧饼修改器,中药80种类,贵州大学近代史考试试题
FDFA050479E6E07AFD8E99A857C48FFD,1,脾氨肽口服液,优购,沈阳到庄河高铁,挑粉刺疼不疼
1A6A6E9E57FAD07561C863CFBE43FD6F,4,剖腹产没有恶露了 熏艾叶又有了,月子期头老出汗怎么办,哺乳期把奶挤伤了怎么办,哺乳期乳房胀痛腋窝下有个淋巴
BE4C09B03D5402FCE2FA1417D761814E,2,雪花秀滋阴系列,婵真化妆品怎么样,"华润橡树湾,房价",srtp
4A8CC2C0682E236A30E9BFE6E4446DEB,2,兰博基尼,生源地贷款,小班上课太吵怎么办,狮子
EAE9B9F201E0C757239334142E728D69,1,网上买鞋没发票,鉴定鞋真假的,迪伦·欧布莱恩,权力的游戏男主角是谁
083837E3AFBC7E1FC3A35C7AF0514FCB,3,"5s手机电很不经用是什么原因,关机充电手机?大连金属交易中心",佘诗曼李克勤演的电影叫什么,怎样分辨沪深股票,英语不客气的口语怎么说
380EC5529FB30B8D44EA4AF179085D36,2,丹凤朝阳,拿着身份证银行卡可以改密码吗,金立s7参数,愈演愈烈 梦洛伊
164ED50705A3F2960D3B79E6D6361882,2,微信红包怎样看别人发了多少,我们的十年,微微一笑很倾城电影演员表,小莫烧麦
102422DCE421AAB236499ACBD9AE2CCA,4,黄鹤楼送孟浩然之广陵,莱顿小镇 日照,王者荣耀关羽和李白哪个好,藏红花的功效与作用
485A7FD6DFDFA0854342C454E98E9C69,2,拉肚子是因为肚子着凉了吗,江西应用技术学院,飞鹤奶粉出过问题吗,金领冠奶粉事件曝光
288E6E6CCBD5122CF698FA133323BDC7,2,下水道反味儿的解决办法,vca四叶草项链价格,play no more包包,斐讯k2能加密的吗
18E6CCF347B0DE614CC116A84AAAD387,3,奥运会羽毛球女单决赛,同城,病理和生理的区别和联系,安乃近
D47F007A1D8D4CCC2EBDA41B080D1995,2,朴槿惠提早回国,韩孝珠,马路天使结局怎么样,晨昏辛夷坞
5CF38C276DA92F8DD60FC5180973C695,2,ysl羽毛粉底液 b40男生,神仙水一般肌用化妆水,tf 07,百度
99C7C5066B96BC7681C0F1165C2DFB15,1,迅雷vip账号共享永久,定州二职,无翼鸟邪恶少女漫画全集之樱桃蜜,约会大作战第三季预告
E828F85759639678F914B3571BAD2DD1,3,唐山华盛达铁路装备有限公司,小说月报,唐山市摄影征稿,司法考试报名条件
299AB080836BEF75AAE8921C4A666018,4,自制食用菌菌种,食用菌厂房建设图,天水众兴菌业招聘,食用菌专业合作社招股说明书
5CEE95B5B45097768830A7EE2205DC2D,2,达州天气预报,视死如归,什么上梁山歇后语,货轮属于消费税税目吗
407CB0ADF6C6E28AC3B1925C4D4B06DC,1,欲成欢,乐心运动手表,恶女重生,杨幂刘恺威离婚是真的吗
4D27B51D427EB9E92CE154D7BE9D3744,2,你若安好,豪门冷妻,何处不安然,瞎子原来我很爱你
ED890BC3BD1DB13556299A7165F246A6,1,梦三生,综系统]九尾狐的幸福,俊男坊,如花美眷
E228A4C897E7BEDF4FE391929223F7C8,2,手机图片写字软件,墙纸,大卡车单机游戏,图片写字软件
C67BE0AA5732C1A28D4F51DC4C46EE6B,1,会计学就业前景,山西工商学院到五一路,舞剧,dnf官网
6C239EE195ADB312072C7EB6B5F04A3E,3,万斯黑白经典款,京东商品都是正品吗,一头黑熊的图,什么软件买鞋子是正品
C00153A472A2BC089CA65C14B724BA78,5,关巧克力的成语,2001年8月11日张立伟杀人案,百合花一年可以开几次,黑法师的养殖方法和注意事项
381774B86A51F9CF8D70ADC14E8A7633,1,英语介绍芬兰食物,面粉做的里面加粉干,哈萨克斯坦,杭州联合银行银行跨行取款手续费
F38298B6E7EC23E85B7C90BAB26956D9,1,榴莲不能和什么一起吃,中国新歌声汪峰五强学员,女中袖上衣,斯达舒
2449D2D8CF275E73E6C7D34F6ED4CC1D,4,鼻子塞木塞的民族,长征,快车和专车区别,三星note2未在网络上注册
3487679EDBBB6868FD05B83C1E4391A9,2,打碗碗花就是彼岸花吗,wages,芭妮兰卸妆膏的使用期限1001芭妮兰卸妆膏的,移动流量跨省后还能不能转到下月
49F36FAD076862CA2F5624571EED8794,2,马克笔画,美术工作室创业计划书,打完溶脂针需要热敷吗,蜜字图片
D7B9DB90F74DA14ED54E357BFD55BC0A,3,蚪组词,爸爸去哪儿第四季全集,祛痘组合女人蜜语,菊花爆满山歌曲
9F81023CE53C9253832B2C1E30FFCE2C,2,美国开车是左边开还是右边,硬顶敞篷和软顶敞篷有什么区别,电信发什么短信查话费,公务员考试科目有哪些
2D288A61489C34CB6CDC19F480EFAAE9,3,小面包的做法,互联网农业商业计划书范文,北京遇上西雅图之不二情书台词,官道无疆最新章节
01246E16FBA5DEF6CF95C536830026F3,2,死亡邮件,康德名言,专科可以考公务员吗,追凶者也
B74B3B7BB8E21A2AB0C15A2D2CE906D1,4,车船税每年都一样吗,中医院儿科哪个医生好,珞狮路北段到古田三路,美团怎么开店
E4CAEE5D76031D4FCDE9826CC52CD16B,1,耐克aj官网,微信常见故障息,大谦配配配,裤子泡盐水
4FADA262F75CAB31A382900B06D8063B,3,会阴部内缝线多久吸收,宝宝便秘怎么调理,雅毓名字,毓的意思
44ABCA1C159979787CDC4A3B22F80D8D,1,"《哥,我错了》——暮色四合",水彩风景画临摹图片,风景色彩 简单 太行山,一叶子面膜怎么样
3C5063CCA45437E5A2647D9B5D6AA4E3,0,全国哪个大学招研究生分数线较低学费较低,武汉华中科技大学2016年研生学费,抗战电视剧大全,2016大学招聘辅导员
5357485CC6035FB997FBA099F74EF3CE,2,高速收费员制服,酷我听书下载的小说是什么格式,geforce 520m,至尊灵皇
B5DF7671EB8FE7F97A7E44A12E705A89,2,淘宝卖家需要刷单,月经时爱爱后腰疼,全国十二大国有性商业银行1001全国十二大国,华东交大理工代码
4B578C88D2391A59F0C9342AA3B15126,2,天津站到烟台的火车,迅雷下载99.99就是不完成,面膜几天敷一次最好,凤凰自行车上市公司
7D50B29D40A932BFED33304000928F72,4,华硕笔记本电脑如何操作数字和字母的切换,五岳分别在哪个省,液晶电源模块尾缀不同可以互换吗,g20晚会演出如何做到在水上表演
BF7F232E7699C490AB6A209BF1EBCA44,4,朋友圈发表怎样能不弄图片,登山步的技巧,见地是什么意思,红豆薏米粥怎么做
6CC226BDE9D8DC98DF609E5760707D53,1,二级运动员高考加分吗,新浪微博福利博主,经典议论文范文,好书
E47CF3B477C6FDDA7BAFD2CF0B447355,1,物质的量和比体积的换算关系,张一山女朋友白雪,lost,当我还是一个懵懂的女孩
D895062BC6E767AE3C782323F785610D,3,李渊长子,有没有氏族社会的电影,代号qualidea,墨子
3DB8BF4DC0FEB54335CF009B4C0EF467,2,蜗牛移动,空气里老是有烟味,手机插上卡显示未插卡,完美告白
B544AD9F9F97DE3E469A0A55BD453DC4,3,捷达和启辰哪个好,瑞纳和帝豪哪个好,致炫和polo哪个好,奔腾b30和锋范哪个好
F8F818FE73AEB9BDF69A37F64F034974,1,作文开头,南昌理工学院,什么地方最热,手机qq透明图像下载
4776585DE7F2B85D55682CF2E6A174E8,4,汤普森冲锋枪,郭晶晶,李白写中秋节的诗,迅猛龙
8233BFDF6A18A6431835C0CD7797A98E,2,从零开始的女主生涯,我是龙套 电影,h.2641002无标题,岁月的童话真人版
1BF8D2C5D52E321A7C499C89F39E2F70,3,深圳东方红海特卫星有限公司,中国航天科工集团,蔡少芬,频谱仪
CA2D0E13AEAF119ED101D002451E8CF0,3,coccinelle是什么牌子,圣罗兰圆管13号,香港wifi3g信号怎么样,行李箱什么牌子好
59A74E3F40CF055A602E1413CAA86710,1,周记大全,骁龙625,酷狗音乐传歌到手机,wifi正在连接连不上是怎么回事
6290579EE075CBA312B09E9BA8418C32,2,怎样改掉出声阅读的习惯,高一数学占高考比例,啫喱水哪款好点,盐城公交卡充值
D2F6DD72EDF91C54B2645FDC8DAFBCC8,2,综合基础知识考什么,白血病小红点图片,海藻有什么品质,醒酒的最快方法
782F9749EC25C635E799F3C26484A3F1,2,小米5尊享版,华为mates2,360q5 plus参数,比亚迪汉价格
2C362C3CEFBCE9CD02CC3D9FCB195154,4,北京昊yi,来广营宜家几点关门,洪益娟图片,来广营爱家家居
B0D0E7B1BBFBB1FD15F41AA766C2F64C,1,虎牙助手手游版下载,河道西街有什么公交,达芙文,iphone5s怎么查坐标
CE43F8DA8EBBBC7680C8D53D1E88B2B9,1,蒋依依吻戏,奇书,上海滩,异界九死神功
DCAD3DC93E7D3DD41FF2529E21F5B06D,1,qq头像,椰冻酸了还能吃么,湄公鱼是什么鱼,刚喝完中药能吃东西吗
BBCBF832636443353D75872A6C62EB48,2,考研少数民族政策,非师范专业可以当老师吗,公共事业管理专业排名,考研英语1题型
18F62F0C06877F190F29FA81F56FDCC5,2,谢杏芳,华硕笔记本重新装系统后键盘有时能用有时不,宏基笔记本怎么设置u盘启动,经济贸易工业学校
F441B68520F2A8CF10C030FFB745D6D7,1,恩施技术学院,南清,苹果手机怎么样,兰博基尼
0193C9D1BC302960A70573E40EB90776,2,墙面抽出式书架,工业风工作室什么名字好,玫红色配图片大全,游戏公司名称
DE4EF04D5AD2F25FB2BA0EFF1F11DC65,2,维生素e的英文,郑爽拿掉假下巴,怎么丰胸,什么豆奶粉什么时候喝好
1F2F422858CC79B6F46A2F47045DFF48,4,遂宁市人民医院,红景天的功效与作用,取个带榳的名字不知道好不好,邑怎么读
E5965E69034B8272C6A42AE219A44D5F,2,肺结核传染途径,匹多莫德默沙东,什么是微循环,土豆泥
8166D5AB9C96B5CE93BC12F27B6D3CA3,2,清河县地图,感觉自己萌萌哒,月经期,北京地图全图高清版
3E4E5B23E271084BD1F777564C1C19F3,2,qq头像,如何让肚子瘦下来,三滩,直播名字大全
DC54F07E221DD4888298043468B6A460,4,苦荞胚芽茶的功效,娃娃鱼和甲鱼味道差不多,魏正涛,一月瘦20斤
D9BAB089145417C601629B05E1303CE1,3,刷卡手续费新规,新水浒传在哪里可以看,黄品源告白前妻,为生二孩和哥结婚
DF402778D8534CA36233A97A7842134A,1,一念清静 烈焰成池,香奈儿口红coco颜色表,口红打底,hello 软件
6FFA21CB32A836F7C09210F71F83C978,3,虹膜解锁,指纹解锁模块为什么不能放在屏幕上,5.2英寸等于多少厘米,中国是一头沉睡的狮子是谁说的
CDC740A6F1BE376FC80F9D6EAD63000C,4,索立信s8充电头是什么样的,红旗h7,大众系列车价格及图片,54平板电子琴
E065C89FF1A3BEA5410DEF0639721BFB,2,拂晓的花嫁,91狼文网,莫道安,鹤羽
9B1F4A591DCCC7D3CF841DB791EF9587,4,微微一笑很倾城9月29,杨洋喜欢怎样的女生,杨洋的女朋友,井柏然郑爽张翰吃醋
86FBE0D8657CFE593C095B856F97967C,1,豪门夫人重生之女王归来,仙剑奇侠传4黝碧石,荒岛上的兄妹,重生之豪门盛宠
C8877B26F1B1A68990D774AB6370C9DD,1,笔记本电脑无线功能怎么开启,末世二三事第69章类别:都市青春 作者:半盏?严子陵,笔记本电脑无线设备开关,胆囊炎
F46A44E8C08BD0BF93475DCF7D1FA69B,2,前程无忧招聘网,毕业的自考本科生自学报考时间,闲鱼卖出的东西钱多久到账,芝麻分怎么能快速升
EC65561465E8A60C0DCA8D3A1852C3F3,3,捷豹xe,平安车险佣金,关于倒计时激励,lol蚂蚱怎么玩
C52EA9285AC0BE33F3411BE7B275DD77,2,故宫闹鬼事件,牧马人越野车,东台火车站图片,贴瓷砖技巧
27FC584B8D4ED66397E5AEE0377CC6EE,1,让某人做某事,蓝牙耳机怎么连接手机,后宫嫔位排行,dj舞曲 超劲爆
52DBEAC02B635C2FA193B3513B7C09BB,1,按摩瘦脸有效果吗,美图秀秀,企鹅fm下载,眼睛里长痣
CC8DA1B5040B36FE3AC2C5DF1F59970A,3,德国时间,彦,无法逃脱,民盟民革组织
D0D1521F81881C5E5C7EAAAE828DF4FE,5,兰蔻补水套装,闭口黑头用什么日本护肤品,pola美白精华使用方法,江苏省卫生计生人力资源管理系统
A66F4C5C06E0958B29C615AE3D6180D4,1,深蓝色开衫搭配,海德哲基尔与我,贝微微同款电脑,铁和硫
19EDF224CD9A19F7D5FCE7FDC560C0E1,5,面部表情,vb6,安乃近,人寿达州
499C4DF1AAB30B626635844F37E01C71,2,金钱的奴隶语录,k132次列车时刻表,中信银行信用卡中心,合肥姚公庙
D0436CC01A24E46CE40F4A2AB507ABEF,1,东莞地图全图,微笑pasta,分手了会想念但不难过,第二个夏雪
9A9D283B5246B4AA9BB3788ABD7C27A8,1,薛丁山的儿孑,大乐透,三国英雄排名,隋唐英雄
1F9266A18D1EC00BE4530A3E9918FE65,1,姚贝娜死亡现场图片,女朋友说打针痛怎么安慰,皇室战争1700到2000,半夜经常干咳
A9626A08FC34C0285D7535D4AE6DA518,1,2016年41岁属什么生肖,燕来熹怎么样,燕来熹洗发水,上房仙排位
989D7DBE56B35E235F73E669C0CF1C2C,2,独孤求爱一样的作者''',回头,调教木头老公全文阅读,女配重生的肉文小说
0E2152D983EE60E347941FB698888AD7,2,金盛鬼子下山图,雷神是不是lg,退出bios设置,长得帅为什么会被说丑
B338CE65B761F85626C57552C2B71539,1,beatbox节奏,雷比亚,南宁武装部盖章,平面设计
6EC03F2F43AFF148F085CB7849030470,1,小米5s防水,移动沟通100营业厅,二手小米5,华硕手机
9CD7E47B783DD256C16A9070924115C9,1,专业微商,qq头像女生欧美范霸气,壁虎进家在风水上讲,冉宇
CF560F106E7952A159A826A1D5BC2CED,2,死亡邮件,百度钱包靠谱吗,安装qq飞车时总显示分卷文件损坏怎么办,完美告白
CB75CED10F7FA4EBEFE32458A12B043B,3,保卫萝卜3公园50关攻略,only有男装吗,人字加一笔有哪些字,酒红色外套内搭图片
CE4BC9DEFE298886F1040F4448B43491,1,丰田花冠,k3起亚,林正英死时候灵异事件,魅蓝3s
184F443EE8546EF775C8518CFB2622A9,3,武汉坐什么车到市妇幼,红米note4g单卡版多少钱,乐视x900+报价,两房两证无税
3343AB0BB1FE075F029B25A1B616A621,1,qq头像,游戏放系统盘,关于迟到的检讨书,华硕
9210610EC4F5B27180D3A8C3F9494266,1,南京大屠杀纪念馆门票,电脑隔离区,车辆测速软件,专本连读
855C3A0563EDC421C2BFAC9A4A28C990,1,乐视,联想y700和小新700,重庆金立售后,蓝灯vpn
13796FC32B0B7E4A31D2187CF64D2EFD,2,为什么移动数据会自动开,苫怎么读,苇絮的拼音,渭读音是什么
90E3A5FA7B60CA0480C645F4B0E18C38,3,演员杜星霖,中国人事网,看片软件,超级保镖在线观看
637268AD80011CBDA16058767E2689F6,1,cool1和乐视2,乐视,酷派峰上,平乡县诚兴橡塑
D503E27C48D9996BFE15BDAA868025C0,2,美女刮脸剃发际线视频,美人窝是什么,踢台走秀发型,都市魅影
E58A75140FC48DBE1F0A9DC3CA9F35FB,3,瑞雨丽洋甘菊舒敏系列,天涯太浪,柿子椒,长城哈弗h6
D4178C42C45908D28EBDDDC1684F8F3C,1,发射中心,经期不能吃什么,victor,微微一笑很倾城图片
C70DF506800686505D3F40BE6DA54C0A,2,支付宝客服电话,99宿舍,影魔图片,苏州农业职业技术学校
8E0498BF322F9C10AEC0499481E759C1,1,建筑装饰工程技术,猎场,龙王传说,个人亮点介绍自己
6FF838C285B27077ED0E4C082615CC1E,1,冰淇淋的热量,金钱草颗粒,南充书法培训学校,重庆融智图片
EF798D43D8BE956FBC4E964419F68A73,2,微微一笑很倾城txt,做增强ct,血吸虫肝硬化b超,复脾
712340035E09756522DAD82223CF20F6,1,九宫格图案解锁设计,过松源晨炊漆公店,过故人庄,干锅虾
7031D79C938491CD15A49CA328C0C20D,2,手机后壳很脏,中国建国以来受到国际的阻挠,苏联为何解体,中国的百年计划是什么
91365F543E0E9A86BFE26717446CFE4C,2,迪丽热巴多高,阮颜顾惜城免费阅读,老九门在线观看免费,韩剧w两个世界百度云10集
B73366E402062FE3129B1048FD02542A,1,脖子落枕怎么办右边痛,爱洛公主,冰雪王后做蛋糕穿衣,海藻面膜
9B664AD5E89D2A3DCDE6DA9C94076DCE,1,炫舞宝葫芦在哪,胸贴有什么用,近视眼激光手术,榴莲不能和什么一起吃
61FFF9C1F53935B96B7CD72CA7FE10DB,2,肠粉机怎么打桨,汽车销售价10万致16万,屌丝是什么意思,36选7多久开一次广东几点
9A450192FE6D098BA0960582B49170E4,3,妇科病,辣妈正传导演,宝宝七八个月陌生人,全自动洗衣机不用关水龙头啥原理
38D3061BE3A02874F39B02E7DC12AFEA,1,天天快递从广州到运城几天,这次是我真的决定离开是什么歌,史上最难智力游戏第二关狼羊生菜,苹果手机左上角有个蓝点
B229EF53CFE8D81668B2A392191918DA,1,pyrex玻璃杯,11处特工皇妃,滴眼药水的正确方法,波棱盖是什么
D08F19B941328F054FF63482A9FD44EE,4,静脉曲张刮痧疗法,前程无忧招聘网,可乐谁发明的,多敷面膜可以去痘印吗
745D2B0DED6A3A06DEBEE9F0EB33C7D4,2,高迪快手,右卵巢囊肿33*21,电信651错误代码怎么解决,右卵巢囊肿33*21严重吗
023545B23BE2A9849337C3082CF0944C,2,一克拉等于多少克,1000元越南盾等于多少人民币,乐从到顺德的车,李钟硕主演的电视剧
1AD1A4173754545383E69EE4AD9DA294,1,京东上买ipad是真的吗,先遮瑕还是先气垫bb霜,三的正确书写笔画顺序,教室布置设计图片
A2C0DDB5D07CBAE23364FE4170CCDA75,1,主题贴楼,鞋带的系法图解,兰博基尼手机,牙掉了长不出来
823391DB1229C1780363850B22895109,1,宿舍必备十大神器,numbers使用技巧大全,华中科技大学经济学院党建平台,四级考试听力题下载
EBAC09A4B87CE801976D354282EBF0FF,3,本田冠道,冠道 本田,卡宴2016款,领动
027B0D126D3E6AD0A48568D78B781DD6,1,球球代打1000心多少钱,口袋妖怪复刻会麻痹粉哪些精灵会,口袋妖怪电击魔兽配招,口袋妖怪复刻快龙配招
8BBCE226DFE87C0F6A6B70B9BD46AEBC,1,口我是什么意思,一个正方形加一个圆=3 一个三角加一个正方?scl-tl00,wtf什么意思,ao
E36B0F74AED8AEACECC3001DC6F9B3A6,2,静电的例子,中学数学教学设计,十分钟试讲最好讲什么,灰色衣服显皮肤白吗
73CE17AFFCC318E32C5293C366A0547B,3,信阳到瑞丽,仿古装修古韵轩,恒大集团,大乐透
C11218A325DB64616A451F0834274090,3,西游记小说播讲,2016年7月16日生的女孩21点15分降生五行全?冰箱不制冷的原因,四象,2016年8月18日黄历
6DB991064822D94F8C1EFE38F1580B27,1,范冰冰的武则天结局,附近 超市,各自远扬罗马音,西门庆是怎么死的
3B9F0A433EA1690580D235B4EF86F6A7,4,"坐在甲车里的人,以树木为参照物甲车在",各种地黄丸的功效与作用,治疗痛经的穴位,2015保湿补水排行榜
C206C1F112E2A16913FB662BCF943366,3,孩子没有前途的意思,手机浏览器中的允许通知是否用打开,哪种染发剂最好最安全,醩饭有毒吗
879C185AB9BCE8280E38A9599903E6D7,4,华师一附中寄宿学校小学部,儿童文学经典读物,欧氏距离的优缺点,武汉房产网
CED076B10A54599AD3F372FFA4FCFF50,1,大树终极皮肤,a的x次方求导,文不加点,四力平衡
FBB7D05EC2E0FEEF9F04D843EF6F2D39,2,气血虚是什么原因引起的,一般怀孕多久生孩子,什么原因会导致加速衰老,必根果的功效
50DE5A4E250EF038E9DF44170FA8DB2D,2,什么肉简单做法好吃,月是家乡明,电脑声音怎么设置,如何做好一个销售员
828CDC2BDF9D36F53CF972FBF0CEAA35,1,妩媚妆容图片,移动开彩铃发什么短信,打过胎一个月可以喝啤酒吗,有什么方法可以失忆
11965815F69BF23AB80DBCD845FAA601,3,老鼠从二楼跳下去,皇运,怜心txt,老九门结局
FD7ABBD9F86C2ECD16A1468E8B896569,4,日照汽车站电话,烟台汽车总站电话,莫名我就喜欢哦 白百合,日照山海路99号地图
EF768D5488A055A02BC37246E5C5D1B6,1,安以轩性感图片,那个品牌的手机好,唐嫣古装性感图片,超薄笔记本电脑哪款好
1E7E8BC6952B5AD59730A2D8166FBDA4,2,华为4c,抑郁症,藕汤的作用与功效,新鲜玫瑰花可以泡脚吗
66B85B221194C0A7641F6F3F17F65954,1,盐城到常州火车时刻表,保时捷box,强渡大渡河先遣队,江苏省地图
6C5A5BA16BCA850FBF3CAAA6CA0A406F,3,总裁陆景乔与慕初夏,女坐男头上图片,圣灵骑士,哪个方向睡觉最好
0572288472AE1CF9CB0A7278B30F72B4,2,高光怎么打,刺青完一直痒,韩姨,dior男士香水哪个好闻
0F728803D91B4D8B5F43593B2313A71C,2,王珞丹,杉杉股份股票行情,同仁堂股票,炉石法师火妖怎么获得1003炉石法师火妖怎么
B701F782A245E730394D9D758454ACF0,1,杨洋同款鞋,最初的梦想合唱版,名人传 简介,适合合唱的歌曲 励志的
F98DBC9E6A2B20DD349A6854D3900F4F,1,守望先锋的渲染倍数调到多少又不卡而且也很,我买了守望先锋他说要64位系统才能安装,面条怎么做好吃,守望先锋要64位才可以玩吗
C9B3E6F771D9FCE44079D65DF7662203,1,纸牌屋电影,泸州大二火锅,瘦大腿的运动方法,游戏人生
F8E6D01334B9436F27D15E11DBAB8366,1,饥荒攻略,饥荒夏天有多少天,百度,霸气的图片大全
8D95C987E33FB3F35FC95BDAE3FD2A26,3,"以前从来不便秘,突然便秘很厉害是什么原因",磁铁是怎么做出来的图片,好听的游戏名字,大话西游22开
2F3AAE64DBBEED32B8751B90CE5E2574,2,et是什么意思,春天,墨鱼干的泡发,广西人事考试网
3345D328967F048462E21773A70A3F14,1,烧饼修改器,王者荣耀体验服第四次开放时间,游戏修改器下载,故宫英语
8BB828B15D55BE6E2FD56E13EDFEA18A,3,大众七速湿式双离合,全球卖的最好的婴儿奶粉1001全球卖的最好的,8速双离合变速器,机器灵砍菜刀
644BA2B5DBE72195BA9D3D0B5421E5F7,5,蜂蜜与老年斑,泰山上酒店,山东省会是哪个城市,李鸿裔本
5153027485F2DDA18680515DA5DE609D,1,胸无城府是什么意思,三星键盘怎么换肤,三星c5qq怎么弹出信息预览窗口,校园青春电影
C9EBC0E4797892C23D239F08D0D93EA1,2,李小龙视频一秒六脚,肠粘连,新笔记本电脑使用方法,炫龙官网
5458FD1F22ACF015D6DF7C430B03D92A,2,实验课成绩会算在大四成绩单上吗,面试穿着搭配图片,缺点列举法与缺点逆用法,正装鞋女
EFBD8E2200A534C4933508C322AE8A06,2,顺丰速运,皇甫圣华,圆通快递单号查询跟踪,高压锅煮啤酒鸭
D679FC36896C06EBC950EA5592C949C2,1,超碰在线公开视频gb,劫天赋,为什么我的电脑玩lol时按空格会卡,lol裁决之镰查询投诉
76806AC45682DA9F1C3999FA131AA0BB,2,大学生市场有多大潜力知乎,"我看不起二本的学生怎么办,没办法沟通 知乎",有没有必要等到双十一换手机 知乎,知识管理书籍推荐 知乎
2A3D3C820AF44C9F72BC657D3E96D427,1,佛山沙头是那个区,可口可乐市场调查,体育部招新计划书,一个调研公司的
417B44CCFD1291D7274C7CAED6C69996,1,一首女生的英文歌 中间有很多wu,物理好的学什么专业,是尚先生,乔任梁去世
DB3656F36551FEFF690E2CC1C7BE8423,4,催乳师,空气炸锅鸡翅的做法,空气炸锅薯条的做法,刘路辉
B3FB374EAA270A1D384CEE14DA098C7B,1,头饰,音乐键盘皮肤,老人与男孩读后感400字,耳坠
12407C6B9F77BAC1351FD94F8A7E1ED4,2,素颜天然玫瑰露,hera,介休市第一中学,梦见吃美丽建筑
5C01D22CD7C3654999AB957B71641D1F,0,金铭,米月喜欢的是谁,喝碱水有什么好处,李青青个人资料
FC9EED04A84094090BCA76B7FE129552,1,耳朵有虫子什么感觉,男生让头发快点长长 怎么长,qq头像,胯下运球
8A7F63AA9058709517CF3E0AED1787B5,2,美人一笑也倾城txt,子曰尊五美屏四恶,快从考试时间,凶神by柳满坡剧透
B59765CCEA34010D49AF100694C5A158,4,吸血鬼骑士,rm,美少女战士,微微一笑很倾城之美人如玉
473442B8FACF917353366AA5A9583156,2,谷草转氨酶偏低,美人一笑也倾城 顾漫,顺产都得侧切吗,larastyle是什么品牌
E0C62A4394AD3161E4CA6C2803531E80,1,高中档案填写样本,王者荣耀体验服下载,老师评语,高中老师评语
E70FBBFB8257CE61E6281B12F5EB0600,2,win10系统自带制作虚拟光驱文件么,vs2013有几个版本,ai,尔雅通识课《西藏的历史与文化》答案
9C2175D4EDA7C9084A72B7B41632F422,2,人流后优思明吃15天可以么,拉萨功德林天街,人流坐车颠簸了可以么,人流后能吃什么水果
64DF46328763C6C07B098DEBC5DC405A,4,文员工作内容,江口香菇,王宝强妻子马荣,医院拿药详细单号
B8C2DB72A8ECBE7684EBF3417167850E,2,斯卡布罗集市这首歌的评价,芦笋图片,梦见家门被老公使劲一关关来掉下来了,手机上打麻将赢钱软件
CAAE39E2F0EAC5E4ADA7C3F5D9B05EE4,1,曲阳县是哪个省,刘忻,球球大作战小玉,吴秀波
E68D39E0DCABB896BEAD6A1DF41D7893,1,宋欣佳怡,五线谱基础教程,360影视大全,我们的十年
D06C0344FEE0C4C88A83A6337CA4B863,2,红油怎么熬制,苹果越狱后怎么恢复,乔丹官网,法式羊排
7F40881F396262A884D570596BC1D572,1,一列火车通过860米长的大桥,自制酸奶,微信公众号初中学习湖南,"两列车同时从相距1313千米的两地相向开出,"
1CDD459EDC4328C01F3A2D3E66814B1B,1,打开守望先锋有电流声,熊猫加速器,绅士网站,硬件测试
99595A2657DF70CEB34532329C845660,3,豚鼠吃纸怎么办,巧克力刺毛荷兰天竺鼠,算式写得数吗,齿的组词
FF83F18D4A0A1B9BD4D663392258744E,2,击败鱼人wow,魔兽读蓝条慢,魔兽玩家,河南省考计算机二级用新思路还是什么
16776BD1BC5D6560D6E7C20A43457C4B,3,钱小样,理发店毛巾包头发,请回答1997 李代浩,电信合约机违约后果
8329CED82B2ECCE509D6210FF3E3DE6D,2,向量,酸菜鱼,猎场,男士摩托车起步技巧
DE1E2F4172F6006B67C41E1938241975,1,游戏仙剑奇侠传3耗流量,手机破解软件大全下载,"电子烟滋滋响,还呛喉咙",天天向上mc天佑
25D937FAD466B3CECD46FF3649B84CB7,1,兰博基尼,上海华东政法大学,刘嘉玲,justin bieber
98306AC276DACF19A43368D17A761383,2,毕业论文什么时候交,教师资格证作文有格格吗,支气管炎,李健
A67E871565CE3B799672237E83E4D825,1,龙腾小说,守望先锋多少钱,lol厄运小姐皮肤价格表,酷派note3
DB85E7A3843CF41A759E5048E76A6B63,1,别人都去学校了还剩我自己没去,李字的 照片,好听的游戏名,卖号网
E69CB8C83531D2068520D896037F1103,1,pvc是什么材料,怎么收看翡翠台,关于秋天的词语,木棉花的春天
E26546ED6787DB13E826B4BBBC2F3D53,1,李冰冰与吴亦凡合影,幸福账单评审贾景月,八年级上册英语第一单元2d翻译,戈贝尔nba
0A71BBB0E08BBBD66B747D9D8A8E89F0,2,工商银行跨省转账,只是无法抵挡你的势在必得是哪篇小说里面的,宁海县邮编,同安工业区
11B90010D1B7D97D423FBBC334182E3B,2,飞科剃须刀能用几年,跑跑卡丁车涂鸦9,百度图片,导航不联网怎么定位
4533721FB52AD909AF4D6926D4E3A226,1,tfboys照片,中山公园门票,凤眼是什么样的,女生头像 资讯
C0D265996B79F0B3629B08032880198A,0,谁的新欢不是别人的旧爱,钱塘江大潮时间,日本菊正宗和樱桃水哪个好,露姬婷洗面奶怎么样
FE1799D36B3E50C0E82C3E2A7F24DF1B,3,公共交通工具包括哪些,包头东河天天快递,喝可乐后图片,有奖保险问卷
D53B1468FB584343D311DB1406BD86D9,3,母仪天下东方宁心小说免费阅读,宝宝泪鼻管不通,不在沉默中爆发 就在沉默中留下,战恋雪
8801B52411730771C0AE8456C9BF5128,1,cf最新不掉血辅助,手机qq空间背景透明度,河北大学工商学院官网,从零开始的异世界生活第23
52366566E5C50A0D7E2AD89C78D3DF8C,2,血钠浓度,中南大学保研政策,十八大报告中提出建设中国特色社会主义的八,"当今世界三大主要经济板块是欧盟,北美和"
B4DB6B41C87FB38A01B0D313B499DC8A,2,东阳光,一个人吃饭一个菜不够味两个菜吃不完,南方姑娘吉他谱简单版,问价格用英语怎么说
E1DD706B68B64E6611DB4E95B654576A,1,西藏早晨不洗脸,喇嘛和活佛的区别,m2是什么意思,3u8634
8125E0087F0A5F617AF5144ACB757758,3,潮阳一中 陈博,2016清宫图生男生女表,潮阳区后溪中学,减肥粥
05E97C814D93A012B04CB73B7D91C2C9,2,高姿适合什么肤质,99757280,高铁注意事项,皮肤过敏症状图片
553C1BCBE50DC9FA35772B17F8428665,2,全运会2017年在哪举行,吴冠中,武汉托克拉克酒吧价格表,航天飞机
1426AE6554032211F81418AC3082F1FB,1,闫妮关晓彤演的电视剧,亲爱的公主病910百度云,小黄小蓝小粉,黑界知名人士榜单
F8FC28D432204CFD5326C0015902F352,3,听了包湿mp3,听了发酥的歌曲,做早餐app,蚕蛹几天变成飞娥
D97EA5CAC412215CB51F68C33D2A15B5,1,不知道该如何来表达才能让你明白,即使我再舍不得,分手后祝她幸福的留言,该如何表达 何其幸运
33A78863754E863F6E053DC72EE0A93B,4,东营到寿光多少公里,山东司机招聘信息,车牌上的小圆点起什么作用,何首
A1A9336C039B019BF818B6B07ECF1A20,2,腿粗穿喇叭裤好看吗,夏季编发,南昌高楼顶楼起火,芜湖中医院咨询号码
350A3215B5D206E3367EE82ABEC3D074,1,送你一枚小弹壳,华北水利水电大学分班查询,奔爱剧情详细介绍,华北水利水电大学分班查寻
C63723C807589E5C8DBA53CD6CD9CEA6,1,华晨中国汽车控股有限公司,捷豹xf,p9 plus,福特野马眼镜蛇
9EBB18B53ED711FDBDC0CA61FB055624,1,龙王传说,5000多的笔记本电脑,燕都是哪里,腾讯客服
E4AE3B79185B155B94EAA1912ED1BFF6,1,笑傲江湖礼拜几更新,中传南广贴吧,表盘里面有水煮,铁笛片和金嗓子哪个好
ABDAB619F29F4AA87AF0CE87C877F77A,2,南京网络教育学院,小黄油,谁是卧底词语,为什么会出现学分没修满的情况1001为什么会
8CE77F812C20DC82512DDA83F5520A46,1,天蚕土豆,超级能恩怎么样,手机直尺10厘米,网络兼职
BE370965676326F02D46DD513FE9CCC2,1,厦门旅游攻略,矩阵非零式,teamlife帽子,exo签名涂口红
DF47CA50C7B4FFB37D77988918CC7105,3,戚薇,专项作业车,福特gt,人民检察官
157A7B1DF85EEAC6009D7D68A48C3F96,1,组织部宣传语,微微一笑很倾城 游戏,"有一部很久的电视剧,十个兄弟",实践部
B9B2191C9E894D391AFB628BDB0A055A,1,suddenly和sudden,戌怎么读,圆的体积公式,水浒传宋江相关情节原文
032F0CC0F9F4EC0DBCBDE267D5139133,1,360云盘,口臭怎么去除小窍门,新视野大学英语第三版读写教程3,书包网
FBEAA041BDC648269EB58BD448A1A343,1,麻辣变形计关小迪和谁在一起了,刘嘉玲,三时三餐高敞篇,天才在左疯子在右
78324390AB9F3DD139CC35961CC87920,1,横平竖直砂浆饱满,制图用的铅笔各用作什么,绝对标高和相对标高的区别,刀锋意志出装
9AACBB92D9606C5B60558B6BF7D32B32,1,浙江宁波,qq级数最高的号,浙江省杭州市,打豆豆是什么意思
841C3CC9C8F60A39C43A59C96A388551,3,给卖家退的货是邮件收发章签的,淘宝有没有屏弊卖家消息的功能,美容店的化妆品搜不出来,珍珠粉能和香蕉做面膜吗
CB571ADB5270292BAEEB1B8BB742EB61,1,斯伯丁,耐克篮球,西热力江,曹云金再讽郭德纲
18745A6337A46456DCB4ED8ADD131E2F,1,o型腿图片,奥黛丽赫本,快穿文推荐,蜡烛西蒙诺夫
57E35435B2ECCE4442694C2DF4ECB852,1,苹果iwatch,到保到长春客车时刻表,华为荣耀6手机丢号码,纪念碑谷第二章最后一关
CE904AB371A801A4F33045912F820C23,3,军婚,从合肥财经职业学院到火车站最近路线,世界动漫网,无翼鸟无嫬挡漫画
6F9A4EE88ED2A5508C55B9BFF376D91E,1,王蓉新浪微博,博尔塔拉蒙古自治州,哈尔滨人才网,趣分期
0A7B8D3F55C5D1328F647A702C5D9BC2,1,大学必修挂科学位证,性格色彩测试,百度图片,养阴清肺的食物
E7E8325C7E40F6026EE19E8A8F28F045,1,积极励志的流行歌曲,早上吃鸡蛋中午喝豆浆会瘦吗,iphone4有多屏互动吗,吃黄瓜能减肥吗
43604B49F44CBE9109ABFD4EF8A0165F,4,doremi音乐之声,小学英语四种时态及口诀,寒暄是什么意思,描写雨的句子
EA66048D23DC65EB18366BC9A98A15F7,1,胶州到乳山多少公里,染头发什么颜色好看,6级作文,什么是价内期权
F51C88E8CD27883F339E37EE78AE8CD0,4,合肥蜀山区锻压厂属于哪个社区,合肥最低社保缴费基数,王二妮歌曲大全播放,王凯最近行程
DD45FF9246C85F5B2278E5CC7178743C,1,qq头像,秒刷qq空间主页赞软件,宫本武藏出装,ipegapg9021游戏手柄怎么玩cf
574F786EE3578D0AEA1530BBABA869C4,4,锦州旅游,交际应酬费税前扣除标准,古朗月行,清开灵滴丸儿童用量
F1D0AAF909665D807A24B533A721F270,2,苹果7现在有卖的吗,为什么自己看自己很丑,苹果7什么时候上市售价多少,苹果7现在手机店有售嘛
35BD766CAB6A24778836CE05D426C3ED,2,摩羯座和天枰座,熬夜对男生的危害,公招考试科目,抑郁症
36381F09A5F91C8C70DB0E06850A5A56,5,百度,维生素d的作用,后面是ucl的手表,纹身的忌讳和讲究
8614F117FD8954741E31F2C9AB40DF7F,5,德玛纳女装牛仔上衣,女式雪纺长袖上衣,美文丹江口水,美文心事
A8D2128475FEF7DAA74A9D9383D90024,2,美人一笑很倾城,将军媚,蜂花无硅油洗发水,寒咳的症状
C18B20291F1E5AE53115C376F6D03F31,4,段字有几笔,毕节大方新车站到昆明有多少公里,卸妆湿巾可以擦阴道不,升级竞技游戏
2762A124F06C0A1E14C1D32EB38BFD38,2,月经40多天不来怀孕几率大吗有性生活,天下易通是做什么的,南昌粮食局厅长,姓陈的明星
1314050610F6E4366BF21ECD3B2875AA,3,醉颜红txt下载,黄泉客栈之极品妖孽txt,1兆等于多少m,醉颜红书包网
114BAF4F7A39C3E9D2820D149C21CF5E,1,制作奶油手机壳的材料,马可绯闻女友,马可女友,过敏性紫癜能吃石liu
65C00B8F1BC131E7D8E716E944928AE7,1,关于塑料袋的手抄报,联通卡怎么短信查话费,vivo备份在哪,联通卡怎么短信查流量
D648B924CC4CE4782B0A69C02685B25A,4,托吡咔氨,作业帮苹果版下载,痘痘怎么快速消除,彼岸
8926626E7C52E15D2EAF497A9585B1E4,2,经典绕口令,上海好玩儿的地方有哪些,k8358次列车停靠站,安徽庆发建设集团有限公司官网
60CA9FBE0A13A49D731C4794DA57FB50,2,陕西省榆林市榆阳区邮编,六块钱的麻辣烫到底是什么意思,蜂花洗发水好用吗,方茴陈寻最后结局
61A3409AB6F52C82B560EDCBF755CB76,3,少一些功利主义的追求 多一些不为什么的坚?the onion安卓下载,行列式的计算方法,万能公式 三角函数,桂林音乐焰火节
5B661086026C11FAC2987498FB5FFF8C,1,泰安,说一个汽车用十一个油,拐他,脸上的毛孔里有白色颗粒是什么
2F293988B0A2B505BFB53F784F601DCF,3,灌南药品食品监督管理局,柳氮磺吡啶肠溶片,灌南药剂师招聘信息,月经期
AE4CCC0358AD12A46DCA3D2093377207,2,cf永久武器,多矮的歌手,鸡儿上长痘痘是为什么,miss唱歌的视频明天你好
2B6B0C5B0B9FCEAC71320BB2B79E873B,1,自定义qq群里面的距离,儿童插画,:中通快递410656021917,一来痛经浑身疼痛
90483085F032B27D8B2BC0A594F1EC8C,6,蛏子,王者荣耀翻译,苏打胃酸过多,河南现纸片楼
35DD07812BC31465459CF987F94E3F4F,1,win七开机慢怎么办,为什么右键单击后没有属性,现在那个电脑系统好用,g和mg怎么换算
CB740F7947E059C6096F914A5D7F10E3,2,黄皮肤有杀茵,法令纹,加粉神器是真的吗,疱疹是病毒性皮肤病
421FAA65F2461A9FEB567B5859B08274,2,黄明,余罪第二季,眉笔颜色选择几号笔,杨洋被粉丝亲
E54749AC4385361CFE69F72D2699AB04,4,厦门旅游攻略,厦门天气冬天冷吗,播女装正品专柜棉衣,scofield官方旗舰店
7AC2A187DAB2EA84241F981694DE36F9,1,排列三最新方法,乐视,巅峰小农民全文阅读,补水面膜排行榜10强
A483A27580F7825F18FA73E0BC6C3F08,1,给三年后自己的一封信,香港美心月饼,德国国旗,科比生日是多少
525A6BFFAE3F50A7856F35271E50BA67,2,张翰结婚了吗,喀斯特地貌,linux用于哪里,丁丁癌
F813272568F68958C3F5DA777D4EA16D,1,怎样消除痘痘,头饰,什么区别,( )爬山
B5DCCE2727CAD31593137E29AC003E08,2,女帝皮肤多少钱,长虹电视怎么向人介绍,vivor9手机多少钱,飘飘欲仙狼太狼阅读全文
8D710F7E24252870895414F475073C22,1,qq头像,男头吧,多少岁可以洗牙,oppoa33m
EC1622137AAEBC1CB29DEAF938E85AD1,1,意恋征服雪薇,天蚕土豆,文嘉皇后,星期三的英语怎么写
DCD6B95CE1D0AB0EB450396F74FDDDA4,2,天蝎座男生,从武汉玛雅水上乐园到中上公园地铁路线,心有独钟歌词李佩玲,伦巴
AB09B0F21033254A1A6B5B89BB2AB339,2,o型血性格,瓜子二手车招聘评估师,正确洗头发视频,武警老兵退伍卸衔
AF2C280F16007A2E7E92A23BE6F7BA78,2,沈阳沈河大润发附近公交,施华蔻雯丝丽紫玉兰怎么样1001施华蔻雯丝丽,兰陵缭乱,用支付宝转账给别人没有收到
0FD00C44B4C7473A3737595F6B83A4E7,2,贝聿铭,惠普和华硕哪个性价比,做一个发型要多少钱,痘痘结痂后如何处理
7571D59BCAF432808FDE7B392D9F1301,1,o型血,励志微信名字大全男,小辣椒,算生日的公式
A2CA788CFD77699DE6AE4BA681B75702,1,单眼皮,美国动漫,韩国音乐app,人鱼眼眸怎么使用
56BCEB6C42A81C98F2CB914FAAE20D3A,1,qq头像,神之墓地限制钥匙,神之墓地2.6神力结晶,我真的很爱你很爱你很爱你
CB4287F408E68528E77835ED18FE5743,2,候咙有异物感是怎么办,丹尼斯航海店在,教师节礼物图片大全,住新郑路3号院中学生就近分那所中学
076A569C04083854CF9AB2EFC7D8AB5C,2,赫恩男士面膜怎么样,武汉大学贴吧最近很火的帖子内容,男士白日护肤用什么,百度
568D3D132BC1BED0779B05220F32D29E,2,笔记本电脑什么牌子好,玩游戏啥笔记本电脑好,快手上胸大的,天天网络推广
79DFABDB0746685236F4B1ABC284F761,1,蛙叔,欢夜沈煜,天将,陌上枝头
77148792F544C18C3E0D4D77AA96E552,5,白带像水一样正常吗,快乐大本营游戏环节服装,小苏打和泡打粉能一起用吗,梦见火车跑水了
C2054E9DDD3DFEBC37F857369AD9C8DD,2,从云南到贵阳交通工具,壁虎进家在风水上讲,番石榴的功效与作用,blank space
A253F3C0F4FAC53523CA0C2E840C46B9,1,蛏子,mr的读音,虾不能跟什么一起吃,五年级语文练习册答案
060EFDC1F3FDB85BBE6BA4DAF7A534B8,1,屁股上和腿上都长有像青春痘一样的红色疙瘩,英雄联盟五杀英文,粤语版一人饮酒醉有哪些歌手唱,如何控制射精的时间
05286367A85CF7E0AD2ABCDD5F7FE8D4,2,matlab二维彩图区域分布,对流弥散模型,怎么在咸鱼卖东西,ug mg
A68C8A612F0E81120B38CBCD94B0FBE5,2,会计从业资格证去哪里领取,湘夫人,vsco怎么注册出现错误,会计初级职称报名时间2016
E8FB8960346BA467881644288A706F5E,2,辽东学院绩点成绩对应学分,国考,会计再继续教育,财务的分类
B93665E9815EC7C601E9457EAB8C55E7,1,费沁源,武汉职业技术学院,黄诗佳,汉正街
3A7B647AE6EE18026B524368E85945C0,1,马秀英的考验,安乃近,嘉庆,朱文忠
07D9ABEBCC61925108107C7DD3EE8E9E,1,黄瓜面膜的功效,机油和汽油有什么区别,针织衫搭配裙子图片,侧分和中分哪个好看
F7ACF1569309CC3C4E34610A0E933929,2,薄荷荼靡梨花白txt,杜丽,360云盘,高三我想对你说作文
8AB7CE4F1CE6BF1A84EBC388C53002CB,4,天麻的功效与作用及食用方法,男人节育对身体有害吗,乡村艳福,洛阳龙潭大峡谷怎么样
73F749AE27F0C0556872D7AFE93C5769,1,注销手机号码可以跨省注销吗,免费小说,1992年属什么,凯里汽车站电话号码
AC927EBFF50BA7C92B840C8EDF8107E2,1,neo迷光,暮光之城4:破晓(上),neo冰凌棕,seencon极光
63AB9132392797D4B5DA0509B3CF7719,2,北京石景山在几环,麦吉丽,古城到望东,北京798怎么去
7BE2DE2965D4A67D8A3BBAAE039B8B74,1,新娘大作战,蝙蝠侠2,星际迷航10,星际迷航11
FD0E24323D82BB5570234C967F4AD936,2,谁是卧底词语,百度,斗鱼,微信
5A5304955A907451A6EB16C22D635981,1,在某个角落遗忘歌曲,金光路京广,一榨鲜超市有卖吗,闪钻洗发水怎么样
16E51291E0105830CFD35A91EC31DBF2,1,呼啦啦团购,哈尔滨有卡地亚专柜吗,oh we on fire we on fire什么歌,whoolala怎么样
65EC4F39FA6DF1E0BCC861633151CF17,1,我在北京挺好的徐晓辉,防城港蝴蝶岛,过期维生素b能做什么,阴影
7176B7CAC9C388F73B0F7EA1B45F52B5,1,二胡的琴轴,喻虹渊图片,keener是什么意思,二胡凤阳花鼓简谱
469B19F1BF98FCADF16BA7C8AFF50BD8,1,准备上大学看什么书好,宁职贴吧,英语四级在大学,宁波职业技术学院
4B7B10BD4734256482E1F5A8C899D060,1,作文开头,dnf手游,edge怎么读,英语成绩提高做法
717F08CF86123BEE63DC2BCF8719AC37,4,蓝宝石显卡,台式电脑i5和i7的区别有多大,惠普小机箱台式电脑,路由器什么牌子的好
2B564FC916949A4EB410035E331174E4,1,马克·雅可布,割双眼皮,手绘彩铅动漫人物图片,鹿晗演唱会上的英文歌是什么
56C8FC2959DC1476DE6816653DC83B57,1,汽车怎么用电路打火,圣诞节的象征,硬件管家,手动挡汽车灭火
7179F4AEA7B129C3627C5935059D82F9,2,小黄瓜三分钟面膜超过3分钟会怎么样,两个月没来月经又没怀孕怎么回事,"袋中有7个球,其中红球5个白球2个,从袋中取?山东英才学院",内分泌失调的症状
9594C49F7A90C48FA82F45CCD9ABDF56,2,怎样说话声音好听,韩庚international,经十路舜耕路,怎么样与一个人心灵相通
57C6169FD4AACF59FB647D4E08B1582F,2,武汉智能公交,头发蓬松毛躁怎么办,魅族手机降价规律,送男性朋友什么礼物比较好
2F5D4F2F6F2878E59B0A15816D6648E9,4,披头士经典歌曲,饮食男女2012杨洋,三生三世十里桃花什么时候上映,短发
01EA20E039C28EB24142625D5C915C1C,1,刺得古原草送别 印象,名师讲方法,七年级上册英语大课堂答案零五网,日本邪恶百合动漫大全
84448CA10402FF458EC97D94B795FB25,2,杰梅因奥尼尔,蛋炒饭怎么做好吃,杨怡整容个人资料,康家净净水器骗局揭秘
88DFC9BBA7B26F5CD3314216947432E9,1,大多数人愿意吃牛轧糖么,握紧拳头30秒 看看你有哪些病,葛根图片,齐齐哈尔高等师范专科学校分数线
3DD0236EA1C9BFFE7EC66CDD46AE8B4B,2,代表闺蜜的句子,结束友谊的图片,中国人寿考勤晨会是什么,知足的句子
B8751B7F4D09A703609702A860E82675,3,顽固性湿疹,"《鲨滩》中女主角被困在礁石上时,吃过什么",以下哪一位没有出演过《在世界中心呼唤爱》,什么叫用银行卡买余额宝
FED888C442A227BBDD0B9AF1C5BE6316,1,可爱动漫图片,动漫男生图片,交换温柔,鞋带的系法图解
FA232DB85EB8989C864D12CD4380DCF6,1,社会主义,槽齿类,英国人名字的构成,爬行动物分类
DE35551B2F48ACAA633F3CE0C01986D7,1,神马影院在线未来影院,最大的拳击网站,韩博惟泰有绝招,寻龙点穴入门教学视频
16C120A5B862EF12B799E393165AE538,1,小李飞刀,天上人间夜总会,重金属音乐,我们结婚了韩国综艺
F6CD32C0C48B8409585C09B39649D15F,2,勇敢向前冲,杭州乐园水公园,580299400052,正能量激励人的好句子
F906B43973EC6C6803690FFF9496BAB2,3,手上的筋脉呈紫色,床底下放东西好不好,自制厨房清洁剂,哪里有五行八卦福卖
1C8600CF2BC7B5E173E6BE90B5618169,2,心得安,临泉县民政局电话,鬼妻脸皮薄老公抱一抱免费阅读,安徽临泉民政局
A4F945AC38F01164F68B770E50DD8458,1,对于生产工艺设备的选择再分析时应考虑哪个,同学会是班长发起的吗,面膜几天敷一次最好,下列说法中反应方案本身实际达到的报酬率
F5F962BAEC5B749E297A5431FC463A83,2,芦荟能张多高,乳腺癌早期能活多久,富国基金怎么注销帐户,五谷鱼粉价格
A36B6D090E1442B1356DD15A7DC87CB6,2,狼牙土豆,tst面膜可以放多久,怀孕的时候鼓包移动是男是女,tst面膜孕妇用了以后胎儿会变畸形吗
D23E3BDC8256033009F23B32D3681ED0,1,亖,钱塘江大潮时间,个性qq分组大全可复制,越爱越强张杰歌词
603812D1B0DBDB87A6D2F936149EECAE,2,几张照片拼在一起是什么软件,蛋蛋网,各个相互影响的活动范围在这个发展过程中愈,霍金心脏停了二十分钟
B132915430B432A84915527C9B10DD4F,1,勇士队,欢乐喜剧人中贾玲团队,足球451阵型,iphone平板电脑的控制板在哪
C8B6FC9412A3DE096F4E834C511259A6,1,毛孔收缩水,在操办婚丧喜庆事宜中借机敛财或者有其他侵,对违纪党员免予处分 应当,党章总纲强调 要全面提高党的水平
7B35BC31D551123578D67EB4C6DB3240,2,卡通风景图上水,经过重庆的动车,小黑裙香水,队名队呼口号大全
59F42F80A5AD45B4482AAE7D7416A088,2,通信专业调研,信号与线性系统分析郑君里,延迟4个单位是左移还是右移,胡萝卜汁可以加蜂蜜吗
0B8FC2E904BDE704BE130B79859A6775,3,伊川县李龙军,吃虾多久后可以喝啤酒,微微一笑很倾城的主题曲,鹿晗生日
DAD6FAD7A971A015555A17E5ACBD734D,5,赤峰学校远,水煮鱼片,嫁个老公过日子,写给语文老师的赠言
80A7863949B3317531D68B43A4BE8325,2,夜晚看星星的照片,日语桑的意思,汪苏泷那首歌好唱,极乐净土为什么这么火
9A02945858107D9AF0B8F996063666BB,1,一只青梅压竹马全文阅读,松阳美食,畅途网长途汽车票,爱敬洗发水真假
3122CA0CAAEF623FFBD45FAC1A7292B5,1,近视眼怎么恢复视力,穿越火线周年戒指火线的表记是全地图吗,在江苏南京上网吧怎么上,穿越火线活动专区免费领黑骑士
D7A90F21AEBF9A6AF2744CCA842A3195,2,唐山师范,梦见黑兔追着我咬,压韧带会长不高吗,花卉水
D750CE356BF294FBC8A491CF412D0BA1,3,颈椎不好做收银工作好吗,安雅姿,六爻和八字哪个准,嗓子老感觉有东西堵着
8A3A56CC491C83A614A620D0035912AA,2,太阳村孤儿院地址,夏邑县邮编,彩虹桥染发,黑色小虫
CE5B88C5CE971856B65E3FB9E01812FD,2,变身女明星,人道纪元,键盘华尔兹,桃源山庄
0C0E3B2E3406FA83C023699D6FAB7E5A,2,人生哪个写的,从你的脚型,重庆妇幼保健院做个白带检查好多钱,重庆园林绿化调研登记表范文
6D2B4C1B130F82F1D428D64DD28E31B5,1,怠速马达,自动波箱油更换机,虞姬的歌曲,微信
1ABB7A6FCCD078DD3F2C56A467A680F1,4,螺丝滑丝了怎么取出来,华硕,百度,payment type
C5A9C32DF435CF107A17FAABEAE55637,3,黑猫生白猫,省公务员分数,梦见暧昧对象,收养 四个字
73D5E8A379D6E4358B2C1680A0125B87,3,魔方第一步如何转十字架,手工制作窗帘扣图解,老九门张家生死线,傅园慧搞笑采访视频
F23390D5D4973E981EA61564AC78D425,1,爱拍,四级要求,重庆文理学院软件工程学院网络信息部,笔记本电脑忘记密码
D90C3316EE3AFC10746D99FAA67C5DF4,1,此人有偏见打一字,什么叫pc版,马克思主义基本原理概论,浅字开头的成语接龙
D5F79C1E6D33C0626EC8AC018215DB5B,1,8寸蛋糕多大,大连老虎滩海洋公园,五羊皇冠蛋糕订购,苹果手机充一晚上会不会有影响
BE7C6FE80332660D47C984AB3338C602,1,稳拿情场,软件,蚀骨婚宠,情侣头像
8A4D63F5827E62DC2C3EBD7D74A2A538,1,傲可以组什么词,手机app试玩兼职是真的吗,周围超市,灰姑娘歌词 郑钧
5150340253A372B5973461B954936BF2,1,我的世界pc版海底遗迹种子,兰博基尼,你画我猜online,隐藏门设计
F4383542C9260A1DCDC82D5158C71EDC,4,手工贺卡教师节,桃花运,插画,潜水艇卡通图片
80A118AF05C73916092C20F3D2E00577,2,两代人的对话教学设计,阳光招聘网,洗衣机全自动哪个牌子好,男神图片
34AF61F26355ED54D101C14DD801CC67,1,阮氏三雄,郝建,戴笠,爱情公寓4剧情分集介绍
570911962341302DF3A6CA3442CB77AC,2,200元的智能手机,餐桌图片及价格,终极蜘蛛侠,超极本
7F413623D8771DF8855290494DA060E1,3,2016个税起征点是多少,理疗瑜伽是什么,何云伟李菁不合作了,鲑鱼精华有没有激素
ADE38618003EBF7A2A9D38AA4FD41DEA,3,广发银行官网,枫泾古镇,上海古镇排名,iphone7上市时间
B5B9F53728E7261FBC6A5B9913BFE9F6,3,macbook能用office 付费吗,色彩搭配师 职业方向,百度,电热水器多少升合适
DC0981F7E62B879E5FA7300D38202F38,3,仓房怎么防止苍蝇,肠胃不吸收营养吃不胖,西游伏妖篇上映时间,菥
96D2749F8D880460C0E8A998AE5B5104,1,手臂起暗红色的小点,后宫漫画,超级地府,诛仙青云志主题曲张杰
3AC84EBF8097714E3D7FEC2F9A06EDBB,3,婚姻法 离婚,借了吗贷款怎么样,鹅棚怎么搭建,山药怎么蒸
C8DBC21B8B236AC7477370A3669E122C,1,九月一日什么节日,李白预测王宝强,oppos59,欧美女生头像森女
06DF8A4033FB84F0436444439CB96757,1,中国冠军烦,江苏大学,皈依,中国农业银行 南京
27EB9F4FC09F1DB45E8582F6215EEC0F,2,大乐透,有饭店经营,图片找地方,"雍景,帝景台19栋101"
0CBDE87A0AE220379D6A23AE2F1B0D62,4,嗥怎么读,阳光体育记录表,鹿叫声的词语,雪的成语
E6D140BCF62676A0897169A0384CD113,1,天翼网关只能使用无限路由器转接上网,随身空间之修真小药铺,vivox6手机版本,jiayou
CE783818193AB41E1CC69C22377AFB87,3,拨打对方手机响了一下就挂了,酸菜鱼的做法,清吧门头图片,萌萌图片
BC011D4B8CBA3A7526314F563DC89746,1,有用的app应用,斑马斑马歌词,联网但是打不开网页,手机有联网但是打不开网页
A133F8C4702629143AE4F9B545A91D77,1,圣安地列斯秘籍,谁唱歌最厉害,奥拉星,路虎报价
54B879683412259C91659E27CAC062E4,3,o型血,高宝来,张良是如何死的,华为的手机怎么截图
3790CF065B4E8400205904F088068A4A,2,死亡邮件,瀚林名都装修效果图,煤气爆炸的原因,佟丽娅新剧
D8FA0DD1E48D1DF79AAED6E3EF56D613,1,第一人称射击,少年阿宾全文,fategrandorder,哪家快递最快
DA1C3DF4879792CE289BF8548E7A4780,1,重生隋末风流,新街口,汉骑 堕落的狼崽txt,王牌刺客
40F00C441CCFDB54DDE620F8BD2A869C,1,山西财经大学双学位学费是多少,研究生分数线怎么算,河北承认双学位吗,太原北美新天地品牌
4EBF2F81CAB916C284CD9950F8535E11,4,我不是潘金莲电影图片,临沂和谐广场鲁信影城,今日白羊座运势,"赵家小姐绣阁,终身未嫁"
FD065E2DEF783396FC3879110F49D1DB,3,哪一家门派以仙术群攻,更换燃气表需要多少钱,一斤等于多少克,第一次见面云天河将韩菱纱
A322A8BEA11E9F1FA8BEAF25A61720B5,3,顺丰快递电话,阴影粉的用法图解,苹果6多重多少克,怎么制作微信链接
B2E1E6B5D12005678F739727416D6299,2,上海实时公交查询,微信号怎么修改第二次,手机软件改名字,高潮
DCEE66719F3F351C23EB05DF24789630,2,扎旗2015年春节没关门的饭店,脸上长痘痘吃维生素几,通辽附属医院生刨孩子多少钱,通辽医院生孩子多少钱
24D4A82EEABB6760113737A339940A7B,1,旋风少女第二季小说,适合做班歌的歌曲,混血儿香奈儿,林教头风雪山神庙情节概括
81387E213D459E69D9FE01CC863E0677,2,换发型的app,女生帅气头像,爱上女老师,爱上哥们杜子枫手表
461F79BB9C49D5C470DC6607A87E14DB,2,工程动态工程简介更多>> ·中铁一局郑阜铁?重庆,阜阳北站,老银匠官网,丰田兰德酷路泽
4DED32D7BF097563607095105D02505D,3,小学生中秋日记,民族大业善款发放名单,茜廉陈鹏海,荣威360自动豪华版怎么样
1CDCBE254E936B7CF5B043FFFE906688,2,阜康市第一中学,白莲花,一年级数学上册左右免费ppt下载,六年级科学教案
49B48B39C9CC92847BCF3AF556F57D66,1,列克星敦太太,逆战帮帮福利中心,生化危机5:惩罚百度云,高考400分能上什么大学
31DCB8893E721579BE87245C764B4B46,1,长乐未央什么意思,穿越之我为外室,倾安暖夏的小说,word文档一面有多少字符
357593EF738C7F8A56D031F0155ECDC1,2,一段奶粉和二段奶粉的区别,肚挤眼周围疼是什么原因,孕囊消失,孕妇能喝什么饮料
18FE6FE04A65F58B57EC4D9318021147,2,肺结核吃萝卜好吗,常见多重耐药菌有哪些,翡翠恋人什么时候上映,满天星怎么种植
CA714B3C434B07E401E42F88CEB42B79,3,以前的羊城普通月卡还可以吗,羊城通,ampe平板电脑,192.168.2.1登陆admin
1D7A9D554959A5D068CC6B05CA19210C,2,入党积极分子思想汇报,男主是……,王廷珠宝玛瑙手链,废后将军txt
960F00397C227E0C06DF5AC2A8098189,2,韩国夏星个人 资料,邢佳栋,aecs4,有喜欢的人了第七集
4EDFC2E78C89F636DF17EDDDCF8E0357,2,吸血鬼骑士,库课会计网,图片流星雨,在家学习英语英语翻译
398D25C4A3AC3FAACFC090A21DA7DA9A,4,重庆新桥水库钓鱼怎么收费,中秋节放几天假,汉章帝刘炟怎么读,银杏果中毒有什么症状
43B8EB9509FE9C6C130F3952BFDF81E0,2,驻景丸,乳腺纤维瘤的治疗方法,肾纹,骄阳似我下册全文阅读
D5036444603E37EC88328991B7B8ED00,3,西乡塘区,镇政府名片,沈阳,奥巴马抵达河内
407685B81AA52509647EBE7D568E1FED,1,返回键,烽火戏诸侯新书,消费满100赠送省内1g能否取消,湄公河行动
E573C9B0B2CA66E2EBC3C79C83AF1003,2,华硕,龙王传说,vivo手机u盘,家文化建设
25AEF4A4FAAF3A725AD81189B7B31329,1,吴君如僵尸电影全集,隆力奇批发,中通快递单号查询,边玉珠的绳子批发
45EEEBABF726D1EE963181CF274C7FF9,1,宋美龄痛哭宋庆龄,荣威350汽车图片,宋庆龄三姐妹,最新延迟退休年龄图
9CB4C63F7AFD1C82FB3BC4288C79BC34,1,safe and sound吉他谱,他是龙 吉他指弹,杜汶泽,晴天 吉他弹唱
A67F2DD180B02AF002AFC66AF47FAB1E,1,少女希尔薇老板娘,少女前线白学,腌黄瓜先生简介,剑灵亡灵的召唤任务在哪接
AF290E722F253266F24A30FA95927DB3,1,脸太瘦咋办,秋季毛衣外套,枪神默示录,月圆依旧
FBBAA8DE58EF805B91BE1CBBEA4E0540,2,福特房车,凯特,翟隽,s6 edge
B6B8E4924A6315B9F392A4ACD8B27A7A,1,飞卢小说网,神交是什么意思,羽濑川小鸠,貂蝉传说皮肤太仙雪妖
D59495DEBE2510DB2B089B7EACEB5F33,1,屏幕坏点修复,婴儿面膜真假分辨图,眼部精华液和韩束一起用可以吗,黛莱美眼部精华液进眼睛里面了没关系吗
974FB6082056BC0B874CB74B1075EF3E,2,嫦娥古代图片大全,卡通人物简笔画美少女,心的符号,王者荣耀卡通图片
B871C7AC33636A008CC4782959C6FD87,1,许嘉允图片,宁波能不能甩开青岛,宁波国际化,bambam为什么叫王污王
32FE8922591A1D40B2AB676E09C669B3,1,空间娱乐圈女主文,随身空间耽美主受文,金主在上乐文,刘嘉玲
5FBE59E8CE9D94F85BDDC8BD0C1E049C,3,oppor7手机怎么看vr,小辣椒,上古卷轴5相关,上古卷轴5邪恶视频
393362CF09BA25B0F2BFFF53F2CCD1D5,1,宁海金伯爵,金立手机放音乐放着放着就没声音了,乐字开头的成语接龙,道字开头的成语接龙
E6AC8B32F81DF1544296CE0852FC7697,2,剑网三包团什么意思,阴阳师 安卓和ios同服吗,南宫民,口红在盒子里会被摔断吗
18FD180EB5006D08DFEEBE0E069251CF,2,戏剧的种类,湖南特岗教师吧,湘教版地理八年级上册,湘教版七年级下册日本
47CC5D1FA8F7CEA6CE9144620BC923D0,2,城野,粒上皇可以加盟吗,聚美优品的东西是正品吗,比度克
01E428D00E2B19FA38D92F87C96DA91C,1,傲妃风1,尧,烨,全世界我最爱你小说米问问
9FEC8C9F836E02152720EEDBE8959AC5,1,狗猫鼠艺术特色,化妆品氧化,佛滔算命梦见男婴儿受伤,香蕉的功效与作用
DD739FC87F741561FDB8DAE2BDE89C53,1,门诊洗牙多少钱,思念祝福语大全集,父皇巨物不要了,普罗旺斯
309C2D6C0877A8DDFF3EBDEE066E48CC,2,刘嘉玲,下仆 韩国电影,ccdd女装正品2014秋款,脱发原因及治疗
0F029F0EAB84C15B6B52282ED3486112,5,png是什么格式,2预备役几月份退伍,部队大庆之后几天退伍,探探照片保存到哪里
6A19D340CC353B007F8029A49F4799F8,1,qq头像,王美人,拍照技巧,八哥官网
DCC41C11A8CA47E0466A22F4E4567565,4,身上痒是怎么回事,朵肤美白祛斑是真的吗,oppo手机前置摄像头模糊不清,榴莲不能和什么一起吃
BCF1F6EB2648F53D97E068491A44AB1D,3,找合伙人,烤肉主题餐厅效果图,腹胀,理财卡和储蓄卡的区别
A3A522E67883A26BDA3A337F0D61A34D,3,保妇康栓孕妇可以用吗,2013年出生的孩子是什么命,人体膜促性腺激素,美睫美甲海报广告图片
4D16E320AC177B96FC2531E03939E461,2,七小福,猎豹,元彪,堤葛县
DDF5F5C4E912F497CA1CC65BACCBB1E3,3,赏月图片,少女经期过长怎么办,月经期,紫陌
07B63026F50C4B531FFF6CDCC41AA45E,2,cad合并多段线,台电tbook16pro内存,水泥基地坪,电脑安装内卡4g为什么显示2g可用
C41FC282AE6815E82B445659FFC8A4C0,5,羊驼绒大衣女,女士牛仔裤,亚麻大衣冬,薄风衣 女 中长款春秋
6EA78E7F2E767EA8B9A56FCD52652CC8,4,头发烫坏了怎么修复,广发信用卡分期付款利息怎么算,冰糖雪梨糖水用什么雪梨好,姓候是哪个候
5B9F90968165EC9AAAC8C3F6F92C682F,1,apply update from adb翻译,用借景抒情写一段话,永昌金达杯比赛,不足挂齿什么意思
CCBA0073A171363020F8DAC43F618435,3,淘宝卖家店铺网址在哪儿,微信充的话费没有收到,吴亦凡约炮是真的吗,希腊脚和w型下巴的人好吗
AF5FDD8A2E73DB5B3C7D7C9AD80C3A45,2,安妮的口技,cf破天狂龙,当一个女孩心情不好要怎么发信息,抑郁症
8124D7369EEDD08ED1A489CA0B518221,1,租号玩app,青之驱魔师同人文,邪恶小说排行榜,类似电影世界冒险记的小说
2E0991B0E259F9AEBD79C78412DB93F1,1,方便ko播求,唐唐big笑工坊,余罪第二季,echo回声
7D72332D98C25CE1F67D5A9C8F46648F,1,移动怎么取消夜间流量包,恚怎么读,热痱子,哈佛h9
A9A2D6D149F22E722346149AB8355013,2,奔驰多少钱一辆最便宜,panda 牌子,软妹 中文歌,印尼用美金
D414D76A37E3DB6F6A36A943381B711D,1,英语口头介绍,康熙秘史里的惠妃的结局,喷雾的作用,对英语一窍不通怎么学
A29289AE58862B5553A887A5A046ABE6,1,电脑怎么看充上电没有,jhop,重庆城市管理学院贴吧,月经推迟吃红枣能催
0DD35BAB6DC1A585ED457BFFE3D1DEFA,2,月球,火星直播江苏卫视没了,请回答1994成娜静老公,隐形床实体店福州
B6ABA70A8C79C9BCC09AF4BC9265B24D,5,奥拉星奇灵王,四季的问候,左耳灌水怎办,tfboys的歌曲大全
4F14C3D2D48838AA5391010AC0C55CA0,1,第八套 遗传因子的发现a卷,给老师的中秋祝福语,双氧水的性质,金太阳全国100所名校
A2004035E64D2F00BF056B8C30EEACC0,3,鸡蛋和牛奶成分一样吗,切完辣椒手辣怎么办,甲珠,幼儿中秋节绘画作品
840BA2B9B7D56E609475F32C84825134,2,蚩尤的守陵人,狐山小红娘41集,oppor7007多少钱,来电提醒提醒您您拨打的电话暂时
38FAA922FFDFA678397E1114E97AC18E,2,男主重生悔改的文,医院见习实践报告,dsa是什么检查,宠眷的稚齿情人 txt
602E1CE29C8E0A4540A4B10F15CD3A0A,1,美色天一生水,金泰吴,小提琴简谱图解,学分有什么用
BC713FAD6DC0A18A946D26E24BC04788,4,梁氏图腾图片,笔记本电脑多大尺寸合适,液压开孔器维,校园修真狂少
76E34AC056CF0026650969ABB233F433,1,郑州光大银行地址,西四环光大银行营业厅,小米2平板电脑,手机怎么看wifi配置好不好
B8C04D592F2E179386B72C5D48A8B263,2,伏尔泰石膏像,环境设计考研考什么,安阳三红烩面,听说你爱喝王老吉
45BB0920B76CD8E5B778E1768B0D2856,3,凶痣,人生哲理图片,月空无得,西沱动态
87B3B0D3F88B0AD9E0AFB9AB1B63ECE8,3,庆国庆的手语歌曲五星红旗,临汾建宁医院,简单现代舞视频,搜狗浏览历史记录在哪
88FD8E7FB4D3F7BBBA51C53A3507EFFE,1,金华职业技术学院在哪个街道,win10右边的,白色笔记本电脑,郎酒红花郎价格
10E54E47181E11A9E5620B951B292B54,2,机械原理作业集,刚自红,灵幻家族电影,我脑中的橡皮擦
6E09AA83BE4A332CC562A7725344A9D5,2,杨绛为什么叫先生,龙的成语大全,团结的成语,四川工商学院
C204661F665F6E3CC142C2F37C00C04A,1,skinlife祛痘洗面奶,四国岛,酷酷的代课老师读后感,修仙之第一女配
E0458197FCCC9286162E22AA170B09E5,4,铝合金纱窗的工艺,金海马集团,衡阳愉景湾户型图,华典清风家具
B937DBBB8938AEEFF719D3A5442757AE,1,热高门票多少钱,日语二级是什么水平,堕落女神可恩后续,卡姿兰唇彩套装怎么样
37C6B86846D30A62D14AC1C3504D2030,2,手机qq音乐付费音乐包,4000左右的笔记本排名,宫本武藏守望先锋,百度云破解版安卓
B076182366961AC7796379978237245D,1,乌兰浩特,百度,阿拉善,despite什么意思
E1A2A67F4970A59A44F55E77BDDCF557,2,再考虑考虑你不能这样对我 没有你我活不下?蓝鸟,北上广不相信眼泪,ipad air,没有你我活不下去 祈求你的帮助 我要把你留
7D18ED770019BE98BF0F3C76EC540C8D,2,红旗h7,厕所的暖气要装空调吗,湘雅附二网上挂专家号,蓝屏怎么办
E373A1CE5AF31AA1F1B0FC45B06D8A6F,2,洪世馨,枫林绿洲到省二院,狐妖小红娘第二季漫画,闲鱼
4E7E782484A9A49E5A893C3781404D8E,1,三次考驾照没过的心情,艾滋病患者用指甲触破你的皮肤会传染不,肺部炎症配点消炎药可以吗,耒阳湘南监狱
9062070BFCB9C9CA248A72D19AFF7BCD,2,夸人的话有点创意的,惠来鲶鱼吃人,游戏姐妹两字大全,穿越火线积分赛枪械奖励
BE5FC656F663A65340C899BB13A78FBE,5,武警老兵退伍卸衔,曹云金再讽郭德纲,刷卡手续费今下调,南艺新生颜值爆表
2AA534B2EB1F5951FFAA934B6D8A500C,1,宝鸡机电职业技术学院,打胎药多钱,比较段的头发可以烫嘛,运动鞋配裤子图片
FAC256517EC939E26EA42B98F953759F,2,真三国无双3十级武器,行尸走肉第三季在线看,鬼父百度云,追凶者也
B50F695460F8C7EC608B94BC4BE48913,2,风热感冒风寒感冒区别,耳朵后面总是起皮,电视时不时花,子宫肌腺症
C9356EA77EDD39CC3DAB70E7A62F2EFC,1,软件技术专业就业前景,日本会笑的狗,成人大专就业,哪种电脑包安全
5DD9DD942F04CF10CC90A8CF1D4D7B2B,1,大数据时代,不够成生产用固定资产成本的是,种禽属于消耗性生物资产吗,复合计税的应税消费品包括
EDEDE558960585D3BF3C20448FB7D02F,1,法斗图片,3g体育nba频道,长期医嘱书写规范,对二氯苯能杀死蟑螂吗
258BD3ACB9CBCD64C854A25831BB7306,1,笔记本电脑什么牌子好,手机优酷怎么改名字,我是特工,不打狗针会怎么样
8A452D21B3CCC1CFBD2C8136C670247A,2,诛仙手游前期阵灵获得方式,鬼王聚灵咒,蚂蚁花呗怎么开通,青云志开服表
D6E0AE023AC528C56B7F664EA69BD87E,2,厦门旅游攻略,梦金园黄金多少钱一克,2016梦金园万纯金价格,六盘水
D846D7CD5031195FED5C897A28D2B811,1,单克隆抗体,邓肯,北京体育大学,大脑缺氧怎么办
D0AFD908BF3F6E98156C80ADFC436901,1,曾高药真的有用吗,世界十大喜剧片,喜剧总动员第二期嘉宾,郭德纲我要幸福电影
7C78E16AED782A2183FCAE140409EB7B,1,无主之地2避难所宝箱,创建vhd是什么意思,z7d3有多重,拜金一族观后感
BE034FA0525D02D164451DFCC5872900,2,长沙房地产公司,顺德,日本井田唇膏,word页眉页脚怎么让每页不同
ECF45100080A7E9E63F6F3CB4B61D3DA,4,英语是美式发音还是英式发音,英语读音器,海绵宝宝绘画图片,幼儿英语教学视频大全
832010A23A0D6E2C35CB164442BB28F7,3,帖子评论员是真的吗,什么纸尿裤好,叫面包车电话,附近福利彩票销售点
48E7CA485E9D0DC4D35767C6A0BDCD4E,1,三续金瓶梅,三星a9,贴面膜图片,裤子架
B264A0AA0B66475FF9FF3D56B8FC03BD,3,北京117,宏基k50,天猫商城,华硕顽石4代尊享版
46F1353990385D7054E9821691EB889D,3,twitter官网,gnc folic acid 400,cx4,韩国留学回国人员证明
96CA8F5AEB04E92E5DB9946938877D89,2,绝命毒师第一季,理想气体函变,360云盘,做爱脸上痘痘会消失
CF4DEFFC3F9EF86D5D73C343AD4ADFD4,3,做梦梦到对别人生气了,电饭煲的元件坏了换要多少钱,沭阳富贵园小区地址,宝宝和尚服裁剪图
5BB61236BB3B3BF67475481D9A6559AE,4,月经推迟而且小腹疼怎么回事,keys 是什么意思,苏州拉手网团购,brita滤水壶
80756FED280331ECFF45F1F28C696C89,3,龙之谷手游,百度,向佐,西雅图
963F1138F917C94E0F587A26901DA0E7,3,轮毂好坏,大乐透,牌照能过户吗,治疗胃炎最好的药
A3D4DE002C1D93DD5B822CD8EC7FC7C5,2,逆战激光箭,win10系统还原,逆战,win10系统出现0x000007b重启后又是这个怎么
79B51FD9F56AA828D8B55C0FD8E538C0,2,洁尔阴多久用一次,妇科检查白细胞酯酶阳性,不规则阴道出血,乙肝携带者可以隆鼻吗
61CB463585BB2C79FB20D9D403471D7A,3,史秋捡,三字经全文,zippo定制打火机,周口市教育局
6D7690A45F92C398080AB792194F4B19,1,请回答1988嘟嘟韩剧网,联想天逸100-15,百度,联想天逸100-15ibd
79B52E1E90208FBECFE29B5540D998D1,3,三叶草短袖t恤厂家,阿里巴巴注册开店,abc26个字母大小写,包装盒厂
9DE790C90F81EE9079478B00F7559224,2,微博怎么通讯录找人,183-2663-0429,上海10号线,标准差
65F7DE95DCE151B1362318E57CC942D6,1,西安ulife免税店,南宫珉,角质层薄用什么面膜好,重生之名门锦翠
3645AB6B554072A33ECE22827A68C045,3,夏尔丹,阿尔贝节奏,比莉 哈乐黛 孤独,列宾
F62692E96FE0CC6C0232E9A7CCF684BD,1,中秋月亮,dnf手游,时辰,小南瓜的做法大全
A17CDC1ADD584B915C184543BAF9D731,2,俊男坊,婚祭,主要的英文,步步娇
1BF760942FD35B2DA41AC7BEE9D7F320,3,有一个知冷知热的人就是幸福的句子,封面图片,心与心的距离句子,脚气可爱图片
CD0A1C2D8618D0673832FE3EF6A6E3C1,2,"长官挚爱,甜妻恃宠而骄1002长官挚爱,甜妻恃","剩女大婚,首席总裁的宠儿",脚垫病图片,6903321618920
3515FCFF846CBB5CEC1FEED64E908CAD,1,无限挑战权志龙,自制口红,追啊追啊追啊是什么歌,错了性别不错爱
491DF6AB5ECD06DD7B3D8150808DDB65,2,自然乐园蜗牛霜,吴亦凡卧蚕,廖俊杰,韩束面膜怎么样
4EE4BDF2EC1CD86A73374698E519C851,2,乡间宅斗,英文歌小镇,百度,布洛芬
5F9861B67EDCC46A360F7C37F780DB5E,1,炒豇豆,"最初的爱,最后的爱",安东·尤金,游戏中心
9FB94EF5EA0506DED5DFA9CFA5ACE72B,4,读书笔记大全,平板,移动18元套餐介绍,法援案件还交诉讼费不
50F3568212C98B733807073893B78646,5,狮子座适合戴什么,站立辅助工具,高二适,蓝牙耳机蓝灯闪烁
A3A0A1C24C0A89DA7D34D391E28729F5,3,合肥汽车销售人员,鹤壁经济水平,百度,泊美几折销售
770D3DD6A4251A2FBE95C6C55FD2A150,3,姚贝娜死亡现场图片,头发长脱发,第二套巴山舞,苹果七在中国的销量
B719E3E28358DB3FD00BD1432A0276A3,3,怎样才能加入更加好微信好友,怎么制作灯笼图片,怎么制作微信截图王,污镇版微信聊天电话对话截图生成器
D3A0AFCEDC663203312230D7E4F34899,2,女主跟叔父要钱,女主是一个落没家族的失孤女,鞋带的系法图解,三顾茅庐图片
9443E9CCADFD5C81A87725879FF4D18F,2,喜帖街,小宇,磁悬浮列车在哪,愿世界温柔以待什么意思
C4FDD4A45CDBEC8040365291D2710D39,4,香蕉恐惧症,有什么好看的丧尸电影,范冰冰李晨缠绵两晚,人肉米粉
B88ADE59A427AF192BD27464A1E0F72A,2,鼠标卡在左上角动不了怎么办,玉溪客运站时刻表查询,怎么查手机是不是全网通,黄马褂
591BA63E65109A962DC267B0F613AF2B,2,王珞丹,魅族2,075584527511,王宝强最新消息
6B9F73DAED2410508E5886593A9AFB92,1,qq头像,龙一仪,林妍美,马苏图片
F61A4ED4395FB9DA05CEEDA6F877A4B1,3,初高中衔接数学,翡翠为什么比水晶贵,手机怎么解锁数字密码,化学初高中衔接教案答案
57DFE17C2EA86A9E49FE3DDC696C8E40,3,球球大作战兑换码大全,小莉胖子珍珍志强一部电影,第二届大陆会议决定建立,休闲裤
ED4EEF41959C969E07E887AD777A9B8E,2,10元5包微信红包群规,企业创新标语,大姨妈来了能拉筋吗,"听说你把花草也修剪好,我就不敢把日子过得?n1证书"
10802D5FCA966DCAB09BEDEE0C28C731,1,宅女,百医百顺化妆品价格,百医百顺化妆品怎么样,使至塞上ppt
C5DB89BAF35AB795BE1BB61E4411EB73,2,招聘网,电动门没电怎么开,吻痕怎么快速消除妙招,变异危机
4EE283D28F4DDC59E6205F485D7C38C5,1,主机版古墓丽影崛起有没有中文配音,星际争霸1重置版,游戏加加占内存吗,索尼总裁
4DA1A15AC39489F5BB2EB59CCF6B3808,2,将设备模拟运行,taaveler,手机投影到电脑,aptio setup utility开机启动
15D34E681B8AB3689EF845B9B3840530,1,鹤壁市102路公交车路线,数据库中str是什么意思,手机腐书网手机版,"双生情缘,霸道总裁温柔点"
8E2E1388C66B42DBC61A7A8F7F209181,3,男士内裤什么牌子的好,宫颈肥大能治愈吗,近视眼激光手术,盆景树叶子发黄怎么办
C27EB8C5BCCD0A1DEB171F41B4159B4B,1,军训努力目标,中秋节的诗句 古诗,交通安全知识资料,学校安全知识
85D0858CE0C1D2CC9179E1C0F0C4D7FC,2,b&o耳机,大乐透,我想你就现在大漠中央,u盘装系统教程win7
1F6F5D68E7559E6598C84B4DCD8C74CA,3,百度,刺客信条兄弟会怎么做衣服,刺客信条兄弟会刺杀,笔记本电脑w7怎么装
E7253A8373C3ACBD6BDA680AD2D93AEE,2,相亲之后小说类似的,一千零一恋免费阅读,甄珠小说,暗恋小说推荐
54B434A073873878F9D8C4EA2ED743E6,2,为啥乐视1s的网络信号不好怎么办,ps中的快捷键大全,半程马拉松多少公里,大学考会计从业资格证有用吗
3E8E0B6BD617E56B41E4AE660CB21893,2,王迅,my hkust,哈萨克斯坦,身份证可以代领吗
1143223A779C08A6E8F0E357A2190800,1,京东打白条退款钱会退往哪里,笔记本i7处理器多少钱,戴尔灵越7447游匣,太平洋电脑网
7A253942C15F80ACBA46F801B4719C0B,1,杭州g20峰会,北京时间,孙中山,改革开放为什么没放在江西
A4D516877895FF2F3B926D2CBE5C2050,1,问道手游再续征程礼包,英雄联盟界面截图一片黑,什么英雄克制螳螂,单人旁怎么打出来
792C24A283BC73A5B028C55C325CEE15,1,情侣名字配对,王者荣耀皮肤先后顺序,小花结局,说话慢的那个什么小品
C25D59ABE5D75EA1727F90AE3FBEBFB8,3,宝贝你好甜湿,新生儿贫血是什么原因造成的,借不借是别人的本份,美赞臣官网
408DCB3673F7EB8830A7D60EBB1D3CDB,2,教师个人简介50字,广州开往石岩的站点工业区在哪,石岩工业区有哪些,西安市属于哪个省
E5897BAE6574027022A040366A2F581C,2,为什么怀孕脸上会长斑,女方不孕不育检查来月经2-3天抽血检查可以?天猫魔盒插上电视没反应,百度图片,暖宫七味丸的功效
ACAE2B2D88E5A236DD62E0E9B4C66332,2,查12生肖,1995年正月初六,大专文凭考公务员可以哪些职位,温江到邛崃多久
F4A6354E79A163C59B58D6A1460BA6D3,4,佛说放下执念的句子,放下过去的唯美句子,他社区虚拟屋男性下载,痛到哭了哭到累了
AC5D3E6AB88576E26A26B486DD173B18,3,中级会计考试题目一样吗,学号不好辱骂老师,老翁徒手击退黑熊,贝蒂
803E370784E10AE43B10EBEE51BBC2D7,3,flag是什么意思,大声唱歌会引发流产吗,孕妇能吃香瓜吗,天下3论坛
06EDB55974525B52ED5CBE32D9C8A8CB,2,鲱鱼罐头为什么有人吃,狗多大掉牙,非牛顿流体,鸽子拉黄稀怎么回事
539863BA98BE281E3D9358C504AB2E1D,3,酸辣汤,天然气热水器打不着火,英文翻译,吴秀波
64675138516BBD25CC4BF4551601219C,1,怎么用化妆棉做水膜,广西医科大学教务处官网,德邦快递怎么样,挨蚊子咬起大红疙瘩1003挨蚊子咬起大红疙瘩
93670E540CFBB165331F179B2944605C,1,素描图片简单一点的静物,中文雷鬼音乐,马骙图片,南通金沙镇汉学院
2D93546106AE3B5CAB3157F6AB61C5C3,1,魏晨,微微一笑很倾城插曲有哪些,怎样,廊坊广阳区中通快递站点
40D7C84C0D58383CAA0F7639F074B7B7,3,红米打电话对方听不到,硫磺药材与无硫磺药材,奥马冰箱质量怎么样,新丰县潘小定
2B2D75488BB3405394B1B41C179E8EBE,1,高港,宝贝真乖类似小说,绍兴怎么到香港,泰国的化妆品
37DAD54115251BCD044CD7D5004FE698,1,火影忍者主角,9d虚拟现实体验馆近视眼可以玩吗,"再不斩和白,雷牙和兰丸",宇智波鼬和宇智波佐助水厉害
07FD5D50829FD0EA7F9ABEE0D076763A,1,兴远斋真的是乾隆,林允儿骂jessica,具惠善,李正信南柱赫井柏然
4AFCA7841D7DCCC7F06E5F2B591B9393,2,凶狠表情图片,软件,吴冠中,舞蹈分类
CD0D4849370D7A5F02E6394457FA1975,3,常州租车多少钱一天,组装电脑,顺丰快递电话,上海中卡智能科技有限公司
0E0ED552C34089894671A30F44E2599B,4,玩具猫英语,小别离直播时间,空腹血糖正常值范围,自我介绍小学生
9AD83D6235E5AC0D7D2B018F92174562,1,亲情满屋作文,我的世界怎么去月球,透视神眼林飞全文阅读,英雄联盟七百年后
EC8F7EFDA2E4EBDA82C2422143424CE8,2,淡奶油可以做什么,手相图解大全女,廉政公署,小拇指有四节
1238C68C0C3FEACA16E00FCA50C49359,2,拿来主义主要的意思,辗怎么读,拿来主义举例论证,缕的拼音
6784C964B311BFC9D2BE718EF0AA5D9E,2,最近好看的小说2016,大学贫困生申请表啥时候交,集趣网骗人,禁忌咒纹
F988FEFAF18CCE5392D2AC8B78E3849B,2,阳光分期能取消不,implement是什么意思,阳光分期取消订单,中软高科实训靠不靠谱
8FE7B3051C76995566D280ADA977E2BD,1,dnf手游,安和推广送手机真的假的,dnf掌游宝,步步高vivo v1
8C86E24141CC2A4CA1EA4A926D7D9E45,1,以前的网卡坏了换个网卡要做些什么,光盘pe修复一下多少钱,贝朗早餐饼,婚前试爱
79034494BFAE6C0719D40CE1B177BA56,0,葛组词,猴子用英语怎么写,珑组词,挖掘的意思
6ECF035E295663ACC358D102CA8F1492,1,曝黄海波低调复出,头皮发痒还爱掉头发,残奥会运动员身亡,陈赫
48ED84CF3021330BCED914C5558B832A,5,王仪涵,紫燕百味鸡,ip地址范围,谢杏芳
D0A1A50EE2E36CEB3155F84B896BF946,1,烟花惊艳,高中英语必修四课文翻译,http://,抑郁症
7D54ADA885AB76CE3C3BB14F42FDC8AC,2,趟组词,恋爱暴君ova1,恋爱暴君ova2,谦让的故事
7439A0CCEB758A21BD1A42A1EB52AC45,3,瓷肌产品 收缩毛孔,帮助砚山县者腊乡,126邮箱登录入口,文山哪里好玩
60493389819470DD3A7D12E3BF2D8D89,2,试婚老公用点力全文免费阅读,石家庄快35从南郊多久到终点站,卡没下来 掌上生活额度5000是什么意思,私办的的幼儿园老师不是正规的公办的幼儿园
B7690B20831BEF22A2DD9DA93E63EE43,1,虎牙直播虎子被打视频,wwe十大失误,网红陈曦,安东尼·罗伯斯
3600A2573BE49A24E929FD392CFE84FA,1,点线面建筑构成图片,52222419970913461x,贵州元度家居汇建材有限责任公司,跑出租车需要什么证件
E9FF196EA2EC8A835E73889745C7A350,1,高粱又叫什么,怎么开通校园无线网,大学兼职一般做什么,单招哎统招分低吗
237065FE20474ED536FC5B014C14C785,3,红牛图片大全,改装电动车视频,西游记之三打白骨精,夫妻笑话
29A74C16FC514CC1E88755B3563409D9,2,脚踝上的骨头又肿又痒,家事英文,乔布斯,麦粒肿
8C6967A5A5FFE0191A31FF6B82877FBD,1,梦见爸妈差点死了,三邦邦视频致命的诱惑,花酿隔离霜怎么样,梦见烟火
88E78F1DC88DD5A331F98D2343741016,0,悟空 戴荃 歌词,不能说的秘密电影,顺丰速运,献世国语版
9A31341F3032AA6D645FFD8F073BF1C4,1,奥黛丽赫本,织田信长,恩知乎,恶魔的伦理学下载
F2E5F265EB93558BB26056625DFBB771,1,少妇白洁全文阅,腾讯安全中心,狗的皮肤病传染人吗,qq自动抢胶囊
C91FABFC6716069CA0AE8316537B512A,1,德玛西亚学堂二维码,暗影之拳,微信,打屁屁视频 辣妹网
DB0205399FFD8BBF379E2B7D09B1CBD7,2,喝柠檬水有什么好处,做泥膜之前要擦补水吗,皮肤黑穿绿色好看吗,长痘又黑
1E65EB02FADD7B56EA33ECD56B7CA838,4,滥竽充数的引申义,者组词有哪些,s925纯银项链,漳州新元路
D2CFC2BDE3473E7A01BABC28CCC7051C,1,哪里能下载柯南,女皇嗜血类似的np小说,临近毕业作文,疯丫头元素周期表之歌
755A7FD1BD01BC2634A721DA60892F1B,1,m糖豆叫什么名字,穿越火线手游卡顿,手机号码测吉凶查询,网红天佑最新消息
70CCC2EC31B9876221C89D6C478C4B1F,1,戒指戴拇指是什么意思,男生戒指的戴法和意义1002男生戒指的戴法和,阴历824号是什么星座,盲僧壁纸
43F8D9337F15EC5207E2E27E6E2A276B,1,触不可及,文佳英朴灿烈吻戏视频,6399电影,恶魔的法则结局
91131FF241C8058829A113F8D1637835,1,极限救援,c语言,沙河路,乐视
80F45707E8CB634B8ED828DB71CB544E,1,南昌理工学院,vivox7支持4g+吗,走马,游胡耀邦陵园有感
D95E387AABE2F6945D7A673ABE28F8A5,2,童星代钟悦,代钟悦,火车站可以提前多少天买票,予你怦然欢喜百度
37932901E8DB399089441BEE641D54A7,2,陈伟霆快乐大本营20160917,不愉快的果实结局,萝卜苗不能移栽吗,陈伟霆演唱会北京
77FD7AC89BC1E5A5C87902A8DABF7D67,3,乐视2x620手机参数,优尚丰,皮肤干燥起皮有痘痘,塑料桶能装黄酒吗
4481048324831E2A06767863AEFF1AAF,1,明明说好不哭,神经炎,百度,深圳西冲
7B077E798D5537FF36651E9DA6DF289C,2,"北京赛车pk软件安卓版,哪里有","拍拍贷借款1000元,一般什么时候到",龙珠激斗开服表,龙珠激斗双奶
FE14EA995BDA842F52FBD79D1E4E0A0E,1,男士裤腰带哪个牌子好,名侦探柯南剧场版21,骄阳似我下册全文阅读,大武口哪家有炒酸奶
B3888762248DA2AF8CC72C2BE6AA654E,1,重庆医保查询个人账户查询系统,激光美白多少钱,淘宝可以微信零钱支付吗,我的邻居是exo女主
C0806D336929B4BCE6D28FFFD2760AFA,2,预防溺水的措施,厦门植物园,吃黑米有什么好处,微微一笑很倾城大结局最后接吻的背景音乐
7E38B210B912527B0286BCC079012D4D,5,gle到底,外星人970m 可以vr不,奶轴和银轴,忠诚宝宝打什么技能书
552C44C0C0D0C14B7AA7CC92E75BFEBD,0,电脑配置网,飞机头发型图片,侠盗猎车手圣安地列斯秘籍,奥迪a6图片
2866CDBAF22263AD1FE9D6420FCFF484,1,晨昏辛夷坞,破产姐妹演员,韩国ulzzang,吸血鬼日记instagram
2689F29082A56464C187390B8A36BA38,3,东北马仙,我是歌手李玟nobody,余罪第二季,解放后反特电视剧大全
0634826BBE94150B5C9BE42A186BF89D,2,如何打开烟油瓶,面膜几分钟最好,刚睡醒洗澡,香奈儿香水coco小姐
EE4A4895593A3417D8A7CEB30BF93BAE,2,理肤泉b5,建行的凭条怎么判断交易取消还是成功,没有订流量包但收到了短信,取钱atm机自动冲正
4C094B548F4CCD4A1ADE1290ACDF9A2C,2,医见钟情 我的老公太高冷,ysl圆管12,众泰z700,快乐大本营2016
83738ABBFAFBD65D623E351C48B16482,3,汽车油门不稳忽高忽低,吸风散热还是吹风散热快,电磁炉与燃气管道能放一起吗,大陆小明看看加密地址
FD01B62723513372A30C46D94FB1538B,1,虞,欧贝斯防晒霜spf28,视力4.7是多少度,水杯
8250FD084613C3D81BC39A7B8BB7F01A,4,艾栗栗资源,怎样让精子和卵子结合,涡轮增压和自然吸气哪个好,长安福特
EDDA2E84378136F43F5BB7F4BA276641,1,万宝路黑冰爆珠,俄罗斯万宝路黑冰爆珠,百度,万宝路黑冰爆珠哪里买
36142BC5F26D37368C6E853C88BC329F,1,小小地狱之火组合,触手邪恶手机游戏,御宅伴侣安卓版下载,二次元头像男呆萌图片
7C074482EBCAB3492842069A95FF2C03,3,看片软件,日本的护肤品什么品牌好,脸上毛孔粗大怎么办,麻城开的的士需要什么条件
DE5E6656C4E64D37520DED70A85D6EF8,2,"下列各项中,属于会计估计得是",拔智齿能瘦脸吗,http://pan.baidu.com/s/1sl5wbdr,恋之罪在线观看完整版
A12215F6323B7B2DD0BD041EE1659E1A,2,计算机是多少位的含义,凡班,中国考研网,鸡眼初期图片
6E80A21F3EC5565CA18E4C14D0CB8AF2,2,好听的有声小说,魅族无线耳机,一加社区怎么删帖,魅族耳机ep51 嘟嘟嘟响
16BE879E48F5D4019E21D7A519584238,1,魅族u20图片,我国应收票据包括,vivov3l和oppoa37t对比,用什么软件可以测娇韵诗生产日期
C495F47C3BC19C7CD8D569F67F931369,1,死亡之虫,74a是多大腰围,r9怎么在桌面显示天气,狮子跟老虎打架视频
FD21EFE4A35E1A0E99358C7041644C53,1,法院的传票可以拒收么,y526列车时刻表,打官司律师费要先交吗,华为售后服务电话
FCDB95031134082F73ECD0F8EAAEBF69,4,正版耐克运动鞋,江一燕的照片,百度手机助手,大便是黑色的怎么回事
8922D791A334410176AB0C417A844ACF,3,挖掘机视频表演绝活,wiiu超级马里奥制造,汽车动画视频,减肥食谱一周瘦10斤
EF828B7332B0906C265884520482A267,1,维塔利·弗拉达索维奇·格拉乔夫,一树梨花压海棠,反派boss养成计划,妖界yin游记微盘
F536DEFBE32E626A4387B8A0A37E10D5,4,页岩气和天然气的区别,95512 是什么电话,海滨城app,芝麻信用在哪里查看
FE96DFFE8856D2F792B5C49ED326FC78,2,宁波到蚌埠,newleft,顺丰快递营业点,使用面膜前需要的步骤
6AE096956365F0991AF7D36710D0BF4C,4,郭敬明,c语言,沙县小吃罂粟,寄快递怎么算钱
0FD33115B9325984F639ABB5FAD699B2,1,《生命有明天》饰演宣萱的老公,徐若琪老婆高宇,如何打领带,毛琳
E5E38E195A220DC87F58D435DC0D7C79,1,迪奥口红保质期,那些应用微信支付,琵琶语简谱,百度
452FC95E519C1FBD05792951024928FE,1,在卡盟刷的超级会员怎么会掉会员卡,中国的儒者将孔子看成圣人,一元夺宝是真的吗,手机银行和网银有什么区别
AFD34809F47D95E21CB536F04236B340,1,手里的书舍不得放下,文革老药书值多少钱,学号不好辱骂老师,中藏联盟网
8865274ED2221540F242E2348748218A,3,创维电视代码在电视哪里能找到,电脑隐藏的文件怎么找出来,创维14ns9000电视怎么配遥控器,小米商城下载 官方
A4243D0E4FC8F4A125C368BEA97E2D4F,2,英文翻译,化妆品欧诗曼,郑爽照片,相濡以沫歌词
A9CAE763D7E51C46A0C1B64C5D3AAB6B,1,英语作业本图片,感谢对手作文,乐视,低头族1200字
A71FEAE46EADD8357F8FA85C7D908B80,2,怎么哄巨蟹座男生,非好友qq空间查看器,怎样防止黑客盗取qq号,电脑黑屏怎么重装系统
E714AABE48C57D9790F416B2CFA4D8E2,6,应收账款余额百分比法例题,先进先出法公式,多级列表怎么设置,抑郁测试题
A8C1DFA2F56089107BADA963AE487BE0,1,表格模板,安徽含山,守望先锋多少钱,黑子的篮球第二季
E5C91651F1657A9198A109B42385E89E,2,大专会计有什么职位,"就一般意义上讲,资产评估具有的基本作用是",杨洋的女朋友,兰州工业学院招聘信息
ED2E5BC2F7BCED571B25D895AACB3F89,3,秋天适合去哪里旅游,军婚,冰种飘花翡翠吊坠,白鹿原影视基地
D9A8160322B5E68803A09EC49C1CC086,1,qq头像,侦探英语,flappy bird,笔记本电脑什么牌子好
404B9220E8118AC0888448EF1ACC3C92,2,二寸照片,beautiful stranger音译歌词,北安市手机区号,拇外翻手术最佳年龄
6B965B455A485A16BD15DF0A891AD31B,1,妖精尾巴漫画,穴盖头的字,红米pro跑分,蛇杀手电影完整版
AA1FA63037488100F3A65B99BC8A4A3F,1,孙悟空,美团买动车票身份证怎么激活,变身女明星,武书连排名可信吗
EF0DCB82E42267DB7B431CB2539DF338,1,白云山西门门票,广州地铁9号线线路图,东圆,aj
50BD8070E60259D559D79495A598778A,1,程思佳 中国新歌声,西北农林科技大学,升学一网通登录,白冰
E05D03D88E30ECC98D4A2908B5B4D383,1,男人眼下有痣代表什么,再分化与脱分化,β内啡肽对学习,清华大学生物医学工程
9F73850B703B831D3E8E3531ECA9A01C,1,biodegradable tires翻译,socially,campaign,杨洋上过哪几期快乐大本营
7F4D27E486FF6A7645F8533C76DBB5DB,2,电脑鼠标点一下就自动点击许多软件,皮肤白度卡,w7可以用ps6么,小栗旬
08B6FC003E0E6975E879DAB5B28AC019,1,27度穿运动鞋行吗,电信手机怎么充q币,世界上最大的蛇,湖北武汉电信手机充q币怎么充
48C3FD6B2E2899ACB00206767EFACACB,2,电脑充满电了 还一直充电好吗,朝五晚九,青岛职业技术学院官网,肺活量小有什么坏处
6828FD99922F9385985BB492A35C11C0,3,吴锡豪,名字打分免费测试,孕期必备软件,潮汕话在线发音
B7432AC009686FEE709EA31CCE48C02C,3,qq头像,怎样小一件代发货源网,怎样把游戏弹出来,男生qq网名
4DC7831C8CC891E5953AC83ECE16E7B3,3,迪优美特a20参数,安卓v6省电脚本教程,安卓省电init.d脚本,dd-0.5救砖教程
5F9438F9F0D45CEB1E5733044FA7125C,1,孙中山,中国人午餐吃什么,美国人午餐吃什么,日本姓氏 好听的
8DF7FABDA9A5757AEB12BE05DC9EC09B,1,北上广不相信眼泪,炒玉米粒的做法大全,925银多少钱一克,心理抑郁症测试题
7C7152E281A188B278D8FA62081CCF72,4,感谢老师的作文,龙王传说实体书,龙王传说,秦时明月之君临天下
A0F88DC09713D9507F34CCDF825E0AA2,2,我在世界中心呼唤爱,黄真伊床戏,韩国食物链图片,抑郁症
54BBCCE7CBD0992799939CB012646E91,2,爆笑校园8,毛琳,九阴真经手游生活技能,御龙在天什么获得银两
1050D78323C11BD710B3A2D4CE534049,3,宝宝头发立着长是怎么回事,北京一里香爆烤鸭,果木烤鸭视频,开店怎样营销
F37D4017AB8D622B35C026D9622F8457,2,盛开,张信哲太想爱你下载,进击的皇后txt下载,夺宫:美人祭
8C4A5F2289AC5116658FE5F5259F9501,3,如何清理洗衣机,狂犬疫苗多少钱,韩国霸气舞蹈,炒黄金怎么炒
EAE3DFC30F406DDC888775AA8F8D48DF,1,死神觉醒超越,烧饼修改器,网上骗多少钱算犯罪,怎样让小腿变细
623DF3628B50CB08EB976C7C141F0084,1,老九门电视剧35,世界足球2016,中国第四军医大学录取分数线,笔记本电脑什么牌子好
BDFA9C152622E8135041B76FFD001009,2,养味哈密瓜味,天刀慕极,天香头像,天刀薄和泰在哪
A175FEB332FB823FC934EA5618FADE3F,2,步步高家教机使用方法,朴槿惠提早回国,那拉番号,出国劳务
517F63944851790A7803A9F5F90AA819,1,白银连环杀人案图片,滴滴快车怎么取消免密支付,刘嘉玲,三栋数码园有什么厂
46640FB6F6F968DEBFE13983DD35A486,1,张玮,奥大喵,攻亏一溃,鹜组词
8365E2DCCAB163BCDACB7096C7E78144,1,腹肌轮使用方法图解,有什么情侣的东西,娜塔丽·波特曼,露阴癖违法吗
2012C4800CA33E7FD4A90D939672A3BE,2,杨洋的绯闻,固齿,魅族pro6最新系统版本,qutstanding 红酒2009
F0163A53DDAF79D1511D2409497BEF18,3,金银潭到武昌游乐场地铁几号线,盘龙二小到哪里坐公交到中山公园,步步高x5主板x5sl可以用吗,浦发银行信用卡账单日和还款日
DD04FDFB4D342D035A5386126B0CF960,1,剑三惊羽决视频教学,浙江旅游职业技术学院招生网,剑三那里矿多,剑三那里打钱快
49B070B51FD3D9CE252BBE83C16CB470,2,行楷书法欣赏,田英章行楷,章启月丢了大国形象,刘结一简历
65DE7B36028057FF33C363876B054E9B,1,传送带补充练习 如图所示 皮带始终,乐学七中,一次用不同的洗发水,saber
35C3430E54DB90C95FD4B1B4329BEF5D,1,南昌大学图书馆,建设银行,贡江镇民政局在哪,圆通
ED36E7F06A1AC485920CA77FF85E9DC2,5,开轮胎店赚钱吗,丰晶纳米水箱活性剂,柳州莫菁的12部视频,手波车尾牙油用什么油
B7FB3BD770F1DB88C2A741D97818EC51,2,杨威给陆毅道歉,魏晨,林志颖双胞胎,张韶涵范玮琪决裂
EC07F54F9A898DC8E0151F7A102A84F9,1,个20,有鸟叫声如哈,重生之贤夫,触手怪
071AF3E89DFF20A4C1757CA1D0167DAD,2,aoty的个人空间 - 爱拍原创,mcs51单片机图,买到假篮球了,651错误代码怎么解决笔记本电脑
A6242475B89AA95C45BF6DD2468AC18A,3,平安福终身寿险是骗局,2016年房价走势最新消息,村医猎艳,婚前试爱
503A14420D66E7C7E9DF8C8E1057678E,2,无钢圈内衣的好处图片,小米手机最新款,梁宣帝,我可以无所谓是什么歌
45E3259B5423DC4B5BC39F335D118EB0,2,山茶油,电脑怎么定时关机,芥末吃多了会怎么样,汤氏名人
33378037E925B0F4A2542A74126A4FD7,1,qq隐身怎么看出来,美图秀秀,阿房宫赋朗读,欧阳修作品
E62A88028A81C56D028C58F862FC47A1,1,南宁至深圳k6554,建设银行个人网上银行,情不知所起 一往而深是什么意思,异地恋
C6979CAC27FF5B36DDA96A2EDDE6E1D3,3,梦里梦外梦见她,怀念母亲课后题答案,自制口红,憨豆先生动画版中文版
EBA2596DD07C4B843CB915631B52E688,1,哪国的事物最好吃,果冻颜料,中餐西餐哪个更好,手环
0E7FFE79A6E49210ECF37FDF7C66CD21,1,拾荒少年续写故事,华为mate卡刷,美国康涅波,孔子
816C6F0F0A0F4E8DEF8384836943A413,0,大学生笑话语言,笔仙 韩国版,教育网,爱的教育
A410C53310872282EAB613CAEC6C5F03,2,福州阳光学院,保美雅,福州景点推荐,大乐透
11A5E88EF053FDE42B69BEEB6FE666E6,1,王者荣耀女娲视频,火男皮肤丧尸,淘宝退款运费怎么退,魅族pro6评测
1B331665287132DE11680BC468C261A2,2,奥运会后总是去港澳吗,家乐福有卖vga线吗,北京时间,国色生枭
6F5C9A64258DE8FBCF84D912745D9A56,2,贝佳斯妍白淡斑精华乳好用吗,天津5号线,esthe dew樱桃水,科二考试镜子能压线吗
F869BE96AA4CA5A0B328DD0462DD17F6,1,mqueen时装秀,诛仙手游阵法搭配,10086人工服务怎么打不通,杭州g20峰会是什么
59E13923D79BA079A80E3F07E7991C2B,4,南方龟鳖网今日龟价,维生素d的作用,笔记本电脑开机黑屏,宝骏730自动挡图片
0E6AEC00857077AA2A7385F8C605E136,2,优速快递,辽宁省东方胃肠医院,bec,香港人怎么交税
58F868C3E246ADDF3DA1F534FE26F0FB,1,魏小军,张译,浪漫视频,奔爱演员表
09880F4A8BEF02BDA1A21D0DAFC0A1CF,3,奶粉上的pop,割双眼皮,测年龄的相机软件,乾县招聘网最新招聘
85325B1169B94A6A0FBF0CCE294AAC51,1,怎么编程,饥荒攻略,创意数字简笔画,手机电脑桌面软件
A48A06037F8804611E7D3BE6600B7115,2,苹果范冰冰佟大为视频在线观看,迷茫的句子,大少爷饶了我,子
9F6BEA9AD2C255648D8FD616B3745D3F,2,减肥日志一月瘦40斤,绝食减肥一个月的人,绝食一个月瘦30斤,排卵期过后减肥是不是会比较慢
CE0C3EED8542C7F275D8F5471FF664D1,1,混沌纹身,佛祖纹身,黑佛纹身,书包网电子书下载
E4DEC148CD7C8EC87B540BEEF22EB417,4,极限挑战收官演唱会,唐人街探案诡异笑容动图,爱琦行车记录仪说明书,天天酷跑克隆战伯爵夫人搭配
F7EFC26D3C0BA1D50B924EB304068F78,3,气血不和是不是血液循环慢,苦瓜炒肉,阜新天气,锦绣缘华丽冒险
3428EC231EA01F26272E954F3C10E153,1,极限救援,薏米大米能一起熬粥吗,葛根图片,2016年山东省专升本录取分数线
3B34BB436E042AEAF70C90673AEAF402,2,死亡邮件,z国际精妆,我的危险妻子剧情介绍,青丘狐演员表
C7BE1D83D24984D8AFF22879ED2E48E4,3,自行车特技视频,幸福树,老九门小说大结局,漂移板怎么加速
108D9F6F413C3012348890F62DE99098,3,酌古斟今,苹果6信号不好是什么原因,锦绣心肠,革旧鼎新
D25E2720EB0A56DF727D0A3558DE0D4D,2,hit公益未来,label是什么意思,戴尔游匣,莲花
223A7E048530E46253A2079AC1228E0E,2,花尽一生来爱你舞蹈,举重,谁是卧底词语,微微一笑很倾城电影预告片
56AF5EB6EF5BDA9A46AA78FFB139ECA4,1,凶猛泰拳图片,网鞋女透气鞋女鞋,单鞋女平底 牛筋底,中国城市等级
C0533336E128741972EBEF16B6023A38,0,隐婚前妻疼你入骨,怪老太三通减肥有效吗,军婚诱宠,总裁大人体力好免费
F1CF3D39510CC373AFCCF9AE4307F15D,3,北京时间,避孕环避孕成功率,502比500重,糖尿病奶粉能喝吗
F7E5C8E63F458A80A848423CF8940C9F,2,武汉市910公交路线金港中路,荆州有国美么,长江大学东校区属于什么街道,笔记本散热性能指标是什么
66AD4C7CECEEC14D94C5BED9A427A90F,2,cydia 朋友圈访客,动车,喜剧之王对白,we社交
C6CDCF45E8E27D534A8D600031F36149,1,"过氧化钠俗称固体双氧水,是一种集洗涤",导数,英语选修9unit2课后答案,还原糖有什么
B32B1178A7730D7B3DE9D582164F4B58,2,三星a9,高仙芝,捷豹换挡旋钮,北斗七星
38EFDEF8F2E4640666C532CB1C56A649,2,大包配什么衣服,西红柿和什么一起榨汁好,当代资本主义国家政体,教穿搭
928EA67874F2AB807E916ECFCE38428B,1,urban是爵士的一种吗,黄钻可以干嘛用,外事学院北校区,女大学生适合什么香水
D2BDC49DAF84402A492A27643FDF972F,1,星星沙,重生之商业大亨,你本是咆哮世间的怪物,最高通缉
9A5CEF98B7CE1988FED90A6BC18FF44B,1,捷信中国,魅蓝u10线下,和葫芦侠差不多的软件,胖大海口含片
320497F2A526DFE861C4D061F63E4F41,2,桂林米粉,iphone6plus多少寸,岳阳租房1014无标题,裴秀智小说
EAE037E49AFD8FE310FEAD52C7D6AAEB,2,哪种洗发水防脱发效果好,个位的计数单位是什么,我们说好了一辈子在一起是什么歌1002我们说,空间相册名称大全
537E66D8F83F7F2C3BBBED1694BAD412,4,豆泡的做法大全,小说国画,阵痛5分钟一次还有多久生,可爱图画简笔画
FAA862B63671D8AE6FF75725D87768FE,2,忘川,合肥包河区桐城南路邮编,papa recipe,韩国免税店雪花秀套装
AC48ED2F5333985B964F002868F1E955,1,龙王传说,龙王传说实体书,faft,萌娘契约
B561EB122D12D6116B085834C5774560,2,北理理工大学珠海学院分数线,怎么知道自己什么肤质,北理理工大学珠海学院正方教务系统,爱愈浓 情愈稠
2F1A31A0EA268AE17F6CA21395B0976A,2,茉里虐心ntr,王允姿,桂井黑箔,百度
36FF3A2EDBFC5DE9AF4B8269F8313DAE,3,樊文花面膜怎么样,西安合同诈骗,刘宴玮黄陵,犯人智商
444368AC962F1FC9529A1730B971693E,3,企业所得税计算方法,霍比特人在哪里拍摄的,麻雀李小冉受刑,赵雅芝个人资料
F0ABD86733B344E531A6A91899492AD0,2,思维导图,五笔字根表,狐狸简笔画,天蝎座配双子座
C5BB3B3FCD03C38EE82A0F7FBAC928AD,2,寡夫从良记txt下载,骨头难受是怎么回事,养成计划之boss,韩后和水密码哪个好用
79FB6DD2A5C7216022511AB5132942C9,3,揭远,奥巴马抵达杭州,单车图片,加士百啤酒广告
D267D5BAD5A155632C710DD70CD633CD,1,因人之力而敝之不仁失其所与不知,军训日记600字,若亡郑而有益于君 敢以烦执事 亡,越国以鄙远的鄙
D5A932D6C73487CA3CAA7B62BCEA7A23,2,qq头像,贴吧转发给qq好友,大连到丹东客车,学生申请信用卡
D79C9C8EB71B44B389A297D5852AAF26,3,萨拉黑哟中文么意思,备孕可以吃乌鸡白凤丸吗,验孕棒多久能测出来怀孕,儿童单车货架
17D289EF8D179E8BDE7139499A424DA3,1,刷单qq好友频繁怎么办,会计证费用,学委的职责是什么,班级一览表
1608BD3F58C8794FCE2CCB97BC4D0865,1,眼珠外圈发黑,北京信息科技大学,北京工商大学辅修专业,北京工商大学辅修
B98327244C01CB448B619D8049882F48,3,一叶子面膜怎么样,咽喉炎,胡夏被逼重唱飙泪,碱性食物
97333663B1586EA26C26036A726A797F,6,特种钢缆,如何计算物体的重心,caml,系泊系统
B0E20DD1CFD0D3AE77710C36AC9B75B7,4,天仙配翠儿,25元童装,豪门通灵少夫人夺吻99次免费阅读1001无标题,一担多少斤
D55831ADB518C558E9A05A2D7BACF2A1,2,中国梦和1040有关系吗,跟圣徒差不多的电影,恶魔小丑出装,正能量激励人的好句子
B8121C21F89A9E56E266D0B8EEF3422C,3,泰国斗鱼,倪妮和倪大红,"超级美的观赏鱼白色,有四个鳍",割完双眼皮眼睛周围变黄后几天能恢复
2960FE61AE0301F3266BFA6F3CC38325,1,军训自我鉴定,中国冠军范,新疆笑话段子,布丁的做法
D4F5A64E52C85BC774B0E8DB0503EF58,2,电脑一登地下城就制裁是怎么回事,dnf绝望塔51层,司机超载案例分析,买大货车分期付款
27DFC0EF2A955EBC92A7FBF8D3585878,1,神舟战神g6sl7s2的屏幕,5000左右的笔记本推荐,ips屏幕,张大佛爷结局
DEB38FBF48D52ECCB1328E6F457EF155,4,陆小凤与花满楼,何以笙箫默小说txt,定性与量刑贪污,小米粥煮多长时间
F42103FC7FB2BEC619E235752052937D,2,邱淑贞天山童姥,子,意大利中部,高潮
67947AA89939D9F58EE3838965AB553A,2,下载手机管家,宜昌车溪,石柱到忠县汽车时刻表,日本有美白面膜
3D59644DAE38EC38F23341A9FC624642,3,微信绑定手机号码换了怎么解绑,同门师兄弟,脸上发红,抑郁症
7F4AC3B027DA62128204728612F676F9,1,婵真适合什么年龄,祛痘洗面奶女生哪款好,亲爱的弗洛伊德番外txt,诗经取名
77B90EEDE669473251D26C10B6E1B881,4,肝郁脾虚证能治好吗,洋玉叉叉的做法,炖鸡肉要大香吗,凉拌麻辣藕片
08CA1249A09008C7785BAC2006383672,2,学前游戏的定义,塑料瓶手工作品,淡妆图片,为什么没有吃辣椒也长痘了
5CFDDDF10210C00134186862DC79D21C,2,沃隆每日坚果代理,喜米璐,新倩女幽魂手游下载,耳朵里面疼是怎么回事咽口水也疼
B9A8A2E6F66D46268ED11313791218A6,1,求函数单调性的步骤,怎样锻炼思维敏锐和反应能力,测智商,怎样让大脑灵活反应快
404CA17DEAE03DB57E5E5D74CA81266A,1,青城山游记作文600字,让眼皮变双的小窍门,哪些可以泡水喝,华为p9铃声是什么歌
A1AE691A32724C631CF007D3980AC8C1,4,正规消除法令纹,自动化办公软件,秋天的图画美术教案,中国女排
BD5040E0271899FD9A486FAAD2C8F0A6,2,奇怪的她百度云,怎样,大乐透机选中奖,三个鬼差是青蛙脸的电影
35FD2ECCE8401B0E786CA545D4CA360F,3,泛亚移送审查起诉时啥意思,泛亚事件最新进展,亚欧博览会官网,头孢呋辛酯分散片
31B6644284200B422956956E2FEDFADB,2,hm65主板参数,自己配电脑兼容性怎么样,灭罪师凶手是谁,2016手机性能排行榜
D206605463E38C520E8C91C005A8A492,1,火花塞在哪里,优卡,你是我兄弟电影王小源,男子砸毁15墓碑
737C2416BDA2871CF1F45E96ED7A7FA0,1,美少女战士,美术特长生中考分数线,鞋是网面好还是皮面好,动漫男生图片
5E7B68804CA6F4CA003B9A610BD6A8E3,2,内衬,梦比优斯和雷欧,5-906天川夏凪 详 情,归来的奥特曼
17582FCC97B724A2D39E128C2DC68CB0,1,虫洞,手机消费存在安全风险,刷访客安全吗,腾讯业务开通查询中心
6D880D60F43950F461D5079A9FD1A19F,2,天枰座,保利西江林语,昆医考研分数线,碟仙诡谭2
E08CD703257CDE34F60165171DB5BF42,1,微微一笑很倾城txt,asana,6935960320049,免费小说
E39D2C8B3ED4BF5F9EA82414C436E8E7,1,马蜂窝怎么处理,余生请多指教什么意思,力鹰二代zr-旗舰版,什么是人生观和价值观
E18A414668BD33A35BA39F4BD973D7AA,4,宫外孕阴道出血有血块吗,火车服务电话是多少,胃不舒服可以吃石榴吗,身有千千劫小说
CD285F1D110D906A467126A46F68A366,3,微信信用卡不能还款,花胶乳鸽汤,无霜冰箱哪个牌子好,炙艾什么时间炙好
A3967447A5291BFE5248C5778EDDCDE9,2,九百万模拟器,安卓的应用怎么安到电脑上,平板电脑做系统怎么上下确认,半月瓣是什么
1DA4F75AF68459D385D6FA18B6D6520B,1,2月9号是什么星座,恋爱神器怎么回复别人,q7奥迪报价2016款,情侣空间背景图片两张一对
5AA83D76736FFB07E61CE7B65BA16E7D,2,郑州峰会2016,一人一本,养鳄龟风水,蟹都汇
5BDAD794C5B1C4374C81FEDDFBC3FECD,3,线槽如何安装,冰箱压缩机不启动,游泳教学视频,小天鹅冰箱不制冷
A2F2E072D9BE8D77D17996B1D506ED16,2,迟来的爱mv,灵界基友耽美小说,总裁夫人是男的小说,k莫文
34EF39986D37EADF4B8022CF2B428F35,1,红妆余罪小说免费阅读,张继科动态图,国家一级计算机考试题,经常右卧睡觉会右脸比左脸大吗
D97269785CD3BF4D61E7D02E35F1D967,1,qq音乐歌词显示在手机桌面,张依依,李圣经眼睛颜色,抑郁症
A73BF7AC91303705A578ED3EB38F271E,3,幼儿成长的词语,低年级班规,北京仰山栖隐寺,曹云金再讽郭德纲
6C248452B4F454B7AC0FC6BE6BFE6B30,3,生姜萝卜葱白汤,大胃王密子君是真吃吗,生蚝图片,大胃王密子君
7FC0661D7F78C6FCF361F6AD671E8615,1,王者荣耀传送技能,王者荣耀新版本奖励,qq头像,怎么查看手机里的联系人是不是
413D1FA28A5D8542FDCDA9A9D4A90E37,2,张首芳,张译,阻止陌生号码来电软件,沭阳区号是多少
0E3AB3C465817D69BB983ACAA3D3BF32,1,苏州至长兴路线,奥特加,护理专业对口升学考试,小艾
54B414C4DBAD2306E348B90D901586E2,1,重庆,韩国nmf面膜使用方法,nmf面膜用完要不要洗,淸咸
4F0529ED9F18696731904232E336488F,1,测孕棒t区红条很淡,钱的英文,怎么看手机出厂日期,鼻子黑头怎么去除简单方法
C4280DB63511F206BAB937A45DE2F2A6,1,上海到邹城的长途汽车,大学策划书主题,山海经之赤影传说,代办费是什么意思
56B58D286C1D76D2A6D2D00352070141,2,男主是鬼的小说,福布斯,晋祠献殿,傅国惠微博
473193DCFCE2B2A0C3DB10A3A336BFDD,3,自动挡刹车踩不下去,那年冬天风在吹结局,郭圣通,化工厂有味可以立案
F0A7E5ACD5A938E481D5FF0A1CFA043D,2,脾胃火毛囊炎,如何辨别车牌螺丝地方专用,计算机二级报名时间,在待机状态
94DBF63EFDB90870DA4FEDF780E49FEF,1,美图博是什么,国产神势之角先生阅读,家庭,手机怎么接远程
AC68FC7DA002F0D9FD99545408248F92,1,qq头像,深圳大学2016年什么时候开学,一人我饮酒醉,长沙酒吧一条街在哪里
A8526B295B29E4CEE2A9470A3B0D90F4,2,老干妈代言人,咸宁话翻译,吃完香蕉能吃饭吗,点痣价格
4CC6FE4D070A672B3E91EF2924660032,2,好玩的单机游戏电脑,方舟进化生存,松堡王国赞助林妙可黔东南2012,angelababy
51B048E47C91AAD45DA7988097A33BDB,1,闪电狗,读书有感作文,闫妮,大理石
D719B2899A48CDCADA78A64FAD0E3743,2,学生证没注册会影响英语四级考试吗,贷款回执单能不能传真过来,计算机二级报名时间,生源贷款单回执单没交给学校
BB175BA25E6225AC909DC81B722FB1E4,1,中通的分部上海,国外所有羽绒服,鳄鱼官网,力克·胡哲
31D3757233D97F6E59FBD233B54CB87D,1,汶川地震成都死亡人数,得月街全集,醉酒驾驶撞人逃逸致路人遭后车碾压,台风最新消息2016年9月份台风
3C1FAF62A777B24334B71E183A0C39B9,1,流量币怎么换流量,摇篮凳子,困的时候看东西是双层,黄果树瀑布人流量
6023BEEB485C1E1AB1121182342150DF,1,耽美重生宠文有肉,特种兵by,storm,demanding
CDD3D4F50CFB91758210FA085F99AC48,1,qq群里的机器人怎么弄,郎平把球打爆,微星1060,苹果6s买回来用恢复出厂设置吗
972576FFAD7AEF3E0E54CCB30DB8AE32,2,奇怪的大冒险45,奇怪的大冒险46,华夏苍狼,奇怪的大冒险1-2
787BBFCA106277930DEB0F837E3F194C,2,梦到七彩祥云是什么征兆,saber,短发,苹果手机画画功能
B36AA12A33AE6737AF9A4CAA9F1FFE53,2,河南吸引力服装有限公司最新招聘信息,美年大健康体检怎么样,李思思,教师节全国统一放假吗
48C9428251ACE3591F639FAD13B440E9,2,脓包型痘痘,第八套广播体操音乐,柠檬上火还是下火,肾虚怎么补
24DA9FF2616B0EACCB659A2BA7D12F03,1,oppor9手机壳图片,男人不孕要检查什么,1千7的金立手机,朵唯手机
75606F0C4A82175B5CB6E4BCAE3A964D,1,陕西国防科技大学,手机qq空间背景透明度,农村淘宝下载安装,笔记本电脑多大尺寸合适
6405BD92168E2B0C15E2CE8037D22FC7,2,开心消消乐qq一登录就返回了,张云龙,迅雷账号,audio是什么意思
1273B9E1109605C08514538704F980FA,2,微信朋友圈卖月饼,厨房柜门什么颜色好看,朱元璋庆功楼都杀了谁,网红老师
7EC7D2C5E2DEFB22140AEFDB33F39757,2,那英人品很差,欧舒丹官网,石家庄理肤泉专柜,二分之一化妆棉
E45F10D0A90A1321060A07E674A497CF,4,短文开学升国旗,两岁小宝宝拉的屎是一粒一粒的很干,葛根粥婴儿能喝吗,如何看房子的吉位是啥意思
52DC1F767C68D2B8A3BE1C0DFEE9DA21,1,羽毛球拍怎么画,2016中秋节学生放假安排,好玩的电脑游戏,美术画羽毛球和羽毛球拍
DFE437E182C96A2E1DC895E3B131528F,2,这个世界上有无法赎清的罪 但是 却没有不能,五笔字根表,分期怎么算的,绍兴华港印染有限公司
6B3583AAD759DA529A614D0FFFED5031,1,谒者古文,重生复仇腹黑嫡女,重生军营军少别乱来,鹿晗的歌词经典
74E6CFB49F8EBEB940A9E6348A5BC135,2,去凤凰要几天,跟团游凤凰,张家界溪布街好不好玩,小说免费
8E27CD27AAA4EE07C8B06AEB79437F2A,2,绝命毒师第一季,摩托车可以上高速公路吗,无锡到石家庄,"超威电池,和超威锂电池区别"
2788C5C8D5F1BA8002D9B443360D6636,2,喜马拉雅fm,绿豆面膜,广播剧在线收听,足金吊坠3d工艺
711F5DE5C647E06FC1359B8DC8AC3BB6,1,女的好黑,南昌理工学院,茅台22年,县委候补委员
3F9592AF888D581887DB395CC120EFBC,2,西瓜虫,游戏王之冉冉1,刘晓虎,火之恋
8E1CB87896977AEA4147E7D55F5A3905,2,手机套发黄了怎么清洗,固态硬盘和机械硬盘的区别,cpu核数怎么看,oppor8
E596A279929E15197557D1801791E563,3,绿豆面膜,950是什么,脚长水泡脱皮月子里能养好吗,天狐劫漫画全集
2F9128C2B77AABCFBD9616F072EAF40E,4,阿胶红枣的功效与作用,朴槿惠提早回国,魔芋粉怎么吃,淡蓝色配什么颜色最搭
B415EB6B793680BD6DE96B9218ABB4A5,2,兰博基尼,中国恐怖片排行榜前十名,老是想大便又没多少,地下城黑钻售货机在哪
F69311EBB6EE3B104A31835CDC68AB3C,2,考安徽六安电网,如何破洞牛仔裤,额头长粉刺怎么去除,一叶子黑松露面膜功效
B176FC86B55BF7FB9B072A9C7144A021,2,陈深,百度,怎么注销交通银行卡,武汉网球公开赛2015
101CBBB1A1DE3D250EF2B645FB075343,1,猫草是什么,大型苹果手机单机游戏,windows10属性,暗黑魔龙希瓦娜特效
A7C21A48612B17F285B2F0292553FCA9,2,广州东站公交车站,奇闻异事英文单词,广州东站,渁
F90660ED92CCDDC23180AD1FFB462558,1,oppor9plus怎么批量删相册,人造革是什么材料,食的最后一个笔画是撇吗,娜汾
A12C8336C186AE8905227724B5A7AE27,1,短句吧,林丹步法,王贺荣耀孙膑ad玩法,汽车时钟怎么调
057277286A647DF4A5E4DF572A988FD7,1,电玩巴士官网,双学位修金融学什么,本科数学修金融双学位,玩2k16声音卡
97865D8AEFB4BCEBC913D1C8F711BE84,3,捡啤酒盖,盐步电话,招聘网,南海盐步店铺月租多少
FEFBB93AE15E1BBBDBFFD3455E7685BE,0,伤感头像女生,李毅吧福利gif动态图,扣扣头像女生,非主流女生头像
F15DB6C8B4525F897B544515E40711ED,3,做b超怎么看孩子性别,孕妇吃什么能滑胎,2017年春节是几月几号,做梦梦见口红断了
079D340E071DEB8F735D78A5D9F514B7,1,全美善,笔记本电脑什么牌子好,补习班复读多少钱,http://
6869C19E8037B6A72C992798D2B05FE2,1,运用动作描写来表现他内心的感受300字,自己心情不好的说说,天天酷跑齐天大圣配什么坐骑爆分,王者荣耀体验服下载
C718C85D55EA31748664B6EB0A8B2FBC,1,白狐歌词1001无标题,浙江省台州市仙居县有哪些镇,我希望我和你有孩子般的善良,军训感悟
284CD12A26CE561AF1ECF6B2165A9E65,3,酷睿i75500是不是四核,唁,徐乃麟,如何安装系统
4A645C6F943540DB9F8C12A35BEB72DD,3,青云志 片头曲,失恋巧克力职人 好句,残念,台湾 歌手 魏如
95DAAB8D6C5E6488A4F570D4AB4BC6A0,1,"在已知u,v函数怎么求调制函数",四川电子科技大学贴吧,有不有app可以把智能机收到的消息发给功能?压强1atm是什么意思,怎么利用辗转相除法来进行进制转换
9D64150A8D0534959BAF96486683FA85,2,经济学研究什么,aj,泼墨效果 ps教程,苏宁实体店退货规定
8E16E63F056091D9D839CDA58FAB536A,1,多边图形的认识,易错成语500例,anantara酒店,藏红花的功效与作用
1825D1FC6ECC49C44F671CA9F526F556,1,工商银行下载,到骑战斧,特种兵王在都市李昊txt下载,神舟笔记本有实体店吗
D364D9D8C8F6F34B3C3BCF23447E7E9D,1,老人机来电铃声,囊,淡盐水的功效,我们相爱吧最后一期周冬雨唱的歌
AC9C4FE542BE72F92D76801C73209EBF,2,瑶族长鼓舞钢琴曲简谱,可以没人陪我演这剧本,740教育学考研大纲,便捷图书扫描仪
95C72A93187A1C6A7AEDA2F262C49DCD,2,2016考驾照有几个科目,可爱猫咪图片,2016年计算机等级考试报名时间,inspiron3458
A78D2073589411C3580EF3F2499EA643,3,s流量,uber优惠码迪拜,迪拜国家运营商,武汉陈顺平
1F9BDB504CCCB7050444C4ECA991D293,1,四十岁以发型做法,四十岁的女人减龄发型,蔡少芬,张柏芝54张黑木耳绝版
726D7631FC86854C3E488ECBEB22FE30,2,闲鱼,贵阳好的期房推荐,苹果设置全屏手写,脚印图片只有男人才懂
78E3A21BDD02B4838A7F39D259EDC710,1,cf手游刷钻石注册码,穿越手游刷钻石,守望先锋h网站,百度图片
FB4E5DBFD45676789E78E56A7390EAC7,3,肛门下坠怎么办,肛门下坠感是什么原因,梦见自己捡到金戒指,孕妇肚子疼拉肚子怎么办
61DAC3774FFCE11D4D7E3FB1FF00F962,1,拉孜藏刀,百度,雷探长冒险全集,配电房qf
8239E62A0CE368E471CF35968403F849,2,临时身份证要多久办好,荷里活减肥组合,长脸的女生适合什么样的发型,erp
7EB8D4BBABA258B7A19A2528CF64583E,5,葫芦岛有什么好玩的地方,成为歌手会有很多人爱你用英文翻译,带隐形能卸种的睫毛么,小威向前冲
4A4EE62902A5A218BEC352A0C4EED1F1,1,惠普星球大战怎么样,笔记本需要散热器吗,三星a9,一般把货交给快递后多久看得到物流
D8A34C831BD0032FF52FC9E470165607,2,醉枕江山,重庆文理学院学生用户管理系统,重庆坐地铁到永川坐那号线,重庆文理学院xxx系统
FFAE109AA1696E56FB184E0E5E611DDA,1,定远,定远县,红米note有电话打过来没有铃声怎么回事,安庆经开区高中有哪些
B52C40E5A3ED4E537E3106A4CD58DC07,1,旗人的等级,王仪涵,鼻炎会不会打喷嚏,综合素质评价平台
EF096B0E11D292357621ED551E1200D9,3,戚薇,太想爱你是我压抑不了的折磨歌名,小别离导演,曹云金原名
86D1F1D38CE225102BF604C5077DA555,1,华为荣耀7发热问题,眼镜小眼睛,江西应用技术学院,骆驼牌香烟
0B1DA9A911FA7EAC16749DC77BAE8C74,1,鸡眼图片,头皮疼是什么原因引起的,当虚拟世界中的虚拟越来越成为,过敏性荨麻疹传染吗
728E90D9471EB59F209A97AD6E73C46D,1,桂花茶的功效与作用,春光乍泄萌动,飞机托运行李规定,http://
BC56FDEF126FBB265DA3868E67E496C5,3,从没恋爱过就结婚生子,中通快递宁波网点查询派送范围查询,王宝强前女友,杨新华
1783A7FDE4D106E67F01816A7E9F3541,2,江苏木渎古镇,程思佳 中国新歌声,barbie,l车标后面是弯的
4EB841EF63669F0FA63BA219D89F07C5,2,打退烧针多久能退烧,钻石的颜色等级,美美家具网,赵雅芝个人资料
43143B07CB47171167F51E99FBCCC538,2,大衣哥朱之文离婚真相,什么是动力黏性系数和运动黏性系数,钢板在什么情况下看做流体,2016湖北省高校新闻奖
B4CAF35EE18273588359972011B03C7F,1,哆啦a梦猫狗时空传粤语,海贼王女帝蛇姬禁漫画,光学设计工程师,镇魂街
FF04F4F55168E1E25552B17204E13191,1,饕餮怎么读,touch记忆女装,李小璐整容的好吓人,严莉莉长大后的照片
F82475D5E8171BC2D667B925F0703360,1,栀子花开宿舍取景,上海市属高校,沈阳音乐学院宿舍,上海视觉艺术学院专业
A7F3464BEE6AE0CF9388B5620B8154AF,1,用什么洗脸会变白,澳门皇冠赌场美女,红米note4与360n4s,资讯达人图标
AA181FA5D2B4AE4011F06953BB2E99BB,4,妻子的诱惑,黄翠如,林志颖,常州恶棍
72E76FB416ADEDF92F6D1189340A7898,1,将士们听党指挥能打胜仗作风优良,李云龙的原型是谁,百度,2016中州大学放假时间
7B825947E0C19F7BBEBED980B54B1F45,1,饥荒安卓版下载,龙王传说,百度,wwwqvqv11.cozh
32FEB12E36E9B1B48EEB7466CDFD7099,1,牛头梗价格图片,北仑区有那些学校,怎么看悄悄话是谁发的,潍柴专用电磁阀什么作用
74466B15F65747B3E06FCB900635540F,2,台电平板电脑,lol女子职业联赛海南,高明,怎么外设路由器
7B6FD4C3123FEA492CF67227DBF938B7,1,火车轨道图片,咄怎么读,天河购书中心地铁哪个出口,卡农钢琴曲简谱数字
6F3A4FFA6444A05CBC8516B7E8C7CB53,2,杜兰特7搭配,捷豹xf,manangement,开彩票站需要多少钱
7E222F69BE135EF9086835D2A3C8DC13,1,今年中秋放假,月饼皮怎么个故,红烧肉炖板栗的做法,祛湿红豆薏米做法大全
D16147D7F3624D1ABE0FCE399572D2E1,2,国家电网网上营业厅,新生儿胎便几天排完,剖宫产好可怕,微波炉蒸蛋要几分钟
CADE45FF8F049134263B3B52E15E3B32,2,小幸运尤克里里谱,一叶子面膜多少钱一盒,一叶子面膜怎么样,为什么支付宝的账号手机号变了
9FF72A0D208ED331DC83A5B462C7ED99,1,建设银行怎么不给我短信提醒,笔记本漏光严重,讲起点,电脑卡死关不了机怎么办
443FAA82F454C47D6CA3DA2D4F286ECB,1,男的勃起后10cm,雏菊项链,长沙麓枫酒店,蒂芙尼雏菊项链
075ADF9F9C55812D431CC3475C7DFC00,3,绿豆面膜,上饶电视台王可,皇冠梨的功效与作用,油条包麻子
337A2574FF9614ABC974E126E1DA79A7,1,笔记本120g金泰克多少钱,山东潍坊,室内设计师有前途吗,5星酒店高还是5钻酒店高
7EA847A51366802C0E52939059B66100,2,(2)汉字的机内码,二进制取反是什么意思,"嗨,怎么回答",百度
64B937FED15399BB2D627126E3862320,2,视频可以有兔子脸的软件,安康市上岛咖啡,市场经济体制和计划经济体制的主要区别,完美告白
446A823925A402E934E9C2F04710A136,4,梅溪湖步步高新天地游乐场,佳谋,长征,画满农家
76ADA0B693689AFCB122019ED48C3999,2,武松喝的什么酒,苏州到商丘有高铁吗,四个英文字母的网名,猛难诞生记完整版百度
7D027DCFAF82F361EF47EB416CFF3B93,2,顺丰快递电话,标致4008,卡特336d冷车憋车,龙王传说
6525FF2CC193C4F7CC58AF9D2156201F,1,委,荷香股兰茶骗局揭秘,毛孔大怎么化妆,抱着小孩的情侣头像
F85ABB2AE6DB5843A38A59BE7CDA191F,4,黑客进入手机怎么办,肚子里有酸水怎么办,帆布鞋店名,出口中华烟图片
98F60E8225B48F805444DB5A89DBF915,2,脸上图案,成都格雅表,周东红,水手公园
4CCBEEAB6A692C5824337CC9633EC513,2,b2痘痘,cpu风扇怎么装,韩佳人结婚照,面试怎么算成功
7C374C4CDE3BBE29FC27A183EE83FD03,1,i'm gonna love ya是什么歌,乐视电视可以连接手机吗,刘玉玲,外教
8CB9764E1E6DD1CBC716CA2571265EC4,2,催眠总裁玩物,电脑开机后进不了系统,联想电脑开机后进不了,警察的地狱赵军
08FA90BB94C22DDEE4CDEC87C4B85903,2,表格中求和和求平均数能同时进行吗,么么哒,大哥的花生,杨洋择偶标准
F0D6C72F2D7E89DCE34DE057C9C54499,4,心有余悸,太阳能使用方法,绿源电动车,兄弟不容易
8EBBA5893D086E520B7F470D982945AB,4,贵州遵义开车走老路到广东佛山,梁氏伟明化工集团有限公司,哈佛h9,福建省石狮市华彩涂料有限公司
563BDBCC5BBB1E172E936A86F40BE869,2,圆脸妹子适合什么发型,周慧敏属于哪种美,微微一笑肖奈经典语录,哪家银行卡好用
C0490EA6CFAE814DBDA70C7A5CD03769,2,郭圣通,蓝狐组合,蝎,张家老宅
F0770FBB1AB8B5F6108E99EEF6A63E55,1,微微一笑很倾城床戏,iphone 7包装盒曝光,神兽金刚之青龙再现,奥运闭幕式 中国旗手
49E3DEF248284191740E3319DCB35D0A,2,58同城笔试题,蚂蚁聚宝安全吗,顺丰快递单号查询,腹腔积水可以自己消退吗
DA1E2BFC684FF71F0B889ECB26132444,1,囊肿型痘痘怎么消下去,酒糟鼻图片,长酒糟鼻可以敷面膜吗,鼻尖红肿一碰就疼
804773722FD24C2DC025D6B07A439B96,1,大学环境设计学什么,厦门大学专业排名,嘴唇太厚变薄小妙招,电动橡皮的橡皮怎么装
BDDA671DD3F65F7A9756BC59E7D3042D,4,许诺 小学,5278台湾视频鸭王,"英俊帅气的张x(14年4月第二期),被网友爆料?360云盘",无可避免 百度云
BFD85B54E365558F33B8C71DCFBC3DC2,2,58全球通套餐包括哪些,163邮箱注册,什么通讯名字大全,入库单分录
225191B42220682B696D0B8A72979ABA,1,为什么连不上wifi,要我九十度的鞠躬什么意思,手机wifi加密设置,把别人连接的wifi拉入黑名单下什么软件
5D4E86E8732D2184886CC6D583AC8B45,1,奈落,pc赌是什么,绿钻,一元开图书vip
BBE346E558DE9103BC8C348F90C0C35A,2,学习班,蜗牛面膜韩国图片大全,那款洗衣液香,失恋的说说
A36664401992B18013FE8BFBD14CD68D,2,努比亚miniz9能遥控空调吗,荔枝纹牛皮是真皮吗,朱主爱,老九门结局是什么
3E928A0BF77523F80DE1A083A3A3423D,3,澳元对人民币汇率,澳洲对人民币汇率,61050043,刘涛参加跑男哪一期
C9F2517DA3E7D0AB9EE9F436424B11C0,1,简掠朝歌,美术和美育的关系,桃花运,一念无恒
711F600817A668E84C3DF4ABFDD42B8F,1,百度贴吧怎样删帖,中国面积在2000亩上的岛,八哥电影,重庆保安公司
C5CB32CE6B8ACF24650402DC61308AFE,1,兰博基尼,火影忍者黄漫大全图片,海贼王基德打红发是哪集,乐视
71CE98F063DE3E02E72727CB8419A604,2,笔记本电脑连接投影仪桌面,圆柱销标准,求职信范文,公有制经济和非公有制经济都是我国
E6B9EA4795DFDDEAB6A4D8CD8B711C91,4,暖暖环游世界前往南非,暖暖环游世界帆之都,暖暖环游世界彩色岛悠闲时光1,暖暖环游世界裁缝世家
7B5F94E97E94D516CAA31A9FF4053166,2,开学第几周是教师节,2016年广西村官考试报名时间,吴群如的剧照,乡村爱情的演员表
300B2B088A090BA02100A051A571E8AF,2,广东省南通汽车维修行,关小彤极速前进,晏,cad安装包中哪个是注册机
B0392E3CD06AE815962F066DFB7813DD,4,残奥会运动员身亡,如何制作奶油,美菲矛盾再升级,烤箱下面的发热管第一次空烤发红以后用就不
C2BAE81620586D58A26535E25B172D7F,3,与狼共舞2,富兰克林学院,两个人抬一个3还有一片红羽毛,美国联合大学
28C26FC7CD4161FBC6FC9F69835DC37B,1,手机图片制作视频的软件,宽带账号怎么看,视频剪切,二驴的
45F3C163102E04F9ACCA7E382D80DE51,4,西安手表,深县门市,游泳牌香烟多少钱一包,五子衍宗丸
3107507AE5339C604B9BC0330B328B47,2,什么样的脸型适合什么样的眉型,专业线护肤品牌有哪些,工商预留验证信息,腿窝
F5DAAD8B4987C6D5EA66902B1EDC96F0,0,电风扇定时器坏了,手机qq空间背景透明度,我家的小狗作文300字,侧脸黑怎么办男
412950825BCBE1D1D4A09C3B9A9F4C0F,2,超极本,血型鉴定,考研英语作文万能模板,百度
F5CC60D0E2DEF354C12C01D7ED39BECE,4,怎么自己测怀的是男是女,孕妇吃皮皮虾行吗,清宫图2016年生男生女表,产假可以提前多久休
CC9347C949E9D09D06A506A7488EF791,1,教师节立体贺卡的制作方法,装饰图案简笔画,图案简笔画,超人标志
AA375201B79F93888D5492ACB9FDB26E,1,新手机连不上wifi是怎么回事,微信二维码怎么发给别人,"你爱别人,别人会爱你你帮别人,别人会帮你",保养是什么意思
76FF49FBB6E6F8170D90B27FB5ACC8EA,1,u盘,360重装系统各种驱动都会恢复吗,究极忍者风暴4按键,戴尔7447屏幕
948A85894F5023EB603E3B41EC5773B8,2,重生之韦小宝,bec,身份证号码的含义,乡村艳福
C46D03201D54F5D6B34EEBF3145716A0,4,免费博物馆图片,黄诗佳,宋妍霏佟梦实壁咚,中国好声音第五季改编tfboys歌视频
6E9EA74419C80D7CE50FC5829D5B5295,3,黄河世界第几大河,诛仙手游鬼王完美加点,龙王传说,釜山行 大田站
42B37319582D8C73D2AA9ABEBCC3B4C0,2,蓝牙怎么联机,a59,手机店外场喊麦词,酷派y91参数
5B15BE18C750E162A92D3E5396B97D10,2,柳园,天池门票,乌鲁木齐哪里吃饭好吃便宜,比复健喷剂
57667CCFD5CD6F4D2E39BB0F8CDCA075,3,宝宝每次吃完奶放到床上就哭的不行,婴儿多少度算发烧,海清的资料,飞鹤奶粉最新事件2015年
0467B328CFBA30538547672F8E78C658,2,分期乐还款打不开网页,刘嘉玲,我在爱情里等你,阳虚和阴虚的区别
290B1608876FBC9E3833991C12F9C6AA,5,蓝牙耳机信号干扰,哪个制药厂生产奥美拉唑质量好,经常吃奥美拉唑好不好,比奥美拉唑好的药
A4FC73ACAA757E35760EA056B1B27710,2,24节气歌谣,绿豆面膜和竹炭面膜有什么功效,相宜本草被曝光了,韩束墨菊补水成分
30F4E31592150953D0E2FD790AC18AA3,2,放羊的图片,"一条小的,白色的叫什么菇",寮步南方电网,克缇美白饮
95750B8DB8915873DBF20B81720AB29F,3,带人字的成语,miuco女装,鸡蛋汤,粉蒸肉
A489C5BFD13BE4C157C9490EF24598DC,3,楚晧轩和沈凝萱小说,棉弹面料,洗衣池图片,三乡皇冠电脑城
776A3BE788EC813DB0CABA4B39F93CFA,2,老九门直播,密室逃脱8的第五关怎么过,香港手信饼,东方卫视
2A0F5235C1E749A6FC8B961F65A15100,2,奥黛丽赫本,一直打嗝怎么办 怎么止嗝,东吴帝王是谁,koro
122608B3C25772B4BEA11B1ABEE714F6,4,10086网上营业厅,共建平安校园手抄报,叶圣陶的名言,老公出轨回归后心理学
B31921B570E74E0B7CA22DB8994F3047,2,71.2四舍五入怎么算,微信怎么建群聊,湖南网上兼职,圆通
9FAC2C547654A8E923116E3A843E1D40,4,泉立方洗衣片是骗局,碱性食物,火疗祛湿吗,口红配色
8CB1F491FC46C139197484003F411B90,2,秘密爱,工作的说说,段子精选,火锅料有哪些
7A43D62E6E2B033013F966F3E780E429,2,御龙在天官网,房子装修设计图,做什么长高最快有效,御龙在天将军
ABB4D530AAE186F055B041F86C001B8C,1,红警3海啸坦克,王者荣耀小乔邪恶图片,优学派平板电脑怎么样,日本嘲笑中国抵制日货
3465DC27678976603C11DA976F5B02DC,1,青春小说名字,王俊凯好帅,电信卡好吗,酷派5890
B7B4ABE3AF664A1B3BD1CAEFC7B5085A,2,男生需要每天洗屁股吗,检查处女膜应该去哪个科,撞头后恶心想吐,gentleuil
749EE90BCD11C93D7071AFC1FC7587BB,2,颈动脉三角内的结构,新青年麻醉论坛,麻醉过程中出现呛咳是什么原因,中国麻醉科的工资低现状 小说
32EE1D2F286FE3834DD58279D80E1FC3,5,cpu是什么,广州市黄浦区迅速工业区东诚沧联工业园,探路者的标志设计意图,蒸螃蟹需要多长时间
E8879C57E03FD2EEE6D2998B39F82AD4,1,上古世纪装备强化系统,上古世纪沉睡的暴风疾奔技能,上古世纪雪花熊怎么得,大学生订票
65B1C41753B63BB2F82A74D2795CAF11,3,太平洋电脑网,超极本,oppoa37配置,怀孕血糖高对胎儿有什么影响
481A4EBEDF0255E7C5C782EF4B641936,1,天天酷跑夜龙马抽奖趋势图,偶滴歌神啊里面有哪些人,s91蓝牙耳机听音乐用什么音乐软件,天天酷跑九色鹿视频
B8F0FD0BEB4F1B5F65723AA19A224C85,2,笔记本电脑怎么usb上网,:02963650321,4266369482659,镇魂街
0C1ABCBB911A98C837A35258D1EC9640,1,win7玩dx9的游戏卡,球球大作战队友太煞笔,游戏语音变声器,剑灵龙男果体
C6361A9A47453270781B4362B79F5E0F,2,说出我世界,帮妈妈打扫卫生感想,张浩锋,1500字社会实践报告
E7D94292F358884153D34660B18CF191,1,平顶山西站附近的旅馆,戴尔电脑win10,原阳,从郑州东站到河南农业大学龙子湖校区
131A744EC81CC8ABA1BB244929263A98,3,kao大虾的kao字怎么写,下腹左边痛是什么原因,快瘦汤管用吗多少钱,冲锋外套
13646608A003C85FFEE108D95484766F,2,蛋糕图片,百度,麻辣变形计张燕图片1001麻辣变形计张燕图片,麻辣变形计演员表
53482F9DBBD6E15073F0388A7C8872F6,1,微微一笑很倾城txt,孙艺洲,少女时代日巡 那场way to go西卡被压,百度
A0EC21BE1B5295931B2D3704CE992672,1,红枣酸奶的好处,龙港车站到绍兴汽车,猪皮图片,微微一笑电影版演员表
74CFC3D3673C69A763418CA897B24E0E,5,石破天惊的意思,医术色医,滑板小鱼板的区别,抑郁症
C45A53F87B7EF77D3A1C6E4CAF3FA7E2,1,腮帮子长痘,亖,莫名其妙qq和微信被卸载了,张一山身高
C41143070D2270999666CCE8AD15865B,3,有妇科炎症可以怀孕吗,王俊凯图片,中秋图片大全,蔓越莓 妇科炎症
52C385CFB9CB65B1D32730E90541FB5B,2,离宽窄巷子最近的地铁,荣威rx5对比gs4,全国重点镇商机在哪里,北站怎么去宽窄巷子
8C58D07B9F26BE574E733BE24A6AC1EE,1,龅牙怎么矫正,我的朋友陈白露小姐剧照,高中英语模块6第一单元reading部分答案,别来无恙你在心上
0EC4C02D21BDD5ECA17757249B61F72E,5,电视剧动画片熊出末,女运动鞋,心痛的无法呼吸,人贩子手里买来的老婆
4A44B0528CCD8153E4A4CF538EBD2AB7,2,p7华为,hcg值多少是怀孕,老翁徒手击退黑熊,华为 p9 plus
092790B154867CAF20DF87F803523042,1,大乐透,绑头发的东西叫什么,橘色衣服配蓝色裤子好看吗,常见感冒药
E330D6B859A0D412D0437B8093D30893,1,刘源,科怀·伦纳德,金琴琴扮演者,2015nba东部决赛g3
235113C04A1B96169DBFDF0BCA468F88,2,garancia国内有专柜吗,一克拉等于多少克,撒空空的小说,太子妃花事记乐文
C3FA76617204C79076C9B6B9DCEDD675,1,手机写小说,两个女人做亲爱的视频,染头发的染料怎么洗掉,一瓶维生素d多少钱
22D02CD2C88CFAE969ED17D7A660A685,1,梧桐妹,饕餮记小说绘在线阅读,purchase,炮灰女配的无限逆袭 小说
B497442CBBAAF92EC6A31FBDE184F7CF,2,手绘婚纱图片,今日说法,公交车提醒软件,苹果6splus跟6s区别
7CEEE5C6C0E96C1C5B4649E7812251F6,3,申请交保险怎么写,五酯软胶囊,加盟店排行榜,济源人才网
E02D847DB7B28AB5832661D317CEB0C4,1,化妆步骤怎样化淡妆,上海华东政法大学,华硕 asus k555lj5200,windows7和windows8哪个好
244EB59E963A4BC1A6621AA123C1EDEE,2,酸菜鱼,蒲腊,百度,练习绕口令
A3172E201F7DD557B8F6EBE84DDEBAEF,3,孕妇喝金银花泡水好吗,泡核桃,孕妇感冒可以吃生姜鱼腥草吗,卵巢囊肿要检查哪些
EB8F7A237CEF8D4232DBFEE631CACBE9,2,十宗罪2,难死外国人的十级中文,2016里约奥运会风云会,陈野槐作品
71BD8FBBB4F02BCA7345E37FA20DB4C1,3,上海轩天房地产,常州希尔顿酒店地址,夸奖小孩的词语,外教助理怎么和外教打招呼
FD62CAF03832E7728CF9D0A823C41B4A,1,好听英文名,唯一英文怎么写,lol起名字,抑郁症
AE4801AF99BDA063A322CE01DF025144,3,乐高乐园,去天涯海角坐几路车,ea,低调组合
2BB9F9F0D2008F5DD5708333D469493B,1,愚公微微一笑很倾城,爱上你是我情非得已,中式婚纱照图片大全2016款,怎么瘦背
8A1A0BB98EF70EACEBF1B7F6F34F1F2C,1,悦诗风吟洗面奶,杨洋图片微微一笑很倾城,卸妆水,有一个接到电话短信就死的鬼片叫什么
A2FB11441592B82AABFE5301C5CA6C36,0,老九门番外之二月红,徐娇,林志颖,玛莎泥娜面膜怎么贴
8B04AC30DD9DE106C8F6DB969339DD94,3,医保转户余额怎么来的,深圳驾照,如何学英语最快,公园第2
144CF48D15BC06D0DE0A7CAEDA715D67,3,台式电脑,张维良箫基础教程视频,海棠,成都买房落户新政2016
DB37A2A80F43B3578EB987C41BF2E8B7,3,智跑2016款,家用紧凑型suv推荐,家用suv哪款最经济,东南dx7试驾视频最新
FE38D8B0E8F9F78241554AC0959B21BA,2,福建福清电费区号,福建到四川的飞机票,中译英,福建福清电费号码区号
7842515FFCF8E31CC404EB8190FDEE8C,1,羊肉汤会长痘么,漫威乐高超级英雄,碳酸氢钠片刷牙,手机显示hd怎么取消
AFFCF05E37144D72227AF65E68747577,4,同步轻松练习七年级上,黄鹤楼送孟浩然之广陵,黑色高帮女鞋,7723游戏盒子破解版
CAA5E9366191A205EC84A558F9F1843D,2,当我们上班的时候 英语,晚会新闻稿,新闻稿格式,handicap
89DDF96B8D5BDBFEA8CE6F2AE18A62FB,2,压疮的四个分期,家里烧烤怎么生火,英文翻译,ysl9号圆管
CA08923FEDB022941BD99B29F96620A7,5,16年山东汽车上牌新政策,13年的凯美瑞环保,hfc6500a3c7f,bh6470may
91C3F2ACA4B0CA633614D40632283432,2,斗战神精炼前三颗星多少伤害减免算合格,斗战神龙女带什么宝宝,荣事达洗衣机怎么操作,发型设计师简介
3DCF4D026187253507A09303C0B85A8A,1,联想yoga4 pro,老虎头是什么牌子,polo是什么牌子,巧克力
F4B70E3CA12B19DC20F8C0D937338E6D,2,华硕,交通银行信用卡电话,信用卡还款显示溢存款,note7什么时候上市
C5B798B2575F02F4A0BA5E02D2D1E99F,1,贷款优惠政策,什么叫调包,李连杰英雄救美电影叫什么名字,绵阳美团外卖招聘
FD3A9C716A63CC986F1A3731F657E41D,4,衣服上的白雪公主图片,天蚕土豆,新手如何选材写网络小说,手机如何登录开心网装修房子
0DF02518FB70124C9E2A3D17B89E4759,3,长兴县失业金怎么算,大乐透,鲣鱼花片汤,处暑
D938879C51B2E40BCF276C8B1BA55442,1,qq头像,360云盘,电眼阿sue下载,奥运竞猜
88B31C4F3DE89D87294E138B2606A6CF,1,郭敬明,河南永城赵小勇,麻雀里面的唐山海扮演者,鼻子两侧脂溢性皮炎
E6F7F4B0B588E495E19E95A63DA421C1,2,蜂蜜加什么做面膜可以祛斑,小说乡村医生,一吸气左胸口疼,男人每天该吃什么早餐家常
323E836857084E632AD37F615B837CE4,2,呼吸37打开后保质期,富含维生素a的食物,系泊系统,国家励志奖学金
D638F4887F33D85F1BCD7256AEC814F9,1,心脏的压力,桃花妖的诱惑,马克笔画,壁画
1830B2E0A779002C6722B778534DBAC7,1,成都美年大健康招聘信息,德阳人才官网,彭山护士招聘,四川哪些医院规培要军训的
C9BBC073267D6FB8DAC8D241B72E342E,2,网球有双打吗,汉川明天天气预报,木菠萝是菠萝蜜吗,汪峰徐歌阳视频
CB15C1EA190D2F6C75108D0834385309,4,怎么建立一个三星id帐号,重庆电线批发市场,360n4s手机官网,手机接口红外和蓝芽谁更好
369E6EFE4D292D5E5D8D5BF72B0376EA,3,身体排毒最有效的方法,跑不后小腿肚子疼怎么回事,07年武警兵是什么,武警三期士官
C0DDA664187CBDF0A02578E27813FFB4,2,( z 7服装,孔子,荷荷巴油和茶树精油怎么调配,菊与刀
51C7AA41B7D783D1F492DD8652F1DE4E,1,旅行背包,周杰伦一个字的歌名,笔记本电脑牌子排名,超极本
2A2D080C2E2F0534ED66E856FD718EB0,1,怎么把视频传到苹果手机里,如何加入绿色环保组织,泪洒女人花,旅游业是文科还是理科
565F7176786D8540E941246C82F757DB,2,重庆理工大学在哪里,安妮宝贝,扁桃体手术后多久可以正常饮食,中国好声音吴玉清
9C540A170A45F27915156A3EF5843065,5,单兵为王全文阅读,杭州2013年宝马525li豪华版二手车,杭州2013款宝马525li豪华型,oppor7plus卡机怎么办
7E43D3148898DCBB32587A48F07723CF,5,会道门,12306乘客信息待审核多久完成,潘基文,王朝云
CFCFBE32DB0E58D8E74D4F15DC43E453,3,怎样减轻孕吐,尚孕兰多孕妇真的可以安全吗,孕妇可以用手机看电视吗,亲润是哪个国家的牌子
546E5CB2BA6C620E6543450BE9E92295,2,布洛芬红外光谱图,宝鸡市第二人民医院,我的手机突然接收不到短信怎么回事,药事管理大学排名
DE0A015768BA9B90DAA42F5FA5B23427,3,开发商收取燃气开户费,吃六味地黄丸啥感觉,飞机票,默纳克
43A5C37F0080959AD49ABA6C9E081802,3,长安越野车报价及图片,山竹的功效与作用,榴莲吃多了会发胖吗,工地五百人包食堂一年能赚多少钱
93E4ED87690238BF4840AF87C4D03A34,2,朱镕基生平事迹,沈航,新闻联播,王茜华为何现在这么胖
B790800A468C55292D4091F7BBF4FB62,4,左少卿是什么官职,月满西楼原唱,青海人口,油纸伞
9932CFF41E7D352393A8C71099D79F06,2,坦克世界t110e5装填时间,坦克世界为什么重坦装填比中坦慢,亡语贼卡组2016,惠普1112墨盒能打印多少
54981D84A7ED1D41CFDA2BD9C9C47191,1,lol成就大师活动地址,galaoll,杨颖整容前照片,志愿填报
A4EB1CA24D96677F9029A1CBE0A3D3F1,2,rit音乐术语,偌大的拼音,molto espress,mosso音乐术语
0B4B57D525639FAD9AFC17C4367A13C4,6,虹樱,中国经济实况,印度属于亚洲吗,为张佳取个号
7FD70EC4BDAB37728603D3AA9B7E2D31,1,武校一年学费多少钱 少林寺武,"水浒,读书笔记",被操的动画人物,少女
43407EE4D65A80748A33A5C3586E457D,1,痘痘肌适合什么面膜,防伪码查询,摩卡棕色板,总裁关灯吧
5BB9569BBEA1F570B252556018FD7947,1,花千骨白子画洞房番外,拜托拿稳陈翔,向华强,白子画花千骨番外h文
4DD49F0667D3DD9B0E2491991755265B,2,电脑多少寸合适,华硕,大疆2017校园招聘,荣耀7和红米note4哪个好
51F4FE01070346ADBF0071C4090AD96D,2,橘红色,桑树根的功效与作用,捷信还款电话多少,白带发黄
7EDDAAB4B781E8948C08CB8E484E4FD3,3,国通快递广州白云电话,6个人烧烤用多少碳,广州台风跑偏了,国通快递广州白云同德围电话
1599C3261921BDAC4C23E72296CB8D2B,3,张震为何不是开国上将,360云盘,追凶者也,极品相师txt全集下载
CB023A2EDD3C5D3654A85982BED6CA3D,2,掌上阅读怎么设置就上一页最后一段,石家庄地图,风流霸主,花样
5AF4A2CE58D8AF4FDB7F96B8CBF6B880,1,698191是什么,王者荣耀蔡文姬视频,新倩女幽魂怎么屏蔽玩家名字,狐狸叫英文歌名
2121C7E646A29285E6FC1742B7837A30,1,我们住在一起,青妤记,穿越农妇小说,重生之星际淘宝主
D13D59A3747CC4C63CB6A541FED837F0,3,2210次列车时刻表,澳大利亚伊拉克,乐视,曲乐恒
DEF35EB5CDC66A73E05F99059ECAA343,4,谢杏芳,销售固定资产交什么税,给外国老板送什么礼物好,新西兰9月底天气
6F139FFD921FF6B8EE23B3D72F9310F4,2,新农哥和三只松鼠哪个好,韩国地震,孙杨去整牙了,马龙澳门视频
E5B631D9B677FD4E1759A40FE91A5F22,2,华为p9plus,比伯,内工大教务处,想明白了再结婚22集剧情
DBBB99E18DF66F8D2B495EFBDFCC5028,4,怎样使用扫描仪扫描文件,溏心,指南针,查肛门是检查什么
65AF1BCF432DD64D4756B93A70C6F11D,1,玫瑰花茶的功效与作用及禁忌,日本著名音乐人喜什么,ai,肝不好怎么调理
DEB2418DBBBA67084AE1E7008A7EB960,2,软件集成,页面有的图片加载不出来怎么回事,血色之锤多少钱,915
5B92B548AD0129F9C572B7921B7633C0,2,扬州88路公交,皮肤黑穿绿色好看吗,水之蔻男士洗面奶怎么样,扬州1路车公交路线
95F4D1785542FF14B78A3822B65FE55C,3,大鹏美人鱼基地,防窃听保护中怎么解除,圆通,章飞一绝祛斑多少钱
81219ACAB74B1C21C29AEC75BEDEC126,3,赞美老师的歌曲有哪些,东莞教师招聘,峰峰韵达快递,王莹老师我想你歌词
E7727163628363EB5FA9A7D543D88AE1,3,创意手工制作大全图片,儿童手工制作大全图解,彩纸手工制作图片,幼儿制教作玩的手工图片
F9CC790C4585AD6AF0AB032CEEFD2945,1,英语的作用,旱冰球,对于不能恢复意识的婴儿采取怎样的行动论文,赞扬军训
FD8F41832E4A2EACF6DE5B20B2A6645E,1,爱情公寓宛瑜为什么离开,逆战两字名字大全,吃痘痘,王者荣耀英雄熟练度怎么刷
14EEEF05DABE08CED4E310C990EADA23,4,钢琴块2,作诠释和下定义的区别,哈尔滨天气,siciety
8FA2FFC2DFE4976B7DBDA9A7D5DED4FD,1,刘源,唐唐big笑工坊,李云龙的原型是谁,9月1号国足vs韩国直播
6F01622FDA78A7808B877C2077BD12A7,1,为什么老师晚上好看不了,泰勒斯威夫特街拍2016,告诫处女座男生的话,angelababy
2E68C3D45366E23675E63B7A87A176E0,1,每个动作每个表情是什么歌,喜欢的人问我们以后会结婚吗,cm和弦怎么按,嫁个老公过日子
F69F5DEBA8954BAD9EA4B7FB483DD9E3,1,ollydbg汉化,爱奇艺播放器绿色版,主要的英文,c语言
D0BE9FC31CA1FD8145E9016ED8E5EDE8,2,重生都市小说,重生传说txt,纵横,我真是大明星第一次
84C43B3F2BAF4B9914B1BBBDB720F4FA,2,despite什么意思,西安外事学院官网,穿越之女尊丑夫,新视野读写教程第三版第三册unit1 ppt
0CF7DAE19ED51F5CD923A4C0F0F51100,1,没有名字的甜点店 电视剧,怎么护牙,中国粉丝不要来我家了,窃读记学业评价答案1001窃读记学业评价答案
61BEE68D473BD3430F385A0E42E50E7D,1,三维动画制作教程,桌面加载不了,城市建设模拟游戏下载,为什么电脑加载不出桌面
ECE1CCA7221148E73CC3E7EE893AA54C,4,批发喜贵香烟,58同城网招聘司机,外地考驾照可以报销吗,南艺新生颜值爆表
3A726B178CEABD22FDD3CFBC6E82F2F8,2,北京时间,snh48超神偶像成员,银行周末上班么,传智播客骗了我
9634F95E24A92179C29C6FAFA67D1D03,1,谢杏芳,成龙私生女,宠物小精灵go下载,瓦罐
62AA30C985F2D56D27525893A456C9B5,2,冯德伦莫文蔚舒淇,魏晨,王恩琦,手相图解大全女
EB20C50937EE79B70C12DB3A1BCF490D,3,有幼儿教师技能证可以当老师吗,就业指导师,梦到自己生孩子了,跨界歌王
D0F9B2F5F7E05E61D270D79734234DC5,5,中考跳绳评分标准2016,蛋炒饭怎么做好吃,缘来非诚勿扰,卡戴珊想删掉的照片
0655CB893F40E4E4AE0501DBA3C5DDD0,1,绿色柠檬壁纸,歌名一个字的歌,最难猜的脑筋急转弯,混血儿香奈儿
F080CB64A94F33F8B77F687DBB281E62,1,手机中毒会总短路由吗,相互作用力的例子,内能的定义,初速度为零的四个推论巧记
A56B986891F0D96C2E5737532696F328,5,玩游戏啥笔记本电脑好,游戏笔记本电脑排名,运城姚孟考场在哪,斗战神
3E7FD2E06BE613A456A47EDB2D7B7A2F,5,oppo智能手机图片,隋唐英雄2,微微一笑很倾城电视剧鸳鸯浴,"没m是√13的整数部分,n是"
42AFFBABDF6FDA6AD9574E1C28637674,2,烫伤皮掉后新皮肤很红,中医全科以病人为中心,受伤了为什么容易睡觉,得鲜芦荟胶
026DE0927D8B210EC433A38AA2214A30,1,iphone6plus指纹解锁是按一下就可以吗,组员 英文,这个杀手无节操,四川省农村信用社
3623794314D48BB19D98A9E8D9DA8EBF,1,男性尿道炎,周杰李婧相声,中共十八大把推动政府简政放权、转变政府职,"外国作家运用经济学,哲学,心理学写的书1004"
F9FFC32DA41B7314F67258F4457414B2,1,摄影灯光理论知识,爱奇艺文学vip能看那些书,不吃早饭的危害有哪些,纵横天下小说失落天作者
902FEAB55E2ACF276091DE8BB93C194B,1,呆呆兔月饼手礼盒多少钱,好看的初中女鞋链接,苹果四怎么那电话卡,仓鼠身上贴了贴纸怎么办
3EC575F5512FA19E9F313F5DB650E6C2,3,切痣后注意事项,面相学眉毛有痣,眉毛缺失皮瓣,根管治疗步骤费用
70987655D044B3D730EFF1D5FB92FE40,4,幼儿园中班安全教育教案,"梦到自己家门口站了好多想抢劫的年青人,在?梦见自己老公和儿子",梦见被抢劫没成功,给幼儿教师的建议
D3EF9D75B869A66F50D5FEA5A107C783,4,济宁早餐最好的地方,百度图片,coreldraw和ps的区别,2016里约女排决赛
F820A01C8AA4B52444540280C0102D39,1,净网大师安卓版,艾尔撒图片,2013年9月30日上午,暴走大冒险5-6
EC01CC2D6C86D638E10F0487FA955130,2,花旦纹臂,iphone收到消息不显示内容,百度,hedong
1A22BDA3082320E6F7AF423DACBC19DF,2,毕福剑为什么被停职,一切都好,今日说法,花露水加尿味
40B072FADAB47FF1DEB44CFFAB954ED8,2,怎么才能屏蔽自己微博不让别人看到,云溪,失去一些得到一些东西,映客钻石
D440B802DF928E5F4B18A8EF29F1B56C,2,芳草集薰衣草水乳,purchase中文什么意思,扫描仪用的什么传感器,最小模式中怎么判断高低电平
1268BF91FA539069E3306F2752385B7A,2,长辈生日祝福语,麻辣章鱼足,红烧章鱼足,内心流氓的成语
388BA4B52FFFF9979D14FE1E41684E26,1,北京台生活+节目主持人,斯凯奇运动鞋怎么样,北京台装修节目叫什么,黎安可室内拍美人鲍
366B6D72DD8C334D91755755AC4ACE35,2,斑竹鲨 陆地呼吸,顺丰快递电话,酒泉在哪,开学了淘宝天猫纷纷涨价
100A8791BB8BD151A67494223CC8516B,4,人民检察官,任娇个人资料,人民检察官在线观看,感冒鼻塞怎么办小窍门
F877C344E7775FD8750EFC893C379241,1,宝马430报价,乐视,三星c5,河南两年义务兵退伍费
556A04DA93327DEB090205DCD70F814B,1,大蝈小酱全集,貔貅是什么意思,拉黑名单后打电话是什么状态,幸运英文
404712116AE5D961CCF17AFE96404533,1,梁翘柏,透明手机,瓦岗寨老大是谁,一个宝盖头一个石念什么
8414C4F964DD2C245DE1D787AC2B54DF,2,金融花园的邮编,angelababy,中国红旗,活着
B6938F5F8EDD46E493DBEAF2E4EFF9AB,2,初级柜员 考试,raiplayroom,keep教练是谁,全民 tv
7B43871A159206255858DFD01260A7D4,4,感冒了浑身无力,艾叶泡脚有什么好处,脾虚容易胖,姜粉泡脚的功效与作用
3AD62FD42FDDB59070D853E4BDA7D640,0,时间管理,现货几点收盘,白银连环杀人案图片,臭虫咬的症状图片
770E13CE6DD994D4C559E458D29CA8F7,3,北汽归哪管,美食杰,手指速算法,普通话水平测试专用教材
38C883A350A651F71FDC1DC17B0781AF,1,联想售后维修中心,西藏大学,刘延云,nba2kolinepg的q战术视频教学
CB68FF0C4AED87FF18700507BD30A207,0,形容身材3个字,军训第四天日记,ej表情,cd
D91581A536BE0F155389BCC645454D69,1,oppor9定时短信怎么发,东南亚各国钱币图片,笔记本电脑什么牌子好,飒漫画227什么时候更新
21BC75B6DF8AEEEBB853E77AE6D7C712,1,win10安装过程中黑屏,俄罗斯超级英雄守护者,虚拟现实射击中文版,波斯猫价格
DC3B2C9AA07FA14FAD7584EE89AA35C4,2,大汗腺,重庆财经职业学院大三课程,卸妆水,矿泉水洗脸有什么好处
B77178F0C59B49CFB4F7047AA78D08D3,2,elementary os 安装,电池南孚容量,龙族5结局,河南农业大学官网
B6B3552143243F00362E58B4FCC36C74,1,冰岛女性被求婚,大学生贫困申请书范文,哈尔格林姆斯翻译,风之花园
B589F998598311CDDCFD447223044889,1,在电脑上怎么制作表格,我的萌宠老公杨洋,蛋糕图片,刁蛮俏御医 电视剧
7F8860333E8CFC9891ED2B4A5FDA69E3,2,痤疮不能吃枣吗,以下哪个区域乃青云重地,密室逃脱6第15关怎么过图解法,中药多少钱一副
C3FB8C859CC246F87386F4B7B5E41180,2,"孕妇乳房涨痛,有结块怎么回事",笔记本电脑搜索不到无线网络,kmyytv,萝卜汤的做法
2CCEA00CBADEE5C31D6F79800084BDEE,3,汽车之家2016最新报价,穿山甲的功效与作用,文山州皮肤病医院,福田时代轻卡
730D6B699C276EDC69E9D54D8D9B884C,1,qq头像,带猫咪的头像,qjy,进击的巨人动漫在线观看
3EA96E045E4D0CFAA83924CF25FF30CA,4,冬眠合剂,纽曼u8复读机价格,非那根,库欣病
9EDEA1A92888B8842724634E665ED606,1,仙缘云朵朵之家,快递公司离家太远能收到吗,短袖卫衣裙如何,百度
6ED5BA28D8F7F165EC14471A6FE2D234,4,南京到大连特价机票,培训,安妮的口技,神马电影院
EC54D738559D1BE0FED32D891E2D368E,2,苹果手机晚上放一夜很耗电怎么回事,简笔画月饼,著名歌唱家刘爱玲,嘴巴周围长痘痘怎么办
9EA4FF518853C29970243A56FA6DB05E,2,组装电脑,姚启圣,酸菜鱼,怎么用电脑显示器看电视
74407EA2718A61735102312DD56FCEF2,1,鲜艳的六芒星,吉他自学三月通,睡意班服设计网,手机qq旋风破解版
DF9BBBC269BE3844E570318E982819BF,1,带刺的玫瑰裙子漫画,蔷薇少女图片大全,奇迹暖暖攻略,皇冠唯美图片大全
DED323DCCA9653D7E7F6C2D9EFB2E6C1,2,安工程贴吧,老炮吴亦凡图片,翡翠和玉的区别,cad0015.111
742F8F0EE01A7E70D43C1822C1D62524,1,关于建党95周年的调查报告,眼睛消肿最快的方法,早知如此绊人心 何如当初莫相识,怎么让痘痘快点成熟
E51169C3B9E29DFB198531F870F133FF,1,招商银行怎么查余额,金立f100,乐视,鞠婧祎怎么读
85669DABE91341996493DF99E7DE328E,1,神码论坛www260999,百度,神码论坛www90144,比例
A5BAC7FE5AD70090971E0E6BF2F01935,1,逝者已去生者,青椒炒猪头肉的做法,助睡眠的音乐,微微一笑很倾城上快乐大本营没
8B9F1190FDAB79108CFE493266DF0E16,2,吃泡面会发胖吗,男的要什么公仔,自考本科,蒙欢
47213AAE6A5326E5EA231ABDFFEED0F7,2,医院开的某某康面膜,冠周炎,上火了吃什么降火最快,大三学生可以考教师资格证吗
0FE6231F4E02DED82FB556D7811B78B9,2,重庆书法考试费,重庆恐龙公园,office,重庆歌乐山
BE4DA0A4D4ABC81330C028F39D00DA6F,3,汽车之家2016最新报价,刘河镇,光能发电站需要多少钱,老年人电唱机
BC0C7EE8154970C79D85D799D7AE7E44,2,农村卖什么牌子化妆品合适,国办学校和私立学校有什么不同,蓝月亮3公斤洗衣液多少钱一箱,地铁查询路线
3C1B6E46AFEA1920218A3D41373A7E72,1,中华皮肤膏,极品新娘,惹火小辣妻:老公求放过,池昌旭
06A106A0288A0F31A916D5CDA7BD4864,4,天湖小舟,中年女装有哪些品牌,走马,中国结的编法图解
CA8739E679451B919DA461B51FE46910,4,v8 荣耀note8,周恒 天坛医院,中国女排,羽毛球规则
5082E9A8B062677AAED81382768E1A9E,1,音乐学专业暑期艺术实践鉴定表怎么填,慢性肠胃炎,港澳通行证可以在异地办理吗,诛仙青云志19集百度云
39C0650FA1FCC84AFB5070CE4C79DA7B,2,衡水跨行异地取款手续费,me&7men1003me,什么是文义票据,阳光艺体能
AC294A0A4A1B98815F340ED30EAA42DD,2,塑料卷发器弄空气刘海,动态生日蛋糕伴随音乐的图片,钙铁锌补多了会怎样,李湘和维嘉主持的相亲节目叫什么
0C0F5E0F7F20A96F203FAEE5BC548818,2,王的男人,脑,了解日本文化的书,imgplay
5AB5DFFD55829BF9C2F8AF7853DA7F12,4,小雪电视剧全集,马拉松,秋忝补冬季,玫琳凯黑眼圈修护精华露
92230F5C4E3E5C03E2C4F3A81B05330B,1,封神传奇票房,患抑郁症的人有多痛苦,怎么看高考每题得分,创立品牌
08E670E6748250EDFDE3BE1E9A7D0D69,4,小白兔儿歌,陶瓷厨柜做法全过桯,臭氧发生器 小说,潍坊泉典净水设备有限公司
D6DFCEE6255730ECBD449DB395FA63D2,2,世博会几年举报一次,五度标音法的两位创造人,鹿鸣学堂,安徒生童话的特点
D7D9EE1183337E00D6A4DB1FDFC6091D,4,书柜隔断效果图,学费被骗女孩,八小时以外活动监督管理第一负责人,小女孩几岁学射击比较好
C3C5DBE4F2A66314E2EC94AB9DAFF592,2,原地跑步能减肥吗,爱情攻略经典台词,真心话对男友说的,我想和你困觉 鲁迅
BA9AD50CBEF8EC14C8F96618E9A1030C,1,跳舞视频教学,佩恩,洞玄子,林允儿
CB2C3743EDD8D1B03B2A9E69C284F078,2,地理教案模板,oppo手机售后服务电话,地形和地势教案,imoo手机
9AE7F92D30046D8B1ACA1780A43086DA,1,肚子抽筋疼怎么回事,粉刺,犯胃病怎么能缓解疼痛,郑爽的眼睛
45303E3A91DA375BB142512890CB6423,1,游戏中心,婚纱照片图片大全,微信,找工作
2B804313A41E98E40ED436BF449D6DB6,4,芭比娃娃家具制作视频,老公变了心还能收回吗,瑾泉新活活氧嫩肤水,移动的号在哪儿查
0A3EBA45E7891B97454CA38B873DC779,2,顺丰快递电话,桥山村,密室逃脱6攻略,密室逃脱6第9关怎么过
071E08DB2739DCA38FA6BF6BE69F0FD9,2,资生堂唇釉,西望遥安,市长夫人,哪些灯有紫外线
AE583D5FB1C535CDB6B4DC4CC788B969,3,黑鱼汤的做法,淋巴结肿了脓包医生说要住院有必要吗,胡彦斌,湿气重月经刚过能拔火罐吗
90934FF7B9EDCA5C55EC7FC622AF127A,3,同一列车可以买两张票吗,锐力手表旗舰店,会计再继续教育,追凶者也
9A5D5F1223905294DF6A5BE08C1D1684,1,vivox6plus手机壳硅胶,高二南通小题,武夷山正山小种,优速快递图片
8347F7A7CCE79F985AD1B95CD15B2346,1,蔻露薇洗发水是品牌吗,怎么保养乳房,短发,巨蟹男想复合的表现
518B868F9346143227DA2A427DE2B116,2,金门浯江,萌妃无敌抢个邪帝来玩玩,他很漂亮里的笔记本电脑是哪一款,w两个世界里的电脑是什么
BA79D19AEBB261ED0DF306E21DBEC319,3,孕妇腰疼的厉害怎么办,做胎心监护,三年级上册数学时间题,武汉的免税店具体位置
48450C963010BD4AED0532E944862F2B,1,王近山子女,泰囧完整版国语,僵尸道长3,徐峥
675B19FFF1274C050E29F9782E75FC72,1,川崎800摩托车,最强升级系统txt下载笔下文学,红玫王,百度
88E7BCC0FED81CF0BA6A4433774225D7,2,伊思红参面膜功效,盔犀鸟,爱丽小屋猫耳朵发带,不回门
A86FFE602BBA4854592D68EC4877CE98,1,福建有年年富的调和油吗,兴国县文明路,jeep自由光优点和缺点,移动卡改套餐怎么改
CC7C28AC95A9FAD5A1E24F10D98DB965,1,中国新歌声什么时候播,重生之神级明星,日本18禁游戏排行,dnf浙江4区吧
5C45650052AC1E9D38B6D0943CE7FA41,1,pvc是什么材料,非朋友最多显示十张照片什么意思,问候语,不让老子吃你们也别想吃
E88DDC9C992A20F0D5B8E47F6E8EE575,2,南普陀寺旅游攻略,四六级成绩多少过,厦门大学好玩吗,kimi近照
C83F59904ABF46B0B903D9B1AE0B822B,2,完美假期,魏晨,广西农职院官网,北京时间
26D31D760B6CF185767D026DC884FDB8,3,跟腱炎,zuzu品牌化妆品怎么样,tcl全自动洗衣机显示dd,支撑护膝有用吗
5DBA3ACD34EB40F98A86B147C090FBB4,3,我是一只小小鸟,我的课余生活折纸,勖,补水面膜排行榜10强
AA007F20B94EC1FCCCD6573137C5E424,4,好声音女学员被汪峰,陈翔六点半第二季,三星s7充电只能充到70,短发
BFF9295D8D3ECD09346D4CCD7DE9EF66,3,孕后期大便次数多正常吗,左眼皮跳了好几天了怎么回事,茶树原液的功效与作用,大眼蛙孕妇护肤品
B12C40C85DCBFA10A72F41D2CDFF5C89,1,炉石逗鱼时刻谁说了算,960m,i5 6500,肖师兄好巧
5F9273F1D1E0258803B1BAE73A16C4FA,4,衣服的两种读音,深圳市房价,白癫疯能用曲安奈德醋酸曲安吗,蜂鸟
A9E662468AE70412C489850E56105E95,4,科勒,淋浴花洒,运河,博科尼大学
2B0A59602E5197A37334BC43DAF992BF,2,我们的法则同人小说,predator 21 x 多少钱,僵小鱼动画片全集,万书网
3BB00964D95E4C086F42048A7C327B30,4,啁啾怎么读,达州天气预报,朦胧的读音,湛蓝
8C1469C44DAC042773B5F8FE11499ED0,1,搞笑狗狗图片,陈店一中,梦英文,抑郁症
783E0DC226FBDBEE073F7B59B1FBC4A2,1,尼斯1003无标题,松露月饼,kobo怎么导入电子书,kobo
E0F033B57946B24AECE88E78FF58D9DC,2,天平多一点成语,百岁山矿泉水,小众品牌,dnf白图之王
9E733AAF02C00E3CB293E824949F1439,1,洁尔阴洗液用法,吃完避孕药后无出血,英语ab级有口语吗,家里的wi-fi连得上但不能用
0B4A7440D45A79FBF5B51C208CFC2226,2,wtf什么意思,时间,宋小宝,童话
48337715C541D628578213CEE088B8B2,3,黄蓉后传孙老爹,龙王传说,黄蓉与巨猿爱,八年级上册人教版新闻两则
3D50CCCB6933375274BA6C0C6F56E5DB,0,晚上用保湿水好吗,相宜本草红景天幼白精华水多少钱,老公过生日买一个什么生日礼物表示爱,老凤祥银镯子图片
D9F4776F33E0DC30BE528C8CEDA6647C,1,王者荣耀英雄排行,包皮过长,水煮毛豆,美国达人秀一女子乱花被集体灭灯
489CB7D4619BA45FD3E167108665EC74,1,陈伟霆北京演唱会在哪开,火车站售票窗口营业时间,陆小凤,office无法输入数据
F0A20C1B6E4AE011B4F78524464449B3,2,百度手机助手,开手机卡要身份证吗,多幸运吉他谱,吉他一般几级
43CD6BF5A2A1327CA439EB1F0BC1A568,4,便秘能打预防针吗,g20峰会安保总结,螺旋烫,爱能特英优儿
27C598E941FD8EA4B6F18371B4F1E324,1,完美假期,科幻爱情电影,盐酸西替利嗪糖浆能治咽炎,就是飞英语
93B62E0FC7D3ACBC0006A5A0715B4447,1,怀疑孩子有智力问题该检查什么,2345贷款王怎么样,魅族3,美图秀秀
2245E91DE8493ACAFAB379628F2A4D54,2,4000左右的笔记本排名,谢家湾到大渡口,华硕v555l,安妮宝贝
1DBF7CC1A2E72733A84330C72B49B323,4,老人与海读后感800字,三星a9,辍怎么读,燮
FE8A3BFF1CEBB595E8BDFE7B2C1FF9B0,3,韩国自然乐园,鲜活石榴精粹,辣椒包肉怎么做,祛斑精油怎么用
4ACBABA59FDDB0E6630B9EE3CE1A80B5,2,桔梗图片中药,星火背单词安卓版下载,非瑞根,脊髓型颈椎病
033716C6FD165C8C31DE44268C5EEB09,2,红衣图片古风,什么叫胸包,治愈系,果本杏仁洁面膏
4DF94FF8905BADB1417F0A662C9129F8,1,微信怎么退钱,雷诺狼蛛全改怎么样,面膜收毛孔是什么,怎么上传图片到百度云
53B9911049C463FABAB1A313A45ADC45,2,迪奥烈焰蓝金唇膏真假,剖宫产术后两小时,纪梵希禁忌之吻05,阿玛尼哑光唇釉500
B853422A63118522EF0420B5773F11C3,2,现在看片去哪里看,漂洗和洗涤有什么区别1005漂洗和洗涤有什么,窑,海尔滚筒洗衣机大件清洗
55A6BA16B542821532DB640D30C69FAC,1,枯藤老树昏鸦图片,nfc是什么,如何安装手机内存卡,笔记本电脑黑屏怎么办
BA370BE25D08F5561E5273C2659E6F18,4,梦见老人生孩子,房子装修一般要多久,正弘春晓,可可西里在哪里
099370CFF9A5E6BC3FF15E12578171ED,1,铁血玫瑰之十二金钗电视剧,还珠格格的片尾曲是谁唱的,天狼星行动里德川是谁演的,洪金宝黑社会背景
2AC6E135C5EF157CE8D4CAB6964DDF22,2,手环,我丢你雷姆,麻辣变形计演员表,grapes是什么意思
888A5A609252B4C28C416C784E045013,1,手机sd卡突然无法读取,安普素果冻,秋天的成语,英语四级多少分算过
85F78065EB3FD27D71DAC1FC48B7845B,2,重庆第六人民医院,永川基层图,垫江新闻,陕西省人民医院
679B9B40B1545CEE967503FB0685C2C6,2,电脑有漏洞要不要修复,英语,济南到济宁长涂汽车,西游记后传唐僧扮演者
ECD214919D4AC5535CB14A843BD23AD1,4,gta4百度贴吧,alread,这是我的战争安卓,振动
434FC86B58A4A4FA83D0EDF63DF53E50,1,喜欢又不能在一起的诗句,梦见下雪是什么征兆,小纹身,扁桃体发炎流脓吃什么药
B61F39EA84FA0ECAC9315F7BB76F4196,2,i5 6500有没有核显,gtx1060和gtx1070性价比,gtx1070用多大电源,4k是什么意思
01135FF56D2287CD45111B76093E3C11,1,ps怎么修改图片,葫芦可以做哪些菜,黑科技创作团队的繁体字,怎么有的电脑打不开3d注册机
CBC56D456B83E721ED733EDA307E3FD3,3,天津轻轨9号线,百度,客车品牌排行榜,手背后扣背部可以治疗肚子疼
7AC72E86A34EF492C4D106302722E187,2,第一行是abc第二行是bca第三行是cab的三阶?积分限r能取负值吗,公司盖章图片,进位计数制及其转换,什么是网签三方协议注意事项
1A259A7A1791EB2209DFC17EF0FC4C2A,0,去跟男朋友共同朋友的婚礼需要自己也封红包,红酒开瓶后能放多久,在珠海搭飞机去张家界,结婚的五金是哪五金
FD5AC442753C70A7987CFBFDFA3C0D0F,2,南宁市的物业单从哪里拿,成年人水痘症状图片,模拟人生1魔法币,ipad如何查看本地文件
F37AFCD4A5EAB31A9A3CD604F7DA459A,3,国珍松花钙奶粉曝光,马蓉现在怎么样了,刘烨个人资料,angelababy
4D0DBDD044FB788CD7CF2DBD4B6DA139,2,刘嘉玲,苹果5s恢复出厂设置后系统是出厂时的系统还,乐视,登陆欢go客户端
21C9C3DCB489A04D2625EE2C4A5A022F,1,多情自古空余恨是什么意思,菜梗能带上动车吗,初音殿下,鶸怎么读
259699C5AFD80F046F6C60E37AD719D6,1,魔鬼恋人女主身世,吸血鬼骑士,魔鬼恋人小森唯逆卷修,难道每个人出来打工都要受气吗
DCE035D016C82D9D7B6A154E2178B4BF,2,附近哪里有十字绣店,怎么检查附件炎,"输卵管造影半个月后同房,阴道很痛,为什么",小货车出租拉货
0AD01E040D8F5FC225D9F6020837D3B2,4,西安事变,龟头下面长了个尖尖东西,红苹果净水器德阳售后服务,赌侠1
359C00506BBC5E6567EBA98CE0A8376F,1,愿时光温柔待你下一句,催眠校花高筱柔全文,微信消息免打扰什么意思,例假推迟15天正常吗
439AE9EBD07717A712F4E15817E938FB,2,楚乔与燕询,喝水卡通图片大全,2016下半年教师资格证报名时间,洗澡卡通图片大全
08B4A83A18D98AAA4F26BF2115255F3E,1,潘基文,火兔视频,阮元传,百度
195F1076B83BCF713172E301B550D443,3,老九门在线观看免费,星座爱情学,吸血鬼电视剧,择天记电视剧
4920DE5AEAEFB901EBB6B8BB60608C0A,1,厦门大学嘉庚学院学费,行仁政而王莫之能御也,霸道王妃不好惹书包网,云南民族大学学费多少
A0109556622257218F5E3E217CC037A8,1,狗怕打雷,vivox6,vivox7,vivoxplay5a
2968F605F02FE9D29BBE28C4A0C3B4D2,2,适合女生玩的网络游戏,256影视,大海图片唯美一个人,额头有个z的电影
368DFE8902B377240A9A2AE58C141DD9,1,哪些人不适合戴黑曜石,斯巴鲁贵吗,黑曜石佩戴禁忌,英伦风
A35D7535F95898587DECDF4357714A5B,1,粉红女郎恭喜扮老人,哈文是谁,学生会文艺部申请书,怎么让自己说话有气
8858A46DCFC81379B87C9050A1066F19,4,数论基础,眉毛长的人好不好,铀矿石,邮箱登陆
233CC426C02FDEC2612A871C013916B1,4,学习机和平板的区别,六盒宝典资料,当前时间,水星无线路由器设置
746128F730F7DDEE7F8AFCC4FB6C1F3C,1,李易峰张艺兴,吴亦凡陈伟霆广告,青少年抑郁症测试题,黑色背景
86F004C1A4F9BA71B15C520FA922BFA5,2,女人气血虚会会影响月经吗,云浮最近的火车站,怀孕两个月肚子多大,南漳有卖卖哈佛h9越野型的有没有分期付款的
E53160EC6FBEEC6AD1CAB037AA9D45D8,2,祁县属于哪个市,方大化工,b站会员答题答案,笔记本电脑关机后电源灯还亮
410EA30D4DACBA0CDBD18CF230B020C2,4,e1231v3直播如何,手机登录无线路由器,杭州g20峰会是什么,u大师官网
3F777644D408A26E3B34A2084374B99E,2,观灵人全集,古天乐个人资料,主播啪啪怕视频,贝多芬钢琴多少级
335874A6586721FC79746E8714EB0C46,1,重生为皇帝,带着电脑去修真界的连载小说,极品修真少年小说,三国之全面霸途
0EC23DAD16E2CCFD6230341F7ACEB20C,1,北京小汽车申请摇号官网,宋松,冠者五六人 童子六七人,三星c7
71D024EE0CBD5673D750ACEC94A7E6AB,1,淘宝上怎样截图给客服,英国卫裤骗局大揭秘,地狱究竟有几层,增强性功能的食物
378E9076CD270728FD185F855595AC35,4,烦躁的图片,苹果6手机拨号声音怎么去,智者不谋于众图片,manly是什么意思
FD75697D04B6D2BA854E4868F63DFE5D,2,dell电脑充不进去电售后,乐视最新款手机,电池一会可以充电一会不能,秦皇岛市区dell售后
7B00EF1EA57FCCB647B36639DD989609,3,车上卸下的cd能自己接线在家用吗,朗逸有瞬间油耗,新车磨合期注意事项,optimo是什么轮胎
179E56F8F8EACBBC74FBDA2D2AF1F689,2,合约机是什么意思,泉州师范学院官网网址127.,捣蛋宝宝:制服总裁爹地,吃一点东西肚子就很大
B4E2A5AFBBBF2E41D9D96009E68C35AA,4,海藻泥面膜怎么用,如故是什么意思,广东话有没有搞错怎么说,充电线未经过认证不好充电苹果
A32AA64CF90E8E4CD8E42F6A21DE4CC2,1,作文开头,张金柱案,腾讯微博,刘嘉玲
3D40BD5DFB5C25C486070186B518C49E,1,小米2s,怎么打开qq悄悄话,林允儿,浙江工业大学
92CA06A319FE3A2A1DCA1C7B011CF480,2,割双眼皮,平抛运动的性质,亚里士多德,蜀道难翻译
2290893C429BDDA87B8D170A54F06E4F,2,北京大悦城品牌,张译,保定凌鹰会计培训学校,方敏雅sugarman
9C2527062145F955D73A03CAAD2E34A2,4,西京医院网上挂号,移动网络电视盒显示未获取到ip地址,第四军医大学西京医院烧伤科怎么样,公牛开关怎么拆
6D95AB946AB0613B43D6D62572EBB42F,3,男双,总想辞职怎么办,nhk新闻,红豆莲子茯苓汤的功效
3773D0FDA101B79524AE75EDA35D1E70,3,speedo38码,兼收并蓄,百年燕园,人材济济
F08B23FA56A1597C2B1AF02327DD99A4,2,重生工业帝国,重生之完美时代笔趣阁,重生之19,香港大亨
AFE1A49024B4E59F4A75B7229B74C1D2,1,天盾门户,特别好听短信铃声,特别好听来电铃声,跑步步幅与身高比
5F3CC681960745035DC5114E565C6B46,2,兰博基尼,模式识别,睡觉腿麻是怎么回事,华东师范大学研究生院
DF7589739BFB3024EC1EF6D8DF852A8C,3,类似医手遮天的小说,鬼帝宠妻纨绔废柴妃,歆怎么念,脱发原因及治疗
503CE8D4FD0C2021DFE546E4BC81CC5D,2,湖北生物工程技术学院2016年学费,源计划图标领取,湖北省武汉市洪山区黄家湖西路1号,ez冰川勇者和光执事哪个好
EEC05719502525C4124F297A55A58A26,4,顺丰快递电话,九月三号选房龙府,'qq,龙府 5000排号
747A1924B46B8AFE616B4F7C42E90AB6,4,山东艺术学院,北京黑社会,壶口瀑布攻略,实时路况 北京
1681D4C8EE624EE2547F9E0536CDC964,1,南清,以色列和中国的关系,毒品的危害视频,僵尸战争视频解说
2EFF14CCB291F330D73AB81917AA083D,4,跨境应税行为,会计挡案,出租车超载处罚规定,微信
119DC2CC569ADFA6DBD50EC01E28A815,1,考研神嘴老师视频,奇瑞,youjizzjizz日本动漫,钢琴曲欣赏100首
84D3E7B33D25A35D7109AD4824EC29D8,1,第二代身份证,百度,彼得与狼解析,中外名曲欣赏
37AA4A37605963D281E0A2F6DE3D1C3B,1,玻璃裂缝修复,陀骨手串寓意,秘史小说,呢子大衣怎么清洗
F58133C2C50222BE9216B736922606C0,3,进舞团现在还玩不了吗,毛坯房能直接贴墙纸吗,风浅汐南宫绝的小说,老中医减肥茶是真的吗
FBE700077CB5BAB5E8109208438A7BAC,1,兰博基尼,为什么有些商户我用蚂蚁花呗买不了东西,有趣的对联,中国邮政分拣员累吗
A01D707CC5373EB57592FE0CEDC0A844,2,全民k歌怎么唱sss,如何知道qq悄悄话是谁,潘春春四部视频,如何知道朋友都玩啥
464BF518605D344A178C06A5D9EBBA08,1,陈伟霆和胖迪有什么关系,恋爱养成游戏,恋爱养成类手机游戏,雅典娜4
95635C927199A6D2D69FF8FD86FCD01A,1,苹果5s9.3.4,笔记本电脑牌子排名,银川兴庆区邮编,苹果5sme453ch/a序列号dnpld06kfp6l可以用?笔记本电脑什么牌子好
3BD61CCFF8CA0AB051F48699051D1998,2,孕妇屁多怎么回事,虎肉,郭敬明,湖南邵阳石雕的旅游景点图片
30502F5D12DB4F38F6C81CE1695BA682,1,五本神阵最强防守,南俊安,卧牛城的由来,小包总是谁演的
6DB6F4EF7332525AA4E34764856B25F1,1,宋丹丹老公,mayday什么意思,李绅,牛肉烧香菇
8E963D9C7E2909CF6A1D0B1D988A4A79,1,金花媛图片大全,里约奥运会赛程表,姜潮,邱雨烁牵手成功了吗
C3FD74C0831E53C642605E9CDE0ACE01,1,中福利彩票双色球开奖,鸦片战争以来中国所受的侵略与屈辱的意思反,三千零五亿零六怎写各数,如同一词可换做什么
DF85957645BB665AF782834AC3B88358,1,郭敬明,厦门到南京有多远,南京哪里卖军用被套,斗鱼
92F2485D55C4972641B8ECE678551CA4,3,龙腾小说,鸡蛋怎么炒好吃,无螺丝移动电源拆开,wifi连接管理器苹果版
0364B139F7FBDB8700F1D580DE8E17A3,1,电脑cpu温度过热怎么办,印象最深的一件事,霄的篆文怎么写,求发红包的土豪qq群
C7F20A8F9970BB0B27286C7AF386531A,3,暖气阀门开关示意图,武汉自驾游,通县 信阳,鸡蛋羹怎么做好吃鲜嫩
BC4022F82C2E520F49F8EBD255798EB0,5,王珉,泸州原液8k,人造大理石,美年大健康体检怎么样
50F16CE0670AF06775BBB797CB541D79,1,单恋怎么办,四月十九号什么意思,聚会玩的游戏,手指短怎么吸球
438EC944DE116E08F89AF146B8955114,1,香港有沃尔玛吗,夏利,糖油粑粑做法,空间说说怎么同步微信朋友圈
8323642D178981B6DE533E6759D40069,1,桂花茶的功效与作用,来大姨妈的你,哈尔滨市龙江旅游中等职业技术学校招聘,吊丝男士第5季全集7
87305B8B56E290D896881260497FF9C9,2,笔记本电脑回车键失灵,虽然我也不懂,南淮旧情人我是总攻1002南淮旧情人我是总攻,黄耀明和林夕
D7039809345CDC2D8FD8D7D2F3197E6A,5,朴槿惠提早回国,曹云金再讽郭德纲,周杰伦演唱会摔倒,昔日港姐曝黑幕
147367DDDECB5E7752D48D94F3A0C48B,2,龙王传说,冯锡范,僵尸道长碧心,僵尸道长玄魁打日本叫
2C7280CB91421A19E46A9402D32B21AE,2,非朋友最多显示十张照片什么意思,s4yycom首播影院手机版,非诚勿扰王璐,民族大厦快捷宾馆
FF1FF4362DBF3704DF350A2E76F11B5D,1,贴双眼皮贴的危害,洗纹身,关于闺密的说说,除鞋臭的小妙招
008F9E29CA88CF5D55D894451075E62B,1,四川文化传媒职业学院风气,小腿粗怎么穿衣搭配,菠萝饭的做法,万妖之主
11DB466DA8C8D5E91314C15ED144BB07,1,熊猫加速器,天有喜2之人间有爱[540p未删版]全75集2015,木棉花的春天,南艺新生颜值爆表
80EC20490D38132344447DB4D5276CBB,2,伤寒论总序,西林街网盘搜索,六小龄童写的书,毛概社会实践报告
1446874019FB9BF1C1A76FA14C7F803B,2,癸卯日柱婚姻,美人馨纪皂怎么样,美丽加芬氨基酸温和洁面乳,苏麻拉姑八字
AEA11B3C9869AEAFFAEC53639FECFF39,3,qq生日回赠,盈信电话亲情号没置,牛什么牛原唱人视频,adm sda3600
9B848D1A038C8DD289CEF8FDA050B95B,1,三续金瓶梅,贾伟,醛分子组成通式,百度
29595D9E410F8828FFA594BBB43234D4,2,软件,联想拯救者i5,16年惠普显示屏新品,bilibili
942B638BA4128CB5F73F9EB661F04B6A,1,禾绿,ipadmd788ch/a数据线,炉匠加盟,加盟店排行榜
79FBC28752E13F22D59398EDCB08F678,1,极限挑战皇家宝藏,读书郎平板电脑能越狱吗,龟虽寿 竟的意思,小米运动
EE10184269BD3DFA67CBA2B487D2473D,3,圆的粉色可亮灯是,呵呵,肝功能检查结果分析,郑恺
93D0B740D88D43CB768464E967256597,2,完美告白李念家属,痛经可以看医生吗,激光美白多少钱,宝宝病毒性肠炎症状
641155F7204379C5F161B30A3398CBBD,2,君煜,重生之再许芳华,郑钧,华晨宇综艺节目
E277E6B71FB3E71E305A82C1293321B7,1,lol双开方法,oppor9轻触home键返回桌面,王者荣耀艾琳,罪恶都市手机版
5FBBE14E9E94E50FF87855BFD07F2525,2,一根草图片,长春工程学院教务处欢迎您,西宁到长春飞机票可选择的路线,电脑怎么设置定时关机win10
25D3F6E84CDD7E7280066D7AB6590A68,1,兰博基尼,cf分期付款英雄武器2016年9月,剑网三中秋活动2016,那好吧下载
BA655F78192A2F990AEBB8DE594F2F6D,2,十月馨3段每片叶酸含量高,太原市阳曲县食品工业园区01,现在淘宝好难做,新车除甲醛最有效方法
867B3661146253B405A40B0B6C9572AA,2,汉译英,肾衰竭有哪些症状,哦多开是什么意思,三国游戏
EDDAB4DC881978CA7A7AF169840CC871,1,马自达6试驾视频胖哥,全屋净水器,动态邪恶图,你好乔安演员表
5DC028103261A9C87BFB0F1EA9AF3BAB,0,p9电池不耐用,p9电池耐用吗,城管打老兵事件什么结果,华为p9音质评测
1A9CBABE27EDDE9D46E316A22D17781B,2,乳头发痒是怎么回事,榴莲不能和什么一起吃,伊伴,从业资格证报名费多少
5CD86571E6184B0D2300871A4464F2F0,1,皮肤排毒的表现,基础护肤的所有用品,传真号码格式,哭完后眼睛消肿的方法
C73D8975220BD786BED5456205253D15,1,关晓彤1001无标题,微信怎么建群聊,抑郁症,vivox5pro
BF2A7C43EA4A50BD56A6DEDC4EA10627,1,世开头的成语,北海区号,qq现金贷资格怎么获得,苦开头的成语
C41CED21376E222ECB83BFC305E7D04E,1,蛇人帝国耽美,鲱鱼罐头为什么有人吃,华东山东品骏,世界第一初恋
391CCFE8EC73AD5903F101F5A2EDC432,5,北京市区哪里好玩,韩栋,国庆节旅游线路,玉溪澄江希尔顿酒店旁边的酒店
42DA7F54754564F9F065F7BFFF436516,2,口琴歌曲二百首,扶他林有什么副作用,乾隆在玉器上什么样子,军中绿花口琴简谱
D9CA0A056BFE26A5A20BC885C6BDAE85,1,夺人之妻——字一,noml糯米3s手机壳,你是我的心跳,刘洋异界怪闻录
A1EADBED7BBEB75F7CDFEF8DF4BBAB73,2,烫伤后不留疤痕小窍门,坐飞机的流程和注意事项,一个抢一个碗成语,南艺新生颜值爆表
7A928095047C51257A3020BF9B9CE1A6,4,蛏子,上海汗蒸一次多少钱,汗蒸能治病吗,寒痹停片
A05E2FE37E7391A3012BB13A2922AB8D,2,霍启刚个人资料,女排什么时候夺的冠,驴肉火烧,日剧月之恋人台词
9C8C93DCBDC239527688D4D28F554AD9,3,2016手机网游排行榜,联通宽带不到期可以报停吗,青云志网游官网,征途手机版官网下载
A0D188AAFB455072F5A5E39AA3E4B496,2,阿特兹和昂克赛拉,护肤品,咱们穿也吧倪萍,君学书院
D7543FF997E811D72555B96A4534718C,2,优酷十宗罪,杨洋微博告白郑爽,360云盘,长途汽车票查询预订
B6EBF89EE7DF5CC4BA28801685A8D55F,4,灞桥仓库管理员招聘,深圳人才热线,贞观之治,临潼斜口镇雅萱专卖店
AD3D942163B0BCE00E99E27448F4582A,1,软件工程工资,信息工程专业,军校专业,天津工业大学软件工程怎么样
6BAEE82887174BB31A97A3D0EA9FE7A3,2,耽美上瘾小说,考验情商22个字的答案,兴旺桂林米粉电话号码,命运
704CCD77A3CD753FF857BCFE11E2ED5B,2,高峰秀子,梧桐妹,喜马拉雅fm,澄泰乡初级中学
9FE418D34DF0CBBC83840E3617DB00A3,1,茄子的火烧怎么弄馅,小腹痛阴道有特别多黄色分泌物不痒不臭,卡姿兰的口红多少钱,桑屿南蔷护肤品怎么样
DC9D6633112D08E45FEC62DA01172672,2,手机买火车票怎么选上下铺,会诊记录范文示例,剑三里花间什么意思,火车站窗口售票时间
38C79F1B16AA0FFAA3F798A579B6214B,1,眼鼻嘴歌词,蜡米兔的小说作品集,聚友网络客服电话,类似爱情未删减百度云
225B1DDAD197D9C7B3B7EC71234BDBD2,1,有多少人叫叶彦钊,shift是什么意思啊,circumstance造句,交管网12123
132DAD44249432BC3F6E07A662415C53,1,打过一次胎 上大学又怀孕怎么办,连江去福州北站,提升自我英语,大学目标
0BF3ACF8AF2CEE396F4911D756F84F55,2,圣枪哥,奥运男篮决赛,腾讯对战平台连房间,网游之贼行天下
D7DDB3DCEA4FA72A2DE8F4C1A26D35E5,3,悟空名字谁起的,女人结婚后,皈依佛门需要什么条件,结婚女人出轨后的表现
FF8E29874DF3992E3E0E98C2C2D4482B,2,再看一遍回味细节,iphone 7包装盒曝光,如何煮饺子,梦见下雪是什么征兆
094FDD9EF9FD6D24A2D1450A9D24C1D5,3,死亡邮件,男孩子学什么舞比较好,迈凯多少钱,中海船舶
59C443CB0ADE9B313B006962CF68B908,3,土豆亩产多少斤,魔术头巾的作用,亚东军事,厂长诺言的荣誉
62B6D7CE19EFF0AD6E4D6AE9EB52BE8E,2,专升本和本科的区别,有美一人清扬婉兮出自,1.0米学生床上三件套批发多少钱,纪念碑谷攻略
B4EE8A27E0171DE6B9785D4C78E09E1F,2,铁莲花,上上谦人均,薛之谦直播视频,个人总结
7CCF3F73B247E83105C980E76ADB3170,4,游戏器械,游戏中心,美都汇衣服是名牌吗,中国人中药乳膏说明书
17362DD024EF3084D3690FD74E16A341,3,孩子需要补锌吗,手工粘贴画,动车,生理性的心脏杂音
4D33D7ED955B055C4BCA0F849FEB3644,3,光阳ck1 150,工商银行信用卡,卡车大的王八,光阳会出ck1-250吗
03B0E1BB414477893BADE561A2BE595D,2,沈宜张朔李军,中医调理内分泌失调,怎么分辨化妆品含激素,不涂护肤品 皮肤变好
99DC1E89048C743281EE45D79687DCE1,2,100兆宽带为什么很慢,广西古龙镇快递,植物的身体,lol直播可以做副业吗
1A56E830307C8B594C78F5EAC78F159D,1,rwby游戏,单反镜头知识,乐昌幼儿园图片,速写人物简单
178CD11A72C293AC9E9D0AA51D779994,2,x79小板,win10支持双x5687,关闭垂直同步fps还是只有60,x58支持多大内存
A0681DAB4847196035CE92623F6502FB,1,周口到上海火车时刻表,周口科技职业学院官网,2 4 8 16什么意思,哪个男的唱的什么什么丁丁
60795AB838932379F539F279322180B9,2,海带的功效与作用,木耳的功效与作用,头晕是什么原因引起的,右腿膝盖伸直疼
664A5197DDCA8B4620D29641F78EA691,3,豆蔻,妈咪爱,闪灵,陈剑
00BA28228C688D37C25A0A563D38CCE1,2,美人如钩,金炫宫,番石榴的功效与作用,吊捎眼
4D9083739BE9B9E9C9B456D2A80BCC99,2,笔记本电脑什么牌子好,鼠图片,什么游戏里面景色好看,图片头像
D6527EE58CF342F969973805FC0C08D0,4,福布斯,怎样,郑恺,慢性胃炎
B0F9EAB782C522599F0B38573597705B,1,蕊痕,昏前婚后,盛开,养成宠文超极宠溺
E1782F6BC242210F8415C5AA4838A765,1,你还为个傻比弯了,鲁西南全智贤,宁航一作品全集,法律关系动态变化
737EBD09A2000F9FF48632690DF613F4,3,预备党员思想汇报第一季度,韩国自然乐园,微微一笑很倾城有床戏吗,一字像铅笔是什么儿歌
6F5C267B09226DF385539AAD16027F32,4,如何查找电话通话记录,清朝皇帝列表顺口溜,唯乐now,睾丸疼痛的原因是什么
F91A9051B74F05A8704621184B7A3F8B,2,瑞典是什么语,电脑调亮度怎么调,欢乐谷门票团购价,性格色彩测试
F893F1853E8D4CC7FD1B6FBB08B72105,1,美装膜,vivox7钢化膜多少钱,写真倒过来,睡眠模式怎么解除
4015B8D709946A4CF5AF45186D0B9C17,1,平凡与平庸的区别,服装设计师招聘,换洗头膏会不会掉头发,运用比喻的诗句
1797D345BB380A66B1E2E46C6CFFFBCA,1,u盘,龙王传说,lol周年庆典2016,h单机手游下载专区1001第399章 唯一的孩子
0DC064DF1FCA8C10B2720B8173048830,1,残奥会奖牌榜,残奥会奖牌榜2016中国,中秋图片大全,佳莱频谱内衣价格
4FDDB7459FA6EA3ACF728FC9526DDDF2,1,苹果手机怎么设置铃声歌曲,小米红枣枸杞粥的禁忌,英文翻译,榴莲的的功效
B0E2E28A70D2EBDA32C620F08FD1E7E4,4,002433股吧,601811股吧,方大化工,格力电器股吧
DD629E6F48B3CD0416FC143ABE17FDD7,4,怎样学习英语语法,杭州地铁1号线文海南路,挤痘痘后如何消除红肿,有趣吧邪恶漫画
4B22A6FAC5F20E2D56838F22C9E9AB91,6,闪婚甜妻总裁别来无恙免费,孝昭仁皇后,有种后宫叫德妃,联想a3900
6B35F75ED3536BACBD330D215CD344EE,1,笔记本电脑什么牌子好,剑灵丰汇行赚钱技巧,个性网名超拽,英雄联盟电七是哪个区
5EE0830ACC72203983DAA0374C5082A0,3,生日贺卡图片,给老婆的生日祝福语,给女友贺卡内容,最近家里诸事不顺
7529E5E3E5323E60C6E1139FAF798289,5,何雯娜凸点,浙江专升本有哪些学校培训,学研,qq浏览器的私信在哪里
2316E594B021A1BD026C07377BAE0CCA,1,中国农村商业银行,2016最新女生qq分组,中国农业银行如何开通短信提醒,猪腰子的营养价值
78EC566F9F03EFF269663C3C35126944,1,尼克松问周恩来中国有多少人,patient的名词,memorize名词,诸神之怒
4C64204DA55B802B7880C6FEC0525C0F,4,凤栖第二手房价走势,狮子座女生和什么座最配,肝功能检查结果分析,邮政银行贷款条件
5A27B7D9670D34966747AC5F46E1D7BE,2,梦幻跑商,短袖叠法,前线指挥官,忍龟拉莫斯
D9A6B55D9EF8B27EFFA1D927EA7D4C99,1,爸爸韩语,小鳄鱼爱洗澡攻略3-11,小鳄鱼爱洗澡2完整版,无限商社
E3C97140785436BC0B4AF375FBBAF3E9,5,微微一笑很倾城txt,同济大学宿舍图片,北京师范录取分数线,进击的路人漫画
CBD40569B9FBE4E1A556771D0BB1D6EC,1,石家庄到北京的高铁,上课迟到的英文,校园无线怎么查询,牙龈为什么有炎症
3BF2F009567BF54A0746B18CB0566E28,1,淘宝兑换码在哪里,机器三千分的富区二店,慢性胃炎,可能吧用韩语怎么写
460859E492D96009175FF0486782B1E7,4,10000网上营业厅湖北移动,宋喆不只马蓉一个女人,红霉素肠溶胶囊,暑假小报的图片大全
AA44796CD12DBE4A97421BF372557262,3,谢杏芳,惠州惠城区复员安置,青云志剧情介绍,2016年转业推迟
5470BEC1FDEEBC8DDF42BC07E7074047,1,qq头像,王者荣耀符文物理穿透,红米prohome键是按键还是触摸键,王者荣耀官网体验服
325B37A78A75EB1C3B3BE34777951AFA,3,银行贷款被骗签了合同,潍坊市立医院简介,本溪满族自治县人才服务中心,老九门陆建勋第几集死
534F8D0945887DECE67DE253160A87AB,2,天后,心愿单已售光,天蚕土豆,柳宗元 河间传如何评价
4AB3544CD4A56C9C4E63C891C30E3E0B,4,兰空voez,进击的巨人兵长外传,八年上册级牛津英语单词,李晨
3559448992F08D96EF59FB20005147BB,1,旋风少女长安结局,[综]天生女配,快穿万能女配no1,中国新歌声
C58E9B3AEA233F11753529F38B3F0249,2,绝命航班,现在这个版本孙尚香咋出装,苹果手表多少钱,龙拳小子
EAB7CA87274F33F428F54EC805338968,2,法兰琳卡化妆品怎么样,手机收不到短信怎么回事,补水面膜排行榜10强,思念和想念的区别
550D5C48F6D56B5640B16403998D1053,2,林静仪图片,理肤泉是哪个国家的牌子,福建省教师资格证报名时间2016年,嫁个老公过日子
B2ABAB1BE1D13F661304B459EE0E5684,2,小米2s,工作理念怎么写,周杰伦图片最帅的图片1001周杰伦图片最帅的,12593火车票官网
42FDB6542B733474AE6EE7167C313710,1,烧饼修改器,娘子啊哈两只狗图片,怎么做美团外卖送餐员,阿拉斯加护主吗
0CFC90DA8B8230D00BCAB61E6E52825F,2,天津外国语大学滨海外事学院张鑫童,井柏然倪妮,北京理工大学,天津音乐学院
A023F97EA2BD4BF00A09D792C078FE87,2,节目所报告的,武汉电视台电视问政2016,靠谱的找工作网站,比度克
F5F94777DC14FD5889F4F71176AF248C,1,六星上将,普通话等级划分,柯南波本是谁,桂林电子科技大学信息科技学院贴吧
3EED4FAA574DC6A121B6E4B14135C673,3,肉毒菌怎么死,做事老是出错怎么办,牙龈出现破损的小洞,体彩
3A46713A8AEF869DB3D36AED23E4ED93,1,广播,胡彦斌,打鼾怎么治疗才有效,休闲裤
C3DDCDCE4173080C955A36D47023C6FB,1,绍兴柯桥东方山水乐园,塔卡沙什么国家品牌,三生三世十里桃花什么时候上映,塔卡莎正品
15FB7898B91DFF4B452C6B3D6A2B5EA3,1,酷睿i54210m,photoshop cs6为什么少个滤镜,cad应用于哪些领域,新电脑漏洞要不要修复
FBEFFAE265C1AEBA163A2BF1F87CC6C0,2,江南环球港,宋剑湖幼儿园,长江的上游划分到哪个城市为止,幸福花园纤细的爱
8B90FBE00B2EDA4C43F031994F00C131,3,杜鹃根怎么挖,草缸,运行图高铁,海藻面膜
40927B27CAF27F40DF0E2E4B8573867B,2,flag是什么意思,qq假口令红包生成器,晨风机器人手机破解版,华硕超薄笔记本电脑
AABC30E1C15677389305C7F23E9737E0,2,郝邵文歌曲,晋朝,沙男性的歌,交强险赔偿范围
91E6CED743E328B98164D5FC63F4B626,4,气动手拉阀,多兰之戒,熔岩巨兽出装,心跳140
0FE2E718AB6DB391E8020637272AC61B,1,352路公交车路线,南康91人才网,门缝卡片开锁视频,南康二手车交易市场
C5BBC99B2FFBAB8EF8A601CDAC8DD671,1,兰博基尼,qq头像,海贼王最强的七个男人,超碰在线视频观看
36C22ACA331A50CC01A3A65F14199643,1,仙娈by寅生鲤鱼乡,魁拔,敷面膜时在脖子上垫餐巾纸,杨洋郑爽恋情
9A5A6427BA48F1BBBD7B96AD53B44F59,1,游戏笔记本电脑排行榜,孤独高清盒手机版,电影,圆锥公式大全
E0542E21CB1387421915B98CFD4640A3,1,吉林大学珠海学院贴吧,女汉子真爱公式,微电子科学与工程属于什么,http://
C33331B71D9F3FFE3AC1C736060CB14F,2,甘肃银行,大学八九节课是什么时间上,池昌旭,几个你
DB6E200A0F2B2FC28B02C679C7F3F433,1,中国女排小慧,苟同什么意思,实况06克鲁伊维特,张常宁个人资料
0EBF06E8DCA1901200F16EDC1612645A,3,首都经贸大学统计学院,2003天龙八部演员表,我们的十年,sony mdrxb450煲机方法
DD9544E76248A19CFC5D947C075F1D3D,3,roberts必修,足外翻 外八字脚怎么矫正 踮脚,斗鸡中学,英语试讲问题
F37915D867EC9F851AD3C1AF5D200014,2,怎么炸鱼才酥,倩女幽魂易碎的昆吾石能用吗,鱼缸养的小草全死了,倩女幽魂80修附体一般用什么灵兽
B5775BF6902851883B5BB418F9DF50F8,1,优酷chmm,主角是僵尸的小说,独生子女丧父的怎样领取补贴,杨丽苹因为爱着你
617E98B7DC9EC4E87FE06CFA810711BF,1,汽车大灯怎么开,包多少钱红包给老人家比较好,哈弗h2报价,身份证丢失补办要多久
2E88506D42936DB4C8548C542D5C8677,3,芳环族氨基酸,"巨蟹座是你的生日,水瓶座是你的生日",车牌gt开头,达能
9E9132B96CFFB16FA0A0DA295536CBA2,2,咖啡的好处,幼儿园不能小学化,怀孕初期有痛经的感觉怎么回事,孕妇注意事项
3132D63402AB3D047314E5C9D54D61D2,3,北京时间,"啊,乔任梁……",鬼马精灵陆敏雪,汤小白
9992826A3CEA5EDF3E9ECB4921ABCFD4,1,官方cdk兑换中心,为什么占卜在手机没法抽,fifa冠军扭蛋机,flash player安卓版
B6B2955D0638071AA03C9D7857E82637,4,u盘,i5 6500,无锡离单县多元,装机教程
A83031B872FBC961BE293C844322B864,1,红色一起睡大被是哪一集,病人什么情况下需要输血,以色列恐怖主义袭击,苏湖熟 天下足
0FB98983EFA51E0484438A1C12C238AC,3,诺基亚n1和华为m2,17r2,i5 6500,z5ww
3509F640B8913345D95C76F65CBC1621,2,三星note2计步,醴陵天气,20多岁男的需要经常吃什么钙片,建设银行
24C59C6BF0CBC7EC6196F337B79C8584,1,sm-g9350充电需不需要,smg9350是什么手机,脚被烫伤怎么处理,frequent
4CC3B2EC93A8583FDA5707F7694EC242,2,天蚕土豆,红油怎么熬制,作者和主角绝逼是真爱,暮寒仲
640CCF738A9AA4288D1B048BB5E281C3,2,宝马x6报价,卡其色皮鞋配什么裤子,猪獾与狗獾的差距,sew
E085AD8B1CBECD0488B2DD7D845A87E3,1,手机有多少个品牌,穿越火线手游兑换兑不了,cf会员多少钱一个月,手机的系统那个好
527CD9AA467EC6FD9740AF0DC03AA210,2,excel表格怎么更改字符,剧版微微演员表,美人一笑也倾城 顾漫,笔记本电脑怎么截图
4BA86D294A5A162382AEE47658C082C2,2,笔记本电脑小喇叭不见了,假名是什么意思,九龙山水上乐园开到什么,主角有很多小弟的小说
07521625764BD097460001B301C49984,3,怎么看电表剩余电量,突然腿毛变长了怎么办,家居摆设风水,鹿下面一个几字读什么
2A60872879B7FA2D9239311E0766BC35,3,气罐可以走罐吗,大润发常州龙游路招聘,龙宫的带什么宝宝好,梦幻西游收徒弟怎么收
EF464F0CE9FAD78FDB1EB098986092F8,3,宿舍神器,适合苹果电脑的游戏,超极本,梁镜珂摔倒
38887959F1778B787225191EB7364905,1,大鱼板和小鱼板哪个好,column,文化英语,耽美怎么读
990453CD7140600050EDE665CA81BF4E,1,纯牛奶直接敷脸好吗,vivo手机读音怎么读,怎样让声音变清晰,为什么突然就有黑头了
35375B924A485EAE99870B32C19B644C,2,有关战争的古诗,瑞安电力抢修电话号码,部队体能服,南昌高楼顶楼起火
1CF4180709FDD869FC2EA424E62522CB,2,魏晨,幼儿园区域角布置图片,幼儿园活动区角设计,疯狂天后电视剧
D907FC34011C2DD9512DDCCAAACA72E2,1,班级特色口号,快穿之男神,快穿之胖女逆袭,卡通图片大全可爱清新女生
7A1615672C139AF8B4DC1054E30FFFF7,1,椭圆参数方程公式,骨瓷内胆可不可以换,成龙情史,45度角的正切值是多少
75404DF5C9006A7377BAB03835580E1F,1,长寿永辉超市里的红酒,凛冽之冬黑暗骑士视频,实际上英文,您走了歌还在
64EB8D518AA0F69467F8AD4278A8F186,2,皮肤黄适合什么颜色的眼影,十七画尽相思,白宇微微一笑很倾城,创意
879F26977D1CD4FF2D53FF6CB08B1AA3,4,东罗园时村改造,教育网,gif邪恶动态图第1期,美国密苏里大学是中国教育部认证学历的大学
58B61A2CBE020147C787AD8E19BCF1DD,3,百度外卖app,碧色微橘,柠檬蜂蜜面膜可以天天做吗,腊月二十九
4ABFD4ECF1F398B007C0596C69F9393D,1,地螺丝菜,把玩葫芦欣赏,软炸虾仁的做法,电视屏型号
3B393C4C33130369E3CA5E7FA54AEC8F,1,英雄联盟多少内存,换发型的app,送葬者兰迪,有理数和无理数的区别
612C0B7C1E4CB85ABBC3436F1C3D0E04,1,深圳龙岗区打工的租到房多少钱,中山到邓州的火车,婚前试爱,番禺人才网最新招聘信息
51C43660EE5F63C05D1F0FAA34019616,2,太湖国际商品,人流后血很少,临海到上海汽车时刻表,好说话不代表好欺负
76ED0DDA1F8D5EF7DF717EAE93441662,1,魔王神官和勇者美少女,英文翻译,没有勺子怎么吃猕猴桃,请汝教孤做魔王漫画
5D49F72727C47D64F1759C4C2331DAB3,1,韩币汇率人民币,鹿歌传媒,boss香水男士,川弓吴茱萸
FF3407C4D07C78562CD16FCAB9840595,3,10ml印度神油可以用多少次,嫁个老公过日子,笔记本玩dnf怎么样,月牙白
46B6B5EEB12ACEF0728803825DD6DF17,3,触手产卵里番,剑网三蟹将刷新点,歌林小镇苏州干嘛的啊,小笛子升级任务
9C5C196463AD66677E18B885BA186096,1,游戏高清壁纸,玩具熊的五夜后宫2攻略,用steam玩lol怎么样,百度
6997746D3F1EFADF5D78EFB33765666A,2,国足对韩国转播,著名萧曲什么乃,奇迹世界凤凰传奇mp3,五更鼓角声悲壮 三峡星河影动摇
9E17E4D361B3D9EC15185A1AEB69337C,3,lenovo430笔记本电脑的wife开关,qq里的收藏在哪里找,qq音乐下载,中国女排
77B3F9C189ECD5D1A930BB33B2515D27,2,收藏视频不能发朋友圈,gopas是什么牌子,做微商怎么加好友又快有多,电子称哪个牌子好
48CF77C76BA895409AA7CC9729B3C3B6,1,武林外传追风扮演者,龙王传说,汪星宇,洛克王国天秤宫
BCE8F3FB8949BC064A8DF37D038284B6,4,济南硬笔书法培训班,孕期鼻子里经常有血是什么激素,诱舞坊邪恶动态图片,诱舞坊邪恶
3F90299DA3D12160BD1E4A9CBCA1FA7D,1,小额1200借款,免费婚恋交友,贷款2000元马上到帐的,微信能被盗吗
B7F281C889EAE72B6CE121FC53A7D641,2,高潮,性感电影,大狗狗床,星期狗
174A81D7D93616A38518FF4D00641907,2,山东初级会计证书领取时间2016,彭宇,雷丘,人参养荣丸吃多长时间
4E4DB1C528FA3B0F340ED3AB1178E3F4,1,斗地主匹配到sb,熊猫tv,打斗地主能气死人,www577777cm
E0FE2B838307BCEC4ECF8E94996E7464,1,烧饼修改器,重庆,假币,一人我饮酒醉
98A00F89EF9B379452B45DE252A62A6C,1,sony walkman播放器,sony蓝牙耳机连接不到电脑,手绘抖线,关礼杰个人资料
65B0BA91E4B67CB16C3B6A84401660A6,1,贵州兴义,怎么去斑,精油的功效与用法,士豆可以去斑的效果
2F0D1DC204F81895D8C5A5BFF138CEDD,1,慕斯蛋糕冷冻时间长长白点,信长,qq群文件下载后在哪,琴牌女鞋
F25B1B9F08E3F58BAFC2A925B4A8026A,4,重庆市2008定额人工费基价,梦见皇帝是什么意思,原厂皮是什么意思,淘宝积分怎么获得
4F52037F8D0C9F2065ED31FE703D8899,1,烤鸭,圣安地列斯秘籍,黑社会道上的规矩,天照
518DD3CFB7843831170FD6B031544E72,1,什么样的笔记本电脑直播好,"有部小说女主人公姓蓝,是本都市爱情故事",坏坏老公很难缠,有部小说有天才三胞胎
3679111867E226BE3EA855EF2DF6B835,3,无锡三星,方便ko播求,龙王传说,9月18日是什么纪念日10029月18日是什么纪念
E7A6B7D3B4A4996F77A426F4AF1B83A0,1,给生物老师的祝福语,冰皮月饼什么牌子好吃,鹌鹑蛋和鸡蛋哪个营养价值高,qq文件打开失败
31CE1DAE573F19058411B86ABAF32B7B,1,麻婆豆腐的家常做法,俩只老虎数字简谱,精囊炎的症状,加盟店排行榜
A51104DCA647C58F022CC2048D9B5CC3,2,三星s7跟s7edge的区别,一斤等于多少两,"两人骑马的图片,不可能令所有人满意",dreamtimesm2梦幻三部
BC00FC932823C4614B8FB9CBE46155E4,1,国徽图片,联通免流,牧场物语手机版,为什么水越深压力越大
4A969144DA4A452854DD9E4170568A52,3,鹤壁蔬菜批发,怎么弄个qq群打广告拉人,华硕,大乐透
5DDA99E86373A293933832D71D404DDD,3,人流38天右边子宫痛,753999新时代,铜手镯变色,为什么手机看小说都是看一半有一半看不了
5CBAE67AD9DDD696C5AFDD7B1CC2DA6F,1,外国有一个人物星星眼大嘴巴戴帽子是谁,席梦思,win10的f12调不了亮度,大腿根部与跨交接处疼痛
40231472853F407CD20381E0A5356B28,2,"在另一省份,官司怎么办",郭晶晶,杏仁梨,缅甸翡翠
1F3FD12A65134732CC5F753DE1CC1772,1,新闻中的倒金字塔结构,六安到宿州火车票,吴秀波,六安到宿州汽车
32405AB15C2EA1405E6558057E836440,1,青春奋斗梦想励志句子,延安大学宿舍图片,微微一笑很倾城广告赞助商,本科护理工资一般多少
449348487796BE2D64C908867534CE3D,2,毕福剑为什么被停职,老年银行卡,angelababy,赵本山为什么被央视封
A78415E66CE9B2A91BBBF52E366197DB,1,经期减肥喝什么,哪个软件市场好用,百度手机助手,许魏洲表情包
0A2438F22DC171BA0B4CE85637D966DB,1,孙悟空,虎牙仙凡老婆照片,青春热血小说,无线网怎么改密码
DE0D8E5EBE9D690982C32FF44A87037B,2,中川机场火车站,乌鲁木齐之夜,中央党建领导小组组长,穆斯林封斋由来
87F300794963BF08A9081E684F8846B0,2,菜种类,道客巴巴钱怎么转出,无双剑姬天赋符文s6,腾讯文学
3EB015EB87808226224B3F2DF881543D,3,移动全球通套餐资费介绍,四个月还能堕胎吗,肠子胀气是怎么回事,神武鬼影重重什么技能
1FA3D595EE2196D8946140BF07C35BAF,3,店塔到孙家岔多远,高昌王大唐玄奘,小别离陈洁,府谷到神木多少公里
6CD7E8B7DE701E18C737B237F208CF7C,1,纸币的含义,微微一笑很倾城txt,街舞hiphop教学基础舞步,全民k歌怎么升级快
77E6B78E09F174FB40A296E799F4B8B8,2,怀孕32周产检项目,苹果煮水有什么功效,米虫,富顺翰林大酒店菜品怎样
BE5DC2471484E4438F95CA6BADAD04CB,1,女生头像唯美,历年交通大学考研初试分数线,赵雅芝个人资料,戴牙套是不是隔一段时间就要紧一下
1D859F085887FBAE40344A33B17E5CB7,4,我奋力向峰顶爬去,零的组词,爬山的动作描写,编的组词
8EC8D8E3911D96D6180786446C77118C,4,免费小说,肺癌晚期痰咳不出咋办,你听到嗓子里的胡次声,肺癌晚期脑转死前症状
27FCAF0E13ED38ED83CA980B92484531,2,如何提高射门技术,建行信用卡,头晕冒虚汗还流鼻涕,消除脸部红血丝
9F22577B0398DA71ABC8A4E3AE68F2C5,3,花图腾染发剂有害吗,电光科技,煎药机使用的塑料袋健康吗,美的匀火电磁炉哪款好
F23D48B3AA51DEE25C0AA7D6824158A9,1,三亚酒店排名,星际迷航,联想拯救者i7,如何用手机定位电脑
A4F2BB40FA0F5EA94EFCB97DFDAB3BFE,2,初中语文要求普通话多少分,2016年教师资格证备考重点,跨界歌王,美人一笑也倾城全集下载 书包网
95EB6BD243BC7CC8C1ED5F87016DA3A1,4,人教版六年级上册英语课本,瑜伽入门基本动作,达克宁硝酸咪康唑栓的功能,2013泰迪犬多少钱一只
55ABDBD44241EBFC21EFB69938DDB9EF,2,教练车图片,和初恋结婚的概率,老猫叫声驱鼠mp3,avena
CFC8F1BCD4EA37C4A26560E689B21B4B,4,保险电话,那款蓝牙耳机苹果安卓都能用,点烟器充电慢,为什么本地连接断开了还能连接无线呢
611FA6B0C3932B24AA267034120E4473,1,轮子妈出装,头七,登巴巴 上海六,别向这个操蛋的世界投降
9D81AA104F9C75015EC1A68183DCF9B4,1,临汾旅,高速公路倒车抓拍几率,曼陀罗花语,印度手机卡
87006866F5CB74478CB36D5B5968AC91,1,dnf鬼泣吉格,绿源,破刃之剑西琼,白速龙王
2FB6D6E25AD908D8670F1FCF0CF8F260,1,狗狗不见了最有效的找回方法,坐月子的要用什么束腹带,坐月子可以刷牙洗脸吗,创意沙瓶画
A6F67EB8D78C9F7CF88D0237B07CDFE0,2,曝黄海波低调复出,雪花秀,爱情电影暖春,王君平
47DD6EABD81972EE839B93617FC02EF3,4,浑的组词,昌平天龙潭好玩吗,果木,股骨大转子的位置图
A8828CAF93D8A5AEA831BEBB45FD495C,2,饱和脂肪吃了会胖吗,access表达式哪些中文用[],属性表的有效性规则与字段属性的有效性规则,access中返回系统日期
E05840413A37694FD25E902CC656A8AF,2,脚趾被砸肿了怎么办1002脚趾被砸肿了怎么办,湖人队9号是谁,小米便签怎么变成图片,糖尿病可以吃梳打饼干吗
182765FA9AB8A4EA60145F923C0E206A,2,青年志愿者协会外联部,中国直辖市,青春时代韩剧,阳春一中面积有多大
5E320A08FD4CEA6BB26B64A69B9BF19B,2,血丝虫病症状,人身体有多少条皮脂腺,花瓶型男啥意思,longines
FA3B5326620972233A53DE50668B84B3,1,以品格为话题的作文,陈乔恩的男闺蜜,高中英语语法大全,动词形容词变名词
534F19386FE8B2D6E7E821272B45C752,4,医院里面那个监测心跳,龙女邵阳阳,王俊凯图片,昆明医大
E2D2D2DA8FA261A55A32E5D06247145A,2,利息怎么算,会计从业证报名时间,成年人缺锌怎么办,河南警察学院专科分数线
4A7C7C1FFB5540F27BD57904699317CF,4,氢醌,慈溪市驾校,酚羟基氧化,蛇皮癣
919EA4BDB8A007BF8B9959C76EAD9901,1,烧饼修改器,自律作文600字,酷派8730l刷机教程,光辉岁月吉他谱
F8EBB5BCDF98AE393191126D5FE69398,3,里程英文,win xp很快就自动睡眠了,穿成妖精后苏炸全世界 系统,求最大公约数c语言
9B6C74FDE1B5D68D6D9548105A155418,1,尿妊娠试验阴性,尿检怎么看怀孕,胎盘植入,琳琅的性格改变了
BA2198E22ECAB134810D991FECEC7BA4,3,痘痘肌用什么爽肤水,安利在美国真实情况,属鸡的人命好吗,众和车邦单号查询
2F9450D2039CA14FB323C8BD3D4CF7FE,4,张雅晴,男子跳水10米台决赛视频,李安琪,董卿首度承认当妈
F3FE0F50B37F220CC238E0B7FE66D203,2,一夜七次郎导航,watsapp下载,wats,炫舞聚宝池在哪
E8E43B72B5E37F08EFC2D980A850558B,2,apple id密码忘了怎么办,京东白条学生专属通道什么意思,优个网正品运动商城,dell笔记本灵越15mr
6CF9FAD135182505EE3387C85BBE8B5E,1,三个月的狗狗吃饭,上午敷面膜,狗的品种大全报价表,月经期间有透明分泌物
671E2B48ECD51F4D77630A7E4EC31698,1,饥荒角色介绍,炒股追涨杀跌,饥荒联机版,三星s7无线充电怎么用
BAF10AA42DEBC1CAC9632E52ED6A6492,2,第一书记罗蒙月,腾讯客服人工,腾讯客服,向佐
9CEA54ACDE413FD533F342F74E2E07D4,2,科学的发展的利弊,思维导图,自制酸奶,妹妹生日送什么礼物好
1F46E53C2B3370F5D61577714746CF70,2,诛仙2为什么停更,汪峰徐歌阳视频,张铁林,张铁林女儿
34C0FF206C4B430619AE63838CA44F1E,1,mvexo少女时代,八连杀在线试听,刷q币,史上最坑爹的游戏2
4700D1DCC5D5E830C90A67D597CDCAC0,1,火龙果吃多了会上火吗,守望先锋多少钱,外地工作转户口问题,寄快递的地方叫什么
7EE78CAE0827F039FB8F0B9EBBAB97D9,1,中华多少钱一盒,m37-ss打爆破,俄罗斯套娃,3k超级舰队外挂
F2519EDA8C01EC5051ACEF5763068AB9,2,医院的分级,库里中国行2016直播,三星note7召回没中国,裴文中
1E2606962C5F25607E692955F68981F5,1,bigbang的意思,装修房子空多久合适,面条怎么做好吃,孕妇便秘很严重怎么办
B9EED53EA90B8227AFEABE0D92EE5BEE,1,岛国爱情动作在线视频,白色预警信号,支付宝的网商银行是有什么用,永遇乐的乐读什么音
F585B545121EB1A631111EB746B6BCAE,1,怪盗基德的图片,"天津和北京那哥好玩儿,",是应该先补水,九年级上册语文文言文
E592B105515435F51802F2645FA10794,4,小米刷机工具教程,三星w999电信版能用4g卡吗,三星note3报价,三星a8寄修
E2D3CA9C60917680AF31E11E61309203,2,微博领券淘宝不能领,顺丰快递电话,荷叶茶晚上可以喝吗,办银行卡需要什么
498B455969CE0410F56B67E0D0105EAE,2,韩国护肤品排行榜,孙俪的二手店在哪里,张馨予男友李晨车震,石家庄北站不是高铁站吧!
DAEEDE2131218ED788B5F728E7989E3B,2,特别出演和友情出演有什么区别,毕节人事考试信息网,洗头发的最佳时间,画江湖之不良人第一季
2C4F75359A6A64D99B2B36F86A508F2F,2,仿大理石地砖好还是抛光砖好,少先队微课,梧州南到深圳北高铁,经典诵读三百篇
E43EB7B8FB97CAAEAD9554F75962E296,2,口王耳朵读什么,三言二拍 刘子其,夏目漱石从此以后,我们仨全文阅读
74FB43778BD731B39E21EEF5C3B551BC,2,优购,北京星湖园温泉度假酒店,巴达木是啥,喝了一个易拉罐啤酒多久可以开车
961812234620F827CA223F42657E3D8D,2,苏格兰威士忌,刘嘉玲,百度,空气密度
81E7EA99559F52B63E6B16D720FC9EC5,2,生姜去除青春痘疤痕,锦绣缘华丽冒险,两位数乘两位数速算,晨勃是什么
F0FCB20957309A1E93165E39717D236D,2,大一计算机考试操作题,后化妆品,敏感肌肤用什么洗面奶,肺虚怎么累及肾
3F48A5B1BB9F86DB3D4CCF0F63228D97,3,科颜氏牛油果眼霜,黄淮学院,梦见老人,徽州
7F4124E422FF1CAB4BA4C7039F46AE83,3,御舒丹有什么危害,刘恺威比杨幂大多少岁,金佑人生保险弊端在哪,御舒丹排出的是什么
059D8169D82BD7FC192F0359E0AFA0C7,2,兰姓名人,西安卡车维修工时,委托书怎么写,西安康明斯发动机四配套多钱
A3653CFC8D64A9C7D9865861E3141072,3,笔记本电脑什么牌子好,李谷一,中国女排,照片拼图
5E1C1AE207044E72FFBF20803FD2C68A,1,笔记本两台蓝牙连接,win10电量图标不见了,第二代身份证,win10怎么让qq在任务栏显示
3BEFF53D85E13C4E9A0063F828FB1A8E,1,快手上传长视频,运动型蓝牙耳机什么牌子的好,七支刀属性,vivox7plus耳机图片
C0819592EDD8CB30C6CAFB45B65ED277,3,b超做多了好不好,建行信用卡,银川上海路尹家渠路口红绿灯拍不拍,熔炉电影
2BD9BF05E8AFD625ECC828086FFD75FB,2,诛仙手游宠物仙豆,百度,崩坏学园3国服官网,诛仙手游变异宠物
992EF4F99CA8EEBD4C7CFA3B2D314B5B,1,余罪第二季,张云龙,钢琴块2,蒲公英之恋电视剧
4D742EB55397A5515609AEF3816EEEBB,4,百度,豹英文,联盟半价英雄最新,欧芭洗发水止痒
6E77BFFBFFDC084CF5AE5B24899405BB,1,微信上送东西的是真的吗,拉黑以后能收到短信吗,钱包1000元体验金是干嘛的,王宝强马荣威尼斯电影节视频
EB2348D430B74966BA29B9E7C5F428FE,3,声嘶哑用中药,中分适合什么脸型的女生,3l是多少斤,宝宝腿喜欢蹬怎么回事
672E46EC26E8C026A220956CB63E8D21,2,畅通英文,暑假社会实践活动心得,facilitate,国际化信息系统的英文
512B480A551FB3E8F68EAEBA8C0BA51D,1,万斯鞋标,孙骁骁,中班锻炼的体育项目,幼儿园黑板报图片
17F0F8BB895FE512DC4E732952E1C66C,2,qq头像,紫红和酒红的差别,微微一笑很倾城更新时间,如何选玉米
0C72C26AC06175642BCC7EF114A92589,2,备抵账户是,戚薇,陈意涵小时代剧照,移动无线登录
7957F6A5E52CDC97408F25AEB9154A17,1,开山刀图片与价格,广东摩托车多少钱,王者荣耀官网体验服,华为荣耀8多少钱一部
CFB1DE1D6B8D623098857B57DDA6F046,2,经期第二天行房了会不会怀孕,成年人已经被乙肝病毒入侵,宝宝打乙肝疫苗后嗜睡,刚接触乙肝就出现嗜睡
FB87CDA385AA48CAAA739C0B6CC216A0,3,楼兰,国家电网,小天才手表网络无g,帆船银元图片及价格
D2F31090F6219B4B017B1B42F4CD0576,3,ipad air32016年会上市吗,苦荞,ipad pro 2016年会降价吗,浙江溪
4AFF9D725614E86B6FE46BB42BB74B2E,3,唯品会童鞋,秘密爱,谢杏芳,为人处事的警句
9D2290111BF2AB9865FDCE39152CC299,3,点痣会癌变吗,来大姨妈可以吃海带,点痣价格,梦见自己晕倒在地上
E49B4E833DEE9075052816B53C3C3CB9,2,青岛海洋大学,吻痕如何快速消失,砖头包图片,韩亚银行app
9D245D49B6B23EE0BD7737DF70122CAB,2,五谷杂粮面膜,为啥下面痒,大便为啥还有白色的可长有点黏,为啥大老板都烧香拜佛
1A1107251D5A092E0FE893AA3A8EBF56,1,开学e网通,幽门螺旋杆菌吃蒲公英好吗,等着我什么时候播,净皙祛痘面膜泥
B7CE1AD273892456FB5334EFD0C066D9,2,玫瑰红靴子配什么颜色衣服好看,淘宝网秋季女装,淘宝袿子,灰色外套内搭衣服图片
4B3AB2333D9FA751CFB5F471E7773D6D,3,资生堂红椿,从广州机场怎么去日本驻广州领事馆,广州美国大使馆上班时间,全价票可以改签几次
963299D397DFDEB8337841341D67B3C6,1,孬熊什么意思,他只想收集更多芭比娃娃,艾尔莎,笔记本硬件老化
D402284E18A4378AE0C83F3FA6031CFA,2,自考本科,男人离开女人糗事百科,怎样学好普通话的方法,昆明邮电学院
CE981EA618667F555F98FCC6CF140BCE,1,林动和绫清竹之辱,邪恶漫画之可知子绅士,华为输入法,圣安地列斯
A08696CF90184D58C3DAB0B324864A07,2,酸菜鱼,灰泥和硅藻泥区别,洋葱炒肉,河北省中等职业学校毕业证书什么样
DE17CFA94CB792D17BD04AD190D12C88,1,山东畜牧兽医职业学院,蜗牛晒阳光,顺风一般几天能到货,一定要在一定时间内到货进出口要用什么术语
C7438611F1F40B00683486BC1C17E4B0,3,手机通讯用管家婆普普版,福州妇幼保健院,白百合发型图片,沙砾眉
CD92995A6D0E14FC9F3348511F88E389,2,任娜瑛 鼻子,钟道隆的逆向英语,内涵对话段子,网游文
567B8EB60BBD7B150402C6FBB5643AC0,1,刘佑恩,蜂蜜姜水经期能喝吗,勇敢者的游戏,冬日之战
76422B5F869F116A3AABFA4F2B16077B,2,闲鱼,祛疤产品哪个牌子最好,手机批发市场,粉丝追星神器
2CC56242FAED6FA846263AD902BB30EC,2,怎样用微信加大量好友,中秋送健康礼品茶语句,瘦啦果冻代理,ray面膜与婴儿面膜哪个好
B39A2A7F83CA9CC1DB85556460EEF7D7,2,tomcat修改host文件,c语言中的getstdhandle,jdk1.8和myelipse,clang
6DEA13A088A84F7FCE73A227AA759E93,1,顺丰速运,奇迹暖暖攻略,湖州,那件疯狂的小事叫爱情百度云
5DBD659AAE45138ACB4E56FE46524A7B,5,cps-21c控制器,将森自控,莱阳4路公交车路线,青岛四十二中
4895B27AD87A28CBAD646BB088CE3853,1,吴亦凡q版漫画,承德招义工,美拍直播怎么赚钱,exo成员搞笑视频
9F920E3895FDEAEA150AA23298B3A2CE,1,右脑直觉记忆法,思维导图,龙王传说,qq空间内容不被人看到
5E4626D432C93E76F2948185F859B2FC,1,写稿子顺序词语,高中英语3500,导游自我介绍开场白,学生会辩论队申请书
892AB97F73346AB7F87D45AC375CD058,1,最强教师,都市极乐宫全文阅读,挑战赛游戏在线观看,无敌剑域txt下载
8CF85EA6B667D35C346CC3257DD3691C,2,缪论是什么意思,本田冠道,郭敬明,胯下运球
A5E42845B7D1A00AB4700262D04FC95A,2,大跃进的好处,东北农业大学官网,哈尔滨机场大巴时刻表2016,拉勾网网页版
AF2EB3C3521F00F87652A7650616B0FD,3,香奈儿包包,江祖平,低血压吃什么好的最快,女不强大天不容你们天天忙着吵架
212DFBDE4552F88E07D5A4ED47D4C4B1,1,吴晗,秦大爷,孙叶,宜家家居要门票吗
65978ADC3CE2731DAF12DE91FAD6A254,1,嘴唇太厚变薄小妙招,脸上发红,许庙高中打架,重生之明星奶爸
06131D1BA1D699980C1B9A8AFAF4FEC5,3,陕西广播电视大学,联想的保修是,梯形的面积公式,笔记本电脑什么牌子好
52DD5F0E276E06996885BAC5E4099442,1,宇宙中另一个地球,ps4 pro图片,华为p8高配版,英雄联盟怎么玩
4532D0C2446E07D636CD71EE093F99CF,3,济南 停车场,电信宽带 莱芜,国际象棋 兵,plz-45
12B291B7C4E6E32E703775402F156499,1,后会无期是根据什么改编的,压力面试怎么应对,中南大学秦宣云老师怎么样,魔法少女小圆解读
E56009DD5879135E326FA13A7109C8F6,1,笔记本惠普,笔记本惠普4600,先学网页开发再学软件开发,本科计算机网络专业多少钱
1F3F5B7390D50505F0908A8177C52778,2,电视剧走向共和,哪种剃须刀最好,文登考研,成子和豆儿照片
1E5DA74DA03F6861536D5D23ABE1EF98,4,顺丰速运,奥德赛2016款,华为手表 梦幻表盘,建设银行
78971E2E07E35B4A9D7DD7A215D9842F,3,郑州高新区第二人民医院妇产科,郑州化工路社区服务中心可以听胎心吗,外面卖的凉皮需要洗吗,郑州高新区妇幼保健院
522F5EAC5C0255B836929D1E5EBDF196,1,c语言,日服lol官网注册,精灵使的剑舞,松冈祯丞配音的动漫
5F3ED28FD35889172C72FC9CA005B200,4,小说排行榜2016前十名,金枝欲孽 开播12年,电视猫手机助手,追凶者也
1683D4BA96C39647A15266FEDE010D09,4,幸福树,李易峰图片大全,儿童动物简笔画,卡通帽子图片大全
7CCA27EFE9D177BC275C1A8B8F2471D5,1,约会大作战剧场版,英雄联盟铁铠和曙光,约会大作战第二季,英文翻译
20F781F7C4918AB4AC7486FD36107C06,1,红米note来电闪光灯怎么设置,英文翻译,惊天魔盗团2资源,lol周年庆典活动地址
84F8D765063AA4C5A0C11567114F9FD5,2,榕树图片,属马农历9月出生命运,"周公解梦,梦到下大雨了",爱情保卫战2011年10月22期
6782606093D518BE993B50AEDE4CC478,2,确定土地所有权和使用权若干规定,微微一笑很倾城ko番外,一改促六化,最后一班
B10D237792D81259FB8CE6093CB9CE30,4,怎样,529的平方根,张仲景伤寒论白话全集,物理家英文
CA68FCBD4F60566FB807D6C2136DDD47,1,猫催情叫,保持一颗期待的心用英语,梦幻西游五开lg,北京信息科技大学
7150DE2383B6FBDA556709ACB04774F5,2,怎么查英语四级成绩,安图妮火山打字攻略,http://,英语四级多少分算过
398FB2B736CBCC608314B3CD3230CAC1,2,反聘,康婷,原液的使用方法,改掉口头禅
158C6A89422CEDFF64F1FDD5FAC59DF8,2,盐酸米诺,vivox510t报价,小儿提高免疫力,恋爱假期后变了
31B3BC19AB719643159DABAEA19A5C6D,3,纹身发炎了怎么处理,做饼干用糖代替糖粉可以吗,刚纹身颜色很浅,简短幽默的自我介绍
AAA46835E4DF7F16C03993A6E97718B9,3,苹果手机怎么切换网络设置,深夜简短寄语,形容嗓子哑的幽默句子,抑郁症
02107BBBCD5C91DB6B545DB563577488,1,深圳信和自由广场,沈阳手工活拿回家做,鹿晗图片,第一调查网
110EECAC2A808A141599F04B93E020E8,1,孙俪微博,生活像是马拉松歌词,努比亚z11mini,泡妞宝鉴
FED3D8248D68968D118915FD4B45A123,2,龙腾小说,大圣娶亲经典台词,有几位同学成绩是60.70.80.则成绩是数量指?斗罗大陆2绝世唐门5部,统计学补充下列表格的空白处
DA9C038574891CAD86CAC95118DE8709,2,小米手机手绘插画郊游,像木瓜的水果,法律上谁 谁取证,化妆品用多了会怎么样
DF4E52EB2D4C86466D4AF7269E2078F5,5,鸭肉怎么煲汤好喝,招财树,当归黄芪红枣煮鸡蛋,石斛麦冬生地的功效与作用
2289275DE23632BCEE95ABA75C5348FE,3,黄维德个人资料,锌钙特葡萄糖酸钙锌口服溶液,坐月子汗多是怎么回事,茶花
800FB81C47EAE05F3C2D51E94BF06F5C,1,蓝影平板电脑怎么样,灰姑娘与四名骑士,龙门镖局,身陷传销遭殴致死
51E4EF92156166A5568CDC37B7B0B657,3,我的映客怎么没有回放,cad用电脑绘图,蛋糕图片,子宫异位症有哪些症状
2592F3D4ED0F222DC2857F1D42E0E9AD,4,深圳小学,胎儿停止发育和精子有关吗,扫描全能王免费版下载,乐力钙片多少钱一瓶
378BCCFAA7631949F14BB300478AC7CA,1,qq怎么不能看新鲜事了,兰博基尼,手冬天凉出汗多是什么原因,烤肠热量
70A638E1B92EBB9FE381A657317BE95A,1,皮卡丘的logo,中秋放假通知范文,老九门在线观看免费,手机怎么安装不了王者荣耀
3DAD96115C6FBCFDCD11B1BB48302900,2,十二个月宝宝发育指标,五保户待遇一年多少钱,酸辣汤,土豆的做法大全
C9E177DDC4CC075F9874D72033539E9D,2,鲍鱼清蒸几分钟能熟,word11题,过期的酸奶牛奶有什么用,word自做请柬
659DAF7EF14750F8767282666700A8D7,1,赵继伟晃倒乔治,nba2kol乔丹活动,gtv牙牙,火鸡面少加辣酱
BF1DB862EB0D50B5102B375DAAA54321,1,过生日应该发多少红包,运动鞋耐克女气垫鞋,德国wmf锅具价格,帕金森病的症状
D5762EA127A1DC9CDA69EF555CAFAAD7,1,有效沟通技巧期末试卷,王俊凯图片,鱼,小说软件哪个好免费的
DF47265D6E78A9184A7EA882254AA0DC,1,黄钻手机取消自动续费,抽烟抽的胸口疼,大巴车票查询,励志说说致自己
E7BAB227BEAB18B46A4862E40DE5F9E7,1,贪吃蛇大作战怎么吃别人,没有妇科问题可以用花茵美么,黄瓜籽粉的吃法,花茵美多少钱一盒
B515DA240B40D6571FD2C16E03EF1347,3,作茧自缚txt下载,微微一笑很倾城小说下载,黄惠棋,幼儿简笔画橘子
BB9F5BAA2D92BCC99DE12B5E636762A6,1,苹果价钱行情,announce,送男友18岁生日礼物好,李佩玲个人资料
E3D2B6104D9CE00C9F880060CDA84FDE,3,保时捷panamera,保时捷911boxster,保时捷卡宴,奔驰e400l和宝马535
921F7EC031FE478C5D4386D8931D01EC,1,日本动漫好看的,会坏的 轻点,上海财经大学,是尚先生
4AC6B7DBA90E8001A610E42ACB5C9CAE,2,马应龙痔疮膏哺乳期,denghaoli钱包,结婚不给南方不给礼金女方不给嫁妆,马达加斯加粉晶
9E537A4154CDF788ADEE640AA454D0E1,2,暖暖13-2公主,侯门毒妃王爷请接招微盘,男主容二爷女主是经纪人,奇迹暖暖画家
92D270E0000266498B681A5554DA07CA,2,家用开关接法和接线图,干巴爹,林允儿,陈奕迅演唱会
8934A8FABE83761846A85750B8E8D3C7,1,若你能懂我 那,孙骁骁,活着,若你懂我该有多好
ABECFAB6455FE61C8C0DECB8F53683A6,1,石榴籽能吃吗,宿州旅游景点大全排名,http://wosoo.cn/a/c05/2m3tfare.z,银行会放假吗
21CA3D8A19A76186320517DD7E9FE14C,1,风筝怎么做,埋线双眼皮恢复时间,上海凤阳路,甘扎娜·金达瓦
84DD1159DE65ACFE3B6FC1D6F4C4AAC6,0,广德县,杭电考研参考书,mtk helio p10,诸暨市地图查询
99DC5B63B225D765679FB4D2767F76E3,2,顺丰快递电话,脸睡肿了怎么快速消肿,处女座男和水瓶座女配吗,脸上毛孔粗大怎么办
B3FE5701CA5D41DAFB3BD1148E4C44F8,2,uc离线下载不见了,88kke,极品神瞳,出生入死电视剧全集48
268BAD77D6FA78ACE0D0CB78661E095F,4,欧舒丹官网,繁星浩瀚,古天乐个人资料,心率不齐有什么危害
A3DE7BDA11CC55FB97DE55A631319578,1,媒体储存器怎么开启,别克excelle是什么车,16年火的歌,百度
F707CBF241884E9DD2A32FDE3170A175,3,快速,地铁4号线首末车时间,北京金融街邮编多少,梦幻西游口袋版要点卡吗
5DBF01A39D1339A09EFB5F643C26E248,1,苦荞,架旗山密室,去哪儿网机票,老皮子图片
F4E02859A225CB1F780F89E5F4D7B517,1,vaio笔记本,2 4 8 16什么意思,文森特德莱文视频,小袁收题
F26E4DFF021DFC1515A7A2AF30C98340,1,常州工学院宿舍分配,汽车票退票流程,常州工学院新校区宿舍,欧米茄omega手表 碟飞系列机械女表425.60.3
E9FF35518C3EC28A5823E5EC9D68C586,2,单片机的发展前景,晴宝体育的货正吗,兆,肚脐四指正下位置疼痛
D99539F215CD4B5E6D51EE5CEEA1F5FB,1,草房子第一章主要内容50,壁纸图片原宿风,读剧本啪啪,老九门大婚第几集
3005295DC438D6FDFEB7F13CC0BA97DE,2,语文朗读的重要性,任何鼠标插电脑都没用,欧莱雅适合什么年龄,apple英文翻译
D3F63136A6BB8DD0CB566DF063ECB9EF,2,下陆区团城山街道广州路7号,黄石19路公交车路线,黄石哪里有工行,唇蜜粘杯吗
CD6423B4B671975EC9DFFBF4DECEFC6D,2,广西的蛋卷怎么做,脚痒是怎么回事,刺绣教程,小孩打喷嚏流鼻涕怎么办
2209AC4F1C60396677B4ABF1A88F6D44,2,经济适用房的物业费包含室内维修吗,宝肤灵,尾骨长疙瘩,512路公交车路线
B25CCB4786AD7E006CF4D62DF9D0ED9D,1,打女生屁屁的变态作文,/什么意思,打女生光屁屁视频,小七
E37D705862191C2EDDB84F7483F14A89,4,松下蒸脸器,藏红花茶可以和那些一起泡,蒸脸机的正确使用方法,全国电话查询电话
F1DF4B69FF0F2468C847FDEE4808D2FD,1,落枕的症状,太原到成都多少公里,太原到长沙多少公里,戴尔dell灵越5557 ins15m-7648
F2F994AA33CFBDA68E4676C0F7061122,3,孕妇可以吃麦片吗,多孕妇吃什么胎儿会大,妈米爱的主治功能,孕妇吃什么牛奶好
1D8845748001883B00A49985141C90E5,1,西游记之三打白骨精,中医刮痧的部位图片,资生堂红椿,燕窝怎么泡
9087F8371CDB38B505B30EEA892B6E1E,1,龙王传说,妖神记,百度,颍上一中2016会考考准考证号
D7EB10FA0EDDBC6D79CC8693415B0B5B,2,怎样,一叶子面膜怎么样,杨是什么样的人,怎样蒸蛋好吃又嫩
955027F9C58FCBAF30ED4781B794EFE9,1,兰博基尼,dnf安图恩血怎么打,柳州城市职业学院附近有网吧吗,苍梧中学
C7FE6C3F01264E02DDEA39D8FF27F349,1,打完瘦脸针第5天不小心吃了两串鱿鱼回影响?k68,滕州学院路哪边理发店好点,打瘦脸针4天了能吃鱿鱼,埋完线第几天可以敷面膜
314694161E020793A73091A95C9AF409,2,杜淳主演的电视剧,野三坡到涞水,炫舞主题曲2016,白帆郎平前夫
AEBCFDA82024EB782592E12B51A1BA74,2,南海区联邦家私厂,顺德区兴业东路,佛山市金本镇,大良到开平
F8490BCCCC8F834CD0D1F3801D147124,0,摄像头ip地址扫描软件,缺dll文件,域名查询,笔记本线程怎么调
55936A824B4F8F82405FD817AB91DF23,2,雪豹为啥重拍,狗叫声mp3,良弼的后代,头像印在钱币等我都有谁
8361740F547E0F8C6623438F8CC8F37D,4,我不说你不懂这就是距离下一句,微微一笑很倾城txt,旅行,乖乖树泰国
666F32B41F2F76AF543C0395D32B6470,2,武汉中元华电科技股份有限公司,云南省第一人民医院 贪污,教师节贺卡图片大全,低调组合
C12714DE7636CAB263D6EC0A4EAB2028,2,哪种咖啡的防困效果好,爱情保卫战涂磊打人是哪一期,2016考研英语一真题,复数形式 英语
A0E125D1E995449CA42C2EFF159A1889,2,蛇行天下 总攻,被迫成为杰克苏的伪·杰克苏[快穿],影帝的老婆35,奇迹暖暖海边派对的搭配10w
FED54568A4B45C5FCAF7806A166BD4C0,2,登山卡通图片,voa2016年收听表,2016年voa广播时间和频率表,2016年会计中级考试时间
55EB5197EEC7F08FA1E4965718ECCE71,1,李婧磁,浅褐色,万兜鍪,张国荣马天宇
D0469EA2376071FC9DCBED807072D015,2,局部均衡分析,"在与商场谈判工资时,工会像是",名字的含义,对财务管理的认识500字
0BE1095CF5F3695BCB2D8F7910D81E52,2,凌晨两点到的话定钟点房是不是该定当天的,龙腾小说,任意依恋主题曲,纹身字母
A2F074F42F7411F0637F12CF26303A25,1,番茄土豆丝的做法,蘑菇街一元抢购,电动窗帘,太山石敢当用红石吉利吗
9EA2893C40B372FF5EF4E9598F8E4BA2,2,南清,一条无边无际的路,梦远书城,膀胱部位隐隐的疼
61E5AEDD9AC5E566E070430D53B32D8C,2,泉州托管老师招聘信息1001泉州托管老师招聘,中国新歌声万妮达图片,静夜思的故事,可怜九月初三夜意思
00B3F719F93F9281F957EC008A8382DF,3,英国卫裤骗局大揭秘,陈玉贞花旗银行存款,乳胶衣服面料,张德兰
1D6555698B76CEDFE48F8D4DEEA71BDA,2,丰田86敞篷版报价,秋季适合的穿搭,最近适合的穿搭,婚甲2016款图片
957D586A9F7BECCE45616DD73F0D22A5,2,中国10大元帅,21a团兼职是假的吗,bit什么意思,微微一笑很倾城在哪个学校拍的
EC8A230787D194C53996F00DE2FF8043,1,戴尔笔记本换显卡,所有音标对应的单词,不吃晚饭的好处和坏处,演员粤语版单身狗
AE39DE6E16E7F1B3F5D7021B225F5AC9,2,cosmax生产过哪些品牌,的确良衬衫,16年流行的发型图片,skin79官网
635C46858ECC72FE2743E3A1271CB85C,1,女生蓝色束脚裤搭配上衣,麾,红色运动鞋,杨馥郁
4BEFEF1E291A62D29672F448925CF640,3,大连金沙滩,倩女幽魂游戏官网,大连仙浴湾天气预报,碧瑶
5800F736A380086741B2EC690EDF5BE9,2,姜怎么腌制好吃,蔡姓始祖,中国天文学家有哪些,及笄之年
690980E02B84FCC7B2335DFC48D3B35C,2,单反能录像吗,顺丰快递电话,最强进化系统txt下载,造物主系统txt下载
FC2693DABC55E3F10BBBB754D8C8A769,2,2017年公务员考试时间,旅游资源比较权威的参考文献,access是什么意思 和vfp的区别,www.bjsat.gov.cn
4F0A3CFA9AF153F7E30413BCC47F4633,2,马拉松,米丝蒂的诱惑,快递什么最便宜,阴模
0C18B29C0A07C004623AF4D00092DB0D,2,厦门旅游攻略,日本历史电影排行榜,魔法医生的粉饼,一笑而过
7AF6209896ACCE605E02CF217652503E,3,谁是卧底词语,大乐透,招教网,东方润景12号楼户型图
CF04B41C20C8E84A3774191BA5DF54ED,1,燕国见陵之耻除矣句式,越国以鄙远的鄙,秦王必说见臣通假字,班群头像霸气
C45BE0108BE195253BE2B43851D522ED,1,长闭口,aviutl,ai,每日英语
7D8713B8BBA0ABEECBE9452D68AA411B,3,神车论坛,高速路费多少钱一公里,我的世界熔炉怎么做,走步给钱的软件是什么
7EE266D68C7C88CCAFA75F06EB4DA693,2,知错能改善莫大焉什么意思,超级大蛋糕图片大全,网上避孕套安全吗,淘宝最新版本下载
3D78EEFA3470494DFD127E87F72C4EC0,3,截面抵抗矩计算公式,抗拔静载荷试验的锚桩拔力是设计值',省二医院口腔科,电动车被水淹了怎么办
48B29AFB922E287CFF7140C8C8E729E2,1,贵族绝版奶爸,七年之痒燃情代价,全文阅读,余淮剧照
2711299050F269CAB8715513015F6F09,1,软件技术属于什么院校,江西旅游商贸职业学院食堂伙食怎么样,中国就业,江西先锋科技职业技术学院学费
21F3BFE85D38702799A385BAE897C314,1,晨光水溶性彩铅,行路难原文及翻译,武神赵子龙武魂获得,遇蛇
8B08F385F229BD4177F831E87B00CFE1,3,王利律师,临沂百度外卖招聘,鲁商集团,今日说法
4D4C4B5625FE64DFDCF7634CAB870B13,1,梦见守门人是什么意思,arctan(-1/2),邵阳房价走势2016,高斯公式
ACEAE8B503C0FF49EF306C497F2A6DE2,2,bcd7se0是啥,人体大肠小肠结构图,百度,惠普笔记本除尘视频
1657253FA619416DE71803AAAA192C67,1,怎么用通道抠头发,安徽出入境管理局官网,淮南九中姚峰,金玉大酒店
1A4181DF32A2D1D983A9A23C6328DEC5,1,移动营业厅买的路由器怎么收费的,哈巴狗图片,伤口化脓怎么处理,李一桐
787ABEC4B223E60A6C48418A399D27AA,2,月夜美梦奇迹暖暖,色系漫画全集,80cm是多少尺,裤子29码是m还是l
A2BCE3CC86451A16ABFDE337E0368990,2,彩票预测,vivo客服电话多少,浪潮集团招聘信息,正海磁材招聘
56B3820E0F4CDE32A56E98177C1FDA7F,1,微微一笑很倾城插曲有哪些,w开头的歌有舞蹈,加不加麻辣全套歌词,捡到苹果手机
452BC56B8C32AD243589D97E0CE45EA3,1,七彩虹igame g15k,lol锁屏了怎么解锁,ｊｆ．ｃｃｂ．ｃｏｍ,金属大师笔记本官网
1F7D6C50233D73749E5C4FA6582AF5B4,1,烟抽什么比较好新抽,gameloft,神勇弓箭手,爱梦
36D21D610960A4B5C8B780EA9A458AF1,1,郑州公交车都是一样的价格吗,郑州市公交都是一样的价,像teachingfeeling一样的游戏,河南农业大学龙子湖
5CE3146CE56BD978B6B9E9FBCA8D65E9,2,倩女幽魂灵兽,珠海五山戒毒所,精灵王座百度下,手机桌面黑色
79F3044F5DA3B35995B686EC8B37CBCE,1,ifyou音译歌词,疯狂动物城游戏,医妃权倾天下txt下载,禁区左转90度txt
A713EE02FB63B2A322DDE6A1020ACFF9,4,垫什么防潮,感激涕零的意思,黄龙无量山,网
9CC4BC5F1361134A25E0A509B967B2A7,1,使命召唤ol,百度,cf,麻省理工大学条件
DB45D414742EA502D6895B51E0E42446,1,大连505路公交车路线,沈阳航空航天大学邮编,brand是什么意思,酒店无早是什么意思
BC45BB8A93CDC11B518D379E78897E72,2,"离伤暗,忧思转凌乱 什么歌",王祖蓝跨界歌王pk刘涛的歌曲,杭州限行时间范围包括下沙吗,欧诗漫水好还是韩束墨菊好
7C88D7AE62A341C48BB5739091EE20E6,2,计算机辅助绘制绘图,痣相分析视频 小说,如何补开沪a股,excel如何求比值
1F05301AAB63C01C967F2AB00EF60067,4,五里宜居到阅海公园怎么坐车,受了委屈的心情说说,三星手机主屏幕不显示日期,经典语录搞笑个性
BF8484FD9C0ED860FE9A3157A4D3D74E,1,新疆和田大枣广告,陈学冬郑爽白敬亭,任意依恋第六集,跌停的股票能买吗
0F39F3607945FFA480C44DB50C08AF40,1,hb ring玫瑰金,女生可以用男士浴液吗,苹果旗舰店哪里有,超脱力医院好友专属医生名片
04BE95A949746B05920E3F43FB289F05,2,微信被拉黑后怎样联系上她,华为软件更新完了怎么在桌面上找不到啦,汪峰徐歌阳视频,河南大学
1E585E3EA8EB722EE9AF43124207CC8D,3,驾驶证科目一考试技巧与口诀,peggy,致炫报价及图片,dnf骨龙
3D5DFE7C21CED964F7B5FE6EC894C31A,3,即将分娩的肚子图片,怀孕九个月能吃巧克力吗,怀孕15周胎儿图,怎么从外形判断宝宝是否入盆
066586125DBD49BEF1A8D0DA51508CE0,1,如何去除皮肤黑色素,戚薇,长雀斑不能吃什么,初级会计师考试地点
CCE2F1BB8D85B828FAE33D49F4C10149,3,淋浴全铜水龙头配件,明装混水阀,卫生间水龙头图片,西门子三通阀
A6FCF790831EEB6D8B834D82E6845288,4,凯特斯塔豪斯,shadowsocks安卓版,颜色革命1004无标题,杜特尔特 东盟
E42CF360763A1CE2C07E591D6EBFC349,2,怪诞在身边 图解,栖息之陆漫漫何其多,广东食品药品职业学院宿舍有没有独卫,推倒人生赢家
C4478D292E8327538E85FB8692F18DFB,3,洋葱炒肉,考教师证需要什么条件,photoblender怎么使用,camera
3C26673EA0B647829BC58AF2119A2838,2,没什么能伤到我 除非你放开我的手,青岛台东哪有裁缝店可以做针织线衣,算命的说不能给我算,moon
0EE016C8B33A17120063A876DDD6CEA7,2,怎么从萍乡回遂川,萍乡市金玲网络科技有限公司招聘,萍乡到吉安汽车时刻表,手相图解大全女
E25B3A217FCBAC8FA7A638E16A90779A,2,世界最危险的村庄,胡夏被逼重唱飙泪,米兰达可儿维多利亚走秀照,少女时代成员
F1F29E5CA20EE378C5D3781789DA1062,1,海边有什么杏,留一点 给自己,上海舞蹈学校,皮肤黑染什么颜色的头发好看
699D5BFDA03A609BFC3FDB665F431980,3,汽车模具,神马小说,安妮的口技,神马电影院
127111156E6764CC661C2D9E3008E0E2,2,龙腾小说,微微一笑很倾城txt,夏有苏杭,母后乖乖让朕爱
0D6999511AD1626A40F160CAB77EC883,1,戚薇,montblanc,东北电力大学,顺丰速运
FA64D512EDD5DAC59F2072BFB140587F,3,北海移动号码,中国铁路客户服务中心,三星c5,路由器pon灯一直闪
DF6A8A4F84400CB7F41A46D8057A2BEF,1,一汽威志,星光闪闪亮,一瓶啤酒多久能开车,你就这样带走了一切把我丢在海对面
8DB4DE84CD8659D4B8B2DC7F2BB542E7,2,天下手游官网,白色兔子的摇尾巴旁边有一只黑色的猫,home键,iphone6s市场价
453E7DAD1D3E32AF91E75A9BFC039FCF,2,男女对唱姑娘月亮的歌,杨幂李易峰天涯八卦,杨洋yy文,奥特曼被虐j动态图
BC45EC7F2237F01853A94BC9B566AB61,2,卸妆油用了会长痘吗,新电脑反应慢怎么回事,一叶子面膜怎么样,助学金贫困申请书图片
3B21D2999E38F29BDC36872FF0EE127F,1,十六夜咲夜dio,霸王2修改器,霸王3游戏,屌爷
D4F4920619E21FF53A3A89E720047EC7,1,鹿梓和阿秋,紫霞仙子说的七彩祥云,亲子照一家四口简笔画,许仙表情包
73F7F33F5EF25AA796587C7ECDA3C901,2,冬瓜荷叶茶会导致不孕,川辣优卤,百度,辣卤的配方
6EA84441634E78600E36C229EADBAE7C,2,八福舞蹈视频,新版还珠格格吻戏,计算机二级报名时间,毒宠佣兵王妃全文免费阅读1001无标题
CEDE010D9FA8A0F8DF42291940970012,1,骑马与砍杀16世纪头衔,汗毛会越刮越粗吗,眉毛边上长痘痘是什么原因,脸抓起一推肉
32ECB9A7271A665C5A15AD34881E51F8,2,在淘宝上之前买的东西为什么没显示了,急性皮炎可以吃牛肉么,晚上睡觉前吃梨好吗,陈家祠门票
CB759E6E61D518DCC7DB6530BB350D55,3,炸虾丸子怎么做,种藕什么时候种,怎样使面部红润,开车注意事项
C5781ACCC8311C8C7BCD958780BA3DEA,3,视力,囡,产后瘦身,瑜伽入门基本动作
223882432530F08FAC72FEE69F0F825E,1,nfc是什么,气垫cc的构造,开通网银留的手机号怎么改,uncover什么意思
AAC3A545F213EF124DDF9BD241AF1460,3,戚薇,12500扣多少税,驱蚊,数据分析 招聘
74B46248F873C8A18F4AEF541F717789,1,送杜少府之任蜀州,淮,百度,毕竟不是恋人不想自作多情
71084594B2D5AEED705E6B24AE2D5D09,2,眼睛激光手术多少钱,久草免费视频在线,备用金,手机刷单兼职
BC0B6BB43995309CB3E3D4B4541EE572,2,金立手机amigo账号,过年油炸面食做法大全,星空壁纸,直发
8AD21556DF27E0893A849476CD0B83EE,3,12秒跑4路灯,红米3微信发来锁屏没有显示,一个月怀孕能同房吗,肚子一阵一阵的痛是怎么回事
E22709A480A67647259524842528A596,2,诛仙3等级不够到焚香谷,诛仙3怎么屏蔽真言,出入境管理支队,笔记本电脑插上耳机没声音
9C73CBFA8DCC6A167F81812930B5A846,2,长乐市潭头镇亲亲优教幼儿园,穿裙子可以骑自行车吗,鬼吹灯之精绝古城,初初家套餐
F22A4454BCCA8C9A70FF946884A6B522,3,沁阳老棉麻公司在哪,朵色代理价格表图,第二代身份证,饭店里鸡蛋炝锅面的做法
224BF985752ECDC47D4F13C8016D4230,1,一般一米五以上的小孩怎么买火车票,haba g露,生活启示录,为什么wifi满格网速特慢
30ECE1392E1937409D5FCD4DD2DCB995,2,订婚戒指戴哪个手指,住房公积金余额查询,金寨天堂寨门票,自考英语二分数分布
C22647AEFA09BD77F088C475C5E35443,2,王的男人,担保人离婚财产转移,灿烈 lotto,牛灿吧
436C6E16F3A4CD8DD104A61EAECB7234,3,股票账户的钱什么时候能转出来,牛市和熊市是什么意思,扑克牌牛牛的玩法规则,如何选小盘股
717F752A3BEC251F5FB03077469A889E,1,七年之痒,四大名著成人小说,自由恋爱时代韩国,模范秘书日剧
0F12125F745DE98541655B40EFCA7888,3,真实的开车游戏,耳朵旁边长了个硬包不痛不痒,微信红包群,上火了吃什么降火最快
706290726DFADE18ED91AB183464E23F,2,范冰冰素颜,中国女排,黎姿,博士后
057B4966DB6C5A184F05057492F27FD4,1,宫商角徵羽怎么读,关于舍弃的作文素材,1607是什么意思,方仲永的故事
625AD3C1CDDFAE6E10E6506119818187,3,做爱带避孕套会得妇科病吗,马蓉计划车祸,世色癌,过故人庄
5E346D0EB798B210CA2902DDBE6D2E50,2,安图恩20人要疲劳吗,假猪套圣光守护,dnf圣光守护技能,火女
53F5CB24E760C0EBBA85EC60380F63F8,2,2016公共英语三级答案,眼药水结膜炎哪种好,王珞丹,青春美文美句摘抄简短
E7D24AD7C4C6B34FB7987B5301A854CE,1,宋茜黑丝腿,达尔优机械师ek15,达尔优机械键盘,守望先锋源氏超级跳
C90EAAAA381B74BF2388E244A07919CF,1,单招和高考的差别,抑郁症,膝关节疼会不会是长个子,派拉蒙影业总裁是谁
FD2DD4AFFDDB273E44326D8613BDC92D,1,尖声惊笑,诸神之怒,笔记本电脑什么牌子好,爱的启蒙教育
0119C11FA828578E91E17C04BAD6CA7F,1,什么烟好抽,出轨俱乐部漫画全集,怎么样可以提高英语,快递查询100
3F15CF5D1B47FFA2E8668857384678FF,1,杨洋郑爽证件照,批发书包,韩剧三大特点,h9t
278408A45C929C589CC1506873BCAC09,1,尿道炎会传染吗,碘伏多少钱一小瓶,长安九龙医院,割个包皮要多少钱啊
1857BAAA6F51E89196E6ED574C6A1A08,1,中国重机枪,男神图片,微信红包群,女生头像唯美
197216B096EC7005D8AC1BD089689CD1,3,金金拒绝机场男哪一期,优速快递,紫色隔离霜哪个牌子好,圆通
388E990CBD5CB517F80952B786034EB9,3,彼德·考约特,曹云金再讽郭德纲,香港2008金瓶梅1国语,安娜情欲史
62893F6299BFABA9A062E6FB541634EF,1,球球大作战会员怎么取消自动续费,手机qq一键恢复所有好友,木马是什么意思,嗨小冷故事
91AFA1008835AC3165011459E2FD767B,1,钢铁是怎样炼成的每一章梗概,一起作业,千图网,狂拽酷炫吊炸天
A1C56C0169A5958DFE6E255BFDDDFF30,2,檀香对孕妇有影响吗,南昌火车站,2016风中劲草音频,中国建设银行个人网上银行
6136904ECCAD1DC41A838B51984E0849,2,微信手机号码换了怎么办,什么克制日炎,土豆黄金会员,白衣服怎么洗更白
210A7B9F4019639FBF16F61898E8E6B5,3,艾灸的作用和禁忌,中医经络穴位,艾灸合谷的好处,清炖鸡汤的做法
3EF0DBE025A43CF5F8FCDFEF46AF3B48,3,冷酷总裁的代罪新娘全文阅读免费,大阳唇图片大全,说说拜占廷帝国灭亡的过程,九年级上册语文书课后十首古诗录音
7BB84E82F700EE14BBEA046142A254D2,3,看庭前花开花落 望天上云卷云舒,痣疮图片,小孩坏牙齿图片,drugstore都卖什么
58939C511CA6855C9286F6F640F211CA,3,科技进步对策论文清样,金牌强国,论文录用后会退稿吗,农村信用社的工作部门
BF66DF53DFAF42B3983291EB310ED00E,3,尿道口痒属于妇科炎症吗,婴儿护肤合格执行标准,加菲猫儿童霜,蚂蚁农场青汁代理咨询
DC062B6EE521F0FB8EB9477643566D0D,2,遮瑕膏,为什么会内分泌失调,红花的作用,敷完面膜后脸痒长痘痘
EF4121851C2715301AE06E44A3FFD0EF,2,甘肃省教育厅,2016银行从业资格考试教学视频,户户通调试信号质量,自己的生日感悟说说
49EA93FCFBA8700995E7AD327BA0DE52,2,胃胀气怎么办快速排气,龙头寺汽车南站在哪里,重庆西部客运站地址,电脑开机后进不了系统
D9D3ECCD05586DF696AA271BD388F330,2,编写字母金字塔,周星驰采访,什么对付蟑螂,重新安装vi编辑器
431AAD54B2961813C0D50442DAC074FD,3,五菱荣光v,5平方的卫生装修需要多少钱,营养快线,青白江五菱宏光
EF50165E041FEEFE054B1364EFB5186E,4,美国蒙大拿州红色小屋,白宝面膜有激素成份吗,house reef 浮潜区,减肥期间可以吃的零食
1D6104F31DD1E121EACCE169DE710224,2,吃啥啊图片,"微商达人下载出现无法安装,下载情况的,去手",产后宫颈糜烂会自愈吗,蔬菜图片大全大图
88E666031D9207162771FB49C18F91AC,4,速溶燕麦片减肥吗,瘦酷论坛,胡松华父母,中国三大黄桃产地
4E7E527A30ABF1D813DA4EDEEB9A59AD,1,小辣椒,百度,宝泉岭顺丰快递地址,吃
D43247A0E6EB064CA1E182F963CF4D11,1,qq头像,angelababy,微时代之恋演员表,电脑怎么看历史皮肤
81CDC30D77EB06CB4DB7F0A8AEA57770,4,恭亲王简介,升字五笔怎样打,金钱草颗粒的功效与作用及禁忌,同治皇帝简介
8ECE7DA9EC165A4B152459B5CC43F174,1,天津新东方烹饪学校,天津917鸣笛,我去上学啦新东方,917
BF712552E35B0E21DE75065836FC9EB7,4,mc小洲经典语录歌词,小蛮腰苏三,主持串词,穆桂英挂帅串词
627DFDA1082784F3957168577779C982,1,奇迹暖暖所有云端,贺美琦,孔子,写思乡的古诗
BB32621FE98D437E93A307E05A2BB475,3,梦见很多病人,地狱究竟有几层,梦见羽毛球什么意思,补水面膜排行榜10强
B4AE64EB425BCFFF061C5D5900CF1FE4,4,小米电视,唇色深用什么颜色的口红,艾苛蜜,乐视s50air有蓝牙吗
2F1158A9B766DC275CABC102413D071E,1,厦门大学嘉庚学院学费,披头士经典歌曲,邮电大学世纪学院学费,刘嘉玲
DA58B9AF1645FCE40612A7F3C3B414AC,2,蔡健雅好声音,王胖子,枪王不良游戏,苹果平板电脑二手货
DCEEC5277E1ACADE92A07F49841B678E,3,中共陕西靖神党总支,九月应季水果是什么,李敏镐,三星s7edge如何设置翻盖锁屏
FD07FABD7AB8846D9FEA9B5AD79228DD,2,parrot怎么读,"一个油女朋友的男生说喜欢你,你们会在一起?男生撩我 突然有一天没找我",暑假社会实践活动心得,ps 写真效果
C7CE381D6C4C92FAD308756E3127380D,2,怎样提高自己的敏感度,亚瑟铭文怎么搭配,东方红,具有爱过主义色彩的舞蹈
DEADE9B5564308BA6002D9DDA3964A25,2,林正英死时候灵异事件,郭姝彤,赵蕊蕊,郑嘉颖
A8A00DB9269BBC37F5E801A029E4F72D,2,闲鱼,讲英语最好的老师,酷比i7评测,残奥会奖牌榜
FCEE68AE173B9944FBC3B814F7456465,1,高达00,怎样,猴年女宝宝名字大全2016,撅的拼音
C7698D4299D490CF83E13F3FE58C6F3B,1,五环之歌岳云鹏,一朝选在君王侧,山东畜牧兽医职业学院,五环之歌改编自什么歌
3D0EF10EBBD2D0113F0FEF8CA2E0EEE1,2,防伪码查询,武警老兵退伍卸衔,短发空气刘海,联想电脑开机蓝屏怎么办
17ED764650EF657EF9171B1030227295,1,好听的歌时尚,兰博基尼,近视眼怎么恢复视力,复旦大学宿舍
3ADD684EFE7C8E504CFEACA18AA62A79,1,宫商角徵羽怎么读,校园wlan怎么用,纪念碑谷攻略,为什么加入志愿者协会
78A13A98649CD411FCF324B08ED20E64,2,转关货物报关程序最新,家里有虫子怎么消除,设置waifiip地址冲突,秦时明月之君临天下
EAB183889692561523C943A97597C86C,3,高低不就猜一生肖,教育后人美名传是什么肖,吹毛求疵什么意思,不停地走是什么生肖
161DCB83B986D790AA4699ABA05D08A3,2,阆中到成都,6324吧,学号不好辱骂老师,贴吧cp是什么意思
55774D711D696F59CA55F4980617DAC7,1,杭州g20峰会各国领导,tfbiys发型,bilibili,天空二号
AF2942EC4D6B95EFF64352F2569E797D,1,汽修学徒之家,孙悟空,邢岷山,我是大明星
BAF4C7CAF31980A4742E7B6350C6617E,1,名侦探柯南贝克街的亡灵弘树,名侦探柯南灰原哀,徐惠璘短发图片,疯狂动物城狐尼克
DE92FC6188D71D75E2A095DA26386A86,3,一个短发女孩和一个大叔 的电影,让子弹飞,万通消糜栓效果怎么样,纳迪姆
01DBC2BDEA22F3AB4F0908C6A1CB55C9,2,头饰,梦到自己老公回来了,眉毛中间起豆豆,美肤宝套装价格2016
216FBE4FB851240D90B270A00ABC92DD,1,太极一招,王宝强想要女儿,爱情无线牵,枕上宠婚狼性老公要够
10078BB0FA8406B719E0774D7831647E,1,同时登录两个微信软件,三星任务栏hd,上火了吃什么降火最快,黑暗血时代653
475682431F39C398A9FA6577F6921755,4,积木机场,台湾汽车品牌,东京房价多少钱一平,百度
42F887CB2AD9392372F6779A9E7159BB,1,剑圣大招,阴茎尺寸,华硕电脑链接wifi显示无网络,http://
92EDA026511A9CED8967DCC8ED1ACEE5,2,aqqqcommsr设置新密保,宿舍搞笑群名称大全1001宿舍搞笑群名称大全,百度,一人我饮酒醉
9E7FCFAB7A10D32F59BCBB99EAE60067,2,怎么在室外照镜子,脸上有些小疙瘩,远看感觉自己挺帅的近看脸怎么这么大,qq充钱那个成长值在哪看
250C965D926751A02C78AC7DA84A5339,1,晨昏线意义,loneliness怎么读音,张琛,惆怅同义词
8E3EBC30FC8582D8B6CC1A100AA13AD5,1,桃花爱无敌,虹猫蓝兔勇者归来第二部,军对级别,布依族服饰
C93B6067FF26108C89B405E75E2AABA5,3,平板连接不上wifi,美图秀秀,返利网哪个好,电视剧下载软件哪个好
1E1E8A1CCD10008570B21FFCD0585EAB,4,玉米冬瓜排骨汤,鸡怎做好吃,家居服女装,小孩银手镯价格
A9D5FA295781AEF3C769F038481C21E3,2,dvi接口,郭敬明,笔记本电脑什么牌子好,治疗痛经的穴位
6E70B9EB48F14ADB6DC9573AA8047F5D,1,会计专硕,欲成欢,类似盛世谋妆的小说,用友u8需要多少运行空间
FFBC884A4E3CCE94D90A9096D5AED5C7,3,白银连环杀人案图片,哈萨克斯坦,便利店投资多少钱,笔记本电脑什么牌子好
CBF16C066E8051C6FDCC1F02FEBEC20F,2,我国教育的历史发展,中国移动,小七,多芬洗发乳是洗发水吗
746458A65B4779CDCC0073D61FB3F16D,2,动车,上海加拿大木结构展示中心,素养,人体皮肤下一层白色的是什么
E2105D0AE4BB11DDDC57D4108816B833,2,微信绑定手机号码换了怎么解绑,大乐透,坐飞机的流程和注意事项,戴尔燃
54E3B949BA14CC7F3B292582D60BC1C2,2,什么牛仔裤品牌好,取卵多久可以移植,八月十五赏月吃月饼,头发痒怎么办
EDBBA49F9AAB6B9152B1EE22820414B6,3,无尽破碎,换种姿势去破案,惊天魔盗团杰克死了没,隔离和bb霜的区别
429B7B35232DE00478CA92E1799538C1,2,少年成名,脾胃弱吸收不好,习惯的句子,肚脐眼凸出来
4ADAD44114DE9D7B91FB682831C8C391,3,ysl圣罗兰14口红,浙商保险,愿你永远拥有爱的能力,保险公司财务经理有前途吗
17D3AC45CF6BC5642AB719177DBDFF87,4,麻辣香锅的做法,韩剧唯美吻戏合集,凯特青芒果,一女子整容失败只能喝流食
ADA6C0EF306361990F8FE89DD8836BBF,2,在线法律咨询免费,火字笔顺怎么写,作文我的暑假,泰国面膜哪种好
3F28DC25A879B838B3C35DD8CD5DFDD1,1,pc官网,蜗居小贝结局是什么,蜗居海藻结局,人马长者之森
E333B837D074F6A716B85D85EAD177EF,2,深圳龙岗龙西邮编是多少,琅琊榜原著小说在线阅读,怎样发微信朋友圈不带图片,群魔乱舞什么意思
B830242EF6FE77C7D270B926606E7F80,2,言斤念什么,冲灵之主什么意思,波期单顿,痛苦的信仰
50AB263916EFED25DFC7F9EE4FD99C70,1,鸡皮肤图片,基本单元,掌上校园怎么登录,攻德无量扫文组
8CC60C0ABDC2FFA869D993338EA0AE4C,2,初一上册数学,良好生活习惯对人际关系的重要性,小胖子的动画图片,五年级读书笔记10篇
DB9651DAE3E726924B8C86E4B7861453,3,众泰5008,莱西汽车站网上售票,岙,淄博37路公交车路线
CE8A80FF465A3C261EF44B2B0AD5A6E5,1,龙剑飞,陈欣怡尿样阳性,金梅瓶漫画第全集,进化狂潮兔子专吃窝边草
CCC07568E8E0538B76141E86ED24E695,3,韭菜卷子的做法大全,田螺的做法,大田螺的做法,开学了
486B9A42DB5D1867F21BA9AAE0467C8C,2,濮院招聘,酸菜鱼的做法,淘宝卖衣服图片怎么弄,醉虾的做法和调料
FB1D9808427C74C9F4CD21E96C2D6283,1,重生后影后再临,龙王传说,书豆多少钱,大闹飞云浦的原因
026F197508DA4E3C15BA430F94E3539A,1,抑郁症的人会有时候开心有时候,删了好友聊天记录还在吗,新的开始用韩语怎么说,爬完山怎么做拉伸
B97172DE59678BC0E5FE69480740314A,1,宋欣佳怡,林允儿,老鼠叫声,东方卫视
BE6CB862CA2338E392752BDC94554D17,1,右图为华北地区某区域图 图中河流流向,2014各地文数,马男波杰克适宜人群,昭 谥法
658392E15E5F3F0E8F0BE5A772F0E28E,2,怎样防硫酸虫,李谷一,南艺新生颜值爆表,洗新衣服
AB1C774077BA20D62BFFEAAED45330C2,1,文中破折号的作用是,方舟生存进化最强生物,平板电脑关不了机怎么办,课时作业本
D52251693EB22D2284C01215A7D25008,2,风险管理原则,喉结上方有肿块,笔记本电脑维修从入门到精通,中国移动
CC4BA3DD9C26F85B2B3E18C70359AEEF,4,蜂胶去疤痕,李国君个人资料,2 4 8 16 32什么意思 2 4 6 8 10,顺德
8AAC6380D348107B26485C67A52DF687,2,华中农业大学陈华,武汉到合肥的火车,海关食品检验,2008年河南省周口市中医院联欢会频
C84D6B40B4CE9E3B5AFE79EA6A4E8866,4,半什么半什么的成语1001半什么半什么的成语,贾柯敏,郭敬明个人资料,aabc的四字词语
68088901E212564F208E44524C64339E,3,网络电视未找到存储的频道,ylt04-4南阳,虾是发物吗,飞机票
23A5FA1757095029AB84A399A0A27699,1,waistcoat是什么意思,日语娇喘台词,蒙城邮编,安徽蒙城邮编是多少
EAA37F002841C20D2F09154F8F599EF6,2,古剑同人仙乐,爸爸喜儿和叔叔,快穿之贵人系统',古穿今之女神定制
61EC818FA1453092DF3EE890FF73EDF5,4,肝上有血管瘤怎么办,高泌乳素血症怎么调理,郎年洗衣粉,高泌乳素闭经两年治疗还能来月经吗
B3EE94E0244B46B957E1EF890FD45861,2,张一山亲吻男友人,射雕传,荆州魅族专卖店,仙武金庸
AAF3B80D1893CCFFBAAA0C6647E1D661,2,济南财源物流,日照财源物流,冷天使,傲柔女主
2FBE3718C554F2F511CE49B96D7D72B4,3,人类起源之谜,跟宝马z4很像的车,本田s2000报价,火箭三巨头图片
97402B50C941816C501DBFB17F4D30F5,1,杭州g20峰会,西伯利亚,晒完被子后盖后可以立马盖吗,刘若英2016演唱会行程
3931B82EED99F9F1F5B680BE2F3FAA47,1,qq节日祝福群发,要一个爱奇艺会员,王美人,荧光色的衣服蓝色运动鞋的男朋友
9EB51BAA82E108EF46B821C4866DE65E,1,校花的贴身高手2下载,qq飞车刷车软件,吹筒吹脸去逗,mc你知不知道
3C088B937FFAF80B4D49C938DFD441C9,3,赣州开往广州火车要多久,星光大道最新一期,1236,12366火车票官网注册
67EFC1A12D7B79DF6254D4F605FE5301,1,非那根,益阳汽车北站到湖南城市学校出租车,怎么可以遮脸上的痣,19天漫画
8A2F854D5646354A825CD749BA9C3E02,2,圣光守护谁的技能,"题目:赛季结束时,【尊贵铂金】可以获得多少",春城慧谷 小摊 搬,女生护发素比洗发水用的快什么意思
60690A85D6D15BF7A643177DAB22CE66,1,你若为我乘风,手机qq好友分享文件下载地址,建设银行,急性肠胃炎
0DEF1D9F097757024C50CC982418C410,1,香皂用什么做的,蒙多战争血统,死的螃蟹煮熟了能吃吗,倩女幽魂头像
443927632F9677C6E94697016B8719DC,3,生气怎么缓解,河北省景点排行榜,一到下午燥热,喝啤酒不能吃什么
484E94B6850A8C55378FA19EE8EA28F5,5,文强,达达配送技巧,"郭德纲王宝强罕见同台,笑晕百万人",郭德纲骂姜昆
37CFD9361D8E3BC1F082965D9954D835,1,写人的作文800字,时间和新欢,中华田园猫,天天向上mc天佑
5268B9FB2CF11DAC0612E2D082C62059,2,150斤可以穿的毛衣,遮暇膏,充气垫,卸妆水
FE9E8A9FEC694648B36879087D9C0871,2,喜欢一个人的句子始于颜值,农业银行atm取款机可以存50吗,2 4 8 16什么意思,无锡到江都火车
7FBBDA61059A95BA8B2D492CD7928A3A,1,天目山风景区,微微一笑里面的电脑,灰姑娘与四骑士百度云,临安旅游景点大全
AB2EB81170E3921AB45130233CF39040,1,萨瓦r206公路车,粉色运动鞋,毒液五透气性,读书笔记大全
D87297D8F9C888C7AD59D3563E2416EA,3,掌声响起来图片,商务模板图,夜景图片,男神图片
D82D5B05F8FAC8AC57991832C4AB62FD,3,步步高刘阳招聘,面膜贴脸上辣痛怎么回事,排卵日同房现在心里不舒服,心吃葡萄怎么回事
93D76E4592749CA14BA089CDBDA61650,4,金丝燕,谢杏芳,广州地铁票价查询,插画
781088BB919F793B2C3BB529849E001E,2,换发型的app,改革开放是哪一年,用完洁颜粉脸疼,博爱天气
00E561E4D8DE17A27DD272C34F6AE2B6,2,被猫咪咬了一口出血要不要打针,叫什么山的歌,迪丽热巴胖不胖,驾校路考流程
259901A5CAE2110763C5B43398ACD3FF,3,酒店提供的早餐好吃吗,大宝sod蜜可以擦脸吗,微微一笑很倾城真水无香剧版,成为他的
1416FB65596A60A5A42A0B319CA9FB45,4,加拿大bmo汇款,北京游玩攻略,景山公园附近美食,北京地铁图2016最新版
3EFC500BA96D855ECD5FEC985CF3F9E5,1,写月亮的诗句,开学前一夜叫什么,雨霖铃翻译,西游记之三打白骨精
41ABA4986D6ECF9D8F535C8DDB609682,2,玩游戏fps低是什么原因,geforce710m,gt9600显卡怎么样,无尽的守护最多离线多久
D511B76F7B9077A3D2DACF91225C800A,1,龙腾小说,录歌麦克风推荐,电影网站排行榜前十名,林良铭
28FAF3EC94C9FC271A4A149A58FDFD25,2,以下哪个种族没有在魔戒系列中出现过,阿甘正传中阿甘在脱离腿上的支架,什么样的生姜好,在视频里刷屏属于以下哪种
C05B7E7F589800E7CE4CFBB4B71CFD4A,1,水豚,笔记本如何连接电脑显示器鼠标也跟着过去,宏碁官网,ip 网关
3879883F241084E61F4811B625227D3C,1,正好能扎起来的头发长短,空调健康模式,仿古代路灯,绯闻女一号
4320BB67089A1011E0FF7639721A27D3,1,手机定位找人系统,怎么肖火龙果,麦拉贝拉彩棉是真的吗,2200g等于多少斤
217174EBE10AAD23E4F4D7B66D777576,2,订婚戒指戴哪个手指,boost,吃什么能让头发变黑,南瓜人参
08153BF590869C6841B91D3BB27968F5,1,实况2013双脚触球过人,赵爽,肥城散打,中国移动
ADD6B7C5AF225DE1862A2AB7A9080CF5,2,卡地亚官网,韩国好用的面膜,痉挛性截瘫,角弓反张
9F7F296C37F47ADB0814715E21BDE0D5,2,男士内裤什么牌子的好,猴年女宝宝名字大全2016,做梦梦见黑蛇,胎儿畸形
882B9289C2F06780910514CBFBB1B3AF,3,支付宝转账单笔限额最高多少,支付宝转错账怎么办,百度,家里停电了座机不能用
7A209608617B242E601307C3A0C8D0B6,1,可以下载破解版游戏的软件,部落和城堡中文破解版,lol官方画册,外国社交软件
17765778BFABFF1933196EF7E04CFBAF,1,阿楚娜的婚礼,康宝莱的副作用与危害,喝咖啡是加奶精球好喝还是植脂末,决明子菊花茶禁忌
92F23505316AC9259BC9128AF5180012,1,礼仪结婚的台词,婚前试爱,爱情电影排行榜前十名,往复成语
70E6F220020469CC89CE25F9DD88BB75,3,红薯稀饭可以同豆浆一起喝吗,破产国企下岗职工4050,林场的下岗工可以办4050不,上海第一妇婴帅文
7237E74755C087212B65210A0A40BEC6,1,隐形美鼻神器教程,鼻夹每天用多久,耳机插口和充电器插口同一个地方,充电口耳机转换线
4FC5FF70EF0C8F34DB21E932AD80788A,2,就这样遇见你,贤者之爱小说在线阅读,01053671505,深层清洁面膜哪个好1001深层清洁面膜哪个好
81411A00FDA4F8628D83565F690B58D2,1,宫颈糜烂重度会怀孕吗,闽a是哪里的车牌,海欣食品千股千评,西伯利亚
DC3AD07870C5E00D7D39A885CB358179,2,小辣椒,源吉林甘和茶怎么用,单行路,路口标线
2F2A6B47E550CE9A766D35EFC8DF2F5B,1,李国豪照片,动漫吃雪糕头像,老九门手游攻略,一路向西床上戏片段
B8F5E21255C9B8619F4F6874CE3173AE,2,经常喝酒对脑子,经常喝酒的人怎么保养脑子,dnf八月15,如何找回电脑已删除的文件
31F72002DE1983B6A02DF8C2CA72337C,1,著名的汽车制造业公司,著名的餐饮业公司,把酒祝东风 且共从容,百度
2959C7C2A6CEA9C56727B49E15939B51,2,简述测血压的注意事项,英文翻译,摸金天师小说风尘散人,大儿子布鲁克林与chloe
7B9AB2E868399063876135C252D1A9E1,2,黑豆泥浆面膜敷完后的护理,面膜敷完后的护理,双面偶像,村姑也疯狂百灵儿
072942839F9B2F8A1DB13B5C3FC07719,2,吕佳容古装,刷新3加7,胸大的人穿什么衣服好看,黄诗佳
25D3DDD3C0AE495C0DBC4D7EC6207724,1,顺丰快递电话,刮痧后出现红颗粒状,石家庄到重庆高铁,红玫瑰加百合花束图片
9420B59879EC73A5325411693203DFB2,3,中堂镇的房可以买吗吗,笔记本电脑什么牌子好,庆铃皮卡怎么样,中堂哪来的房价最贵
44D514B5042C7846C6C791DF1E7259B5,1,游戏王ygocore安卓版,2线大学怎么样,后来她勇敢的可怕 烟酒脏话样样不差,邪恶漫画之可知子绅士
299086ACB7B7A28A7E0892B7A9C3B720,1,qq怎么发红包别人抢不到,河南大学,pure boost价格,军训服肩章怎么戴
04DA4FFD1BFC013B011EF7B7A06E10B2,2,宁夏旅游,里昂的08-09欧冠,08-09欧冠,儒尼尼奥
0E2BF87788D3D382C94D79D5C9E4A272,3,重生小说逆袭文,胖妞重生记,重生女主古代养成宠文,杭州g20峰会是什么
D8C50728EF15828A6BA28AABBB86EFB9,1,b站答题答案2016,女将军生存手札古穿今,春暖香浓全文阅读,沈阳从业会计报名时间
E3D3926E043A9498088DBC4CFBDBFF05,3,生的鸡蛋没放冰箱可以放几天,使用面膜前需要的步骤,针织棉和纯棉哪个好,等着我到白头
4EAB0FF468495CA0A307157857C28AF1,2,百度手机助手,胡伟骂河南,苹果logo,a59
AD94C40603A01D76AB3837A5EF1E9E9C,1,欢乐淘,麻辣变形计演员表,指甲长不出来怎么回事,情侣套餐 移动
B90E08683DC82DA906AA3219F2C6A29E,2,佛山创意产业园洋人街,神街访2016,大佛山,用完护肤品后出汗
5AC05C57CA2EA765262AC8F8EBB81D36,3,自动翻译器,东莞道滘哪里有卖盆栽的,会计培训在网上听课效果好吗,免抵退账务处理
DF0E5F24BB6B5D59104CE13A3595A7A1,3,钢丝绳重量计算公式,冠明舞台灯光设备有限公司,凯世达舞台灯光音响,广州舞台桁架直销
B98590AE2BF3AD54458709897B5485DD,1,杨幂的不要脸的照片,天蚕土豆,美的烤箱食谱大全,文章姚笛车震图片大全
F5512E79BA7D633867369E4943764F21,4,歌曲逆流成河原唱视频,熊大熊二动画片全集,迪奥真我香水,逆流成河 金南玲
644F582624544A205D4B904B79768E22,3,姜汤蜂蜜水 小说,生辰八字起名,小兔子乖乖,鱿鱼的做法
54A1C69FC461C20F7E46A32B6F543EF0,1,吴海兰,上海财经大学,失怙,上后锯肌痛
98DF4E0E1DC70EC46C34DE4844770474,4,如何写施工日志,道路施工牌价格,rtk使用注意事项,高差闭合差怎么算
B14F8BCBE35871AF1FDEE91FEE11C3A3,3,奶粉可以加麦片吗,药店卖的维生素e多少钱,异维a酸红霉素凝胶,女儿牙龈上长了个包
91892BD17DE54AC98D234C513F383EB7,2,阴囊湿疹属于什么科,天天幻灵,坦克世界v系,包皮手术后阴毛瘙痒
436F085AD4EBC0FB384A054186D8BA69,3,苍耳子鼻炎胶囊,5d壁画贴坏处理方法,76x120是多大,leep术后hpv什么时候转阴
92BC4F4557BB142F93F618DDD081BB96,2,河南省专科学员待遇,乙肝病人多久复查一次,脚底老痉挛是什么原因,韭菜花怎么腌制
EF8935627C99A9DA9704063368FB04C6,3,500公里的赛鸽远哪种体型的鸽子,怎么查赛鸽的成绩,快手礼物提现比例,鸽2015-19-0160613鸽吧
A67458D108139C24EE59AD62D29F2240,2,纹眉结痂撕掉了怎么办,柠檬蜂蜜水腌制多久最好,纹眉结痂后用手扣掉了没颜色,青阳网招聘
0FDF42087B00AE7495BEFC2E3138664D,2,女孩结婚利月,太原理工纺校,孕妇感冒怎么办,山阴华盛酒店
85F3D2ACFE4492289A14DD315B4ABD4F,2,关于食品专业的软件,"食品加工,生产中的外源化学物",周国平,镉中毒的表现及预防
1BE78B546E469E82B36A0BEF9AD66674,2,潘森皮肤价格,nba2k online篮板键,北回归线穿过我国的省区是,aj
62C3B5417183F9C1F1A6F71BF20FC271,2,纪念碑谷攻略,港婊大扎女图片,阴历是过的快的还是慢的,大便出鲜血
4BE9A2724D586D92F332FF8ADD40B3D7,2,厦门中山路,椰子树什么时候结果,豪门暖婚蜜爱搜狗阅读,太太万岁
B5F3758661C6502D7F839D918AE817B1,1,澄,老司机开车什么意思,全民k歌人气榜是怎么回事,金泰亨田柾国
70A59D9E5CDDA945E818DA730E83FF62,2,天天酷跑闪电风暴,酷跑夜龙马是第几期,淘宝账户 如何解冻,本泽朋美作品集
8857079E345903A30A6F10288C52399F,2,杜打一建筑词语,赤橙绿蓝紫 打一成语,红孩儿归山打一服装,红孩儿归山
2FAC1D9A49B3BCE0B04E12D76BBB894F,2,上海哪里有ysl专柜,还不是我宠的,欲成欢,45美元是多少人民币
3D46C77910FA764429CBBDE8A9B3A49C,1,女生多大长开,谭松韵发型图片,angelababy,推理小说女主是侦探
B2037CA111F22F83A38E0149312E5857,3,真8核手机什么意思,鲁豫说王健林,甄嬛传全集在线观看,爱护婴儿用品好吗
07E65D7AD136E0F266E7E5CE3EDF5872,1,4个数字吉祥号码,九月十六是什么日子,汽车营销与服务专业就业前景,芜湖
8C8C362FF90D293BC3C7CFADBE8BDCAB,2,计算机网络共享的资源是,治疗咳嗽的药有哪些,bit单位换算,黄鼠狼毛皮价格
ED2BF3A905E01F2D86ABB28C793401B5,3,重庆,格调林泉,百度,成都
F43821F9DB4391EA36D914D9E769886F,1,顺丰快递电话,席慕容,我本将心向明月 奈何明月照沟渠,里约奥运会乒乓球视频
E39544824A5DCE5E96A0510B87CA2D95,1,学习优秀奖 多少钱,纯情宝贝密爱钻石富豪,剃须刀可以带上飞机吗,爹爹
E7D60891B65AA92DC263E93D71BEDE60,2,海扁王1电影完整版,已知中心点求如何分正方形,经纬度定位,suiar小甜心cc视频
6B43A2223A4171982620B523865BF5A4,1,美团火车票意外险,女儿的小樱,南康唐江邮政编码是多少,英雄联盟全民解说
832AD610D7E6B816453D6988355B89A0,1,dos是什么意思,m cpu,开封清明上河园地图,英雄风筝是什么意思
131986EC8560EC0B6DCB7B1ED977C5CB,2,微微一笑很倾城床戏,电视剧女主被沾污片段,笔纯影音,综穿之拯救痴情女
D75BFB3D7C5250D2B563BF40A5436763,1,张杨果,孙骁骁,"手机qq语音我听不了,有个感叹号",0表示没有温度
29E6B4B3BB5782B55E67BB4BCE11E80C,3,adoube photoshop制作几何体教程,【国内现货】日本代购 佳能 eos 100d白色 1,新玉麟面膜价格,lightroom
8E9B8C8BF601979E78CCBC2F27E6CF3B,2,今天买的糯米里面有白芝麻怎么回事,可爱卡通头像萌女生,月经期流血块是怎么回事,吃提子会长胖吗
5BDC6A2362FF171A0F7A28ADD4113696,1,boss凶猛老公领证吧,飞享套餐国内语音是什么,大学寄语,早上柠檬水空腹喝吗
6C826523F5F33869D9EED857CAB93E6B,1,返利网1元购充电宝在哪里,卧虎,打呼雷能玩电脑么,红米2刷vivo系统
B09900FC3408783042BB444D088D5B03,3,天津春晚小品,限量版的我,"徐峥演的,跟一个富豪女太恋爱",oppo手机查找隐藏的图片
B2B7D53B0FD89E4EE08CA29F47E7C626,3,喝矿泉水中毒,布洛芬,故宫灵异事件,普京做了多少年总统
6C61D0A49343770B8B2BC8534B9B57AD,1,魔域官网,彩虹岛武士战宠快乐度,全覆盖钢化膜用什么壳子比较好,升级宽带送手机
E4007E86540DEC3892A890941490C52A,1,保时捷卡宴,vivox7耳机,vivox6,三星galaxy
21DE699FBDEC8D3B810C78E4AD268F44,2,成都前十名装饰公司,华侨凤凰城三期,oppor7好久上市的,金河谷4期
37E49A8FF255414E8F00FEC7B9ABEC1F,3,就是69800的吗,跳骚怎么彻底杀死,遂川立案庭电话是多少,冰箱有异味如何去除
7ADEACD36B5D7C0A0D0D4A8BFB858D8A,1,慧能大师,开国元勋朱德中张国焘第几集叛变,海岛求生安那个键,甄嬛传全集在线观看
4AC278192FBCD830F1AF25E8879EE372,2,脚后跟上面疼是什么原因,将与妓歌词,k1238次列车时刻表,杭州到郏县大巴
149832FBD0CEE6A4AAE5C53D5AFCACEF,1,红河的邮政编码是多少,理工和文理,蔷薇公主配什么坐骑宠物精灵,飞车幸运币能兑换什么车
145BDDCCE28922EBBE37924F6757ED0F,1,去粉刺最有效的产品,蒙自,魅蓝nuot3,简单方便的互动小游戏
10631CFA3798C906B139EB25ADD53479,2,绿豆面膜,龙眼种类,东莞理工学院教务处网,孔子
B9F7EE3EA75E07DAF4A9B0B2F4F6C0F6,3,从提款机里取出假钞怎么办,信用卡分期后可以到最后还款吗,电脑上档健,q一个皇冠多少级
9699EB1EBC2F79D8AB893FA8F91006EB,1,吃炒凉粉会发胖吗,莫少聪个人资料,金子什么品牌好,拉裴尔玫瑰素颜霜
29FE368C4AF63CAEBB39BADAF140F0CE,2,女王 乔安,"李晨小宋佳演的,小宋佳是个富婆",乐视,东岑西舅
B8AF9AEA055A99B642F8D66FBA81047F,2,红茶晚上能喝吗,乱斗西游31日更新预告,青年创业是未来国家经济活力的来源,吃豆腐了还能喝红茶麽
9CB9C380867C199F07FE6CD37A4D2476,2,乌鲁木齐植物园怎么走,怎样清除照片信息,送礼给编辑,石河子历史文化
E823A54D7CEBA30FD35194D845A2974C,2,湖北经视的娜娜,2016星座桃花时间,双子男射手女今年爱情运,去凤凰火车票
23CE89F3A921DDC85BD2CB326C53B703,2,姓别婚姻,耽的古意,whipped,文字网
787B0E28980AB0BE993B8D74FD1D2281,1,月半小夜曲吉他弹唱,百度,蚂蚁花呗怎么开通,科目一和科目二能一起考吗
3E7F61522F5BE5384488638A502FFDF6,4,微信号封了怎么解封,酒糟鼻图片,水浒传98版电视剧,男朋友结婚了新娘不是我
D9DFB670B0A447143E870BF915017875,1,苹果6puls好还是6s好,广西最牛乞丐唱歌假的,在那个播放器可以看妖精的尾巴,重庆白沙到观音桥
7248237DB8E7CFF8B9F4B5660F98D581,3,梁斌艺谷少坤美妆,dell xps,下一站幸福电视剧,恋上监护人之一不小心爱上你全文阅读
8472367C624660B727A61B767C32A6C6,1,王珞丹,i5 6500,张柏文,克里斯
DBF846DEDE39634AA4E3FB1A3EBBF845,2,没读完初中可以读技校吗,贵港市创新现在还要招生么,二手市场,空气刘海怎么剪
666DF9F4492431AEE274ED585D01A8CD,1,山东省地图像什么动物,全国计算机一级考试时间,中国最大的半岛,劲部淋巴结有点肿
C120770E8D3A81464389C58E2608A8EB,1,潢川有哪些学爵士舞的培训班,高考灰姑娘,中华民族颂手语,打印机可以连接手机吗
1D91E10451341BC6E97BA314B8157459,2,电影无处可逃激情,开学了,小学生的要求,微信
C2188FFF111BDB66CE6666C163CEBB55,1,郑秀妍男友,王者荣耀体验服下载,吴亦凡和郑秀妍,微信
3839DA48BABB1C360BABF4F4D3413A58,2,教师编制,助学金申请书的格式图片,考教师证需要什么条件,快递短信通知内容
21A7BF76C50C39AB5DE1F1F7FEFD243D,3,河南省人民医院抽脂,近视眼怎么恢复视力,乌鲁木齐军区总医院挂号,懒人减肥机器抖抖机有用吗
D408DEA1011A90E115064F9DF869D8AF,1,qq怎么把超过两分种的消息撤回,王美人,鹿晗整容前后照片,qq扫一扫在哪里
2129C83DAFA885593CBE08D8A6C200FF,1,"身体上有那种绿色的痘,上面还有黑点",手机qq字体颜色怎么改,里约奥运会一共多少天,手机可以用酒精擦拭吗
6AAA8D84553A29D67AF398B65CDD20CE,4,汗癣,传祺2014年小车款,汽车之家官网,宝宝抗病毒的药有哪些
2D015A15B4A88D8AF12C23C4ACC8E25A,1,洛阳口腔医院,口臭怎么去除小窍门,南极熊,天天酷跑官网
035A95EAD5C16F2FC9E1C567CF9597A9,2,潮牌男装品牌大全,性冷淡,红色连衣裙配什么颜色外套,关于郑州的记忆
6428DFA1693065D1A3B982BAC8EBBC1C,4,中关村手机pk,儿童耳道开通术哪家医院好,吃了饭可以喝酸奶吗,河南都市频道节目单
3C7F435DBBECE12CA2DD04E57BDB90B4,1,一寸寸时光,黛色正浓txt下载,谁的等待 恰逢花开,别对他说谎txt下载
BF2C8609712361219EE673AB3AB4DC72,2,孕检,早孕试纸中午测准不准,王健林获赔7.5万,瑞金民政局电话号码
2876F99F5C42747B84A9E4651287060F,3,百度,附近彩票投注站,s是什么元素,菏泽到河间
DDFCB8DFF5A5153F86BC11982D6222A7,3,什么事嗨台,哈石油挨着哪几个学校,微信拉黑之后加回来相当于删好友了么,黑龙江东方学院寝室和黑财经寝室哪个好
597FAACD1764A1DD176C56D82C8241B8,2,小马哥的腿断了,泰安,肝功能肾功能多少钱,大宋提刑官剧情
2B70EED446BD3F8719E1DD4F05B6E92C,2,中央电视台图片,圆明园门票包括,后海什刹海南锣鼓巷游玩路线,曹云金微博原文
3DB25AD7EB6710F0F2013F04C8B26C8D,2,剑灵口令,傻逼用英语怎么说,厘米秀辅助器,剑灵刚运行卡
A65525590F59D589EE5C755601155FCF,1,法斗图片,周柏豪,嫁衣,mis调色
191881E371B773BCD3947DCF06B7C3E8,3,陈启杰,刘忻,伊能静当评委性贿赂,贾静雯前夫孙志浩
9C3C3C21D12FC70107E28B133FC34A1A,2,word2007下载,o型血,天猫爱华仕旗舰店,o型血性格
7BE0C4C69B2B4F341654C229566C4F75,1,羊年出生的人的命运,走进缤纷世界写一篇童话故事,豆腐做法大全,天黑时见蒲公英会说什么
E85A15EB92F3EEE972B639684E75E074,3,戚薇,宝宝被小鸟,骄阳似我下册全文阅读,何以笙箫默电视剧
F2618544E5FF2711EA40F47E820A3D23,1,幸运瘦效果好吗,机器雾眉图片,野菜的功效与作用,乐视最新款手机
324E25E98863175855CF9D5C551DEB61,3,2016年阴历七月女孩哪天出生好,小三被剪头发视频,剖腹产后什么佐料不能吃,唐氏结果看男女准吗
172ABBE235FF5C80F23D94AF70230992,2,星际争霸2壁纸,脸上长了一个硬包,爱奇艺会员可以同时几个人用,从零开始的异世界生活小说下载
C287FC0EACC33D4B72BA4E1A501C53BD,2,女追男男主很冷的小说,小强女主被pia飞史,炫舞时代卡牌合成技巧,良仙难求txt下载
2E87B379505DDBF8FCAAB0EA29A35045,1,怎样让小腿变细,学生短发发型女,大巴车票查询,从卡里取钱最少可以取多少
9304E27A8EC9CE2709056E1BE052C958,0,趣味测试题及答案,建平叶柏寿哪家做头发好,一级化学防护服,简述霍尔效应
F245CD5D00F9309C6E83C61CB60DFF9A,1,厘米秀集齐,情逆三生缘,田文军原型,月儿圆啊月儿圆 离家的孩子流浪
9DDEC3A93CB4D4694B29964B791F29C4,2,为何胖子是潜力股,西安经济技术开发区,高漫1060pro,ui赚钱不
6582FE72F59929B6AC35A05CD05135C7,2,成都,拔罐刮痧器具市场,狗狗拉稀带血,金狮
87A85E2311F796240C7A750A76A0C4CA,3,如何再加一个路由器,研讯,新四小花旦排名2016,李典怎么死的
A452DDE15BA838D50C17FF59963940EB,2,闽侯南屿林场,亚索取消大招动作,龙眼开花时间,钢铁终结者塞恩
0825DB7D4BC747A9810993473822EE85,1,兰博基尼,乐视2系统升级失败怎么办,孙尚香机甲皮肤视频,守望先锋多少钱
7DC9676A0794D90FD5CD3851F16AC099,2,倩女中医师魅者和刀客哪个好,每天喝粥吃菜能减肥吗,游戏人物名字大全,美国好大学
0F9C5DE3C30FA2EEE72EB2619EEFF08C,1,考研数学一二三区别,西南财经大学研究生网,苏宁聚力ses,应用文写作教程ppt
B6C4DEA026415147904A85CE541CC97E,3,清新唯美头像,榴莲不能和什么一起吃,百度,滴滴快车不付款会怎样
FFE3C5506BA7A000EF8A9EFB17A9EBAB,2,广州到西安飞机,白芷粉的功效与作用,电信99元套餐内容,重生之青梅竹马宠文
A6BAD0EBBC3727857035E1C4C96D159B,2,乐视手机2pro和乐视1pro,qq头像,舔食者,乐视
1A59FA2857828986B67EC36AA595800F,3,糖尿病检查要空腹吗,骑鸵鸟上班躲高峰,癌胚抗原偏高的原因,赵雅芝个人资料
291A4A6D8E019B44726B01259BB29DDF,3,梦到大雪,金鹰出月饼了,化妆品可以带上飞机吗,玫瑰醋的功效与作用
83B33F62C71766F551B04A37E8E2DF0E,1,安德玛谁代言,大学生活怎么样,怎么刷运动鞋,华为手机天气无法更新
32D8A5A1449B242336E1D8E4A3B0EA88,1,大学新生必备数码产品,外地大学如何办上网卡,wifi管理器,手机系统锁屏设置壁纸
3AED2414209D961D44628222D46AE891,2,死亡邮件,从全能扫描王中导出文件夹,维迈台湾制造吗,9.28在南航买十一飞机票
80A9271D766EE12DF9199EC1C7BE56F9,1,土耳其联赛排球,长寿路,百度,爱奇艺会员账号
817CB479E23FF0389F863E609BB7B893,2,城市银行有哪些,公司法人代表办社保需要什么,卸妆油能帮助祛痘吗,宜宾 张露予
84F6AE58D494DA9E022C15A3EEE7A167,2,蓝鸟,跛豪第几分钟,广安毕业生报道管理系统,消灭猪婆龙
1147EF852CBB0E8E8F3888DFDA421BFE,1,康熙来了杨绣惠日本和服,黄仔片,手机拍照白屏,发胶能不能上大巴
E290D3BC93BD5117188193E5DAA577A1,1,重生,[未来]星际外交官,蜂蜜蔓越莓茶,"惠普的新pavilion系列电脑,参见pavilion 15"
941405A4F130BD2447D305B741D48165,3,四川乡村图片大全,路怒症打架,御天敌,上帝也疯狂小动物
3BD407D3CA96866AEC9CC85D7AF5666B,2,鄢梦萱和李晗谁讲的好,g659,洛阳牡丹瓷价格,兰州特色小吃
B6C957A2B551E2C2E56915400AFBB92F,1,害热怎么办,额头好多小米粒痘痘,济宁实验中学走读,用青汁做面膜
6209D77131107628078A3BF37A924503,1,林妙可丰胸,副中肾管囊肿,韩束一叶子面膜怎么样,一叶子面膜怎么样
B32C70D58F0F59EA3135EE3993CB1FF7,3,王朝大酒店北京,什么锻炼有助于长高,岳阳花板桥,平安在线
F4B7DC6193A433CE76C02D5A5FEAC68A,1,达英35怎么吃,类似百度云的网盘,杭州g20峰会开多久,春心樱兰情缘
4A784F692ED4DA31CE0FD96F5555CBF2,3,扫雷游戏规律,微信手机号码换了怎么办,真的有鬼压床这种事吗,银行里有哪些工作岗位
469E61DFCA74D7AE42536E2B69CAA4B4,2,les微电影青春序,新闻联播,网页制作步骤,肖艾的三十一岁gl
ADF41F48000285788346FB57895CD601,2,新手上高速,新手上高速须知,墨什么,随身wifi路由器用什么套餐
5EFEE1BD0CC3ECC0036FE62AC0F8A92E,4,电脑mac地址怎么查,度几画,[消失的树枝],甲硝唑片说明书
EE4A9C548B43F7E7468103BB485D604A,4,南京博物院好玩吗,心愿卡的制作方法,什么微杜渐,廉政公署
73549539C207ABE89B41BB623F30FECE,1,今日说法,父母让考研可是自己不想考,百度云下载到手机上占手机内存吗,华东理工大学徐汇校区在哪个街道
99FC57889E753DD1A7BDEE93EAF152A2,5,温碧泉防晒霜什么颜色,蔡康永和george,波浪发型图片中长发,猎场
D6D70412636DD79CBB80E99C61E663FE,1,借贷宝跑路了,天子杜康,蜂窝,美甲图片2016新款式1001美甲图片2016新款式
0FCEBCA79F96632CE65E65B895638AA7,1,虞美人,逾越节,最简单减肚子上肉运动,标准智商测试
87A6A3367BB883ED0106BE2FF373434A,1,火影忍者cdkey兑换,ipone怎么退款,为什么唱吧页面不一样,itunes store无法处理您的购买
E960E5D84280200A0DD61C8632DE1A8D,2,ointment是什么意思,hearsay,翡翠价格2016年行情,condemn
23E4A0F4B24E29996D12DA36D5BE5DA7,2,机顶盒能连接电视吗,临时身份证要多久办好,温柔的谎言,身份证补办要多久
DD2C31EDFE6B76E84A3ECB50E579D316,1,三生三世十里桃花什么时候上映,注册账号,我的作文,祛痣多少钱
8FC58C18F11BE4D6428B40CE08634D34,2,微微一笑很倾城插曲有哪些,悦木之源眼霜,阿迪达斯童鞋尺码对照表,眼霜推荐22岁
24375154ABE22B3EFCD1FE988032A974,2,用金圣丹排出橡胶状物,一行三会,活着,黑沿子
1E7D76ADC713B3302A01256CC37EAA68,3,别克excelle是什么车,克痤隐酮凝胶,脸上有好多细小的红疹,为什么有些药膏忌食腥荤
4D13942AE484EBA40D79D8C13FC46CC8,3,苹果id密码忘了怎么办,苹果id验证失败怎么办,卧室门上有梁,山东威海天气预报
BBE749B3FCEE87E583921D7DC3126D34,1,六级考试报名,bigbang舞蹈教学,怎么截歌曲,vbp是什么文件
B8DB55DE73C062CFDB55F24CEA272110,2,海淘网站哪个好,刘梦婷照片,冯婷颖,黑水
9E457178800A3B757601EDAE69F1C192,2,遵义和贵阳那个离翁安最近,老九门是不是盗墓笔记,招投标资料怎么做,中国哪里房子平均最贵
01B82626A28E81960DC4DB4EA377071F,5,比较好约炮的聊天软件,相宜本草乳液,驾照扣分查询,芦荟胶能美白吗
257899D780A876BECC4C345C5E52E351,5,枣阳方言视频,煲猪肉是什么意思,吕俊哲 第四期好声音,乐视
6E7B33B5734E5ADBE9822EE3B30BBC57,1,什么软件可以指纹解锁,智能手环,手环怎么关机,台电运动
43D3EBF7F85E9A675CB80371787F00C0,4,未婚生育的孩子户口怎么上,hp1007 进纸困难,全民k歌怎么玩效果好,手环
D666BC2317783000677732937C74E6C9,2,琴瑟无端,小毛栗子,娱乐种马,人民检察官
6693474210C0BAF3FE1F18E572557B28,2,姑娘,好吃,情深深雨蒙蒙,字
417A4E4B578D7B65CE4A3C40E27C4242,1,现代轻松搞笑言情小说,竹马又名蓝颜,盛开,戚薇
787093B28AEB88F187537C8C1F1247CA,2,凯特王妃,张译,蔡少芬,"做系统硬盘删除后,找不到了"
7850E50D7F2473F8D6EF1D0B047BF13D,3,5000左右的笔记本推荐,htc,js实现弹出框,用超声波洗牙会把牙振松
0070E10A3E5191FFB3E9B0F739CF6B88,2,吃到了虫子,网络营销,erp管什么,机器人冒险手机游戏
9681EEA8AE30B005DB67F960C26B84EC,1,lgon洗发,睡觉前可以吃益母草颗粒吗,梦到蛇预示着什么,湛江高铁到广西南宁
F5B9CF64D5EBCC6B162F68B1EFAC1F9D,3,扫描翻译器在线翻译,台式电脑,win7系统安装教程光盘,扫描翻译英文
0B83A4E94D6DB0EF40165A645C6AE17C,2,当我成为你影评,八喜临门里的小女孩,陈百强,中国式关系 豆瓣
50480F4234421228169964C855EED3D3,1,清清裤有效果吗,这个年纪歌曲,演员薛之谦,这些癌症可能懒出来
D49D7260C74C28EC80152419CEB2AA4B,4,新生儿肠绞痛还是缺钙,宝宝胀气怎么办快速排气,满月鼻涕,京东好奇铂金装是假货
1C4F7495980106635F75DA8EE34DB71E,4,幼儿园家长委员会的主要任务,幼儿园大班新闻播报,德国经典冒险系列绘本,大班益智类玩具
15F0632E04A989A746F8AD51143A03A4,2,k031瑞倪维儿,鹿晗ins账号,授课对象分析,杜珍珍
0F3BB2AE1F02F20709C4F6958027AEF3,3,遇水变色指甲油,教师节立体贺卡的制作方法,乳腺炎开刀引流图片,兰大二院眼科陶明
5BFA15EA84A3A017CA9F895616996B3D,1,吴秀波,干木耳不煮可以吃吗,新闻联播,scc超跑俱乐部
03471D962DE92B2998CCE9DA71FC284F,1,风水中大象摆放的禁忌,通讯录存不上姓名,南塔到万豪酒店,豆油玻璃瓶
EF7532EE1566183CB9080E419CA8CDE9,1,柚子皮怎么做好吃,没有光驱的富士通,笔记本cpu通用吗,对痘痘了凝结作用的
7C44CC8B85FDC24A9C582846BC10DDA3,1,余罪第二季,电脑主机开不了机红灯不亮,苍月女战士百度云资源,电脑桌面图标怎么变小win7
86907143145FED471D1F8E6C8FBE037D,2,任意依恋主题曲,兴趣是什么意思,1234455,女生的英文名
C9193B018113FE7762161BDF4A65389D,1,在晋江怎么样获得营养液,五线谱基础教程,icloud是什么意思,请了假的工资怎么算
8ADA668752BDC22B4A5DBE61C25F051B,2,优美的雨声,党的最高理想,百度,"如图,矩形abcd中,ab=8,bc=6,p为ad上一点,将"
E55EE10ECA075EFAC7891A68E269BE98,3,用一个什么去截一个几何体截出的面叫做截面,朝阳满日头,云之凡演员表,空灵的古曲
805C4207389389E5DBB5B446C6836853,2,镜片贵还是镜框,送男性朋友什么礼物比较好,抛光砖和抛釉砖哪个防滑,朱红色卧室门
12D0E4AE8C006CA6827CA9B34A596456,1,黎明杀鸡怎么让人头上显示段位,4399拳皇防有什么用,为什么解压总是说空间不足,黎明杀机手电筒技巧
53D5B0B40E85889F044ED560C00C6BC6,3,耳屎多会耳背,牛仔夹克配什么裤子,尤克里里右手怎么弹,尤克里里写歌
24517A4C5972478198C312AC8794376F,4,气垫 新品,古筝 一对二 教学 视频,papa recipe,papa recipe软件
72723541293C20AA153148A9CEC8D1CD,2,电影院取电影票,小糊涂仙动画片,乐校速递怎么退订,亲爱的爱情结局
DFF814A5F6A75BC32BFB8E02F5541E0B,2,淘宝全球购可靠吗,露姬婷洗面奶怎么样,渡盲结局是什么,麻雀中谁是麻雀
3FC787B23709A86B3A7CBC172E2E9324,1,转录发生在任何活细胞中,生物多样性价值,用回形针,何雯娜苑子文苑子豪1002何雯娜苑子文苑子豪
FB4C229B77DC7275407001F442606121,1,量筒注意不能,运动内衣,爱的浪 潮,兔子猫《我爱芳邻
6B8A8AEE732E03A2B6E555325E6800F9,1,联通宽带去哪里办理,看图猜成语答案图解65,微信被投诉了会怎么样,远洋君买电脑视频
8188546BF3D62407B29BA2232689F410,1,一元夺宝是真的吗,入什么土成语,本莫夌打一成语,仁什么者成语
D1A42D23A42918C6BF75562D9235C812,2,大力神赫拉克勒斯,北京时间,关于中秋节的诗歌,rosemary是什么意思
856EFB160B2B470FEBE417C60D484504,1,超极本,英文翻译,牛奶晚上喝会长胖吗,郑爽孙俪
16D28B0144ED51052470F6578468792E,3,重庆移动,机箱led风扇怎么装,华硕猛禽1060跑分16万多,4790k
5AAD414B186A4A3202B0E2365F0EF618,2,入职体检包含哪些项目,航天金税盘发票怎么再次打印,紫兰,好听的植物名字
EEFFC55F14E9A3BEB9DE8B0E67B1F300,2,怎么喝酒不醉的小技巧,晒后如何快速美白妙招,石榴的功效与作用,胡彦斌
E1D258AAB95A6036DABB7AF50DA9A058,2,妙笔阁小说网首页,强势围爱前夫入戏太深,王茂蕾,聚美优品的东西是正品吗
E8DEA3F3E566ADDCA4AFE6AEBA7FF402,1,小电影视频在线观看,广州工商,韩孝珠,广州的农村在哪里
D871547048D9D96D56BCFE9C931A0C63,3,"酒驾扣留驾驶证,理论考过了,有什么办法提前",幸福树,猪鼻龟,风水鱼有哪些
4267E98F2357A947A600D9C1F6F052CB,1,韩菲诗护肤品怎么样含不含激素,棕色头发,短发,修桥补路自古有是什么意思
87AAF10E070765447B0D3ECF90B150DC,3,公司升资质的规定,门掉了怎么修,甘肃青云建设有限公司招聘,欢乐颂小说免费阅读第二季
374A8E0D205049840689AA08227D949F,3,移小宝客服电话,石榴的功效与作用,胸胀乳头疼是怀孕了吗,苏州55路公交车路线
34A9208F2B5C742915B2AEB5F7C1E912,1,进化狂潮txt下载兔子专吃窝边草,泰坦之旅职业,泰坦之旅海盗王,泰坦之旅海盗攻略
B998EC42CAF951C0FA038CB03604D662,1,魏晨,薛之谦天天向上哪一期,那好吧,终极系列
B6F7FFB7F4E194445D69A73FD68BF1FD,2,王健林接受鲁豫采访,鹿晗打吴亦凡,电脑误删来不了机了,天刀号交易平台
CCA984C591E7C7F1E0CB287FC0329C81,2,梁祝钢琴曲,网线受潮会影响网速吗,顺丰快递都很快吗,花生的功效与作用
F26F107A4E633DC46508E72F59B868C5,2,北京时间,农行小额账户管理费,口红需要卸妆吗,蓝色洁厕块使用方法
DB2B19FC62D6D1E07FCF6BBF5D2C713C,2,广告是否影响消费的英语作文,炉石战士卡组,百度,三亚游玩攻略2016
15961509FCD45328C3796C4C985F3CA5,2,笔记本显卡加焊,赵本六生吃活鸡视频,烦躁的图片,忻州戴尔售后
DF6619ABF4915B6D08517A1B7CD96CF4,1,广东新兴发生地震,亲情的句子说说心情,刘嘉玲,蓓蕾读音是什么
E90A103BD824669F5357E2C352F4BF1D,2,12月考研属于管理类联考1月真题,女性尿多尿频是什么原因,尿频憋尿好吗,麻雀小说结局是什么
79A2B71C0DC1E8E679AD83C08D1415F6,2,罗志祥电视剧大全,怎样上两个微信号登录,点兵点将点到谁就是谁,点兵点将顺口溜
9B7F07DEE291E5391E5AA7087A6B9F2C,1,lol2016中秋节活动,2016哪种玩游戏电脑品牌最好,劫原计划皮肤视频,lol名字哪些符号可以用
DA5E088BA0649ED07EF71FD97C8E76DA,2,去粉刺最有效的产品,韩束一叶子面膜怎么样,如法网登录,精油的功效与用法
7DC136BD71CB79F89BF4C451BA3606FB,3,武陟县顺丰快递,qq兴趣部落被封停怎么办,电信爱玩4g定向流量包,怎么更改微店名字
1C900A360D36949947FAD193CCEEF9FA,2,护肤101个小窍门,三生神仙债,扁平疣爆皮是快好了吗,创意灯具设计图片欣赏
BE830F0F6B86D1495F594CE5B7625EE2,5,灰姑娘与四名骑士歌曲,开头印的成语,middlemarch中文简介,vivox7plus有nfc功能吗
33AF6C956D5E7D6333B7EED4E36BFBA6,5,安踏跟耐克哪个好,运动手环价格对比,耐克阿迪达斯产品介绍,微商晚安心语正能量
5A4FF0F9FCAAA637A61550F06F0A7075,1,红妆素裹的素,紫苏,双下巴是怎么减掉,茄汁意面的做法
2784009E3956238F2B0DA37D9D7B07E1,1,兰博基尼,evantra,evantra是什么车,大连医科大学美容医学院
C5186ED36FCDA9881DB11719E2565011,4,兰州信合存取款一体机那些网点,英雄有孙尚香孙悟空,五合一集成那个,天地人外总格怎么算的
A6A1722516C41EE187E3B8731D3EA9A5,0,大一高等数学,长春工业大学南湖校区,10万平方米有多大,王者荣耀老夫子攻略
5F63F57D9EC343A76E5F5F4FFB22E3FE,3,柿子叶的功效与作用,旋风少女第二季预告片,熟悉的近义词 :,哈林为什么喜欢伊能静
1EBE4B5A1075BFC6CD1D8CA752157F04,3,鼻子痒打不出喷嚏,落叶归根歌词 王力宏,天亮以后歌词,阮颜顾惜城免费阅读
931507F83D1C8EBCF998ACFDE6F03567,1,雨夜,权财,电信人工服务打什么,哪里有卤味驴肉
DF2506B6C7B557BCEDEC68B157F35ECF,4,肺积水病人饮食,青岛安全教育平台,肺癌晚期死前症状,热疗
9CAEC3CF6BC827EB0290B36A6597BDF7,1,蛋清可以做什么面膜,网上能找什么工作,蛋清牛奶面膜怎么做,旋风少女晓萤的首战是哪一集
994CE7F87763CC09C581FC2CAF2DF12C,1,广州新白云机场和白云机场区别,拜拜水果要单数还是双数,积食的症状,有痔疮可以捐卵吗
77D81AC50641BBC5CE5190ED9D83A652,1,脸型分类图,很少用英语怎么说,小学英语教学视频,马尾辫
A97862592C2A3B291E50173ABF9F2661,3,啊朋友再见视频,南阳姜营机场,坐飞机的流程和注意事项,美的kfr32gwbpda400
E4B7A1CECA014275078C50F0BB0FFD08,1,摩尔,qq音乐的歌怎么网易云音乐,最后的堡垒,谷歌是什么时候退出中国的
A0E35818322FAA4FD7B7C3B6C44439D4,1,琼州学院五指山校区,夜色快播有毒吗,英语四级多少分算过,防晒乳液什么牌子好
B657039948F4FEC3FB1BFA940ACA6D2F,1,单兵为王全文阅读,当陀螺仪高速旋转时 其自转轴由于惯性保持?爱拍,乞丐,王者荣耀艾琳
662CD5C95F92A041A2C9897685311D68,1,优酷怎么传视频给别人,合肥的游乐场有哪些,柠檬味清爽喉片是干什么的,治愈系
1A83B409A146CCCD450FB13553D33637,1,重庆,亲属关系证明,黄鹤楼送孟浩然之广陵,如果巴黎不快乐ⅲ
82C4D4445E0F181E477A193DCCCB2F1D,1,纵横,美团的优惠买单是现金支付吗,火星,"已知两点p1(4,9)"
5C0E2BDFE2FEE50D3B90619DCDC2815D,2,电视剧中的性侵害,音量调节器,电视剧后宫流产片段,孕妇摔倒后肚子痛视频
EB8065CEE575B501C4E9815CB1286AF1,1,郝邵文,可以装两个固态硬盘吗,9分区乳胶床垫有什么区别,逆战
EEAE63D08BACAB5D853DD7C505E02098,2,战恋雪,163邮箱登录入口,280545112425,直播平台排名
A23570C34D092EBEFFC979F25DBFE6AB,4,第二代身份证,老虎背上长翅膀是什么成语,去医院开处方药,洗澡歌
F2D7592FA6798923C1D6C016538280F6,1,捡鸡枞,近视眼激光手术,英国责任内阁制的特点,上官蕊扮演者李梅
3E9D3C0FDDB264C74C8740C4E3BAA7A3,2,青椒炒火腿肠的做法,鸡蛋炒葱花怎么做,南京mg美发店,面条怎么做好吃家常做
A75ACA7401E6F2A1F79B19D52402101D,1,待价而沽,过敏性鼻炎打喷嚏,甜蜜的歌曲有哪些,沈阳到长春
241FF722BC58525EB5D801B3666E82F2,3,艾灸的作用和禁忌,功能性子宫出血症状,艾叶泡脚有什么好处,石榴籽能吃吗
8DFAB6A2C7D316A20380835CFF694594,2,夏天感冒流鼻涕,实火,找工作,感冒一直流鼻涕怎么办
D8FE6D33E5B27470C406869A1756D66F,1,日语大丈夫,运动鞋里的增高垫取出来吗,人教版高中语文选修13,华为4c
90E2516A22245F6BE0C7E81CB3B1398B,2,绿豆面膜,绿豆面膜祛痘效果好吗,达芙文,长痘痘能去角质吗
86EB61B65D485163FEF687CF2BB9E378,1,韩国护肤品排行榜,k tuo,灯笼草果实可以吃吗,兰芝产品价格表
DBDD51DF6ED5173E1951079338D7EC72,2,张梓琳老公聂磊,leessang,朴韩星,太子妃花事记乐文
E83E55A8C12A072D6144476E36938BD1,1,安慰孤独的人的话,航空专业大学排名,电信99元套餐内容,全民k歌怎么唱sss
BF3CC901F37FD67D3915E9C69735F4EE,2,沧州网红,本田凌派补漆,电子支付是通过数字流转来完成信息传递的,赛欧
53E734DE3321522BCE2CAD9C4BB4ED6A,1,华硕,电脑封条在哪里,朴槿惠提早回国,二级残疾标准
D36843A1DE477C928672FB19B634EA85,1,春夜洛城闻笛,陈涉世家翻译,送杜少府之任蜀州,左传
B9F47848602510A85B45EC97D8554BF0,4,北府侯王,国家开放大学毕业证,广州嘉福利晶酒店天河店,广州优托邦
32BA9343D3276A0FBF8FB0008B183DA5,2,"在1:1000比例尺的地形图上,量得一块图形面?华硕",inhibit造句,在我的的身边英语,在我们的身边英语
12D37314DF865BC25F075E7D8340E394,1,上饶到泉州高铁时刻表,小清新网名,江西科技学院快递地址,加油好男儿2007
7E40BE846E7E75EF2FBD1B90180532E0,3,为什么喝酒第二天才吐,离婚后还会再结婚吗,艾司唑仑片是安眠药吗,儿童唐诗大全
555A1119E96E19EDB3B487E1501A2094,1,常州路城小学,手机玩游戏影响,魅mx5可以用电信卡吗,qq分组简约3个组
2CED212BA53FF202A19F3C273B32AF48,1,孕妇鼻子里能不能用红霉素软膏,洋葱炒肉,白萝卜炒肉的做法,苹果手机的英文
10B3A927736693DC43DD6379BD0313A3,3,盲山结局,土豆的做法大全,电视背景墙,盲山海外版无删减视频
5C750C3FF223DB497372AF93F617145F,1,客服可以改银行预计号码吗,中韩汇率,吃火锅能放五花肉吗,毛孔粗大有黑头怎么办
046FAD8790F35AEF594920E766765F94,2,南昌大学附属眼科医院,准分子激光和飞秒激光哪种比较好,烽火佳人,聚合性白血病
935369B31B328504D92C337EF3A075C0,2,奶粉不上火排名,2016办公娱乐笔记本排行榜,脚扭伤冷敷多久最好,美赞臣官网
09F49B3C7DB2F3B5A3E9F2CC89932264,2,c语言,闽侯县交警大队,美人鱼票房,上街镇交警支队
E43134B9C291459F4F1F851643FA773E,3,张一山电视剧,湖州周边夜游,佤邦,湖州夜游
EE2E9057653A2B379554455FAF634479,2,分手之后的说说,君鼎标识标牌广告有限公司,中国移动,西昌学院
CF7B6D629A2FE3217AD8A561E8416DD6,1,宿舍神器,oppoe9的尺寸,下完雪之后铁栏杆是甜的,我的贴身校花txt手机
2049487F8BFD9557C419B5D7F184C52E,2,小学生 课余时间读书 作文,中国100米短跑记录,网络兼职,德州卫生局注册护资哪个部门电话
C8467AADBA844F0EF8A14F22F36FC28D,1,马克吐温的作品,lol徐老湿来巡山,欢乐斗地主人物升级有什么用,魅族metal使用技巧
2422F52D551432CC187D5DAD293B011A,1,韩姨,维生素d的作用,安妮宝贝,补水面膜排行榜10强
9FD4E415D13D26B6AA045BF95F491E1E,3,中国明星同款运动鞋,单眼皮男主持,聚美优品的东西是正品吗,大胃王密子君是真吃吗
DB159D2EBF7E99054232C979694B9BDC,4,超级教师,初吻,货到付款是把钱给快递员吗,5000左右男鞋运动
6123535C0A3D870D3B4C66D38220DA26,1,笔记本电脑小键盘怎么开,众泰旋转档位的车,金毛和拉布拉多的区别,千斤顶落不下来
9520864D0793B5A42EE98831068F2BBD,4,康定情歌钢琴,果酸换肤哪个牌子好,卡通花束,玫瑰花折法
DF735B7929E342FDD8DE09C7F6958997,1,我的世界手机怎么去暮色森林,姑娘,向着炮火前进林妙瞳,qq靓号可以续费svip保持么
FE74AC6315EAA4A9741482C9FC2AF379,5,山东省会是哪个城市,魏晨,狂犬病发病时间,入党积极分子思想汇报
DECDB933760EB3767F1C4C096AD6DAA0,1,免费小说,绝世萌妃搞定腹黑殿下,第五次反围剿失败原因,怎么揭下钢化膜
913A42FF2C969F06FDA4FCCA4D90D4B8,2,人生若只如初见电视剧,微微一笑很倾城片头曲,山东省专升本考试信息网,对礼仪的感受
7235894296E708F002B1D25B8DC7D8D8,2,盛开,吃点东西就恶心怎么回事,国语柯南全集中文版,焦虑
B8D9778036429B86E5D97855B5AE4141,2,核电,copeland压缩机,大乐透,梁祝
844988EA23F7D7AD26D5A07610D141A5,1,幼儿礼貌用语,好记星书包图片,幼儿安全小常识,大班笔画教案
43ADB82F78ACFE8DAAF949E29CEBCDD2,2,拒绝交往的句子,网络为什么会受限,实践活动项目,欧芭的护发素
EBA50C8DE0F74A902D72FDC4273BFE12,2,魔兽世界克洛玛古斯克洛玛图斯,交通运输设备概论,树立和落实科学发展观,逆转裁判崔斯特
36DDF6234DAD449940DD6CA4E39D3390,1,湖南工程学院应用技术学院,拍奇趣大自然的是谁,美国工作签证转绿卡,福特野马眼镜蛇
6678D50BF5172B6161B7072F86D6C9B5,2,没刘海女生卡通图片,亲爱的公主病什么时候播,步步惊心丽歌曲百度云,相宜本草睡眠面膜绿茶
77AA7A8EED5CBDA8EB97B200299E8B41,2,阿尔兹海默症,王宝强离婚案判决,关于召开以整改落实巡视反馈指出的问题和提,日本的义务教育是几年
71876854DA1D81730B6D14F13D99F38F,3,蓝牙耳机怎么连接手机,女人喝白开水跟饮用水的区别,好看的齐肩短发图片,孝感
358C6F6AF39106B209E18A6DA91F944B,2,自考本科,规格参数里面有写出显卡芯片吗,学籍档案,函授学历
D6CC087FC7A6C144A4BB93678B253E65,1,新概念51单片机c语言教程--入门、提高、开?c语言,鞋带的系法图解,林薇薇郁瑾年,笑话英语怎么说
1E9D655B904FC550321D1CCC9D2690BF,1,dnf追星逐月武器属性,男生颈子黑,lpl第九周第三场盖伦,文言文怎么背快
727256F618DA1DEA586099EF05E69FBC,2,qq头像,梅花鹿头像图片,靓仔图片2016,挖掘装车工地现场视频
422C327E06DBAAE27BADA7DDAF502CAE,2,高级教师资格证科目,五洲城汽车站时刻表,悦语通讯下载,柯南中世良真纯的身份
3597E534F2A1C75AF4658D2F5674F0DB,2,李晨,吃打胎药要空腹吗,药物流产后能吃冷的么,米非司酮片多少钱
FE56CC87314EBFD6859EC8910FC6E76A,1,希腊神话故事,qq头像,皇室血统的30个姓氏,我们唱着东方红 当家做主站起来
21F0DF4CDDC9692BCCB37513476F7CC4,2,电脑开机后进不了系统,公平理论的案例,mtw全称是什么,阴阳师手游哪个人物好
B70AFAA048A6A74F0628980FE25FBB4F,1,河南国家级贫困县名单,4006000怎么读,通过脚看码,惩罚日
A8EA06E0D476BC2E97E780E95B087045,3,新迈腾新君越哪个好,流星花园简介,新君越金色,怕啥特和迈腾哪个好
3160BC84250F3C65117BB41FC5B2B8D1,1,淘宝能不能看到买家的退货率,石榴的功效与作用,茯苓怎么吃,云南农家乐图片欣赏
0BAFFC3FFF6FE1B1B8E42B53CBD68A37,1,社会实践论文2000,安庆最繁华的地方在哪,haba g露,05566219585
19C854C4C1E984DD46C6F2CC17A41680,1,西安到诸葛古镇自驾游,男士正装衬衣,唐刀图片及价格,袖扣哪个牌子好
5C14A600F63A373DCBA9838F312D4381,1,河水之灵娜美多少钱,微信聊天记录恢复器,宜春到分宜的汽车站点,www.531.
DA7A7F4D9B61F57A5D9634DC8D1AE64C,2,说菜谱,假性尖锐湿疣会消失吗,百度,粉溜图片
292390D505A91C7A45491EB5A1AF4903,3,霉菌性阴炎症状图,自己怎样测试荧光剂,朴槿惠提早回国,蔡远航前妻
245E540B82CBFCBAEDE3B7B0825EA53E,2,哪里可以办理移动换卡服务,"台式电脑插上无线网卡usb接头,只显示有无线",发电机,中国工商银行工银信使扣费不成功会怎样
F15AAF3BFF7F6CBD773875B8E11DD988,3,鱼人永不为奴,盛开,优酷半月流量多少,好看的女生头像
A3DF25C560AC5D12C912865A455E4B1F,3,菱形脸发型,安妮宝贝,受精卵着床,肠胃炎
4891A31EFFC5B48D14EECE99F5BF8B08,4,宋欣佳怡,例假时间长不干净怎么办,吴秀波,贾乃亮和李小璐的纹身
A174CA0DD2A386E7694E188A756260C0,1,大学几月放寒假,肥胖纹怎么消除,沈阳理工大学校内地图,学校合约电话卡有什么好处
1F174C22F9E0FF319866A5933B4981C7,1,都市赌石鉴宝类小说,和系统之乡土懒人差不多的小说,落枕的症状,dnf女魔法师那个职业最厉害
13CED71CAC1C6AAA1DE174C4E73324F4,1,超极本,殇字意思,笔记本电脑什么牌子好,国产笔记本电脑排行榜
7E1677A07EBCD45D6795ED42C5557F57,1,北影艺考初试内场曝光,徐娇,财政学专业,三星c7
CF38FA56A060C4D9B5A0690E22360A4D,2,杨洋地铁偶遇视频,1500g等于多少kg,上火舌头起泡怎么办,羽绒服洗后有水印怎么办
6778C2201EBFE93D7FD0E7A64264A616,3,二广高速从哪到哪,37.5度算发烧吗成人,西药饭前吃还是饭后吃,急性智齿冠周炎图片
A22ECA1EE4500AF45181A0A14088E755,2,席慕容,"qq在手机删除消息记录后,还会在电脑上出现?经典情歌台词大全",网络测速,笔记本电脑简单常事
AFC8E1E59F1964C9050FDB0CA98788C5,3,怒鸟传武器等级,电子无尘车间,愤怒的小鸟英雄传武器,泰国旅游需要带多少现金
7F21E103590AAED53716A301657039AD,1,一个四川话抗日电视剧,架空历史的小说,韩安冉,登录失败401
381BC49D15F1FEACD644A1B43ED74406,4,5个数复式三中三多少组,那快乐十分软件可以及时更新,海尔智能冰箱温度设置方法,华为5x怎么root
6369325B3A6158F44A99FC2ACC795D43,2,小学考试成绩查询网站,一年级,前50国际超模排行榜,蒋介石
48C266507012AD835D40AF31BAA1EA9D,3,女生,山东书画家王学林,平凡女人的春天,俺娘田小草演员表
A67149BFE911915C62AE041D7FB842BF,2,谢杏芳,王仪涵,顶顶,安赛龙采访视频
864C94998A75B3AFB8972EEB529B98DA,4,幼儿园教学随笔2014,摊铺机,扬帆起航,水泥槽罐车压轿车
D823F73C32981D10A5BA77B4F907240B,2,月待圆时乐文,郭晶晶,韩娱综艺幻想,怎么把照片的内存变小
478886340FFD4757C582A46CFB4E5FFF,1,化合价口诀初中顺口溜,南昌高楼顶楼起火,骨髓,荆轲刺秦王中的之
0509BE97A059A69CBFC425F8A2A1C6B5,1,好看的电影推荐2016,余倩雯图片,乐视,照片编辑器
FA6717A8D2B92C258850FC15A9FB2B2E,1,新麦醒发箱,罪恶都市秘籍和女人睡,指甲是什么物质,温州到苏州火车
694A7873B65C2861602EA8863FDE2DE6,2,旋风少女里若白去哪里了,word怎么生成目录,重生还珠之格格无双,旋风少女里的运动鞋
AC9AE0542F79E258955736930F16FC96,1,拓拔珪改革内容,欲成欢,构建新型政商关系的经济意义,赤壁赋中哪两句勾勒了一幅泛舟举酒图
496F645AFADCC3D020A33AB3ADB234C6,1,家具一点透视,烤鸭不吃皮的热量高吗,圆通快递单号查询跟踪,赫拉气垫21号色
3DEBEFDD4DD6AC980AE9E9775E466E48,0,汽车白色漆要加钱吗,全美护肤品,大板车高速跑多快,缤智和智跑哪个好
CE65A6B00D0928D33A9C3161C8C2EA88,5,健步鞋,92年生肖邮票,银杏叶的功效与作用,怎样炙穿山甲
48F51D33DCC160AB85D1EEE91FA6FDB6,2,大触传奇,西安到泾阳班车,励志句子唯美简短,瑜伽入门基本动作
C39B60078114746C83324590DEBD6BE1,1,女生脚长到多大不长,中国省份地图图片分 图,高中文科数学用什么卷子好,脚趾甲越来越厚怎么办
E5D5E1C2E5A1324D8C8042EBC2A7EC95,2,国产suv,库里2实战测评,星际迷航,手游排行榜
8B65EC1E0BEE077A3D24F0D10C9B4300,3,杭州g20峰会,孕妇可以擦芦荟胶吗,秦达股份,杭州g20峰会停工时间
E93B2C1A8F42D683527A33D9D8ADFB0B,1,自做美白补水面膜,眊可以组什么词,安全手抄报图片,关于人生的名言
7EBE938A1C4477D735939EAE64F9CAFB,2,淘宝客户端,荣华月饼价格表,考研网,天津地铁九号线最晚几点
F6A77C409F0B240D2121015E41EF3AB2,1,全国每年税收收入,西安运动公园几点开门,海纳物流,不眉的眼神
BA4436B0D8D74800F7DFFB857C32852C,2,为什么小说下载不了,微微一笑很倾城何时播出,书包网,成为影后txt下载
6909C728493560F37F2E294F4E81EEB1,2,范冰冰背的lv水桶包,excel图表制作,欧莱雅实习工资税前税后,上海中学生报
46A35686848CFC80B37ED2F0047E4175,1,四平青年4之狂暴之路,车辆一跑高速轮胎就缺气,百度,恶霸犬图片
D1A3A8A54A8C1337A907772FBC5CCAD6,2,艾条灰的妙用,艾灸的作用和禁忌,深圳前海华南汇金投资有限公司,汪氏蜂蜜怎么样
A2D113C5C756F0C293BA4E9F0B50C656,5,东部沿海风能丰富原因,土地盐碱化防治,河蟹的心,平坝与河谷相见
06378F33BAB2CD6D92E1ABDE92B8A5B9,1,近视眼怎么恢复视力,属牛今年多大了2016,66影视在线观看,东莞冷空气
166C865AC87B12E8D5D550521DAC121F,3,三字经全文,王者荣耀横竖设置,法术穿透是什么意思,小店大渡河火锅店
377CF85ED382CA93EF61AE920B33610B,2,痴心女暗恋富二代整成其前女友模样表白仍被,龙王传说,武动乾坤漫画,华科自动化考研分数线
5EC607E99622AA18945352CB40115205,2,七月与安生电影资源,市长夫人,竹筒情书,免费小说宝贝别害羞
A7F9FDD5FCA0E906BD62E4A53DF2C086,1,猫鬼屋,蚂蟥最怕什么,迈巴赫s600,点卡魔兽世界
F4976915E02AD15D64EC7EDA38D31BFB,2,新闻联播,京东可以用支付宝吗,天津东丽军粮城水表维修,孙杨颁奖击掌视频
CC1D0F3A38B707AEAA596DBFAEC4CBE1,2,鲸的教案,谈谈如何做一名让学生喜欢的好老师,白杨第一课时教学设计,adidas
6A28836F612A0FADCB1CB341A6AE24F3,2,双流544路公交车路线,百度云下载,百度,电脑qq视频蓝屏
0F0D7EA3653DDAF5F8C18ACF95606D10,2,孝感书店在哪,幼儿能学的'英文歌,怎么学会与人沟通技巧,人教版六年级上册英语课本
54A2E1812D15B13129027D3126AD3285,4,幻城插曲有什么,gst hert,山海经之赤影传说,王者荣耀攻略
5E17AF36DE5981836828CFA59A65141E,3,初中音乐欣赏有哪些,手拉飞碟的功能与玩法,空调高压高低压低是什么原因,幼儿园数学区名字
3B514647742AF24DC4B4D3C45B05C8DC,2,配钥匙多少钱,科颜氏牛油果眼霜,女排比赛几局几胜,雅诗兰黛特润修护肌透精华露
9EC723694C4A1B50463CCE751CE60B27,2,乡村小神医,招聘网,电池给手机万能充电器,乱欲小说阅读目录
F40F9A83B1874E72B098F38B69151C46,3,肝功能高是怎么回事,2016短发最新发型女,微信拼多多商城真的假的,戒指换新
8FCD3DBF1B1208BAF298A3B8C069F4EB,2,黑龙江哪有土豆换粉条的,淘宝怎么合并付款,董洁潘粤明离婚真相,爱亦难别亦难忘记太难什么歌
0E9011C330B3EA7005AA0D3F2361F17F,2,乐视,隐翅虫 怎么灭,合安九高铁最新动态,高峰乡快递送货到门吗
F2410B367ACD70EE1E582CF1A5105C55,1,一叶子面膜怎么样,一叶子面膜多少钱一盒,主日学圣经故事讲章,女星短发发型图片
15154F02ACF574DA01F16553102EFD32,3,舒俊老婆张菁芳的照片,舒俊在什么节目认识他老婆的,1g流量等于多少兆,蚌埠牙科哪里最好
21156CFC22BD7739B3D4BE7D4EE8626B,2,中西文学比较论文,不问马,泥膜会不会堵塞毛孔,非不说子之道 力不足也什么意思
A469049B51CB88BEC0166D29BD2FAAA9,3,宠物领养,欢喜佛by九真,今日说法,养兔子要注意什么
5339F24D037C1C5B02BF71A0CABD0E69,3,糖尿病能喝牛奶吗,一千米是多少亩,吃南果梨的好处,有一种累叫做心力交瘁
4FD5D353DC53BE616F742309AF1A7414,2,什么遮瑕膏遮斑效果好,怀孕后皮肤特别痒,弊,晚安我的小公主英文
3CA57A737D217A33D0DC42C65C5B2240,2,手游我的世界怎么玩,金立s7参数,酒过三巡菜过五味什么意思,我的世界观察者有什么用
B8B08683B552C86D07C7F97D01A81F24,1,餐具消毒要几度高温,看最晚的那场电影是什么意思,打完耳洞几天换银耳钉,wtf什么意思
33F06A4831C9F9972674D037C5D5BC0E,3,江淮双排微卡,斗牛视频,踮脚尖有酸疼的感觉,天佑年度骂汪涵
725ABF7C96033EA521531C8A95760DB1,1,乔任梁吧,米虫,怎么运球,乐檬k3
3B0C6D99CFC32D03602DF258EDB0272D,1,safe and sound吉他谱,杭州g20峰会,百度云管家可以传文件吗,线粒体和叶绿体的异同
D2D12ED0F7EFEE2E92988F93E6C2C9A8,1,新视野大学英语,星期8小镇护照办理,正在安装新键盘 点按可选择,主播的手势
99E853D7C837021E8EFD1BE69335565E,1,露蒂诗内衣尺码,魅族手机双卡双待,红米3开屏摁键次数要多,雅诗兰黛小棕瓶如何看日期1001雅诗兰黛小棕
49ED9B51B25B8B1A8D5A0AA7671CED35,4,扇形花束图片大全图,郑州安达信快递查询16082878386758,甄嬛传全集在线观看,素野是哪个国家的
5D919D76A023B867280DD3504D4139D9,2,柯洁三连败,华硕,四百二十连败少女pv,300英雄诺瓦露
5D6089E295CBFA55EA45CAE381FEEA70,3,圆通怎么样投诉,3101102217475,3101102217476,3101094977272
DB48F094A898B1A9CB68111C4F361EEC,2,吃什么让精子成活率高,vivox5pro,什么去烟味,化妆都需要什么化妆品
B3E441D5D59189863F2CFD8093C0639B,2,生化之我是丧尸,成都p21公交路线图,全民app是真的吗,有鼠字的成语
B6F82253050E0E1B40A73E43042B128C,2,雅丽洁八杯水官网,闲鱼,佰草集官网,uber
4218F868B411357A6488E2BBD3BCD173,1,老人机解锁取消,近视眼怎么恢复视力,兰博基尼,王者荣耀tgp助手
68837B9A502406F3E7575ABC71E09332,1,斗帝大陆,狼性总裁囚爱妻,山海经之赤影传说,镇魂街
730916EE5ADEB13195FE5285CE7E5C48,1,腐草为萤是什么意思,庆华大学是哪个大学,腐草为萤双笙,江西农业大学官网
8ADB54D3DA44A0AD1FE13DAAC06FB054,2,王珞丹,娱乐圈天秤座女星,安徽怀宁县,大马士革玫瑰精油
D99B9B8B6238EC4AB87868DED150454B,2,两边脸不对称怎么办,排卵期有褐色分泌物是怎么回事,肇庆市广宁县鸿城地产,5907609339973
1A333D86F4C3F6B16513DF36A6D34C61,4,小孩脾胃虚弱怎么调理,那一句话里有伯如,陈式太极拳老架一路,升阳除湿汤
BCDC96434396C4DC962D818552F7D9F0,2,陈小春应采儿的爱情,爱情藏头诗,齐珏,有个美字的民谣歌曲
2519B378141DCFA1D2747775D089450A,1,极限挑战岳云鹏是哪一期,肚脐丸配方,极限挑战薛之谦哪一期,桃花丸最多连续吃多久
E30D789C54EBADB6C0C2789BCE4001D4,2,泉立方洗衣片是骗局,松下中央空调价格表,大乐透,这注定这样爱一场什么歌
B2F3C0B281AEFAF54675B297A28088CF,3,浙江卫视节目表今天,阳泉最新天气预报,鼻咽癌,阳泉北大街幼儿园时间
7772DF959EB9026126D82358FC269FD5,3,一个男葬身火海,修罗武神1937暗殿d,量子卫星,中国女排
F3F07FE60D071C04344CDDA52D50293A,2,僵小鱼动画片全集,淘宝vip会员购,贾静雯图片,个性图片女
A73DCE5643A30EC9ADC114D0565CBACF,3,郭德纲与赵本山关系,郭德纲主持的节目,我为喜剧狂郭德纲,郭德纲与柳岩
4029CCF224BCC80CAB0A19498B650C50,2,乐视,乐视2pro流量监控,ahc水真假辨别图片,书包网
C3C0D959A036539FDFFA2AD1134E64C5,1,吉林化工学院教务系统,暗黑之我有系统,百度,奥运会女子乒乓球半决赛
E732DB25E9A3B24266181A92E405A4C4,1,阿迪腰包,4399坦克坦克堂,4399坦克坦克堂视频,植物大战僵尸全明星破解版最新版
9575C0FECFF9126E796E0B14B08789AD,1,汗蒸后多久可以吹风扇,小白兔的进化史书包网,笔记本连wifi上不了网,广东自考网
BB0AA92105D55FB59D703BBF5337F8B6,3,驾照忘带了怎么办啊,倒霉的动漫图片,干粉灭火剂灭火的主要机理,番石榴的功效与作用
84B0BF7F2B404EA1E05FC3D7DB6FCDC5,4,查交通违章查询,残奥会奖金,慈禧和李莲英弟弟,菜百首饰
6D2FCDB29D495974FD35E07930FFF88B,1,有什么黑道小说好看,男生发型韩版,你自私你无情你无理取闹,有什么软件什么wifi都能破解
8F447B492DA05DEDB50A64D17E4A5EE0,1,express是什么意思,兰博基尼,三人行必有我师焉择其善者而从之,convenience是什么意思
D9FEF9042001F0FA18390E17FDF0CB5D,2,ps怎样保存图片,大鱼海棠电影,ps怎么画五环,符号表情大全网名
69D9A5ACD467219F4B6987C1B9553749,2,lol世界总决赛时间,ostro 14 5480r-3528s,cpu排行榜2016天梯,笔记本电脑什么牌子好
980B65F089BAE71783158EDC97E856E1,1,金铭,céline,《快穿之肉文女配绝地反击》,快穿之午夜梦回
48F16D031CBBCE3CDB77C12353D428F2,2,贝微微里的发型好,银行卡不发短信提示,芝麻分一个月能涨多少,张恋歌forlove彩铃
C6FDE3BFF36B8A74D970204E7D5FC0A5,2,试婚老公用点力全文免费阅读,"亲近自然,感受人文,走进商城",已知ab在数轴上的位置如图,免费全本小说软件
BD4688966D85C2CA2D34DEA6805A50A6,1,小新v4000电源,"既然你错了,就应该第一个伸过手去请他原谅?努比亚论坛",相思,你就是个梗
E98F3FDC20C22DB9C672337CE1081D59,3,酷奇压花包包有味道,哪个软件看片好,ek850028618gb,107高光粉质
0EE3B3B32737BD8CAF3A01F3B3243C3E,3,邮局快递单号查询,米蛋早教机多少钱一个,棉麻丝巾批发价格,起亚k5第二代多少钱
F0327F62D1EC178DBD63462A517F7B7D,1,极限杀戮,鱼头粉,龙王传说,英雄联盟所有英雄台词
D2745E38DE66A139B2C5F8348D20CAC6,2,恋丑 贴吧,t41,k998,鹿晗适合长生吗
3084EB00D5E819E95C4EBF557888F3DF,3,交警贴罚单一张多少钱,农行审核通过几天制卡,金利源净水器ro75-1厨下式无增压泵,岳临高速省道0535公里0米处
030673493181F5A80B0C850DBF6268BF,3,怀孕初期有褐色分泌物,宫外孕hcg值的范围,怀孕吃什么酸的东西好,孕酮低要打针吗
ED46CC4979FF946D3FC7599D444AD7B0,4,初三宣言 句子,木耳炒山药的做法,备孕期间吃什么促排卵,排卵同房后10天出血
2159080EB0934A819A552096FE9EF32E,2,苦瓜炒鸡蛋,荠菜虾仁馄饨,白菜泡菜,益州国际招聘
25641635F9E05440BC22CA3EF5EFFD41,1,咪咕阅读,什么时候才能出史诗跨界石dnf,柳岩在公交车放屁视频是什么电影,苏州特产有哪些
510BB8F5B978B8AECCCDE04600BC5398,2,天才在左疯子在右,什么时候做饭用淀粉,初中教师培训报告,revuva试用
5D25B464B1CFB197E936C3F106AAD78D,2,"微信打字不小心错删,怎么撤销",多级列表怎么设置,影帝们的公寓txt下载,上海磁悬浮时刻表
3EA4027D1143956F2C89E6CD8A30D0F6,1,皇室战争上a8卡组,http://,从新坝坐602到哪儿下车,vivox5pro
7A446DC9BF07EDCAB968CEC897840149,2,国家财政,她和他的故事,躺椅,扩把月亮
D663EFB0D8AEEE4E3CDC81B04D6709FB,2,通宝铜板辨别真假,怎么后天形成酒窝,纯度百分之90的黄金怎么样,好想你
1FDE6E347B50B65F4E3E2B841E7709E3,3,隋末之乱臣贼子txt下载,我在末世有套房下载,里面有个女主角欠别人钱男主角帮他还了还开,顺风快递电话多少
CAF00C632216DB0741496841A9CE1CCA,4,新疆铁路,西宁到青海湖多少公里,淘宝如何退运费,快递到墨尔本
05AB45E629FA2528DC531D9D68963326,2,魅族mx5计算器,小米5屏幕像素密度,魅族pro6评测,魅族mx6与pro6
F709084167BB3813D8E80398806AAAD6,2,支付宝充值为什么一直不到账,传真传的是原件吗,暑假社会实践活动心得,oppo手机删除的照片如何恢复
9B8C7CC817881241327126954D2BF114,2,120g固态硬盘价格,中建五局,视频播放,戴尔超级本电脑报价及图片
EDB2296BC134B7732D3138364D04E4B1,4,海尔空调怎么样,周国平,学校食堂五病调离是哪五病,福睿斯能加多少油
45C7F28098727C3F700E6D7F247F37DE,2,教师编制,女主颜雪落,怎么看宽带有没有欠费,世界第一初恋
014DF81671FE66658BAB644C1817BD14,1,加减乘除运算法则,分析化学第四版上册,酷派8705手机内部存储空间不足怎么清理,环己醇与次氯酸钠反应方程式
433A8B689016D264192C7B546AD80C64,2,眼睛脖子短小圆脸的发型图片,穿越为王,联想miix4 6y30,八七年属什么
8918D48FF4D2DDE9AE17BE1F73186980,2,loldsx换肤小助手官网,换肤大师,拉昂错,孔子
9D61735D6E6465F983363EDA2390781A,2,gtx750显卡怎么样,笔记本显卡950m相当于台式,秦皇岛达润御园位置,使命召唤ol
0EF2BAC77245FEAD5218D4885B720083,2,贾宏声,林炜,人民检察官,添丁是什么意思
743B84D04DE260C93533FEFB1E70A024,2,ipsa价格,狸猫游戏,疯狂天后电视剧,"乳胶海绵好吗,"
7ADD824E37B84EF2DBE35D3F7ED08F19,4,嘉和幼儿园岱山,岱山日报,舟山岱山有哪些村名,沿港中路218号理财公司
8C1D7CDC36DEDDB9DFFB9B15957BF48E,2,皮肤偏黑黄适合什么口红,黄巢起义是哪个朝代,金属导电的原因,广西国考报名网站
DF7A1FD349C8CBEAA02995CEA69DE830,3,亚太教育坑人,郭圣通,兰州交大博文学院贴吧,电子体温计准确吗
6BACB881C2C24BA238202BEB9EF44D6F,3,福州尚干集散中心离台江区有多远,华硕u5600,信用卡临时额度到期还不上怎么办,的20
DBBD74DD841A3D88E878AB93F179647D,2,啊sa和陈伟霆,6本神阵最强防守,饭桌上倒茶的礼仪,朴槿惠提早回国
B6EECF5CEDF616A61E0D06EEAB0B2C8D,1,越秀嘉兴,红和病娇,快穿无节操之路,快穿无限榨精书包网
2530964889EE7437BC9E028479F8E38F,2,滑胎能吃红枣吗,坐月子可以用自然堂补水的吗,下巴额头痘痘怎么快速消除,吃螃蟹滑胎有什么症状
673F54013AD483E1E764DE2E58A08E9E,2,如何让你爱的人爱上你 在线阅读,上海浦发银行客服电话,买会计从业资格证几钱,腾讯微博
AF671CF4843D10A9335E54D4F4F88663,4,武鸣县,环玥,郎平简介,剖腹产后可以吃花生吗
6985505E8DB004A08E45C3548266DCEF,3,干皮祛痘,fresh,红豆水,资生堂保湿面霜
ACBA71B16F450B42863DBB1717BCF505,4,网络小说主播,开椰子的巧妙方法,"分手后我们不能做朋友,因为",医学检验技术著名人员
A26BDCF783BE3D863C31C2383350FF44,1,擒拿术,保镖公司,高台县城关初程琛,美女手机号
9A69046A8AB8491F5175598B01D56D74,3,医院化验室的人几点上班,tst活酵母面膜怎么用,微店怎么开,"谁在付村德邦干过,累不累"
130412E06437F46C6AA3CE6BB6A9FE3F,2,乌塔堡机场附近酒店,mahaphot,世纪阳光集团,开衩紧身裙配皮鞋
8B9DD4A5D512C0692DDFFCF1E3099698,2,头孢拉定胶囊,瓮城在哪里,西安市区好玩的地方,短发
4350D3F5AF7DB3F56F0F47229B7892B1,1,近视眼怎么恢复视力,怎么做面膜能美白补水,腿长腿直但腿粗好不好看,通房丫头
A186FBE9CF5FA289433E097589AEA8E3,2,浦科特m6s,符文监狱,华为商城,德国留学的传单
FEAFB8D2BA4160C80540390450E845A4,1,盛开,自导自演野外等修车,妙不可言,奇形怪状的语言
C309FB8AD386DE58B125DD309514452A,4,江湖群雄传2破解版,vivo双击亮屏在哪设置,一个眼睛的牌子服装品牌,步步高x7
74EA4326C51A86C7A57B593916A469DE,4,阜外医院网上挂号,《那件疯狂的小事叫爱情》里的手机是什么牌,"回来吧,大叔里的是什么手机",龟头尿道口红红的
4A8835BADBB8E07D4E7F1ABE9421F9F4,2,苍溪县龙山镇中心卫生院介绍,秋天初来的诗句,西红柿敷面膜,以后的自己一定会感谢
C65E3CEE25E861DA44D26F86F1BB8E54,1,驾驶证的满分记录是什么,大乐透,左转弯信号手势,刑法全文
E120454491B5E22D7193C83217216E83,1,动词词性的名称,"这真有意思,作文",browser,做面膜剩下的精华液怎么办
CFF911B1CFB1A6ECE33F06D018C55DCC,2,牙周病,痞女军王,穿越到微微,韩娱之完美恋人
538726CF3EF87EF2ED7E23697A5294D4,2,桑糖饮,g20餐具,蜀山战纪结局,三甲医院是指什么
69A189077404F7275B4A07042BD6CF9D,3,悦诗风吟小绿瓶精华适合年龄,输入1.6和1.7a差的多吗,日常防晒适合防晒指数多少,body shop茶树面膜
F91FC4509461CD97A9C725F28C3FE3C3,4,中国最高学位是什么,鞍山祥和园,日产2.0手动是哪款车,怎样做豆腐丸子好吃
B3FECC80F7106B04B7197A424C687BCA,2,狗狗是不是能看见恐怖东西的,植美村7小时不脱妆,包子怎么做才松软好吃,试用期被辞退有工资吗
06551C8465EBEEBAD58D1EC737ED2F83,1,4399奥奇传说免费送号,王者荣耀哪个英雄值得买,密集恐惧症怎样治,孙俪的二手店在哪里
38AFEEFFB456A638CC45032819E3588D,4,风雨雕花楼,小本生意做什么好,大难不死的魔王,泉州新时速
1C8F63559C8EF7B8E57503CC194C341C,3,战网正在等待另一项安装或更新,杭州到苏州高铁,苏州到杭州,苏州景点
7B1842C3D5D3C1FE9D962E944340CEA7,3,手游是什么意思,宫颈糜烂如何自查,催吐,多大年纪需要补肾
269819D9F253A48ECA5B026B85D12CD7,2,乐视,抑郁症,怪奇物语,老九门贴吧
06BB452A2DA497BBF5E85F2873378480,3,考研机构会不会是骗人的,全国计算机二级access大纲,各种不同卷发名称及图片,金融学考研院校排名全国
5D07A923984E97B6B2F72915EC2D3C15,1,国外石墨片制造机器,弟也日,电脑自动关机是什么原因,霹雳魔主诗号
428613F24D1E5B56C8779B45464406E2,2,共青团团歌,软化头发后的效果图,计算机二级报名时间,我喜欢你关你什么事
AEC674A6076E9777D4A78FF4A91EB028,3,基建仪器,摄影的思想,雪花秀滋阴系列,摄影需要什么条件
E69B915F41837F0B4F5C32884C091BE1,2,张家口伟伦综合学校的地址,neither和none的区别,decide和determine的区别,王宝强与马松最新消息
123B1C748A9C184DC5A931DE4048C142,1,男头吧,美人鱼票房,守望先锋多少钱,吉普自由光
D71753A65AF386EAA023DC36040560DD,2,flag是什么意思,玫瑰花的画法,利是袋制作灯笼,美瞳半年抛什么意思
C67A3C516E0D47E286A7C21F8BEE24E2,2,闲鱼,巴萨门将,3d电影在线观看免费10013d电影在线观看免费,asp教程
F912260188C0B279CDF35A79671AAEEE,2,宫s,微微一笑很倾城二喜口红,>[快穿]炮灰任务,玉桂夫人
E5CF7344A0AFE94235EF78CE1C8D74EA,1,爱拍,游戏视频3d视角,天涯明月刀文士神话,任娜英 鼻子
A80446B3D1750C4A73DF59434805A083,2,规章制度的特点包括,错误629连接被远程计算机终止,南京炫赫门是女士烟吗,自己怎么安装win7系统
783410F4E86B19782BFAD2BCBEC57D47,1,招商银行信用卡中心,u盘,悄欲超市,超级武神系统
F944A6B7834E45A607E37A0C7B4852C3,2,一叶子面膜怎么样,宜字开头的词语,玫瑰小说,sp小说疼爱
DE8A9E2A45867A884CEFD701FC59B48E,3,部落新酋长,微单相机排行,小鱼人 杀船长,音箱
01F7B30113C1A7085A12F9584FEB9498,2,会声会影x8零售版,安徽地方台直播,笔记本电脑如何设置biss密码,名侦探柯南日语版
7C15A6CEAA1876E6170334F3D37294D7,3,雪地挂彩打一医学名词,戈壁就是沙漠吗,横县到贵港包车需要到多少钱,河南现纸片楼
565B27C15A36AD34B900304B6F280821,1,皮肤毛孔粗大怎么保养,女孩子在招聘时该相信谁,北京二环房价多少钱一平,往卡里存钱50元能存进去呢
EA1E3A1AA9E65294834EA50E0C617CB3,1,国家开发银行生源地助学贷款申请表,semiconductor,givenchy是什么牌子,洪辰
EC62851B681E0E24D2559F34B42C13A8,4,董洁春晚,胥栩,昆明高铁线路图,丹尼代兹
20B2BF0813B743D9E423A619B8D77BAF,1,艾诺迪亚3中文破解版,生日快乐lol,好玩的打怪升级手游,球球大作战段位顺序
5D85E0C9D6DFE4D5990D043891B96EA1,1,的个人空间夏天,女孩的脚心,夏天的个人空间杀手,小潮的个人空间爱拍原创空间门
BBB1DBAB002EA8BEC5798406E9C6271A,2,vi编辑器常用命令,jetty,锐捷无线控制器培训,锐捷官网电话
B7287D4797D589F81AFDE32FEE0AE2AD,1,乌龟和金鱼可以在一个鱼缸里吗,曼珠沙华的传说,民丰银行卡在其他银行自动提款手续费是多少,连云港所有大专
7713B4392F94CBC9858BBF24B820174A,1,郭敬明,y币多少钱一个,虎牙直播童话上浙江卫视素颜,雪莉
E1DD0644EE3DA7397D30E177373FC31C,2,皮肤类型测试,维密长沙,近期上映电影,张继科老年表情包
FB9E9661062430DD0249318D90D26262,1,cpu风扇怎么装,奥迪a4l豪华版和运动版的区别,奔驰c200l,伟哥
C6EE69DE1880841E022535CE2E4CA84B,3,人体模型图片,蒜泥白肉的做法,鱼胶能和燕窝一起炖吗,小叶紫檀
7C6088564795679006B58642E6E47C51,1,河南建筑职业技术学院,郑州城建教育,友情之上恋人未满什么意思,小幸运歌词
243CA17B402BE3ACA5090F6A4B68F286,5,饥荒攻略,九阳帝尊,熟悉的味道,note7全球召回
3E715A045354EA643817B88D6AE2D02E,2,福建商学院贴吧,fresh,青少年宫公交,好用的面膜
49578FD4DF0A8E5AE23740FD803D8AFC,2,绿豆冬瓜黑芝麻豆浆有减肥,除湿足贴有用吗,士,处之泰然的意思
2351677343817237B5E7B96778721A80,2,兰博基尼,中国银行卡种类,冬虫夏草烟,万国机芯价格及图片
B36E41201BBC99BBFFE9ADF70FBF61A6,2,孜然肉片,粉蒸肉的做法,特别怕狗怎么办,瓦拉克
E40C91E081A02DD2A89CFC2215B9DDE2,1,w10自带应用商店被卸载了怎么重新下载,机械革命x6钛多彩和x6钛有什么区别,优化大师,玩cf出现与主机连接不稳定
C166C878354832591CC9BFD3E09DA845,2,百度,语文历史属于什么学科,护照分几种,家中经常使用的物品中属易燃易爆物品的是
8137C3E87D5731C2FBE69FAACC90B6BB,2,上火了吃什么降火最快,叶集到固始的汽车,950m显卡和940m,周口广播电视大学
F338761A06D970BA71CCF65B0576D77C,3,王珞丹,周杰伦模仿宋小宝,周杰伦学宋小宝视频,三打白骨精
ED99227EFE1F839447CCD8582FB905AC,1,葬爱家族对立的家族,一折特卖,lol消耗怎么说,lol解说
118EE2E781F45F2EF9FCF654111730B3,1,rndis驱动怎么安装,黄鹤楼送孟浩然之广陵,疯狂动物园秃鹰种类,王者荣耀体验服下载
0FAC650961FE241ECE566ED74006C59A,2,关于离别,全民超人,匹配宝宝用什么阵,龙之谷操作方法
323BB78C86948829674BFE575FDEBA1D,2,金丽旭我们结婚了,魏晨,英特尔i7,南宁金桥客运站到忻城
BA8DD650944121FC72B5E7F5C9CBE442,3,终南山上活死人墓,鄄城到菏泽,青岛到日照,冀南贡珠
523124470757135D7741334C698629B7,3,台北兼职女,出入境管理局签注加急办理,行车记录仪后摄像头位置,无锡恐龙园
448F7E961042EB97939D6EC6F7A9400B,2,"es ist vorbei. keine panik, ich bin da!?苹果手机有的卖的很便宜是组装机吗",迪拜国家介绍,苏州科技学院天平学院,手机电视直播
EDA1AE114A62553E7A04BCFF806F0B52,3,脸普,华桑官网,华桑怎么样,信誓旦旦留给谁
BCB8676129463D0DBF622572D8BBD833,2,绿豆面膜祛痘效果好吗,武汉光谷二高位置,全美善,朝五晚九
D399A7F9B557ACBF01D497A41E4B052C,2,微微一笑很倾城中ko和郝眉,吵架的英文,outstanding是什么意思,原因状语从句的英文
BB9CBD32430DECF7B30796F2E2B88A5E,1,迪亚多纳,aj,月如火新书,natsong如艾特 英文歌
9A47F69C4E9F2C4C3F4A1642B5654635,2,低优先级,强化服务,生产设备折旧计入什么科目,山东青州到河北
9418C7939EC9992444DF32208740BF6E,1,脸睡肿了怎么快速消肿,陈冠希触手可及纪录片,朵唯支持电信卡吗,沈阳大学宿舍图片
03714D6384F03E6AB6D4675FE1A7B5EA,5,用哑铃怎么网球时,沈阳彩虹英语教室,辽宁传媒学院附近有英语培训吗,汉译英
DD2B730CF74CDEE28604FCB91006580E,3,谍影重重5和使徒行者哪个好看,百姓量贩,佰草集官网,hcg值多少是怀孕
02A3E06D35FBCF4126F135329E4504F4,1,巴基斯坦眼中中国武器,笔记本电脑开机黑屏,首席老公霸道宠宝贝继续,巴基斯坦美女外长简历
34491ADC70441B7190D05A127F3A047C,1,夺命剪刀脚,福建手机营业厅流量秘书,百度,斗鱼
A09884794C9E3C0D62761B8C6C7BFE04,2,主播放的好听的音乐女歌星,赵奕欢裸照,一碗麻辣烫汤都喝了丈母娘,尾巴向下的公鸡品种
609455F1EC62082F06896E069F1378C5,1,轮回眼图片,显卡双显好还是独显好,r5m355显卡好还是gtx960m好,百度
0540829300963B2BDF757D91A4AEB45B,2,初吻,lost rivers恐怖吗,揿怎么读,重庆工业职业技术学院官网
88987197E4B82907E5A15EBB5BE9A3FB,4,原地跑步能减肥吗,世界承认的格斗组织,2016ibf拳王争霸赛,长宇宙的小说作品集
8212B6C8811F6E0C7D6BFC2449561C24,2,使徒行者卓sir,山村老尸哪一步最经典,武生院,先敷面膜还是先洗澡
0EFA4D07539CC99C09C4F38AEFFE290A,2,雅诗兰黛是哪个国家的品牌,郝邵文,dfs免税店,欢声笑语的意思
E742824D5B98EFD06A155C7C50C1FF82,5,李陵碑,霸道总裁狂宠妻宋时与,肠清茶哪个牌子好,海藻面膜千万别买
A72528D7B29CC06C478DE6DE79984B61,2,贤者时间,跆拳道11岁开始学晚吗,华道数据招聘,徐州哪个中医院治疗痘痘好
18572A60E26C6C4502D08B50E9861228,2,好看的电影推荐2016,长黑直发怎么扎,这两个月月经量少是怎么回事,谈恋爱没话题怎么办
2FAD04678AC251E486A1548B5A42BCEF,1,狮狗,心脏有时候会一阵绞痛,汽车油耗怎么算,成年人体温一会高一会低怎么回事
2DA7931F68CB17675C28D2DD818D2612,2,重生之名流巨星吧_百度贴吧,蓝调华尔兹by风夜昕,等你等到三十五岁,唐七公子
54389A7C71B8D95F8E1CB2ABDD70E5B6,1,从江苏到香港怎么去,伟哥吃了多久起作用,男生戴脚链有什么含义1001男生戴脚链有什么,最爱你的人是我你怎么舍得我难过1001最爱你
268CE7C5F3844C0CC4F13D7E6ED9071A,2,卧虎,簪缨世族,深圳公交网络,电影父子
11F33B98AA06EA2380EE3C10AC080169,2,矢志不渝是什么意思,西安美容美体学校,形容男人变丑变老的成语,形容男人变丑的成语
0BD8D4FF0CCE27214E7611044B474165,2,电脑平板二合一,男人带什么项链好,二十万能开多大火锅店,超极本
8170D03C4C315899A6E86BD7185D8540,3,clarifing mask 是什么意思,少先队建队日是几月几日,挫折读音,杭州离上海有多远
D33AA91A8214D1824AB211B4BBA47F6D,4,平安信用卡积分怎么转入万里通,魏巍,鲈鱼的做法炖汤,温碧泉多元亮采修护眼霜
33B97D6BF4D97F08965D4CE67CE65313,4,滁州刘府拆小车发动机的,拉萨哪里收购核桃木,和田新闻,德国牧羊犬黑神
7400AAF5C57AB1FAF303C7F69C122D07,1,耶杜顿,花生地铁wifi下载,2016齐肩发型图片,雅歌6章
9B427D86D130153741932B2F81771245,1,韩孝珠,手机wifi 名字乱码,百度,阴阳师 晴明 龙
94D44F5F747B89D8709B8B116112854C,2,许昕女友,悦诗风吟流光溢彩系列,悦诗风吟国内专柜,豆浆机打出来的豆浆能直接喝吗
5474046479E10F52B562FC01E0D29D02,2,好玩的单机手机游戏,qsv转换工具怎么用,勇者装备怎么升级,萌娘契约
760D0ECE051FD1DDD997862396C96F0C,2,显示一张表里的约束,上海地铁换线怎么买票,勰,一笑倾城歌词
EFF71B4A16DFCCB006E292C818FE760D,1,吾笙collection 中袖麻开衫,怎么泡锅巴,苹果id密码忘了怎么办,支付宝扫月亮是什么
8FEE3484BC9BCFFC067F5DA8F536EFA6,3,瘀胆型肝炎临床表现,芍药汤组成,香奈儿口红小样怎么看真假,两地汤趣记
1322050F4FFF3BBFDB717BCE876EB0DB,1,下一秒吉他谱,孙艺洲,大漠沙如雪燕山月似钩修辞手法是什么,北票三小赵津津
135749873743BA4EA2E34AF795288AE4,1,为什么别人唱歌闭眼,女主播啪啪出事图片,鸡蛋清加盐可以敷脸吗,棒球帽怎么戴好看
A3E6BEC7F4F9C736499C5951E95FDD58,2,电脑灯亮着却开不了机,欲成欢,我妻如奴王琳篇5,北海做船到三亚多久
CFB1518DEE6452F08D5B768C1F45E0FD,3,邢佳栋,张译,肯瑞托声望怎么刷,7.0声望军需官
AA9E2E652BA6AED9FB8E28579FF1F2FA,3,鼓手k99合集 网盘,总裁豪门下载,合租金by千记微盘,喂你嫁给我吧广播剧第二期片尾曲
6A9F6177D8E5F9EA8774CA79DF7D11E9,1,调理女人内分泌失调,凡客是做什么的,滨江道哪个商场有卖芦荟胶的吗,蓝牙耳机不用时怎么办
FD96A141B9251E424CC798A171B42F47,1,玛丽莲曼森,装修图片,卡地亚官网,天骄圣地
0B3EBCC3DC52A7C002F57030BB3AB864,1,nba2konline杰弗森隐藏属性,ps哪里可以把图搞清晰1001ps哪里可以把图搞,从广州到怀化的火车票硬座超过200有吗,穆丹枫
2BF238B57D01B9180AEC01C0C51130EF,2,顺丰快递电话,做数独的诀窍,武汉闪送电话是多少,笔记本显示屏坏了是什么表现
3AF20DFFB13EA49E6BA4B2FF0D42D351,3,电脑显卡多少钱,怎么重新注册aqq store,在居民区养猪,大乐透
6FAE0D08C8DE9C660CDE969D51C33119,2,女排几年前冠军,曹杨,南京到徐州火车时刻表,上海帕萨特2016款
5F42189BE7C282190FE761066BEBFD62,2,艾维特果味冲饮副作用,顺丰快递电话,杨洋电话能打通,金蝶软件安装以后不能新建账套
24880BCA58A28BA753E1D374250D08A7,4,大连天气预报,棒棰岛,中央一套直播,美食杰
5845BB2BE3C9942C1B8BD104D0056A33,2,普通物理力学漆安慎习题详解资料,普通物理力学漆安慎第三版习题详解资料,江苏大学,button在vb中
701DCC4686F851311EFE44FA78AC285B,2,南宁交易市场营业时间,晚上做梦差点被狮子吃掉解梦,老翁徒手击退黑熊,南宁市古城路吉祥店
BE20AC261800E0867CC9610F505F5EEE,1,剑灵下载好放在哪里,饥荒攻略,iphone怎么下载小马搜索,少年的英文
6A0AE6476352DA26FC860A81ACFE9798,1,笔记本电脑什么牌子好,刘渡舟,移动办理退订流量套餐,l298n驱动板非常烫
0E903CCAF37367AE19B45C729918BF94,4,"平板电脑开机只显示厂家图标,其它没有反应",白洁乱欲小说免费阅读,2016高考军校分数线是多少,阿兵哥言语录在线阅读
046336A3DF80568F822DD7623FB74B60,1,启程t70,笔记本电脑什么牌子好,笔记本玩lol要什么配置,三星c5
214791BD0C7FEBB7186D991A0EA005AC,1,卡宴2016款,胖子穿什么裤子好看,制作视屏的那个叫页什么,杨洋me直播回放
CDAF89490DD36C85457F2829C1D1BD23,1,联想y70015isk,惠普电脑怎么样,i5 6500,使命召唤ol
CEF0C0D6D25C131D47EEDD4C428B1D42,2,张译,百度,笑傲江湖男一号原来是谁,九代雅阁定速巡航怎么用
F72CEF976C89AE1837F03D34F90595FA,3,女性排卵期计算器,北京时间,金辉悦府,摩摩达
CF4A4E40A8463F1D4C18B4FA9F3E2969,3,戚薇,光顿照明,大乐透,秤
546EEABA2A59F90707CD36424D6B509B,1,电脑基本操作知识 办公室常用,一寸的蛋糕有几榜,左眼皮跳了好几天了怎么回事,深圳东门步行街地铁站
1218F56788289CF8D2F2989DAB7479A1,3,表吧,天王表和飞亚达罗西尼哪个好,新东方厨师技校,名爵手表怎么样
7AE94418CB3838B9332E72B265C80335,5,2016年新款裙裤,吉林市公交车线路查询,dkny牌子包包图片,久熙女鞋
0BD5B377D91F38F1A2E33269475BDEFC,2,面试人事专员的问题及答案,2016短发最新发型女,微微一笑很倾城经典台词,r9395x2价格
89FC8F948467EF051DC4CB0A428F3569,1,红楼梦6到10回练习,房子装修基本流程,红楼梦6到10回,王志明
959CC72B38252DB76D91936274D046B9,3,被骗支付宝转账有追回,皮肤较黑适合什么颜色口红,"那些我爱着你都是说着哄你的,是哪首歌",魅族mx5屏幕上的圆圈
7EFAA643DC1CBB17C69FB7DE39BAF376,1,内裤奇缘艾克小说,跑男之魔术天王,无限异火录,爱情公寓之娱乐人生
5B2EE7604685DAAB1988349585989E92,4,杜若溪个人资料,孕妇吃蘑菇对胎儿好吗,王者荣耀女娲视频,王者荣耀马可波视频
D52E75CA67429303743711AD13E1B0A4,2,锂电池还有百分之五十的电可以充吗,舞蹈老师实习自我鉴定范文,背景音乐至达商贸有限公司,暑期电影2016
6D08028EF38B718C2DC4EB08870327AC,2,毓婷什么时候吃有效,月饼盒包装设计,获奖巧克力包装,北京服装学院服装设计考研难不难
44A4E9829FB662568A1F91D36B22B2F3,1,催乳师,逆战九州龙陵8+1跑中途,张柏芝因为爱裸睡,耐心作文800字议论文
ED603CB738538A2E421225AE1AD7B6F5,2,孕初期能吃韭菜吗,y31a,孕初期可以吃卤肉吗,纹眉有什么危害
A33B9E4886C886A8E4184F299F52A7CE,1,四川天一学院作息时间,戴尔inspiron5445,笔记本排热扇有灰尘怎么办,oppoa33m
5F34E059ECD3AA8E471EBC6479A9DC1F,3,键盘上ctrl是什么意思,烟台房地产文员工资,英文翻译,电脑海报图片
27522A63DA8D5B2CA648A5D93357A0D9,4,王金战讲座,兔子的折法,人流后多久可以安环,飒漫画
85B9ECA1D442744DE677BED548717CF5,4,社会主义核心价值观三个层面,平板电脑让孩子看英文电影,"儿童有意义的名著,",鼻咽癌的早期症状
CC977DB2A8F93A343247AB8A138CF14E,4,卿本佳人化妆品,人生若只如初见电视剧,古天乐圆月弯刀电视剧,乙肝吃了一个疗程能好吗
F82F9B55E997F3318D1A6C6FCF99A381,2,汽车按什么键把碟弄出来,fresh玫瑰面膜洗不干净,光大银行信用卡好不好,多囊卵巢如何受孕
DF3989CAC998B7D3C0F7BA5FAC05E8B9,2,三个月古牧喂多少狗粮,古牧犬起名,狗粮泡多长时间给小狗吃,泻立停
EC31C381B801A10BACB605B7315D88C0,1,安妮的口技,神马电影院,先锋网络电视,乐视
76BE0187617C8164BBF8F3F80EA27C9A,2,海菠萝网,sharpen,邮政储蓄卡号多少位,百世汇通快递好慢
0248714F5A04536513D41B6BC5990A50,1,电音排行榜前十名2016,88年学生潮事件起因,邻家有狼,脚小拇指指甲分两半
00514BF774ED05CD923CC89F82B2038E,1,球球大作战视频大神,南昌一附医院妇科,为什么会水土不服,补水面膜排行榜10强
D78C2D2E75F2E68F5B1A1FF4469A5947,2,内衣模式,龙王传说,三轮,橘子怎么保存时间长
E2F2A8AD19E65AAEDE5483359E1CF4C3,1,男主角一开始就伤害女主角的小说,于晴,防晒霜,古代短篇小说
3E99B62226D065461CE8803D665DA596,2,麻婆豆腐的家常做法,做无痛人流对身体伤害,煎蛋,医生说我子宫大没有那么大的环怎么办
69892C65AACC461217E96FF64BBCB9CC,2,青岛网络电视台直播,崂山绿茶礼盒价格,bee什么意思中文翻译,睡不着觉特别有精神
2A66DFA97EE16221407170317B557102,1,飞机托运行李规定,自然卷头发怎么打理,面膜贴过敏了红怎么办,化妆品可以带上飞机吗
3188F6B24A9CE50E4FB54BA96EC6AC22,1,鲁滨逊漂流记主要内容,龙王传说,康家净净水器骗局揭秘,花蛤功效
774ADB3A31F177B6496155A8EAD39E06,2,窗外的麻雀是周杰伦的那首歌的,大乐透,2016考研考试大纲,妇炎洁双唑泰栓
A7B9AD7ACB3290624DBB448B79D1F183,3,六间房,联想笔记本电源灯闪,笔记本电源灯一闪一闪 开不了机,阶乘是什么意思
CDC3BD3BDF34BC56F0CBDBEADE49721B,4,静脉曲张的预防,生核桃的功效,中秋诗配画手抄报,点什么香有助于睡眠
6153CD81ECBACED180C1E9250214F03A,1,乙肝疫苗为什么紧缺,感冒时咳嗽是快好了么,当那一天来临,大学军训多久
082F87AE6C80FB06441A0CDCDA69FE20,2,腾达f3路由器初始密码,封门村,倪虹洁电视剧,好想你
6ACD61F65A2B6069A888DA6FC56823D3,2,娇兰唇膏专柜价格,杨洋四大名捕照片,郑秀晶同款爱丽小屋口红,刘秀儿子刘强
884299C19925543A9339B5EA5A963582,3,广安事业单位招聘考试用书,英蕊最仙液,中国铁路c常识,会计从业资格证挂单位
B9ADE2DBB20FFE75C1B6A66451A9D4E8,2,曹云金再讽郭德纲,冠军范,地下城堡兑换码领取,小丑图片
18F99374F0AD6C62B0A633D9A841442A,1,无可厚非,羸弱,水牛无结界 他乡遇故知,上篮
E6387A756FDE6672019DF607A20FDE9D,3,鹿晗图片,小灰灰可爱图片,最简单的ps抠图教程,手机ps怎么给空白处填充图片
8AC40527E4C24A554F7F98D4CF03EE80,3,化验血常规能查出什么,梅毒图片,聚尚网折扣网,恐惧会引起内分泌失调吗
1D14206A633EB85F0D64429E9890A39B,4,葡萄酒发孝图片,天津的欢乐谷在哪里,怎样联系挖财宝的客服,何以笙箫默小说
2C69266A555EA3E8C1D4E183B3F9CD7C,1,qq头像,魔兽头像图片,斗鱼时刻涛妹bgm,乐队名字
13040EAAFD07A82B67DA0D111979D8A1,2,交通信用卡进度查询网,寡妇村,杨门女装,卡地亚官网
17082CE5F95A96FFD58D8150ADF03650,2,jsp九大内置对象,武汉品网信息技术有限公司,struts2核心控制器,mvc是什么
90EB3563191F2CAA64C9E95B8E022EF6,1,特仑苏一天喝多少合适1001特仑苏一天喝多少,开车方向盘打死对车有什么影响1001开车方向,华为p9plus和荣耀7i那个好点,极品修真强少txt下载全文下载
F7F7782B6220D561A69B173364CC6D73,1,iphone7分期付款,纹身划线和打雾,联系fel3,笔记本电脑什么牌子好
5C864287F44975097E53F97B593385F8,1,梦幻西游手游打青玄是不是不能死1001无标题,沃尔玛,羽毛球手柄护理,尤尼克斯弓箭10多重
