query_time,user_id,query,result_rank,click_rank,click_url,matched_seed
00:01:41,7976658329072028,神舟笔记本电脑如何,2,1,iask.sina.com.cn/b/1995057.html,笔记本电脑
00:02:28,7976658329072028,神舟笔记本电脑如何,9,2,wenwen.soso.com/z/q16818741.htm,笔记本电脑
00:03:19,9705131250328223,敷完面膜后怎样护肤,1,1,zhidao.baidu.com/question/7645202,面膜
00:05:40,1878542021941006,笔记本电脑销售排名,3,1,www.yesky.com/477/1704977.shtml,笔记本电脑
00:10:46,9028561568108053,笔记本电脑,1,5,"click.cpc.sogou.com/bill_search?p=ODZDo7$i4AOwygPdl2ylllrAlyll4eS2lFwXnF7maDONllllGSVjlb43sGWesrgXe2ylllll&q=cGlkPXNvZ291JnI9MjAmaD0xNjg0NDQ3MjAmdj0xJmM9TAA=&url=http://smartkeyword.allyes.com/main/adfclick%3Fdb=smartkeyword%26bid=1,101,4%26cid=1,0,0%26kv=kvid/259466%26show=ignore%26url=http://www.sonystyle.com.cn/products/vaio/index.htm%3FidObj=tz3",笔记本电脑
00:12:49,9028561568108053,笔记本电脑,2,6,click.cpc.sogou.com/bill_search?p=Wj2WFdCDo82wygPdlxcll4TFlZlxnwcClF3uTR7maDONllllGSVjlE43sGWesrgXe2ylllll&q=cGlkPXNvZ291JnI9MjAmaD0xNjg0NDQ3MjAmdj0xJmM9TAA=&url=http://www.hzysm.com,笔记本电脑
00:16:28,8171796278394714,敷完面膜后怎样护肤,1,3,zhidao.baidu.com/question/7645202,面膜
00:19:01,1878542021941006,笔记本电脑销售排名,3,2,www.yesky.com/477/1704977.shtml,笔记本电脑
00:28:03,6406363071518314,洗发水配方,2,4,www.zhong-yao.net/Article/24088.html,洗发水
00:28:29,6406363071518314,洗发水配方,4,5,www.npicp.com/tradeinfo/offerdetail/39-1275-4146-387067.html,洗发水
00:31:11,6406363071518314,洗发水利润,3,6,zhidao.baidu.com/question/7104719,洗发水
00:31:30,6406363071518314,洗发水利润,1,7,bbs.club.sohu.com/rs-mszt00-133-163797-163797-1192502448.html,洗发水
00:31:51,6406363071518314,洗发水利润,5,8,www.myoic.com/CForum/detail/20066/52874_1.html,洗发水
00:32:09,15769288934892267,装净水器好不好,1,7,ks.cn.yahoo.com/question/1406051705248.html,净水器
00:33:45,6406363071518314,洗发水利润,12,10,mkt.icxo.com/htmlnews/2007/07/06/1156148.htm,洗发水
00:34:03,6406363071518314,洗发水利润,20,11,www.tones.com.cn/brm.htm,洗发水
00:34:09,15769288934892267,装净水器好不好,3,8,ks.cn.yahoo.com/question/1307051101207.html,净水器
00:34:14,6406363071518314,洗发水利润,20,12,www.tones.com.cn/brm.htm,洗发水
00:35:00,6406363071518314,洗发水利润,24,15,www.docrar.com/filelib/75038.doc,洗发水
00:48:54,12690498310274972,笔记本电脑,1,1,"click.cpc.sogou.com/bill_cpc?p=7PnEif2yyMCwyYVNl2ylllrAlyll4eS2lFwXng7a3jISllllGxRvlb43sGWesrgXe2ylllll&q=cGlkPWZ5bG9uZyZyPTEzJmg9MTY4NDQ0NzIwJnY9NyZjPU8A&url=http://smartkeyword.allyes.com/main/adfclick%3Fdb=smartkeyword%26bid=1,101,4%26cid=1,0,0%26kv=kvid/259466%26show=ignore%26url=http://www.sonystyle.com.cn/products/vaio/index.htm%3FidObj=tz3",笔记本电脑
00:51:13,9039184950797928,敷完面膜后怎样护肤,10,1,www.pclady.com.cn/beauty/skin/skin/0710/203518_4.html,面膜
00:53:56,2820221118226783,索尼笔记本电脑,1,1,"click.cpc.sogou.com/bill_cpc?p=RxcXvfknqKewyY3FlxclllrAlyll4eSulFwXnNEUVHOSllllGxphltsTenpehr847bfCiDFUllllll==&q=cGlkPWZ5bG9uZyZyPTI3Jmg9MTY4NDQ0NzIwJnY9NyZjPU8A&url=http://smartkeyword.allyes.com/main/adfclick%3Fdb=smartkeyword%26bid=1,101,4%26cid=1,0,0%26kv=kvid/259450%26show=ignore%26url=http://www.sonystyle.com.cn/products/vaio/index.htm%3FidObj=tz3",笔记本电脑
01:07:19,6113327817208404,请问屈臣氏的面膜,4,1,wenwen.soso.com/z/q60472031.htm,面膜
01:18:03,20460360555932738,自制瘦脸面膜,1,1,health.sohu.com/20060810/n244710755.shtml,面膜
01:19:02,12820347188970743,神舟笔记本电脑如何,2,2,iask.sina.com.cn/b/1995057.html,笔记本电脑
01:19:35,20460360555932738,自制瘦脸面膜,3,2,zhidao.baidu.com/question/22234821,面膜
01:29:10,7757137928987272,全智贤洗发水,2,12,v.youku.com/v_show/id_cl00XODk3Mjg=.html,洗发水
01:30:33,7757137928987272,全智贤洗发水,4,13,www.efu.com.cn/data/2006/2006-01-13/134496.shtml,洗发水
01:53:56,4573241718173194,蓝牙耳机有什么用,1,3,zhidao.baidu.com/question/9324222,蓝牙耳机
01:53:59,4573241718173194,蓝牙耳机有什么用,2,4,zhidao.baidu.com/question/9758118.html,蓝牙耳机
01:54:00,4573241718173194,蓝牙耳机有什么用,3,5,ks.cn.yahoo.com/question/1406052300852.html,蓝牙耳机
01:54:03,4573241718173194,蓝牙耳机有什么用,4,6,ks.cn.yahoo.com/question/1306073102617.html,蓝牙耳机
01:58:25,1520014257856615,补水美容护肤面膜,1,6,bbs.eladies.sina.com.cn/tableforum/App/view.php?bbsid=34&subid=1&fid=153913&tbid=6702,面膜
02:00:35,1520014257856615,补水美容护肤面膜,8,7,bbs.eladies.sina.com.cn/tableforum/App/view.php?bbsid=34&subid=1&fid=144533&tbid=3093,面膜
02:01:29,1520014257856615,平价补水面膜,1,9,zhidao.baidu.com/question/30059219,面膜
02:01:56,1520014257856615,平价补水面膜,3,10,www.101do.com/meirong/pinpai/1437.html,面膜
02:17:50,1520014257856615,平价补水面膜,10,11,bbs.dogoo.cn/viewthread.php?tid=27367,面膜
02:18:16,8045602423970162,家庭自制瘦脸面膜,1,2,bbs.hljradio.com/simple/index.php?t193669.html,面膜
02:32:25,46557986239076043,笔记本电脑,9,4,notebook.pconline.com.cn/,笔记本电脑
02:36:08,5769997179044723,笔记本电脑,4,6,notebook.yesky.com/,笔记本电脑
02:36:58,46557986239076043,笔记本电脑,6,5,notebook.yesky.com/,笔记本电脑
02:39:14,46557986239076043,惠普笔记本电脑,1,7,product.it168.com/list/b/03010112_1.shtml,笔记本电脑
02:39:21,46557986239076043,惠普笔记本电脑,2,8,www.pconline.com.cn/notebook/pinpai/hp/,笔记本电脑
02:42:40,5769997179044723,笔记本电脑,2,7,click.cpc.sogou.com/bill_cpc?p=@mw0lCrdPcxwyBIelxcll4TFlZlxnwcClF3uT2XNiUPqllllpxwvlE43sGWesrgXe2ylllll&q=cGlkPXNvaHUmcj0zMyZoPTE2ODQ0NDcyMCZ2PTEmYz1PAA==&url=http://www.hzysm.com,笔记本电脑
02:57:20,46557986239076043,惠普笔记本电脑,3,9,product.enet.com.cn/price/plist4_2283.shtml,笔记本电脑
03:02:22,46557986239076043,惠普笔记本电脑,6,10,product.danawa.com.cn/list/C_1108.html,笔记本电脑
03:31:33,19367571307130887,神舟笔记本电脑如何,2,1,iask.sina.com.cn/b/1995057.html,笔记本电脑
03:36:13,19367571307130887,七喜笔记本电脑如何,2,2,bbs.pcpop.com/080416/1868015.html,笔记本电脑
03:37:24,19367571307130887,七喜笔记本电脑如何,4,3,iask.sina.com.cn/b/11922951.html,笔记本电脑
03:38:48,19367571307130887,七喜笔记本电脑如何,5,4,itbbs-arch.pconline.com.cn/topic.jsp?tid=2407558,笔记本电脑
03:40:03,19367571307130887,七喜笔记本电脑如何,8,5,detail.china.alibaba.com/buyer/offerdetail/84178384.html,笔记本电脑
03:40:40,19367571307130887,七喜笔记本电脑如何,9,6,www.pc165.com/read/45/45569.htm,笔记本电脑
03:44:31,5136402231720649,敷完面膜后怎样护肤,4,1,women.sohu.com/20060414/n242792103.shtml,面膜
03:45:45,5136402231720649,敷完面膜后怎样护肤,10,2,www.pclady.com.cn/beauty/skin/skin/0710/203518_4.html,面膜
04:01:55,6600260882101903,笔记本电脑,1,1,"click.cpc.sogou.com/bill_cpc?p=hUyyOr1X3@qwyzfOl2ylllrAlyll4eS2lFwXngyqOJNSllllGxjjlb43sGWesrgXe2ylllll&q=cGlkPWZ5bG9uZyZyPTgmaD0xNjg0NDQ3MjAmdj03JmM9TwA=&url=http://smartkeyword.allyes.com/main/adfclick%3Fdb=smartkeyword%26bid=1,101,4%26cid=1,0,0%26kv=kvid/259466%26show=ignore%26url=http://www.sonystyle.com.cn/products/vaio/index.htm%3FidObj=tz3",笔记本电脑
04:06:34,16767698173087858,索尼笔记本电脑,1,1,"click.cpc.sogou.com/bill_cpc?p=v6IX2E$GuzJwyz@plxclllrAlyll4eSulFwXnFZyt7SSllllGxVjltsTenpehr847bfCiDFUllllll==&q=cGlkPWZ5bG9uZyZyPTIwJmg9MTY4NDQ0NzIwJnY9NyZjPU8A&url=http://smartkeyword.allyes.com/main/adfclick%3Fdb=smartkeyword%26bid=1,101,4%26cid=1,0,0%26kv=kvid/259450%26show=ignore%26url=http://www.sonystyle.com.cn/products/vaio/index.htm%3FidObj=tz3",笔记本电脑
04:56:57,03472901375494597,惠普笔记本电脑,3,6,product.enet.com.cn/price/plist4_2283.shtml,笔记本电脑
05:00:29,03472901375494597,惠普笔记本电脑价格,2,8,product.it168.com/list/b/03010112_1.shtml,笔记本电脑
06:07:23,8263860741311595,剖腹产+刀口红肿,1,1,ask-test.39.net/pwk/topic-790427.html,口红
06:08:00,8263860741311595,剖腹产+刀口红肿,5,2,www.beingclub.com/hudong/ask-show-1003-18067.html,口红
06:11:37,8263860741311595,剖腹产+刀口红肿,56,8,ask.999120.net/2007-3/11/180143013100.html,口红
06:33:05,12550388565286813,专业洗发水推荐,1,6,iask.sina.com.cn/b/2340851.html?from=related,洗发水
06:34:30,12550388565286813,专业洗发水推荐,6,8,bbs.trends.com.cn/archive/index.php/t-429894.html,洗发水
06:35:42,12550388565286813,专业洗发水推荐,7,9,www.78fz.com/bbs/viewthread.php?tid=35320,洗发水
06:35:48,12550388565286813,专业洗发水推荐,10,10,zhidao.baidu.com/question/12537205,洗发水
06:39:12,39215067886321925,自制眼部去皱面膜,2,15,www.okwang.cn/h/090130503/200643.htm,面膜
06:41:16,39215067886321925,自制眼部去皱面膜,3,16,zhidao.baidu.com/question/19846471.html?si=3,面膜
06:41:19,12550388565286813,什么洗发水好,2,13,iask.sina.com.cn/b/9816046.html,洗发水
06:44:01,12550388565286813,专业洗发水推荐,66,16,bbs.lady.tom.com/ot_99_1459_1_1.html,洗发水
06:46:22,12550388565286813,专业洗发水推荐,78,19,wenwen.soso.com/z/q35089617.htm,洗发水
06:47:47,12550388565286813,补水+洗发水推荐,1,21,zhidao.baidu.com/question/40139991,洗发水
06:48:20,12550388565286813,补水+洗发水推荐,7,23,www.beautyface8.cn/mf/jchf/v5fw2.html,洗发水
07:29:14,85806580517175,自制祛斑面膜,1,1,lady.anhuinews.com/system/2004/06/16/000671182.shtml,面膜
07:29:55,85806580517175,自制祛斑面膜,2,2,eladies.sina.com.cn/beauty1/2007/0113/1221375763.html,面膜
07:30:36,85806580517175,自制祛斑面膜,4,3,seban4235042.china315.com/,面膜
07:30:51,85806580517175,自制祛斑面膜,3,4,www.opc5a.com/subject/ShowArticle1.asp?ArticleID=1349,面膜
07:31:35,85806580517175,自制祛斑面膜,10,5,www.bcuo.net/fuhu/diy/20070418/767.html,面膜
07:32:51,85806580517175,自制祛斑面膜,18,7,www.aikj.com/B/mbqb/0762919251812972.html,面膜
07:34:14,85806580517175,自制祛斑面膜,14,9,www.25dx.com/woman/2006/200612/2006-12-07/333086_2.html,面膜
08:00:29,03496933998158919,索尼笔记本电脑,1,1,"click.cpc.sogou.com/bill_cpc?p=TmIRJjyku5xwyWzSlxclllrAlyll4eSulFwXngXGvZISllllGxxAltsTenpehr847bfCiDFUllllll==&q=cGlkPWZ5bG9uZyZyPTYmaD0xNjg0NDQ3MjAmdj03JmM9TwA=&url=http://smartkeyword.allyes.com/main/adfclick%3Fdb=smartkeyword%26bid=1,101,4%26cid=1,0,0%26kv=kvid/259450%26show=ignore%26url=http://www.sonystyle.com.cn/products/vaio/index.htm%3FidObj=tz3",笔记本电脑
08:00:30,03496933998158919,索尼笔记本电脑,1,2,"click.cpc.sogou.com/bill_cpc?p=TmIRJjyku5xwyWzSlxclllrAlyll4eSulFwXngXGvZISllllGxxAltsTenpehr847bfCiDFUllllll==&q=cGlkPWZ5bG9uZyZyPTYmaD0xNjg0NDQ3MjAmdj03JmM9TwA=&url=http://smartkeyword.allyes.com/main/adfclick%3Fdb=smartkeyword%26bid=1,101,4%26cid=1,0,0%26kv=kvid/259450%26show=ignore%26url=http://www.sonystyle.com.cn/products/vaio/index.htm%3FidObj=tz3",笔记本电脑
08:01:18,6732446614251775,神舟笔记本电脑报价,1,5,detail.zol.com.cn/notebook_index/subcate16_1191_list_1.html,笔记本电脑
08:02:13,46113698689286375,神舟笔记本电脑如何,2,1,iask.sina.com.cn/b/1995057.html,笔记本电脑
08:06:47,6732446614251775,神舟笔记本电脑报价,4,7,product.intozgc.com/notebook/cat13_312_list_1.html,笔记本电脑
08:07:08,6732446614251775,神舟笔记本电脑报价,7,9,digi.qq.com/a/20060510/000168.htm,笔记本电脑
08:07:40,6732446614251775,神舟笔记本电脑报价,8,11,product.pcpop.com/nb/00258_1.html,笔记本电脑
08:15:56,632025203241797,敷完面膜后怎样护肤,2,1,zhidao.baidu.com/question/49316191,面膜
08:16:13,632025203241797,敷完面膜后怎样护肤,4,2,women.sohu.com/20060414/n242792103.shtml,面膜
08:21:22,7247417538829899,祛斑面膜,1,1,www.pclady.com.cn/beauty/bl/class/teachdiy/0507/47035.html,面膜
08:28:18,7247417538829899,祛斑面膜diy,4,3,www.cc120.cn/News/2007326145154-78893-0.html,面膜
08:32:56,47894533783259435,敷完面膜后怎样护肤,1,1,zhidao.baidu.com/question/7645202,面膜
08:39:24,7321800620420289,净水器,10,1,baike.baidu.com/view/296942.htm,净水器
08:46:47,9256378571159906,神舟笔记本电脑如何,3,1,zhidao.baidu.com/question/18087398,笔记本电脑
08:47:21,9256378571159906,神舟笔记本电脑如何,4,2,ks.cn.yahoo.com/question/1306061803349.html,笔记本电脑
08:47:55,9256378571159906,神舟笔记本电脑如何,5,3,iask.sina.com.cn/b/8391826.html?from=related,笔记本电脑
08:48:48,34545151050263994,戴尔笔记本电脑,1,2,product.it168.com/list/b/03010064_1.shtml,笔记本电脑
08:50:53,9256378571159906,神舟笔记本电脑如何,6,4,wenwen.soso.com/z/q31602709.htm,笔记本电脑
08:55:42,35391414020991757,联想笔记本电脑,4,1,product.pcpop.com/NB/00220_1.html,笔记本电脑
08:55:45,35391414020991757,联想笔记本电脑,3,2,product.it168.com/list/b/03010377_1.shtml,笔记本电脑
09:01:45,3554408491143741,索尼笔记本电脑pcg-tr2c液晶屏,2,2,pop.pcpop.com/041117/1335935.html,笔记本电脑
09:02:55,34545151050263994,戴尔笔记本电脑,1,3,product.it168.com/list/b/03010064_1.shtml,笔记本电脑
09:04:58,999509223039845,自制去斑面膜,1,37,www.opc5a.com/subject/ShowArticle1.asp?ArticleID=1349,面膜
09:05:23,999509223039845,自制去斑面膜,4,38,zhidao.baidu.com/question/25845709.html?si=6,面膜
09:06:10,999509223039845,自制去斑面膜,19,40,ask.ci123.com/questions/show/77544,面膜
09:07:06,34545151050263994,戴尔笔记本电脑,1,4,product.it168.com/list/b/03010064_1.shtml,笔记本电脑
09:09:48,9002241293747663,如何自制补水面膜,2,1,ks.cn.yahoo.com/question/1406082604606.html,面膜
09:11:39,4266217759439655,戴尔笔记本电脑质量,1,2,zhidao.baidu.com/question/12074924,笔记本电脑
09:11:44,2903334399770504,敷完面膜后怎样护肤,1,1,zhidao.baidu.com/question/7645202,面膜
09:12:04,9002241293747663,如何自制补水面膜,7,2,iask.sina.com.cn/b/4720382.html?from=related,面膜
09:12:45,2903334399770504,敷完面膜后怎样护肤,2,2,zhidao.baidu.com/question/49316191,面膜
09:12:53,2903334399770504,敷完面膜后怎样护肤,3,3,www.charcoalcn.com/html/mianmo/miemiejiaonizenyangfupianshimianmo_yuno_buyaozheyangzaotamianmo_kuo__18708.html,面膜
09:13:20,34545151050263994,戴尔笔记本电脑,1,5,product.it168.com/list/b/03010064_1.shtml,笔记本电脑
09:14:58,9002241293747663,自制补水面膜的方法,2,4,www.mrjk8.com/html/mryy/mryy150.htm,面膜
09:17:34,9002241293747663,自制补水面膜的方法,1,5,wenwen.soso.com/z/q34211711.htm,面膜
09:19:40,34545151050263994,戴尔笔记本电脑,5,6,www.pc55.net/dellbjbdnbj/,笔记本电脑
09:20:00,34545151050263994,戴尔笔记本电脑,1,7,product.it168.com/list/b/03010064_1.shtml,笔记本电脑
09:22:19,3568360491810798,笔记本电脑,1,1,"click.cpc.sogou.com/bill_cpc?p=MTcCOmzGCtCwyKXjl2ylllrAlyll4eS2lFwXnNhOLsCSllllGx4Alb43sGWesrgXe2ylllll&q=cGlkPWZ5bG9uZyZyPTMwJmg9MTY4NDQ0NzIwJnY9NyZjPU8A&url=http://smartkeyword.allyes.com/main/adfclick%3Fdb=smartkeyword%26bid=1,101,4%26cid=1,0,0%26kv=kvid/259466%26show=ignore%26url=http://www.sonystyle.com.cn/products/vaio/index.htm%3FidObj=tz3",笔记本电脑
09:29:46,9363345044402356,笔记本电脑,2,1,click.cpc.sogou.com/bill_cpc?p=9BpXZuY1SiBwyKHflxcll4TFlZlxnwcClF3uTRZaPePqllllpxRAlE43sGWesrgXe2ylllll&q=cGlkPXNvaHUmcj0xNCZoPTE2ODQ0NDcyMCZ2PTEmYz1PAA==&url=http://www.hzysm.com,笔记本电脑
09:30:11,9147484618070238,笔记本电脑连接电视,1,2,wenwen.soso.com/z/q37605979.htm,笔记本电脑
09:31:46,6732285521398673,平价面膜,1,1,www.mpdaogou.com/Cosmetic/article/2007/10/20/921de38c5a5c4a75844c515b55d85d39/,面膜
09:31:49,6732285521398673,平价面膜,2,2,female.jxnews.com.cn/system/2007/12/17/002634898.shtml,面膜
09:31:53,6732285521398673,平价面膜,3,3,forum.taobao.com/forum-16/show_thread----8257757-.htm,面膜
09:31:59,6732285521398673,平价面膜,4,4,she.zjol.com.cn/05she/system/2008/04/11/009404527.shtml,面膜
09:32:37,9147484618070238,笔记本电脑连接电视,10,3,www.wzlu.com/article/5/2008/2008032714778.html,笔记本电脑
09:34:32,6979738831192506,净水器配件展会,1,1,www.chem17.net/products/show/96807.asp,净水器
09:35:34,6979738831192506,净水器配件,1,3,china-shop.coovee.net/Product/Detail7574/Index.Html,净水器
09:36:12,6979738831192506,净水器配件,6,4,jlyjsq.b2b.hc360.com/supply/1215373.html,净水器
09:36:49,6979738831192506,净水器配件,7,5,china-business.coovee.net/Business/Detail265313/Index.Html,净水器
09:37:24,6979738831192506,净水器配件展会,11,7,www.huiyee.com/event/2008cnwater/index.html,净水器
09:43:45,6979738831192506,净水器配件展会,22,9,www.54wenhao.com/p/qymldq/archives/2007/1732.htm,净水器
09:44:01,6979738831192506,净水器配件展会,23,11,www.hwcc.com.cn/newsdisplay/newsdisplay.asp?Id=188203,净水器
09:47:11,5039662868799533,敷完面膜后怎样护肤,1,2,zhidao.baidu.com/question/7645202,面膜
09:47:22,6732285521398673,平价面膜,8,5,eladies.sina.com.cn/beauty/p/2008/0414/0926691371.shtml,面膜
09:47:25,6979738831192506,净水器配件展会,27,13,www.fkjk.com/,净水器
09:48:05,6979738831192506,净水器配件展会,40,15,www.cepi.com.cn/exhibition/html/20070713110855756.htm,净水器
09:48:33,6979738831192506,净水器配件展会,41,17,www.eastfair.com/public/exhibition_more.asp?ieid=20708,净水器
09:49:04,03554832661434071,长城笔记本电脑价格,1,1,product.enet.com.cn/price/plist4_2594.shtml,笔记本电脑
09:51:44,04493547712294832,博寇洗发水,1,4,"www.search.hc360.com/cgi-bin/ls,------wl5mnn574i-0---------1--------wku37xgpws32fs5o-.html",洗发水
09:51:54,04493547712294832,博寇洗发水,2,5,bbs.hualongxiang.com/archiver/?tid-3862168.html&fJwVv1=ssPJDwelrR1,洗发水
09:52:04,04493547712294832,博寇洗发水,3,6,bbs.lccz.com/viewthread.php?tid=3862169&extra=page%3D5,洗发水
09:52:28,9680106335485143,笔记本电脑,1,1,"click.cpc.sogou.com/bill_cpc?p=YjX3peuK$kBwykRyl2ylllrAlyll4eS2lFwXnNEb6GxSllllGx4Alb43sGWesrgXe2ylllll&q=cGlkPWZ5bG9uZyZyPTMwJmg9MTY4NDQ0NzIwJnY9NyZjPU8A&url=http://smartkeyword.allyes.com/main/adfclick%3Fdb=smartkeyword%26bid=1,101,4%26cid=1,0,0%26kv=kvid/259466%26show=ignore%26url=http://www.sonystyle.com.cn/products/vaio/index.htm%3FidObj=tz3",笔记本电脑
09:53:36,1283180905168248,洗发水,10,2,www.luce.com.cn/prodlist.php?CategoryID=45,洗发水
09:55:29,6732285521398673,好用的平价面膜,3,8,lady.ewsos.com/html/17500.htm,面膜
10:03:57,0159386564074947,敷完面膜后怎样护肤,1,4,zhidao.baidu.com/question/7645202,面膜
10:04:32,35038802075687003,惠普笔记本电脑2133,2,1,www.impresswatch.com.cn/itwatch/315/8071815.shtml,笔记本电脑
10:08:07,5397856844534198,戴尔笔记本电脑,5,2,www.pc55.net/dellbjbdnbj/,笔记本电脑
10:08:26,41043849989717457,笔记本电脑,2,1,click.cpc.sogou.com/bill_search?p=B1pOdnFzstqwykvvlxcll4TFlZlxnwcClF3uTRLjj@JNllllGS4hlE43sGWesrgXe2ylllll&q=cGlkPXNvZ291JnI9MzEmaD0xNjg0NDQ3MjAmdj0xJmM9TAA=&url=http://www.hzysm.com,笔记本电脑
10:08:28,2450372822399941,笔记本电脑报价,1,1,notebook.yesky.com/,笔记本电脑
10:08:49,5397856844534198,戴尔笔记本电脑,1,3,product.it168.com/list/b/03010064_1.shtml,笔记本电脑
10:10:00,6979738831192506,净水器展会,26,23,www.v17go.com/bbs/viewthread.php?tid=250382,净水器
10:11:03,16794464409263593,唐妃纯中药面膜,2,1,zhidao.baidu.com/question/31775886,面膜
10:11:24,16794464409263593,唐妃纯中药面膜,3,2,club.alipay.com/show_thread-118---6065295-.htm,面膜
10:12:00,36723607592264656,七匹狼羽绒服（女款）,1,4,auction1.taobao.com/auction/16-50008900/item_detail-0db1-4c243ed627b29dd6c859e9dd58228ea7.jhtml,羽绒服
10:12:39,6979738831192506,净水器展会,46,26,"supply.changshang.com/buy/index,1,9529,10074.html",净水器
10:13:11,36723607592264656,七匹狼羽绒服（女款）,10,5,ever.xhby.net/content/2007-07/14/content_1573642.htm,羽绒服
10:13:28,6979738831192506,净水器展会,49,27,www.8264.cn/12557.html,净水器
10:13:58,35038802075687003,惠普笔记本电脑2133,3,2,notebook.yesky.com/notebookkpzt/390/8096390.shtml,笔记本电脑
10:14:14,36723607592264656,耐克羽绒服图片,1,7,hot.21goo.com/sells/5c3d735b16853ab701168e18a91f26a2/,羽绒服
10:14:20,36723607592264656,耐克羽绒服图片,3,8,sale.jinti.com/439/6/d2023.htm,羽绒服
10:14:21,35038802075687003,惠普笔记本电脑2133,3,3,notebook.yesky.com/notebookkpzt/390/8096390.shtml,笔记本电脑
10:14:52,6657563458361491,IBM笔记本电脑,1,1,www.51ibm.com/,笔记本电脑
10:14:54,36723607592264656,耐克羽绒服图片,6,9,zhidao.baidu.com/question/28210247,羽绒服
10:15:26,16794464409263593,唐妃纯中药面膜,6,3,club.alipay.com/show_thread-118---6069944-.htm,面膜
10:15:33,35038802075687003,惠普笔记本电脑2133,4,4,www.pcarm.com/picture2934.shtml,笔记本电脑
10:15:35,36723607592264656,羽绒服图片,2,11,www.b2byurongfu.cn/,羽绒服
10:15:57,16794464409263593,唐妃纯中药面膜,7,4,auction1.paipai.com/8A043D0200000000000A366202BBE105,面膜
10:16:06,35038802075687003,惠普笔记本电脑2133,7,5,info.edu.hc360.com/2008/04/110854137346.shtml,笔记本电脑
10:17:09,35038802075687003,惠普笔记本电脑2133,8,6,notebook.pconline.com.cn/price/sh/0804/1270506.html,笔记本电脑
10:17:57,9917189986136941,笔记本电脑主板,8,1,wenwen.soso.com/z/q33507194.htm,笔记本电脑
10:18:00,8687263617115224,沁源净水器,1,1,media.qianlong.com/38685/2008/04/21/3442@4406491.htm,净水器
10:18:13,16794464409263593,唐妃纯中药面膜,8,5,bbs.iyaya.com/110/2-600083-1172574798.htm,面膜
10:18:29,8687263617115224,沁源净水器,3,2,www.youboy.com/s8677.html,净水器
10:18:39,16794464409263593,唐妃纯中药面膜,14,7,www.cnnl.net/viewthread.php?tid=30444,面膜
10:18:50,16794464409263593,唐妃纯中药面膜,18,8,www.xfzn.net.cn/huazhuang/zhishiwenda/2007-12-03/3827.html,面膜
10:18:54,8687263617115224,厨房用沁源净水器,1,3,www.buyman.cn/Goods10777.htm,净水器
10:19:08,36723607592264656,波司登羽绒服图片,5,13,photo.ppsj.com.cn/list/282/,羽绒服
10:19:18,16794464409263593,唐妃纯中药面膜,19,9,auction1.taobao.com/auction/item_detail-0db1-3e4e26e753740189836994ae19d7fe14.jhtml,面膜
10:19:29,16794464409263593,唐妃纯中药面膜,20,10,my.taobao.com/mytaobao/user-rate-1eb42473e4c073617a02636434d4123d.htm,面膜
10:19:38,36723607592264656,波司登羽绒服图片,7,14,www.ppsj.com.cn/art/8954/,羽绒服
10:20:35,9917189986136941,笔记本电脑主板,22,4,www.nbdoctor.cn/News-Detail/Faq-Failure/Faq-Failure-1082.htm,笔记本电脑
10:20:55,36723607592264656,波司登羽绒服图片,8,15,www.99shishang.cn/data/2006/1207/article_2828.html,羽绒服
10:22:45,9917189986136941,sony笔记本电脑大板,6,5,auction1.paipai.com/4E432E0500000000004E35A801320CB2?PTAG=10.2.13,笔记本电脑
10:23:36,16794464409263593,唐妃纯中药面膜,26,12,www.evcip.com/dr/health/200609/74609.shtml,面膜
10:24:27,9917189986136941,sony笔记本电脑报价,2,7,product.enet.com.cn/price/plist4_2452.shtml,笔记本电脑
10:24:30,16794464409263593,唐妃纯中药面膜,44,15,82.165.239.201/company/CN/Chongqing/Jiangbei/19419.html,面膜
10:25:03,16794464409263593,唐妃纯中药面膜,54,17,bbs.ynet.com/viewthread.php?tid=308307,面膜
10:25:23,16794464409263593,唐妃纯中药面膜,58,18,pop.pcpop.com/070506/3098487.html,面膜
10:25:30,6063113819695416,敷完面膜后怎样护肤,7,1,bbs.lady.163.com/bbs/beautify/601423.html,面膜
10:26:04,9917189986136941,sony笔记本电脑大板报价,13,9,www.xj133.com/bazaar-computer-network-internet-software-puncher-wireless/i00164259.html,笔记本电脑
10:26:24,16794464409263593,唐妃纯中药面膜,69,21,bbs.mpdaogou.com/showtopic-251506-2.html,面膜
10:26:25,6063113819695416,敷完面膜后怎样护肤,10,2,www.pclady.com.cn/beauty/skin/skin/0710/203518_4.html,面膜
10:27:36,16794464409263593,唐妃纯中药面膜,98,25,www.hospital-health.cn/1/93220b901252f760c.html,面膜
10:27:39,16794464409263593,唐妃纯中药面膜,99,26,forum.taobao.com/forum-16/show_thread----4020477-.htm,面膜
10:28:10,6063113819695416,敷完面膜后怎样护肤,9,3,www.qingdaolife.com/ask/prink/154380.htm,面膜
10:28:46,6979738831192506,净水器展会,66,30,www.cn-solar.net/news/200512/1492520077231410291702.html,净水器
10:28:54,16794464409263593,唐妃纯中药面膜,106,28,avpp.cn/simple/index.php?t51573.html,面膜
10:29:04,16794464409263593,唐妃纯中药面膜,108,29,so.iyaya.com/1/1-3-?\xa3\xa4?\xa8\xa6??\xa8\xa8\xa1\xe8????.html,面膜
10:29:14,6282157448807942,笔记本电脑销售排行榜,2,2,zhidao.baidu.com/question/46680973,笔记本电脑
10:29:36,16794464409263593,唐妃纯中药面膜,112,31,www.leaz.cn/cosmetic/793_1_view.html,面膜
10:29:52,16794464409263593,唐妃纯中药面膜,119,32,edyna.my.taobao.com/mytaobao/user-rate-acfbe6807358de856e1853f83687e0ef.htm,面膜
10:30:42,16794464409263593,唐妃纯中药面膜,123,34,www.91baby.com/bbs/archiver/tid-255378.html,面膜
10:31:10,16794464409263593,唐妃纯中药面膜,132,36,www.800sh.cn/prink/2118.htm,面膜
10:31:16,16794464409263593,唐妃纯中药面膜,134,37,hf.bbs.99wed.com/read.php?tid=129217&page=e&fpage=31,面膜
10:32:28,16794464409263593,唐妃纯中药面膜,150,39,tieba.baidu.com/f?kz=73790527,面膜
10:32:45,1369838130004013,笔记本电脑,1,1,"click.cpc.sogou.com/bill_cpc?p=UP$GWWKgzhOwykIxl2ylllrAlyll4eS2lFwXngCKxLBSllllGxjjlb43sGWesrgXe2ylllll&q=cGlkPWZ5bG9uZyZyPTgmaD0xNjg0NDQ3MjAmdj03JmM9TwA=&url=http://smartkeyword.allyes.com/main/adfclick%3Fdb=smartkeyword%26bid=1,101,4%26cid=1,0,0%26kv=kvid/259466%26show=ignore%26url=http://www.sonystyle.com.cn/products/vaio/index.htm%3FidObj=tz3",笔记本电脑
10:33:09,16794464409263593,唐妃纯中药面膜,156,41,www.hs.sh.cn/wjs/outer/gonggao/userobject1ai3646.html,面膜
10:33:31,16794464409263593,唐妃纯中药面膜,166,43,edyna.my.taobao.com/mytaobao/user-rate-26334fc571ee69d131801d2ffecb5fdc.htm,面膜
10:35:21,5724710929711226,敷完面膜后怎样护肤,1,1,zhidao.baidu.com/question/7645202,面膜
10:36:32,19258425192750833,惠普笔记本电脑报价,1,1,product.enet.com.cn/price/plist4_2283.shtml,笔记本电脑
10:40:21,19258425192750833,惠普笔记本电脑报价,2,2,product.it168.com/list/b/03010112_1.shtml,笔记本电脑
10:40:54,12500002139601263,笔记本电脑电池使用,5,1,zhidao.baidu.com/question/23258276.html,笔记本电脑
10:44:08,4576643458562426,神州笔记本电脑,7,6,product.yesky.com/catalog/149/,笔记本电脑
10:44:17,4576643458562426,神州笔记本电脑,10,7,www.it-waibao.com/it-waibao/support/drivers_download/notebook/catalogTreeID100_folderID59_infoID488.html,笔记本电脑
10:45:43,16794464409263593,唐妃纯中药面膜,169,44,bbs.trends.com.cn/archive/index.php/t-424256.html,面膜
10:48:26,2848211572686203,戴尔笔记本电脑,3,22,www.dellshop.com.cn/,笔记本电脑
10:48:30,2848211572686203,戴尔笔记本电脑,3,23,www.dellshop.com.cn/,笔记本电脑
10:48:43,2848211572686203,戴尔笔记本电脑,2,24,www.dell.com.cn/,笔记本电脑
10:48:53,2848211572686203,戴尔笔记本电脑,5,25,www.pc55.net/dellbjbdnbj/,笔记本电脑
10:49:00,2848211572686203,戴尔笔记本电脑,5,26,www.pc55.net/dellbjbdnbj/,笔记本电脑
10:50:17,6282157448807942,笔记本电脑,4,5,notebook.yesky.com/,笔记本电脑
10:50:58,7155159761624406,自制面膜,1,1,www.whiteningcosmetics.net/,面膜
10:52:15,12500002139601263,笔记本电脑电池使用,2,1,notebook.yesky.com/404/3091904.shtml,笔记本电脑
10:52:46,05097205295783719,笔记本电脑,2,1,click.cpc.sogou.com/bill_search?p=$g@3YrbP1UdwykEmlxcll4TFlZlxnwcClF3uTRhAU7iNlllllS4hlE43sGWesrgXe2ylllll&q=cGlkPXNvZ291JnI9MzEmaD0xNjg0NDQ3MjAmdj0xJmM9TAA=&url=http://www.hzysm.com,笔记本电脑
10:53:06,12500002139601263,笔记本电脑电池使用,4,2,tech.sina.com.cn/c/2004-04-13/1715348432.shtml,笔记本电脑
10:53:31,8406629739784535,敷完面膜后怎样护肤,1,2,zhidao.baidu.com/question/7645202,面膜
10:55:23,05097205295783719,笔记本电脑,9,2,notebook.pchome.net/,笔记本电脑
11:04:15,23973313619297354,如何选购笔记本电脑,3,1,www.chinadv.com/tech/74428/,笔记本电脑
11:05:12,21899669990108844,玉兰油面膜,3,2,zhidao.baidu.com/question/1230577.html,面膜
11:06:42,21899669990108844,玉兰油面膜,6,3,www.boopo.com.cn/hz/13123093.html,面膜
11:07:02,23973313619297354,如何选购笔记本电脑,4,2,digi.it.sohu.com/20050223/n224400553.shtml,笔记本电脑
11:08:02,21899669990108844,玉兰油面膜,8,4,brand.yoka.com/olay/detail2697.htm,面膜
11:08:27,4133940329488129,笔记本电脑蓝牙接收,2,3,article.pchome.net/content-313861.html,笔记本电脑
11:09:05,3618522860094466,柠檬蜂蜜美容面膜,2,2,women.sohu.com/20070203/n247697198.shtml,面膜
11:09:37,5850055049595482,惠普笔记本电脑报价,5,1,zhidao.baidu.com/question/11247636.html,笔记本电脑
11:11:37,250322169931548,立升净水器,9,1,www.bosshe.com/jixie/20070415013310_69129/,净水器
11:12:47,7353449936790344,惠普笔记本电脑报价,2,1,product.it168.com/list/b/03010112_1.shtml,笔记本电脑
11:12:58,4133940329488129,笔记本电脑蓝牙功能,4,5,ks.cn.yahoo.com/question/1307112002861.html,笔记本电脑
11:13:13,7353449936790344,惠普笔记本电脑报价,5,2,zhidao.baidu.com/question/11247636.html,笔记本电脑
11:25:41,2845747543401067,惠普笔记本电脑报价,4,1,nb.zol.com.cn/manu_223.shtml,笔记本电脑
11:27:19,2845747543401067,惠普笔记本电脑报价,8,2,www.it.com.cn/f/market/051/24/72297.htm,笔记本电脑
11:28:10,6758061885644497,惠普笔记本电脑报价,1,1,product.enet.com.cn/price/plist4_2283.shtml,笔记本电脑
11:28:17,6473200549996277,惠普笔记本电脑,3,3,product.enet.com.cn/price/plist4_2283.shtml,笔记本电脑
11:29:07,7678414533508141,联想笔记本电脑,2,2,product.it168.com/list/b/03010377_1.shtml,笔记本电脑
11:30:02,7684254260260181,低价笔记本电脑,1,1,promotion.china.alibaba.com/html/xiaofeipin/sm/bijibendiannao.html,笔记本电脑
11:30:07,6473200549996277,联想笔记本电脑,1,4,www.lenovo.com.cn/,笔记本电脑
11:30:47,6473200549996277,联想笔记本电脑,2,5,product.it168.com/list/b/03010377_1.shtml,笔记本电脑
11:30:53,6473200549996277,联想笔记本电脑,3,6,product.pcpop.com/NB/00220_1.html,笔记本电脑
11:32:39,05307920961810236,脸部皮肤过敏面膜,4,11,www.usaopc.com/,面膜
11:32:48,8843946698592993,惠普笔记本电脑报价,1,2,product.enet.com.cn/price/plist4_2283.shtml,笔记本电脑
11:33:18,05307920961810236,脸部皮肤过敏面膜,4,12,www.usaopc.com/,面膜
11:37:20,8840402176671784,三星笔记本电脑报价,1,1,product.enet.com.cn/price/plist4_2117.shtml,笔记本电脑
11:38:10,8843946698592993,三星笔记本电脑报价,1,3,product.enet.com.cn/price/plist4_2117.shtml,笔记本电脑
11:38:45,24908238936295918,笔记本电脑,2,1,click.cpc.sogou.com/bill_cpc?p=Cfzp9$IEv1CwyPuElxcll4TFlZlxnwcClF3uTGImkHJqllllpxRhlE43sGWesrgXe2ylllll&q=cGlkPXNvaHUmcj0xNSZoPTE2ODQ0NDcyMCZ2PTEmYz1PAA==&url=http://www.hzysm.com,笔记本电脑
11:40:10,4133940329488129,戴尔笔记本电脑,4,13,www.dellwz.com/,笔记本电脑
11:49:59,2781387639910281,BenQ笔记本电脑,1,1,product.enet.com.cn/price/plist4_2300.shtml,笔记本电脑
11:53:27,42037024048299876,神舟笔记本电脑如何,2,1,iask.sina.com.cn/b/1995057.html,笔记本电脑
11:54:37,22038684236034273,珍珠粉面膜,1,1,baike.baidu.com/view/90133.htm,面膜
11:54:50,9439533803013682,惠普笔记本电脑报价,3,1,product.danawa.com.cn/list/C_1108.html,笔记本电脑
11:55:10,8613090260147109,自制补水面膜,3,1,www.101do.com/meirong/zizhi/1158.html,面膜
11:56:59,7389676161688885,神舟笔记本电脑如何,1,1,www.it.com.cn/notebook/ppzq/hasee/,笔记本电脑
12:00:12,22038684236034273,珍珠粉面膜,2,2,ks.cn.yahoo.com/question/1407030101154.html,面膜
12:02:48,22038684236034273,珍珠粉面膜,9,3,wenwen.soso.com/z/q58187659.htm,面膜
12:03:55,22038684236034273,美容+面膜+方法,1,4,www.mlyd.net/2007/6-7/133056.html,面膜
12:04:28,22038684236034273,美容+面膜+方法,4,5,ks.cn.yahoo.com/question/1407012605896.html,面膜
12:05:15,22038684236034273,美容+面膜+方法,8,6,www.upretty.cn/html/54/n-54.html,面膜
12:05:16,38636028222257046,惠普笔记本电脑,2,1,www.pconline.com.cn/notebook/pinpai/hp/,笔记本电脑
12:05:41,22038684236034273,美容+面膜+方法,7,7,www.pop43.com/Fashion/mbmm.htm,面膜
12:06:23,3516553893983855,敷完面膜后怎样护肤,1,1,zhidao.baidu.com/question/7645202,面膜
12:11:27,38636028222257046,戴尔笔记本电脑,5,2,www.pc55.net/dellbjbdnbj/,笔记本电脑
12:13:58,1706894947631642,惠普笔记本电脑报价,1,9,product.enet.com.cn/price/plist4_2283.shtml,笔记本电脑
12:16:00,6383291711805912,龙芯笔记本电脑,1,1,tech.sina.com.cn/it/2006-10-25/00041201306.shtml,笔记本电脑
12:17:02,1706894947631642,惠普笔记本电脑报价,2,10,product.it168.com/list/b/03010112_1.shtml,笔记本电脑
12:18:54,46233091413701754,惠普笔记本电脑报价,3,1,product.danawa.com.cn/list/C_1108.html,笔记本电脑
12:19:13,7389676161688885,神舟笔记本电脑如何,6,2,wenwen.soso.com/z/q31602709.htm,笔记本电脑
12:20:01,17620491030336816,面膜,1001,1,click.cpc.sogou.com/bill_biz?p=1Qx4rMM0BsHwyA2rlllllVgRlZlllerDllGz@9KTp5t2llllwSwvlG5ue3ylllll&q=cGlkPXNvZ291JnI9MzMmaD0xNjg0NDQ3MjAmdj0xJmM9TAA=&url=http://www.sasa.com,面膜
12:20:29,7389676161688885,神舟笔记本电脑如何,8,3,zhidao.baidu.com/question/3361498,笔记本电脑
12:22:38,16579977876523094,海藻面膜,1,2,ks.cn.yahoo.com/question/1307103108203.html,面膜
12:22:45,16579977876523094,海藻面膜,5,3,zhidao.baidu.com/question/26461746.html,面膜
12:24:25,16579977876523094,海藻面膜,2,2,fantasy.anyp.com/product/7242-13953.aspx,面膜
12:25:38,09346954054416034,自制去黑头面膜,2,4,www.ieenn.com/beauty/hufu/mianmo/200707/9729.shtml,面膜
12:26:19,16579977876523094,海藻面膜,4,3,www.meirongdawang.com/Html/Whelk/WhelkCure/24378.html,面膜
12:27:04,6359255125637353,笔记本电脑报价,1,1,notebook.yesky.com/,笔记本电脑
12:27:29,6359255125637353,笔记本电脑报价,2,2,notebook.it168.com/,笔记本电脑
12:27:51,09346954054416034,自制去黑头面膜,6,5,www.iface.com.cn/article/36268/3/,面膜
12:30:19,09346954054416034,自制去黑头面膜,9,6,www.beauty-skin.cn/html/quheitou/20070812/31.html,面膜
12:30:20,5130455116398853,苹果笔记本电脑报价,1,1,prod.it.com.cn/pricelist/2/1/10/856.htm,笔记本电脑
12:32:32,6359255125637353,无线网卡接口笔记本电脑报价,2,1,notebook.pconline.com.cn/price/sd/0804/1261775.html,笔记本电脑
12:37:40,42454632918932394,贝佳斯面膜,1,6,zhidao.baidu.com/question/1926092.html?si=1,面膜
12:42:02,12594483485121166,惠普笔记本电脑报价,1,1,product.enet.com.cn/price/plist4_2283.shtml,笔记本电脑
12:52:26,2706782967032919,磁康净水器,3,1,www.diytrade.com/directory/asia/buy/products/3740343/\xa8\xa8a???3????\xa1\xe4??\xa1\xe3\xa1\xe4\xa8\xa8????????.html,净水器
12:52:30,707074218468396,笔记本电脑声音小,1,7,zhidao.baidu.com/question/10382606,笔记本电脑
12:52:53,1441161736892701,笔记本电脑,1,1,"click.cpc.sogou.com/bill_cpc?p=L7Bi$EgsC$xwyA7gl2ylllrAlyll4eS2lFwXnNhPi12SllllGxxAlb43sGWesrgXe2ylllll&q=cGlkPWZ5bG9uZyZyPTYmaD0xNjg0NDQ3MjAmdj03JmM9TwA=&url=http://smartkeyword.allyes.com/main/adfclick%3Fdb=smartkeyword%26bid=1,101,4%26cid=1,0,0%26kv=kvid/259466%26show=ignore%26url=http://www.sonystyle.com.cn/products/vaio/index.htm%3FidObj=tz3",笔记本电脑
12:53:07,707074218468396,笔记本电脑声音小,6,8,wenwen.soso.com/z/q4014571.htm,笔记本电脑
12:53:14,9536323178372268,联想朝阳E42笔记本电脑价格,1,5,news.danawa.com.cn/20080201/416834.html,笔记本电脑
12:53:39,7297427701389825,惠普笔记本电脑报价,1,10,product.enet.com.cn/price/plist4_2283.shtml,笔记本电脑
12:54:47,9536323178372268,联想朝阳E42笔记本电脑价格,2,6,channel.pcpop.com/Market/111121.html,笔记本电脑
12:55:48,3678240264184313,自制瘦脸面膜,1,1,health.sohu.com/20060810/n244710755.shtml,面膜
12:56:14,7297427701389825,神州笔记本电脑报价,1,11,www.it.com.cn/notebook/ppzq/hasee/,笔记本电脑
12:57:20,9365949300720583,惠普笔记本电脑报价,1,1,product.enet.com.cn/price/plist4_2283.shtml,笔记本电脑
12:58:03,4976181962082111,海藻面膜祛痘,3,4,zhidao.baidu.com/question/45855221,面膜
12:59:03,9365949300720583,惠普笔记本电脑报价,2,2,product.it168.com/list/b/03010112_1.shtml,笔记本电脑
12:59:35,43718177555065657,冬季羽绒服图片,1,1,bbs.090.com.cn/TopicOther.asp?t=5&BoardID=88&id=603,羽绒服
12:59:53,43718177555065657,冬季羽绒服图片,2,2,eladies.sina.com.cn/nx/2005-02-08/139621.html,羽绒服
13:00:35,43718177555065657,冬季羽绒服图片,3,3,gd.sohu.com/20071101/n253004725.shtml,羽绒服
13:00:36,4371336945335834,自制祛斑面膜,1,1,lady.anhuinews.com/system/2004/06/16/000671182.shtml,面膜
13:00:54,43718177555065657,冬季羽绒服图片,4,4,www.raonet.com.cn/lady/fushi/4327.html,羽绒服
13:01:05,43718177555065657,冬季羽绒服图片,5,5,www.kuge.com/meitu/tzzlzj/yb/64622.shtml,羽绒服
13:01:31,43718177555065657,冬季羽绒服图片,6,6,www.kuge.com/meitu/tzzlyy/tq/70289.shtml,羽绒服
13:01:32,2706782967032919,磁康净水器,4,2,auction1.paipai.com/search/0/016C931A00000000000134C9007FD385-3626.html?ADTAG=501.2.1,净水器
13:01:52,43718177555065657,冬季羽绒服图片,7,7,women.sohu.com/s2007/xinkuanyurongfu/,羽绒服
13:02:05,7669170791627624,花生面膜,9,1,zhidao.baidu.com/question/23618941,面膜
13:02:06,7669170791627624,花生面膜,9,2,zhidao.baidu.com/question/23618941,面膜
13:02:48,43718177555065657,冬季羽绒服图片,7,8,women.sohu.com/s2007/xinkuanyurongfu/,羽绒服
13:03:19,43718177555065657,冬季羽绒服图片,8,9,bbs.86516.com/archiver/?tid-1318411.html,羽绒服
13:03:26,43718177555065657,冬季羽绒服图片,7,10,women.sohu.com/s2007/xinkuanyurongfu/,羽绒服
13:03:56,295697437995462,惠普笔记本电脑报价,1,1,product.enet.com.cn/price/plist4_2283.shtml,笔记本电脑
13:04:04,2706782967032919,磁康净水器,6,3,list.taobao.com/browse/50008097-350504/t-1--0----------2048--------------------2---------20-grid-commend-0-all-350504.htm,净水器
13:04:20,2706782967032919,磁康净水器,1,4,auction1.taobao.com/auction/item_detail-0db2-90d9eeab3248b4926ba54df539593d5d.jhtml,净水器
13:04:57,7297427701389825,神州笔记本电脑报价,2,12,zhidao.baidu.com/question/40447788.html,笔记本电脑
13:05:30,8993652089843767,神舟笔记本电脑如何,2,1,iask.sina.com.cn/b/1995057.html,笔记本电脑
13:06:02,7297427701389825,神州笔记本电脑报价,9,13,www.85160.com/info/20060421/189470.htm,笔记本电脑
13:06:10,561686339677933,沁园净水器,8,2,zhidao.baidu.com/question/48121235,净水器
13:06:12,7669170791627624,自制面膜,1,5,www.whiteningcosmetics.net/,面膜
13:06:13,7669170791627624,自制面膜,1,4,www.whiteningcosmetics.net/,面膜
13:09:08,7297427701389825,神州笔记本电脑,2,18,www.it.com.cn/notebook/ppzq/hasee/,笔记本电脑
13:09:14,2390924301134087,咖啡机,5,1,www.coffeeonline.org.cn/,咖啡机
13:09:28,2390924301134087,咖啡机,9,2,www.veni-coffee.com/indax/quanzid2.htm,咖啡机
13:09:52,43718177555065657,冬季羽绒服模特图片,1,12,epaper.tianjindaily.com.cn/tjrb/tjrb/2007-11/26/content_5395730.htm,羽绒服
13:10:03,561686339677933,沁园净水器,4,3,shop34595536.taobao.com/,净水器
13:10:07,43718177555065657,冬季羽绒服模特图片,2,13,bbs.86516.com/archiver/?tid-1318411.html,羽绒服
13:10:29,43718177555065657,冬季羽绒服模特图片,3,14,www.chinanews.com.cn/other/news/2006/11-16/821894.shtml,羽绒服
13:10:52,43718177555065657,冬季羽绒服模特图片,4,15,tieba.baidu.com/f?kz=319570995,羽绒服
13:11:05,2625686226904935,笔记本电脑,1,1,"click.cpc.sogou.com/bill_cpc?p=3yz6VEVjT7PwyAdtl2ylllrAlyll4eS2lFwXng7e0xSSllllGxlAlb43sGWesrgXe2ylllll&q=cGlkPWZ5bG9uZyZyPTImaD0xNjg0NDQ3MjAmdj03JmM9TwA=&url=http://smartkeyword.allyes.com/main/adfclick%3Fdb=smartkeyword%26bid=1,101,4%26cid=1,0,0%26kv=kvid/259466%26show=ignore%26url=http://www.sonystyle.com.cn/products/vaio/index.htm%3FidObj=tz3",笔记本电脑
13:11:06,43718177555065657,冬季羽绒服模特图片,5,16,news.sohu.com/20061116/n246432531.shtml,羽绒服
13:11:07,43837048943087203,惠普笔记本电脑报价,2,1,product.it168.com/list/b/03010112_1.shtml,笔记本电脑
13:11:19,43718177555065657,冬季羽绒服模特图片,6,17,auction1.taobao.com/auction/0/item_detail-0db1-549d3bc2b8463e66cd08454154b05da4.jhtml,羽绒服
13:11:35,43718177555065657,冬季羽绒服模特图片,7,18,auction1.paipai.com/F7A0491B0000000000773647029F7D98?PTAG=30039.1.1,羽绒服
13:11:43,43718177555065657,冬季羽绒服模特图片,8,19,eladies.sina.com.cn/fa/p/2008/0120/1227647833.shtml,羽绒服
13:12:10,7669170791627624,自制面膜,4,6,women.sohu.com/20060627/n243943258.shtml,面膜
13:12:33,43718177555065657,冬季羽绒服模特图片,10,20,www.efu.com.cn/data/2006/2006-11-17/173682.shtml,羽绒服
13:12:50,43718177555065657,波司登羽绒服图片,1,22,www.b2byurongfu.cn/,羽绒服
13:13:17,561686339677933,沁园净水器,1,4,china-business.coovee.net/Business/Detail324807/Index.Html,净水器
13:13:41,4087629258374049,维生素ｃ+面膜,1,12,zhidao.baidu.com/question/8872486.html,面膜
13:14:16,7297427701389825,神州笔记本电脑价格,2,21,zhidao.baidu.com/question/29379904,笔记本电脑
13:14:26,7297427701389825,神州笔记本电脑价格,4,22,www.ceconline.com/SEARCH/%C9%F1%D6%DD%B1%CA%BC%C7%B1%BE%B5%E7%C4%D4%B1%A8%BC%DB.HTM?origin=RelatedKeywords,笔记本电脑
13:14:29,561686339677933,沁园净水器,2,5,china-company.coovee.net/Free101214/Index.Html,净水器
13:15:13,7297427701389825,神州笔记本电脑价格,10,23,bbs.hustbbs.com/thread-42906-1-1.html,笔记本电脑
13:16:42,561686339677933,沁园净水器,10,6,paper.sznews.com/szwb/20051209/ca2038333.htm,净水器
13:16:49,4087629258374049,维生素ｃ+面膜,3,13,zhidao.baidu.com/question/51468862,面膜
13:17:06,9911974655345834,100美元笔记本电脑,2,1,digi.tech.qq.com/zt/100dollarsnb.htm,笔记本电脑
13:17:22,4087629258374049,维生素ｃ+面膜,4,14,news.sina.com.cn/h/2007-11-14/094314303778.shtml,面膜
13:17:40,49964230115344293,神舟笔记本电脑,2,18,detail.zol.com.cn/notebook_index/subcate16_1191_list_1.html,笔记本电脑
13:18:13,38636028222257046,戴尔笔记本电脑,8,3,product.enet.com.cn/price/plist4_2065.shtml,笔记本电脑
13:18:30,4087629258374049,维生素ｃ+面膜,6,15,wenwen.soso.com/z/q53093364.htm,面膜
13:20:20,4087629258374049,维生素ｃ+面膜,7,16,iask.sina.com.cn/b/10980105.html,面膜
13:20:47,9911974655345834,低价笔记本电脑,1,2,promotion.china.alibaba.com/html/xiaofeipin/sm/bijibendiannao.html,笔记本电脑
13:21:02,12589186696529303,华硕笔记本电脑,4,1,product.yesky.com/catalog/136/,笔记本电脑
13:21:05,4087629258374049,维生素ｃ+面膜,8,17,wenwen.soso.com/z/q12965423.htm,面膜
13:21:40,9911974655345834,低价笔记本电脑,7,3,www.yesky.com/ServerIndex/77125243130347520/20031201/1749507.shtml,笔记本电脑
13:21:43,4087629258374049,维生素ｃ+面膜,11,19,pop.pcpop.com/061005/2606294.html,面膜
13:22:12,12589186696529303,华硕笔记本电脑,4,2,product.yesky.com/catalog/136/,笔记本电脑
13:22:17,9911974655345834,低价笔记本电脑,5,4,news.vlongbiz.com/digital/2006-04-21/1145630063d34537.html,笔记本电脑
13:22:58,4087629258374049,维生素ｃ+面膜,13,20,brightice-00.blog.sohu.com/72245817.html,面膜
13:23:01,5650469622297074,敷完面膜后怎样护肤,1,7,zhidao.baidu.com/question/7645202,面膜
13:23:02,5264325889543299,绿茶粉面膜,5,1,www.meiti.net.cn/zhuant/m2611t/,面膜
13:23:53,4087629258374049,维生素ｃ+面膜,18,21,forum.taobao.com/forum-16/show_thread---1-5832738-.htm,面膜
13:24:51,4087629258374049,维生素ｃ+面膜,21,23,www.xici.net/b358816/d46310622.htm,面膜
13:24:55,5650469622297074,敷完面膜后怎样护肤,2,8,zhidao.baidu.com/question/49316191,面膜
13:24:57,5650469622297074,敷完面膜后怎样护肤,2,9,zhidao.baidu.com/question/49316191,面膜
13:25:26,15092827080523302,惠普笔记本电脑报价,1,2,product.enet.com.cn/price/plist4_2283.shtml,笔记本电脑
13:25:37,4087629258374049,维生素ｃ+面膜,24,24,bbs.onlylady.com/thread-239873-1-1.html,面膜
13:25:50,4613450602876714,笔记本电脑,2,3,click.cpc.sogou.com/bill_search?p=7MCGzjU0O3Hwy0aYlxcll4TFlZlxnwcClF3uTR8F@7iNlllllSpjlE43sGWesrgXe2ylllll&q=cGlkPXNvZ291JnI9MjQmaD0xNjg0NDQ3MjAmdj0xJmM9TAA=&url=http://www.hzysm.com,笔记本电脑
13:25:58,8986929350325681,惠普笔记本电脑报价,1,1,product.enet.com.cn/price/plist4_2283.shtml,笔记本电脑
13:26:54,4087629258374049,自制面膜,6,26,lady.163.com/07/0411/11/3BPTVS1600261IDC.html,面膜
13:27:00,4087629258374049,自制面膜,7,27,www.opc5a.com/subject/ShowArticle1.asp?ArticleID=1349,面膜
13:27:11,15092827080523302,三星笔记本电脑报价,1,2,product.enet.com.cn/price/plist4_2117.shtml,笔记本电脑
13:27:46,4087629258374049,自制面膜,9,28,bj.sina.com.cn/h/2006-10-13/1148106570.shtml,面膜
13:28:04,4613450602876714,笔记本电脑,9,4,notebook.pchome.net/,笔记本电脑
13:29:51,5174791660438502,敷完面膜后怎样护肤,1,1,zhidao.baidu.com/question/7645202,面膜
13:30:02,9750935563957614,神舟笔记本电脑报价,1,1,detail.zol.com.cn/notebook_index/subcate16_1191_list_1.html,笔记本电脑
13:31:17,9750935563957614,神舟笔记本电脑报价,2,2,nb.zol.com.cn/manu_1191.shtml,笔记本电脑
13:32:31,9750935563957614,神舟笔记本电脑报价,7,3,digi.qq.com/a/20060510/000168.htm,笔记本电脑
13:33:40,9750935563957614,神舟笔记本电脑报价,9,4,www.pconline.com.cn/notebook/price/gz/0503/586501.html,笔记本电脑
13:34:00,9750935563957614,神舟笔记本电脑报价,10,5,www.thethirdmedia.com/pc/zjbj/bjbdn-201.htm,笔记本电脑
13:35:31,4087629258374049,自制祛斑面膜,1,30,lady.anhuinews.com/system/2004/06/16/000671182.shtml,面膜
13:36:48,4087629258374049,自制祛斑面膜,2,31,eladies.sina.com.cn/beauty1/2007/0113/1221375763.html,面膜
13:37:48,4087629258374049,自制祛斑面膜,3,32,www.opc5a.com/subject/ShowArticle1.asp?ArticleID=1349,面膜
13:38:10,4087629258374049,自制祛斑面膜,5,33,www.pclady.com.cn/beauty/bl/class/teachdiy/0507/46226.html,面膜
13:41:13,7669170791627624,自制面膜,1,38,www.whiteningcosmetics.net/,面膜
13:41:49,7669170791627624,如何自制补水面膜,1,40,zhidao.baidu.com/question/467390.html,面膜
13:42:08,4692927685946398,茶树净痘去油面膜,1,12,www.verycolor.com/prod-100115238-tea_tree_oil_face_mask_100ml.html,面膜
13:43:32,5904063964877829,东芝笔记本电脑,2,1,www.pconline.com.cn/notebook/pinpai/toshiba/,笔记本电脑
13:45:01,7669170791627624,如何自制补水面膜,12,42,www.mrhf.net.cn/meironghufu/zizhimianmo/200706/6011_7.shtml,面膜
13:45:46,7669170791627624,自制深层补水面膜,3,45,www.zizhimianmo.org/,面膜
13:45:46,11747699628624947,笔记本电脑,2,6,click.cpc.sogou.com/bill_search?p=G3dcfDnY4yBwy0NTlpylll@slZlx53BBlFatkdTsS1SNllllGSlhlE43sGWesrgXe2ylllll&q=cGlkPXNvZ291JnI9MyZoPTE2ODQ0NDcyMCZ2PTEmYz1MAA==&url=http://www.myhstx.com,笔记本电脑
13:46:09,7669170791627624,自制深层补水面膜,6,46,zhidao.baidu.com/question/11761516.html?fr=qrl3,面膜
13:46:14,7669170791627624,自制深层补水面膜,6,47,zhidao.baidu.com/question/11761516.html?fr=qrl3,面膜
13:46:37,7669170791627624,自制深层补水面膜,7,48,iask.sina.com.cn/b/4720382.html?from=related,面膜
13:46:38,11747699628624947,笔记本电脑价格,1,7,notebook.yesky.com/,笔记本电脑
13:47:36,7669170791627624,自制深层补水面膜,12,50,www.mian-mo.cn/mianmo/bushuimianmo/index.html,面膜
13:47:50,7669170791627624,自制深层补水面膜,13,51,99baixin.com/beauty/24774.shtml,面膜
13:49:13,11747699628624947,笔记本电脑价格,4,1,www.dellcn.org/,笔记本电脑
13:49:24,7669170791627624,自制深层补水面膜,14,52,women.sohu.com/20050702/n226101003.shtml,面膜
13:50:39,38049086849332464,华硕笔记本电脑报价,2,2,product.danawa.com.cn/list/C_789.html,笔记本电脑
13:51:01,4140895900665101,李孝利口红,3,1,www.51xw.com/20050811/xw_149812.htm,口红
13:51:33,28206317843760575,敷完面膜后怎样护肤,1,1,zhidao.baidu.com/question/7645202,面膜
13:51:45,38049086849332464,华硕笔记本电脑报价,2,3,product.danawa.com.cn/list/C_789.html,笔记本电脑
13:51:55,4140895900665101,李孝利口红,10,2,zhidao.baidu.com/question/3019134,口红
13:52:46,6543775453013078,玉兰油美容焕采面膜,1,1,beauty.buyest.com/product/2158.html,面膜
13:54:12,050687055910336454,笔记本电脑,1002,3,click.cpc.sogou.com/bill_search?p=ueHaALbnGKOwy0OelxcllRfClZlx2H@HlFJDQ2EC7kCNlllllB9VlrufZs3ehr847bfCiDFUl2clll==&q=cGlkPXNvZ291JnI9MTYmaD0xNjg0NDQ3MjAmdj0xJmM9TAA=&url=http://www.smarter.com.cn/search.php%3Fq=%25B9%25BA%25C2%25F2%25B1%25CA%25BC%25C7%25B1%25BE%25B5%25E7%25C4%25D4%26source=sogou_cn_002_keyword_%25B9%25BA%25C2%25F2%25B1%25CA%25BC%25C7%25B1%25BE%25B5%25E7%25C4%25D4,笔记本电脑
13:55:02,6543775453013078,玉兰油美容焕采面膜,3,2,brand.yoka.com/olay/detail2697.htm,面膜
13:55:11,2463111101608096,自制瘦脸面膜,2,1,yesee.qianlong.com/3910/2005/08/11/155@2761424.htm,面膜
13:56:00,30066538139668375,惠普笔记本电脑报价,1,1,product.enet.com.cn/price/plist4_2283.shtml,笔记本电脑
13:57:02,2463111101608096,自制瘦脸面膜,1,2,health.sohu.com/20060810/n244710755.shtml,面膜
13:58:05,9877744153200283,柠檬蜂蜜美容面膜,2,1,women.sohu.com/20070203/n247697198.shtml,面膜
13:58:08,2463111101608096,自制瘦脸面膜,1,3,health.sohu.com/20060810/n244710755.shtml,面膜
13:58:34,2463111101608096,自制瘦脸面膜,3,4,zhidao.baidu.com/question/22234821,面膜
13:58:45,2463111101608096,自制瘦脸面膜,4,5,www.meiti.net.cn/zhuant/m1968t/,面膜
14:00:00,06888117894200735,三星笔记本电脑报价,1,1,product.enet.com.cn/price/plist4_2117.shtml,笔记本电脑
14:00:14,06888117894200735,三星笔记本电脑报价,1001,2,click.cpc.sogou.com/bill_search?p=ee9FI4i@6rVwy0rBlxcll2SslZlxGAmOlFw6WNmvCdiNllllwBpJlaWdCKLehr847bfCiDFU7zADLZlllll=&q=cGlkPXNvZ291JnI9MjQmaD0xNjg0NDQ3MjAmdj0xJmM9TAA=&url=http://www.sshwfz.cn/index.asp,笔记本电脑
14:02:12,9137134321424338,自制补水面膜,2,1,www.zizhimianmo.org/,面膜
14:02:15,9137134321424338,自制补水面膜,4,2,ks.cn.yahoo.com/question/1306091205027.html,面膜
14:02:18,9137134321424338,自制补水面膜,6,3,women.sohu.com/20050702/n226101003.shtml,面膜
14:02:37,036907700896727125,华硕笔记本电脑苏州修理,8,1,sz-dnwx.com/art/Index.asp,笔记本电脑
14:03:33,036907700896727125,华硕笔记本电脑维修,5,3,www.xqlx.com/pv684977.htm,笔记本电脑
14:03:42,06888117894200735,三星笔记本电脑报价,2,3,product.danawa.com.cn/list/C_673.html,笔记本电脑
14:05:00,0726944173931845,笔记本电脑的功率,3,6,zhidao.baidu.com/question/43498117.html?fr=qrl,笔记本电脑
14:05:35,1858943030463261,笔记本电脑,3,14,www.lenovo.com.cn/,笔记本电脑
14:05:56,1858943030463261,笔记本电脑,4,15,notebook.it168.com/,笔记本电脑
14:06:11,8211593294259463,联想笔记本电脑,4,4,www.pconline.com.cn/notebook/pinpai/lianxiang/,笔记本电脑
14:08:12,22581225723191245,三星笔记本电脑报价,1,1,product.enet.com.cn/price/plist4_2117.shtml,笔记本电脑
14:10:52,22581225723191245,惠普笔记本电脑报价,1,2,product.enet.com.cn/price/plist4_2283.shtml,笔记本电脑
14:11:01,649190093178974,笔记本电脑,1,1,"click.cpc.sogou.com/bill_cpc?p=gLNWk2$J02Nwy0Cel2ylllrAlyll4eS2lFwXnN14@rOSllllwxjvlb43sGWesrgXe2ylllll&q=cGlkPWJlaWppbmcxMjMmcj05Jmg9MTY4NDQ0NzIwJnY9NyZjPU8A&url=http://smartkeyword.allyes.com/main/adfclick%3Fdb=smartkeyword%26bid=1,101,4%26cid=1,0,0%26kv=kvid/259466%26show=ignore%26url=http://www.sonystyle.com.cn/products/vaio/index.htm%3FidObj=tz3",笔记本电脑
14:11:55,8891167081954425,屈臣式面膜,25,4,202.89.39.132/bbs/viewthread.php?tid=561616&extra=page%3D1&page=1,面膜
14:15:21,7939621120233264,低价笔记本电脑,3,1,zdc.zol.com.cn/21/219450.html,笔记本电脑
14:15:52,8891167081954425,屈臣式面膜,50,7,johnnys-net.net/forum/T.asp?bID=2&ID=92425,面膜
14:15:58,7939621120233264,低价笔记本电脑,6,2,it.sohu.com/20080410/n256220156.shtml,笔记本电脑
14:17:32,7939621120233264,100美元笔记本电脑,2,3,digi.tech.qq.com/zt/100dollarsnb.htm,笔记本电脑
14:25:10,27433276359870007,笔记本电脑,3,5,www.lenovo.com.cn/,笔记本电脑
14:26:07,27433276359870007,联想笔记本电脑评论,6,7,it.sohu.com/7/1103/58/column215745841.shtml,笔记本电脑
14:27:29,27433276359870007,笔记本电脑配置走向,9,8,wenwen.soso.com/z/q41917872.htm,笔记本电脑
14:27:39,27433276359870007,笔记本电脑配置走向,10,9,www.people.com.cn/GB/it/53/141/20011205/619521.html,笔记本电脑
14:28:12,9433497161320623,"咖啡豆,器具,咖啡,咖啡厅,意大利饮料,磨豆机,加味茶,饮料,加盟,食品,咖啡器具,咖啡机",11,2,cache.tianya.cn/publicforum/content/enterprise/1/103443.shtml,咖啡机
14:29:46,27433276359870007,笔记本电脑最好配置,2,11,zhidao.baidu.com/question/24869703,笔记本电脑
14:31:06,45946449169039854,moto蓝牙耳机,2,19,product.it168.com/list/b/03290157_1.shtml,蓝牙耳机
14:31:16,3038298404411906,惠普笔记本电脑报价,1,2,product.enet.com.cn/price/plist4_2283.shtml,笔记本电脑
14:34:22,605277472574293,自制瘦脸面膜,2,1,yesee.qianlong.com/3910/2005/08/11/155@2761424.htm,面膜
14:34:42,605277472574293,自制瘦脸面膜,3,2,zhidao.baidu.com/question/22234821,面膜
14:37:46,6853441444708803,笔记本电脑,7,5,nb.pcpop.com/,笔记本电脑
14:38:11,8206119358572264,vichy面膜,1,5,bbs.mpdaogou.com/showtopic-88366-1.aspx,面膜
14:41:00,6934336781482697,矿泉水自制补水面膜,1,1,zhidao.baidu.com/question/467390.html,面膜
14:41:58,8206119358572264,vichy面膜,2,6,eladies.sina.com.cn/bbs/dy/fg/bw/2006/0831/102215320.html,面膜
14:42:06,45946449169039854,moto蓝牙耳机h500,3,20,item.eachnet.com/prd/1205522308865698_prd.html,蓝牙耳机
14:42:43,8743937128223341,国产笔记本电脑排名,3,3,article.pchome.net/content-58839.html,笔记本电脑
14:42:53,45946449169039854,moto蓝牙耳机h500,4,21,product.hardask.com/Pro/55027/news80377_62865.html,蓝牙耳机
14:43:23,8743937128223341,国产笔记本电脑排名,5,4,www.yesky.com/ServerIndex/77128623319941120/20040928/1859463_12.shtml,笔记本电脑
14:43:47,8743937128223341,国产笔记本电脑排名,6,5,publish.it168.com/2006/1110/20061110035301.shtml,笔记本电脑
14:44:14,6853441444708803,ibm笔记本电脑,1,7,www.51ibm.com/,笔记本电脑
14:44:18,8743937128223341,国产笔记本电脑排名,7,6,news.cec-ceda.org.cn/news/?id=3702,笔记本电脑
14:44:48,8743937128223341,国产笔记本电脑排名,10,7,www.hfwomen.com/bbs/TopicOther.asp?t=5&BoardID=19&id=9857,笔记本电脑
14:44:50,9481855590158479,水果面膜,5,4,women.sohu.com/20060527/n243076094.shtml,面膜
14:44:54,9481855590158479,水果面膜,7,5,ks.cn.yahoo.com/question/?source=ycont_ncp_ks&qid=1307081403201,面膜
14:45:04,8743937128223341,国产笔记本电脑排名,3,8,article.pchome.net/content-58839.html,笔记本电脑
14:45:56,45946449169039854,moto蓝牙耳机h500,6,22,www.it.com.cn/f/market/059/15/173370.htm,蓝牙耳机
14:46:06,8743937128223341,国产笔记本电脑比较,5,10,ks.cn.yahoo.com/question/1407012208956.html,笔记本电脑
14:47:01,8743937128223341,最便宜国产笔记本电脑比较,2,11,wenwen.soso.com/z/q39446763.htm,笔记本电脑
14:47:02,45946449169039854,moto蓝牙耳机h500,7,23,detail.zol.com.cn/69/68152/param.shtml,蓝牙耳机
14:47:21,45946449169039854,moto蓝牙耳机h500,9,24,www.beareyes.com.cn/2/lib/200605/24/20060524021.htm,蓝牙耳机
14:47:49,8067672898702167,低价笔记本电脑,1,1,promotion.china.alibaba.com/html/xiaofeipin/sm/bijibendiannao.html,笔记本电脑
14:47:58,04620028938280679,联想笔记本电脑,1,4,click.cpc.sogou.com/bill_biz?p=Eq$UQtxAahJwy6YqlllllldzlZlll$6Hll3IaN1G9koqlllllx4hltp$8Mmehr847bfCiDFUllllll==&q=cGlkPXNvaHUmcj0zMSZoPTE2ODQ0NDcyMCZ2PTEmYz1PAA==&url=http://www.lenovo-ibm.com.cn/,笔记本电脑
14:48:06,9481855590158479,自制水果面膜,3,7,ks.cn.yahoo.com/question/1406102205374.html,面膜
14:48:59,04620028938280679,联想笔记本电脑,4,5,product.pcpop.com/NB/00220_1.html,笔记本电脑
14:50:21,5329551355954973,低价笔记本电脑,1,1,promotion.china.alibaba.com/html/xiaofeipin/sm/bijibendiannao.html,笔记本电脑
14:51:28,7088854652632932,惠普笔记本电脑报价,1,1,product.enet.com.cn/price/plist4_2283.shtml,笔记本电脑
14:51:33,33960677661689,惠普笔记本电脑报价,1,1,product.enet.com.cn/price/plist4_2283.shtml,笔记本电脑
14:54:56,03513588867239331,敷完面膜后怎样护肤,1,1,zhidao.baidu.com/question/7645202,面膜
14:56:54,8743937128223341,神舟笔记本电脑,2,14,detail.zol.com.cn/notebook_index/subcate16_1191_list_1.html,笔记本电脑
14:58:23,11904557554152223,护肤面膜,6,3,zhidao.baidu.com/question/1287028,面膜
14:59:18,8067672898702167,低价笔记本电脑,3,4,zdc.zol.com.cn/21/219450.html,笔记本电脑
14:59:47,8067672898702167,低价笔记本电脑,6,5,it.sohu.com/20080410/n256220156.shtml,笔记本电脑
14:59:51,5356957982461815,敷完面膜后怎样护肤,1,1,zhidao.baidu.com/question/7645202,面膜
14:59:52,018721328985565777,联想最新笔记本电脑,4,5,prod.it.com.cn/pricelist/2/1/10/854.htm,笔记本电脑
15:00:13,018721328985565777,联想最新笔记本电脑,7,6,nb.zol.com.cn/manu_160.shtml,笔记本电脑
15:00:18,8067672898702167,低价笔记本电脑,8,6,www.yesky.com/ServerIndex/77128631859544064/20040709/1829212.shtml,笔记本电脑
15:00:31,018721328985565777,联想最新笔记本电脑,4,7,prod.it.com.cn/pricelist/2/1/10/854.htm,笔记本电脑
15:01:29,018721328985565777,联想笔记本电脑,4,9,product.pcpop.com/NB/00220_1.html,笔记本电脑
15:02:31,25528162445323626,红酒面膜,2,1,women.sohu.com/20061031/n246089120.shtml,面膜
15:03:23,6359255125637353,笔记本电脑报价,3,2,product.it168.com/list/b/03010112_1.shtml,笔记本电脑
15:04:09,3358812959559945,自来水净水器,7,3,www.cnele.com/CN/mod-b2b_act-item_aid-520077/520077.html,净水器
15:04:51,11904557554152223,补水面膜,5,4,lady.qq.com/a/20061128/000011.htm,面膜
15:05:16,11904557554152223,补水面膜,2,5,face.39.net/zt/0710/23/142236.html,面膜
15:06:16,5606888218484801,惠普笔记本电脑报价,1,1,product.enet.com.cn/price/plist4_2283.shtml,笔记本电脑
15:06:27,11904557554152223,补水面膜,7,6,cosmeticsstores.org/,面膜
15:07:06,23960263088763955,太极泥面膜,1,7,product.danawa.com.cn/366451/index.html,面膜
15:07:22,9987469041979788,低价笔记本电脑,3,1,zdc.zol.com.cn/21/219450.html,笔记本电脑
15:07:52,23960263088763955,太极泥面膜,2,8,www.7shop24.com/indexdtl06.asp?classid=1&productid=31928,面膜
15:08:49,9987469041979788,低价笔记本电脑,4,2,tech.sina.com.cn/n/2005-08-24/1617702666.shtml,笔记本电脑
15:08:50,9987469041979788,低价笔记本电脑,4,3,tech.sina.com.cn/n/2005-08-24/1617702666.shtml,笔记本电脑
15:09:07,23960263088763955,太极泥面膜,3,9,wenwen.soso.com/z/q53137417.htm,面膜
15:10:09,23960263088763955,太极泥面膜,5,10,brand.yoka.com/herborist/detail5505.htm,面膜
15:10:52,4631625258089605,面膜,4,1,www.opc5a.com/subject/ShowArticle1.asp?ArticleID=1349,面膜
15:11:24,23960263088763955,VOV面膜,1,11,www.seehot.net/zizhimianmo/073701020381101.html,面膜
15:11:26,7025368469151541,神舟笔记本电脑如何,2,1,iask.sina.com.cn/b/1995057.html,笔记本电脑
15:11:35,23960263088763955,VOV面膜,2,12,zhidao.baidu.com/question/4964956.html,面膜
15:12:21,08370845310633223,柠檬蜂蜜美容面膜,2,1,women.sohu.com/20070203/n247697198.shtml,面膜
15:13:09,3358812959559945,安吉尔净水器怎么样,2,8,info.laizhou.net/x.asp?cnmai=257428,净水器
15:13:23,03971862041493862,敷完面膜后怎样护肤,1,3,zhidao.baidu.com/question/7645202,面膜
15:15:28,7025368469151541,神舟笔记本电脑如何,3,2,zhidao.baidu.com/question/18087398,笔记本电脑
15:16:00,7025368469151541,神舟笔记本电脑如何,4,3,ks.cn.yahoo.com/question/1306061803349.html,笔记本电脑
15:16:38,7025368469151541,神舟笔记本电脑如何,5,4,iask.sina.com.cn/b/8391826.html?from=related,笔记本电脑
15:20:53,7025368469151541,神舟笔记本电脑如何,6,5,wenwen.soso.com/z/q31602709.htm,笔记本电脑
15:22:22,8054975325132265,华硕笔记本电脑,1,2,product.it168.com/list/b/03010348_1.shtml,笔记本电脑
15:22:28,8054975325132265,华硕笔记本电脑,3,3,product.enet.com.cn/price/plist4_2472.shtml,笔记本电脑
15:23:40,8383437791935886,敷完面膜后怎样护肤,1,1,zhidao.baidu.com/question/7645202,面膜
15:24:52,05067510502964356,敷完面膜后怎样护肤,1,3,zhidao.baidu.com/question/7645202,面膜
15:26:23,4701115616338455,惠普笔记本电脑报价,1,1,product.enet.com.cn/price/plist4_2283.shtml,笔记本电脑
15:26:48,05067510502964356,敷完面膜后怎样护肤,3,4,www.charcoalcn.com/html/mianmo/miemiejiaonizenyangfupianshimianmo_yuno_buyaozheyangzaotamianmo_kuo__18708.html,面膜
15:27:15,5540876479438268,华硕笔记本电脑报价,1,3,product.enet.com.cn/price/plist4_2472.shtml,笔记本电脑
15:27:16,8123996964454478,悉尼穿羽绒服吗,2,1,bbs.taisha.org/archiver/tid-987245.html,羽绒服
15:29:39,886378501694103,笔记本电脑,3,1,notebook.yesky.com/,笔记本电脑
15:29:45,5540876479438268,华硕笔记本电脑报价,4,4,www.enet.com.cn/notebook/factory/asus/,笔记本电脑
15:31:00,8123996964454478,悉尼穿羽绒服吗,3,2,zhidao.baidu.com/question/30194073,羽绒服
15:32:45,8123996964454478,悉尼穿羽绒服吗,4,3,blog.sina.com.cn/u/49914fff0100073u,羽绒服
15:32:53,6071248967073917,兰寇口红,1,1,zhidao.baidu.com/question/17097801.html,口红
15:34:40,03872589304731555,惠普笔记本电脑报价,1,1,product.enet.com.cn/price/plist4_2283.shtml,笔记本电脑
15:35:49,8123996964454478,悉尼穿羽绒服吗,5,4,blog.sina.com.cn/s/blog_4c4eaa9e01000a42.html,羽绒服
15:36:28,8123996964454478,悉尼穿羽绒服吗,10,5,wenwen.soso.com/z/q677608.htm,羽绒服
15:36:43,5629492714141584,家用净水器质量排名,1,2,list.b2b.hc360.com/supplysup/013009010.html,净水器
15:36:52,6071248967073917,兰寇口红,9,3,zhidao.baidu.com/question/39657479,口红
15:37:23,5629492714141584,家用净水器质量排名,1,3,list.b2b.hc360.com/supplysup/013009010.html,净水器
15:37:43,35089869430853054,惠普笔记本电脑报价,1,8,product.enet.com.cn/price/plist4_2283.shtml,笔记本电脑
15:37:51,8123996964454478,悉尼穿羽绒服吗,9,6,zhidao.baidu.com/question/51551123,羽绒服
15:37:57,8123996964454478,悉尼穿羽绒服吗,8,7,community.tigtag.com/community/2/3652838_54.asp?page=1,羽绒服
15:38:09,8123996964454478,悉尼穿羽绒服吗,10,8,wenwen.soso.com/z/q677608.htm,羽绒服
15:39:09,5629492714141584,家用净水器质量排名,2,4,www.66ph.com/Catalog.aspx?tag=%e5%ae%b6%e7%94%a8%e5%87%80%e6%b0%b4%e5%99%a8&page=11,净水器
15:40:06,8123996964454478,悉尼穿羽绒服吗,1,9,www.51euro.cn/bbs/viewthread.php?tid=99691,羽绒服
15:40:08,7049419580558143,法国+温泉+发热面膜,4,1,club.xilu.com/dodobird/msgview-100080-20.html,面膜
15:40:35,8123996964454478,悉尼穿羽绒服吗,7,10,club.goabroad.sohu.com/read_art_sub.new.php?b=rzaz00&a=6241&sr=820&allchildnum=823,羽绒服
15:41:39,23960263088763955,贝佳斯绿泥面膜和御泥坊活肤矿物泥面膜那款好用,5,1,university.taobao.com/university-16/show_university----11586686-.htm,面膜
15:42:08,5629492714141584,家用净水器质量排名,3,5,search.21food.cn/selloffer/?\xa8\xb0\xa8\xae??????\xa1\xc2.html,净水器
15:42:37,5629492714141584,家用净水器质量排名,5,6,www.jly001.com/about.asp,净水器
15:43:33,5629492714141584,家用净水器质量排名,6,7,tieba.baidu.com/f?kz=324215750,净水器
15:43:49,5629492714141584,家用净水器质量排名,7,8,search.21food.cn/sj/result.jsp?type=%C7%F3%B9%BA&key=%BC%D2%D3%C3%BE%BB%CB%AE%C6%F7,净水器
15:43:56,23960263088763955,贝佳斯绿泥面膜和御泥坊活肤矿物泥面膜那款好用,9,2,cache.tianya.cn/publicforum/content/no11/1/424012.shtml,面膜
15:44:05,18898880953354041,戴尔笔记本电脑,1,1,product.it168.com/list/b/03010064_1.shtml,笔记本电脑
15:44:34,45946449169039854,蓝牙耳机技术标准,1,5,channel.pcpop.com/Dealer14714/bluetooth_00000_1.html,蓝牙耳机
15:44:47,45946449169039854,蓝牙耳机技术标准,3,6,it.news.tom.com/2118/2120/200563-212216.html,蓝牙耳机
15:44:51,6190649991270433,吴佩慈+面膜,2,1,eladies.sina.com.cn/beauty/p/2007/0531/1153457908.html,面膜
15:45:05,1471204319986784,神舟笔记本电脑如何,2,1,iask.sina.com.cn/b/1995057.html,笔记本电脑
15:45:28,5629492714141584,家用净水器,1,9,click.cpc.sogou.com/bill_cpc?p=3z9@4fIfr4CwyOnnlxcllRfClZlxnG8alF3usTCDuO2qllllpx4hlb8v1DnMmDmmestlllll&q=cGlkPXNvaHUmcj0zMSZoPTE2ODQ0NDcyMCZ2PTEmYz1PAA==&url=http://www.smarter.com.cn/search.php%3Fq=%25BC%25D2%25D3%25C3%25BE%25BB%25CB%25AE%25C6%25F7%26source=sogou_cn_012_keyword_%25BC%25D2%25D3%25C3%25BE%25BB%25CB%25AE%25C6%25F7,净水器
15:46:13,954500367404708,笔记本电脑,1,1,"click.cpc.sogou.com/bill_cpc?p=XmA@i4l2C4NwyOnil2ylllrAlyll4eS2lFwXng$w2x2qllllpx9vlb43sGWesrgXe2ylllll&q=cGlkPXNvaHUmcj0xNyZoPTE2ODQ0NDcyMCZ2PTEmYz1PAA==&url=http://smartkeyword.allyes.com/main/adfclick%3Fdb=smartkeyword%26bid=1,101,4%26cid=1,0,0%26kv=kvid/259466%26show=ignore%26url=http://www.sonystyle.com.cn/products/vaio/index.htm%3FidObj=tz3",笔记本电脑
15:46:46,8123996964454478,悉尼穿羽绒服吗,8,11,community.tigtag.com/community/2/3652838_54.asp?page=1,羽绒服
15:47:10,5548258997009392,悉尼穿羽绒服吗,11,13,nanalavender.spaces.live.com/,羽绒服
15:47:20,954500367404708,笔记本电脑,3,2,notebook.yesky.com/,笔记本电脑
15:47:23,5548258997009392,悉尼穿羽绒服吗,14,14,cache.tianya.cn/publicforum/content/no11/1/424456.shtml,羽绒服
15:47:35,5548258997009392,悉尼穿羽绒服吗,16,15,www.myrain.org/bbs/6-24/04152684630.php,羽绒服
15:47:41,5548258997009392,悉尼穿羽绒服吗,17,16,bbs.gter.ce.cn/bbs/thread-792608-1-7.html,羽绒服
15:47:51,8891167081954425,屈臣氏骨胶原面膜,1,48,zhidao.baidu.com/question/38604954,面膜
15:48:04,8891167081954425,屈臣氏骨胶原面膜,2,49,forum.taobao.com/forum-16/show_thread----7941882-0-.htm,面膜
15:49:03,8891167081954425,屈臣氏骨胶原面膜,6,50,www.shedewang.com/g_27502_gd.htm,面膜
15:49:23,7295855470225067,联想笔记本电脑价格,1,3,product.pcpop.com/NB/00220_1.html,笔记本电脑
15:49:36,5923233254231651,苹果笔记本电脑报价,3,1,product.it168.com/list/b/03010022_1.shtml,笔记本电脑
15:49:39,5923233254231651,苹果笔记本电脑报价,2,2,detail.zol.com.cn/notebook_index/subcate16_544_list_1.html,笔记本电脑
15:49:48,8891167081954425,屈臣氏骨胶原面膜,7,51,www.hellolili.com/prod/7544/,面膜
15:49:50,1471204319986784,神舟笔记本电脑如何,3,2,zhidao.baidu.com/question/18087398,笔记本电脑
15:50:07,8891167081954425,屈臣氏骨胶原面膜,10,52,www.zhuangwang.com/comment_detail.13396.htm,面膜
15:50:49,13316105138358597,惠普笔记本电脑报价,1,1,product.enet.com.cn/price/plist4_2283.shtml,笔记本电脑
15:50:54,8891167081954425,屈臣氏骨胶原面膜,14,54,www.comhuan.com/Products/ProductDetail.aspx?ItemID=200712012335279,面膜
15:51:02,807154070142728,笔记本电脑,1,1,"click.cpc.sogou.com/bill_search?p=4WN93M8UCjCwyOFkl2ylllrAlyll4eS2lFwXngCNOfBNllllwSjjlb43sGWesrgXe2ylllll&q=cGlkPXNvZ291JnI9OCZoPTE2ODQ0NDcyMCZ2PTEmYz1MAA==&url=http://smartkeyword.allyes.com/main/adfclick%3Fdb=smartkeyword%26bid=1,101,4%26cid=1,0,0%26kv=kvid/259466%26show=ignore%26url=http://www.sonystyle.com.cn/products/vaio/index.htm%3FidObj=tz3",笔记本电脑
15:51:11,6892528685517411,苹果笔记本电脑报价,1,5,prod.it.com.cn/pricelist/2/1/10/856.htm,笔记本电脑
15:51:15,6892528685517411,苹果笔记本电脑报价,2,6,detail.zol.com.cn/notebook_index/subcate16_544_list_1.html,笔记本电脑
15:53:23,807154070142728,笔记本电脑,5,2,notebook.pconline.com.cn/,笔记本电脑
15:53:46,6942931949300065,敷完面膜后怎样护肤,1,1,zhidao.baidu.com/question/7645202,面膜
15:54:00,9449127894441591,华硕笔记本电脑,1,2,product.it168.com/list/b/03010348_1.shtml,笔记本电脑
15:54:55,8891167081954425,屈臣氏绿茶面膜,5,55,auction1.paipai.com/05AD92010000000000053592010EFAA4,面膜
15:55:34,6942931949300065,敷完面膜后怎样护肤,2,2,zhidao.baidu.com/question/49316191,面膜
15:55:36,16386284707853732,玉兰油美容焕采面膜,2,4,zhidao.baidu.com/question/3657113,面膜
15:55:39,42660836271032265,补水面膜,1,9,face.39.net/zt/0710/23/142236.html,面膜
15:56:09,6942931949300065,敷完面膜后怎样护肤,6,3,iask.sina.com.cn/b/2150833.html?from=related,面膜
15:57:30,954500367404708,三星笔记本电脑,1,5,product.enet.com.cn/price/plist4_2117.shtml,笔记本电脑
15:58:06,13864942160659777,自制祛斑面膜,3,1,www.opc5a.com/subject/ShowArticle1.asp?ArticleID=1349,面膜
15:58:24,8891167081954425,屈臣氏vov绿茶面膜,1,56,zhidao.baidu.com/question/35596898,面膜
15:58:38,13864942160659777,自制祛斑面膜,1,2,eladies.sina.com.cn/beauty1/2007/0113/1221375763.html,面膜
15:59:10,8891167081954425,屈臣氏vov绿茶面膜,2,57,comhuan.com/Products/TransSucc.aspx?TransID=1298611,面膜
15:59:13,13864942160659777,自制祛斑面膜,2,3,www.koreafad.com/in/beauty/2006/6/14/20066141035301_2095.html,面膜
15:59:31,13864942160659777,自制祛斑面膜,3,4,www.opc5a.com/subject/ShowArticle1.asp?ArticleID=1349,面膜
16:00:06,8891167081954425,屈臣氏vov绿茶面膜,11,59,www.charcoalcn.com/html/mianmo/zhenjiahuo_bianbieVOVlvchamianmo_8051.html,面膜
16:00:10,45946449169039854,蓝牙耳机技术标准,9,7,publish.it168.com/cword/2366.shtml,蓝牙耳机
16:00:28,8891167081954425,屈臣氏vov绿茶面膜,17,60,www.meirongtang.com/PinPai/VOV/200607/37696.shtml,面膜
16:00:40,45946449169039854,蓝牙耳机技术标准,11,9,www.myprice.com.cn/products/params_77107.html,蓝牙耳机
16:01:11,45946449169039854,蓝牙耳机技术标准介绍,2,10,iask.health.sina.com.cn/b/3854588.html,蓝牙耳机
16:03:12,024199574477724084,敷完面膜后怎样护肤,1,1,zhidao.baidu.com/question/7645202,面膜
16:03:37,6942931949300065,敷完面膜后怎样护肤,6,4,iask.sina.com.cn/b/2150833.html?from=related,面膜
16:03:40,45946449169039854,蓝牙耳机1.1+2.0标准介绍,2,11,news.zol.com.cn/2005/0811/193665.shtml,蓝牙耳机
16:04:30,45946449169039854,蓝牙耳机1.1+2.0标准介绍,3,12,www.51hongli.com/youhui/230/shuoming.html,蓝牙耳机
16:04:51,45946449169039854,蓝牙耳机技术标准,9,7,publish.it168.com/cword/2366.shtml,蓝牙耳机
16:05:31,6942931949300065,敷完面膜后怎样护肤,9,5,www.pclady.com.cn/beauty/skin/skin/0710/203518_4.html,面膜
16:07:26,012357927251245515,笔记本电脑报价,1,1,notebook.yesky.com/,笔记本电脑
16:07:42,45946449169039854,蓝牙耳机技术标准,11,9,www.myprice.com.cn/products/params_77107.html,蓝牙耳机
16:08:00,45946449169039854,蓝牙耳机技术标准,19,10,sebbs.it168.com/thread-903675-1-12.html,蓝牙耳机
16:09:43,45946449169039854,蓝牙耳机的功能,1,13,zhidao.baidu.com/question/21618641.html,蓝牙耳机
16:10:51,13583683864545348,敷完面膜后怎样护肤,8,1,www.mflady.com/bbs/redirect.php?tid=88880&goto=lastpost,面膜
16:12:02,8211183027012885,惠普笔记本电脑报价,1,1,product.enet.com.cn/price/plist4_2283.shtml,笔记本电脑
16:12:23,6942931949300065,敷完面膜后怎样护肤,10,6,blog.sina.com.cn/s/blog_4ed8f16801000cem.html,面膜
16:18:20,9120455838458692,自制祛斑面膜,9,2,zhidao.baidu.com/question/25472622.html,面膜
16:21:13,538143735686937,自制补水面膜,3,1,ks.cn.yahoo.com/question/1306091205027.html,面膜
16:21:43,3645460940721209,惠普笔记本电脑报价,2,1,product.it168.com/list/b/03010112_1.shtml,笔记本电脑
16:21:56,3645460940721209,惠普笔记本电脑报价,1,2,product.enet.com.cn/price/plist4_2283.shtml,笔记本电脑
16:22:04,4940740361474151,惠普笔记本电脑报价,1,1,product.enet.com.cn/price/plist4_2283.shtml,笔记本电脑
16:23:48,5855685593563991,联想笔记本电脑,3,2,product.pcpop.com/NB/00220_1.html,笔记本电脑
16:24:48,712603016865417,祛斑面膜,2,1,eladies.sina.com.cn/beauty1/2007/0113/1221375763.html,面膜
16:26:24,7070082277245626,惠普笔记本电脑报价,1,2,product.enet.com.cn/price/plist4_2283.shtml,笔记本电脑
16:26:29,6715523365823184,敷完面膜后怎样护肤,1,1,zhidao.baidu.com/question/7645202,面膜
16:26:37,6715523365823184,敷完面膜后怎样护肤,3,2,www.charcoalcn.com/html/mianmo/miemiejiaonizenyangfupianshimianmo_yuno_buyaozheyangzaotamianmo_kuo__18708.html,面膜
16:26:59,538143735686937,自制补水面膜,4,2,www.101do.com/meirong/zizhi/1158.html,面膜
16:27:19,59494205518275,三星笔记本电脑报价,1,4,product.enet.com.cn/price/plist4_2117.shtml,笔记本电脑
16:27:48,712603016865417,祛斑面膜,3,2,www.pclady.com.cn/beauty/bl/class/teachdiy/0507/46226.html,面膜
16:28:18,538143735686937,自制补水面膜,5,3,iask.sina.com.cn/b/1031595.html,面膜
16:29:28,8193458885069276,敷完面膜后怎样护肤,1,1,zhidao.baidu.com/question/7645202,面膜
16:30:11,712603016865417,祛斑面膜,7,3,www.opc5a.com/subject/ShowArticle1.asp?ArticleID=1349,面膜
16:30:23,538143735686937,自制补水面膜,7,4,zhidao.baidu.com/question/7370806.html?si=1,面膜
16:30:39,9118010884881132,中药面膜敷多长时间合适,1,17,www.sheepplacenta.net/catalog.asp?tags=%E7%BE%8E%E7%99%BD%E9%9D%A2%E8%86%9C&page=19,面膜
16:31:43,9580783770273504,神州笔记本电脑,2,2,www.it.com.cn/notebook/ppzq/hasee/,笔记本电脑
16:33:25,538143735686937,自制补水面膜,9,5,iask.sina.com.cn/b/8879160.html?from=related,面膜
16:34:13,55716096559059,笔记本电脑,2,1,notebook.yesky.com/,笔记本电脑
16:34:27,45946449169039854,蓝牙耳机1.1+2.0标准介绍,5,13,cn.made-in-china.com/showroom/skyqie/product-detailnbUEIfHPqYVZ/China-\xa8\xa8?????\xa8\xa8?3??o?????o\xa8\xa8?????\xa8\xa8?3??o??o+(SK-BTH-028).html,蓝牙耳机
16:34:50,45946449169039854,蓝牙耳机1.1+2.0标准介绍,6,14,bbs.m1800.com/viewthread.php?tid=93,蓝牙耳机
16:34:55,538143735686937,家庭自制补水面膜,4,7,www.ieenn.com/beauty/hufu/mianmo/200804/14037.shtml,面膜
16:35:58,45946449169039854,蓝牙耳机1.1+2.0标准介绍,8,15,product.danawa.com.cn/list/T_BTERP.html,蓝牙耳机
16:36:26,24131743916542941,屈臣氏骨胶原面膜,6,2,www.shedewang.com/g_27502_gd.htm,面膜
16:37:08,538143735686937,家庭自制补水面膜,8,8,www.hkhotelcs.com/viewthread.php?tid=625&extra=page%3D3,面膜
16:37:56,538143735686937,自制补水面膜的方法,2,10,www.mrjk8.com/html/mryy/mryy150.htm,面膜
16:38:12,31310037753809905,神舟笔记本电脑如何,2,1,iask.sina.com.cn/b/1995057.html,笔记本电脑
16:38:21,9118010884881132,中药面膜敷多长时间合适,1,18,www.sheepplacenta.net/catalog.asp?tags=%E7%BE%8E%E7%99%BD%E9%9D%A2%E8%86%9C&page=19,面膜
16:38:29,1561436394965311,品木宣言一饮而尽面膜,1,1,www.hellolili.com/prod/7820/,面膜
16:38:38,1561436394965311,品木宣言一饮而尽面膜,3,2,zhidao.baidu.com/question/16597660,面膜
16:38:44,7017067568414983,面膜,9,1,www.whiteningcosmetics.net/,面膜
16:39:03,9118010884881132,中药面膜敷多长时间合适,3,19,www.sellingshop.org/catalog.asp?tags=%E7%BE%8E%E7%99%BD%E6%96%B9%E6%B3%95&page=27,面膜
16:39:25,7017067568414983,面膜,9,2,www.whiteningcosmetics.net/,面膜
16:39:29,14903423503055557,惠普笔记本电脑,1,2,product.it168.com/list/b/03010112_1.shtml,笔记本电脑
16:39:52,1561436394965311,品木宣言一饮而尽面膜,8,3,club.women.sohu.com/r-face-6401336-0-7-0.html,面膜
16:40:34,1561436394965311,品木宣言一饮而尽面膜,12,5,bbs.55bbs.com/redirect.php?fid=192&tid=1287307&goto=nextnewset,面膜
16:40:47,1561436394965311,品木宣言一饮而尽面膜,15,6,bbs.wst.cn/dispbbs.asp?boardid=41&id=782712&star=1&page=1,面膜
16:41:34,4285975353470417,面膜,4,1,www.opc5a.com/subject/ShowArticle1.asp?ArticleID=1349,面膜
16:41:39,1561436394965311,品木宣言一饮而尽面膜,20,7,iask.sina.com.cn/b/12094319.html,面膜
16:41:42,4285975353470417,面膜,5,2,lady.qq.com/beauty/beauty_3_22.htm,面膜
16:41:54,1561436394965311,品木宣言一饮而尽面膜,23,9,bbs.trends.com.cn/archive/index.php/t-491017.html,面膜
16:42:08,4285975353470417,面膜,9,3,www.whiteningcosmetics.net/,面膜
16:42:55,7017067568414983,面膜,10,3,zhidao.baidu.com/question/467390.html,面膜
16:49:37,6810309077880453,西瓜+蜂蜜+面膜,1,1,zhidao.baidu.com/question/28833907,面膜
16:50:05,6810309077880453,西瓜+蜂蜜+面膜,2,2,www.chbee.com/forum/TopicOther.asp?t=5&BoardID=7&id=2768,面膜
16:50:41,6810309077880453,西瓜+蜂蜜+面膜,3,3,baike.baidu.com/view/190005.htm,面膜
16:52:33,6810309077880453,西瓜+蜂蜜+面膜,9,4,ks.cn.yahoo.com/question/1307051300617.html,面膜
16:53:22,6930374017690211,面膜,8,1,www.lady8844.com/zhuanti/hf/mb/2006-11-30/1164870490d13880.html,面膜
16:53:26,712603016865417,祛斑面膜,9,4,zhidao.baidu.com/question/25845709.html?si=6,面膜
16:54:05,6992998449896036,补水美容护肤面膜,4,2,www.lady8844.com/hufu/report/2007-11-26/1196050220d99965.html,面膜
16:54:33,4758793343914669,三星笔记本电脑报价,1,2,product.enet.com.cn/price/plist4_2117.shtml,笔记本电脑
16:56:57,712603016865417,祛斑面膜,10,5,ks.cn.yahoo.com/question/1407100403628.html,面膜
16:58:15,8916926347710887,惠普笔记本电脑报价,1,1,product.enet.com.cn/price/plist4_2283.shtml,笔记本电脑
17:01:53,6527607376663729,敷完面膜后怎样护肤,1,1,zhidao.baidu.com/question/7645202,面膜
17:04:44,7174401881552082,柠檬蜂蜜美容面膜,2,1,women.sohu.com/20070203/n247697198.shtml,面膜
17:05:04,0045061827462204995,自制面膜,1,1,www.whiteningcosmetics.net/,面膜
17:05:49,7174401881552082,柠檬蜂蜜美容面膜,7,2,www.food12345.com/cp_view.asp?id=3556,面膜
17:06:01,7174401881552082,柠檬蜂蜜美容面膜,10,3,club.city.travel.sohu.com/r-shijia-339762-0-2-0.html,面膜
17:08:30,21201007192285315,三星笔记本电脑报价,1,1,product.enet.com.cn/price/plist4_2117.shtml,笔记本电脑
17:08:32,21201007192285315,三星笔记本电脑报价,1,2,product.enet.com.cn/price/plist4_2117.shtml,笔记本电脑
17:11:33,004784141749214987,三星笔记本电脑报价,1,1,product.enet.com.cn/price/plist4_2117.shtml,笔记本电脑
17:11:47,004784141749214987,三星笔记本电脑报价,1,2,product.enet.com.cn/price/plist4_2117.shtml,笔记本电脑
17:12:10,990759021237762,自制瘦脸面膜,3,1,zhidao.baidu.com/question/22234821,面膜
17:12:53,045335506023180816,联想笔记本电脑促销,1,1,notebook.it168.com/BrandLenovo.shtml,笔记本电脑
17:13:05,48659594728746225,惠普笔记本电脑报价,1,1,product.enet.com.cn/price/plist4_2283.shtml,笔记本电脑
17:16:38,48659594728746225,惠普笔记本电脑报价,1,2,product.enet.com.cn/price/plist4_2283.shtml,笔记本电脑
17:16:42,48659594728746225,惠普笔记本电脑报价,2,3,product.it168.com/list/b/03010112_1.shtml,笔记本电脑
17:16:48,48659594728746225,惠普笔记本电脑报价,3,4,product.danawa.com.cn/list/C_1108.html,笔记本电脑
17:18:54,4056159382571014,联想笔记本电脑报价,1,2,product.pcpop.com/NB/00220_1.html,笔记本电脑
17:19:45,4073860279720524,惠普笔记本电脑报价,1,2,product.enet.com.cn/price/plist4_2283.shtml,笔记本电脑
17:21:31,6519096475385723,柠檬蜂蜜美容面膜,4,4,women.sohu.com/20060619/n243751604.shtml,面膜
17:22:00,538143735686937,自制补水面膜的方法,8,11,iask.sina.com.cn/b/6981688.html?from=related,面膜
17:22:20,6519096475385723,柠檬蜂蜜美容面膜,6,6,beauty.mamazu.com/bbs/view_sharedetail/articleid_123216/,面膜
17:22:56,764355777697999,自制补水面膜,1,7,zhidao.baidu.com/question/467390.html,面膜
17:22:59,764355777697999,自制补水面膜,1,8,zhidao.baidu.com/question/467390.html,面膜
17:23:14,6519096475385723,柠檬蜂蜜美容面膜,7,8,www.food12345.com/cp_view.asp?id=3556,面膜
17:23:18,6519096475385723,柠檬蜂蜜美容面膜,8,10,shop.nnsky.com/goodsinfo.asp?gid=100283901,面膜
17:23:28,6519096475385723,柠檬蜂蜜美容面膜,10,12,club.city.travel.sohu.com/r-shijia-339762-0-2-0.html,面膜
17:23:58,6519096475385723,柠檬蜂蜜美容面膜,10,14,club.city.travel.sohu.com/r-shijia-339762-0-2-0.html,面膜
17:25:02,6519096475385723,柠檬蜂蜜美容面膜,1,16,www.specialcounter.com/,面膜
17:25:03,6519096475385723,柠檬蜂蜜美容面膜,1,17,www.specialcounter.com/,面膜
17:26:44,6545870538442752,笔记本电脑,2,1,notebook.yesky.com/,笔记本电脑
17:28:45,4501089009645327,惠普笔记本电脑报价,1,1,product.enet.com.cn/price/plist4_2283.shtml,笔记本电脑
17:30:12,538143735686937,怎样自制补水面膜,10,13,www.zizhimianmo.org/,面膜
17:31:46,847631916637516,惠普笔记本电脑报价,1,1,product.enet.com.cn/price/plist4_2283.shtml,笔记本电脑
17:32:02,538143735686937,怎样自制补水面膜,1,15,iask.sina.com.cn/b/2609429.html?from=related,面膜
17:33:15,764355777697999,自制补水面膜,2,9,www.zizhimianmo.org/,面膜
17:36:11,6519096475385723,柠檬蜂蜜美容面膜,3,18,zhidao.baidu.com/question/467390.html,面膜
17:38:42,764355777697999,自制补水面膜,3,10,ks.cn.yahoo.com/question/1306091205027.html,面膜
17:38:59,764355777697999,自制补水面膜,3,11,ks.cn.yahoo.com/question/1306091205027.html,面膜
17:39:10,8026389651891904,敷完面膜后怎样护肤,7,2,www.qingdaolife.com/ask/prink/154380.htm,面膜
17:39:27,009098174128696623,惠普笔记本电脑报价,1,1,product.enet.com.cn/price/plist4_2283.shtml,笔记本电脑
17:40:05,009098174128696623,惠普笔记本电脑报价,3,2,product.danawa.com.cn/list/C_1108.html,笔记本电脑
17:41:16,764355777697999,自制补水面膜,4,12,www.101do.com/meirong/zizhi/1158.html,面膜
17:41:20,764355777697999,自制补水面膜,6,13,women.sohu.com/20050702/n226101003.shtml,面膜
17:41:50,6194276419113133,华硕笔记本电脑维修,9,5,bbs.club.sohu.com/rs-nestea-33-569-348-1210977059.html,笔记本电脑
17:44:09,3952671761334106,柠檬蜂蜜美容面膜,6,1,beauty.mamazu.com/bbs/view_sharedetail/articleid_123216/,面膜
17:44:18,5445688820067825,惠普笔记本电脑报价,1,1,product.enet.com.cn/price/plist4_2283.shtml,笔记本电脑
17:47:04,3824832564107577,家用净水器排名,1,9,zhidao.baidu.com/question/46802964,净水器
17:47:17,701876735408542,绿茶粉面膜,3,2,zhidao.baidu.com/question/26526727.html,面膜
17:47:28,3824832564107577,家用净水器排名,2,10,www.zs-kanio.com/tedian.asp,净水器
17:47:53,3824832564107577,家用净水器排名,5,11,jiayong.wsgw.net/,净水器
17:48:33,3824832564107577,家用净水器排名,25,14,www.goods168.com/search/C_Search.aspx?cal&caltypeid=1923,净水器
17:48:48,5445688820067825,惠普笔记本电脑报价,2,2,product.it168.com/list/b/03010112_1.shtml,笔记本电脑
17:49:22,3824832564107577,家用净水器排名,26,15,jly001.com/en/product.asp?cl=1303,净水器
17:49:32,6527096085690432,惠普笔记本电脑报价,2,1,product.it168.com/list/b/03010112_1.shtml,笔记本电脑
17:49:54,7306406561254941,如何自制面膜,2,9,www.zizhimianmo.org/,面膜
17:50:00,37141504958356014,如何连接蓝牙耳机,1,4,zhidao.baidu.com/question/14520806.html,蓝牙耳机
17:50:07,6527096085690432,笔记本电脑报价,1,2,notebook.yesky.com/,笔记本电脑
17:50:12,3824832564107577,家用净水器排名,1,19,zhidao.baidu.com/question/46802964,净水器
17:50:31,3824832564107577,家用净水器排名,2,20,www.zs-kanio.com/tedian.asp,净水器
17:51:30,3824832564107577,净水器质量排名,1,25,zhidao.baidu.com/question/46802964,净水器
17:51:34,37141504958356014,如何连接蓝牙耳机,4,5,mobile.yesky.com/mobileskill/10/2293010.shtml,蓝牙耳机
17:51:48,6527096085690432,笔记本电脑报价,1002,3,click.cpc.sogou.com/bill_search?p=NvDwEqStZT2wyXRalxcllRfClZlx2H@HlFJDQRZWyOINlllljililrufZs3ehr847bfCiDFUl2clll==&q=cGlkPXNvZ291JnI9MyZoPTE2ODQ0NDcyMCZ2PTEmYz1MAA==&url=http://www.smarter.com.cn/search.php%3Fq=%25B9%25BA%25C2%25F2%25B1%25CA%25BC%25C7%25B1%25BE%25B5%25E7%25C4%25D4%26source=sogou_cn_002_keyword_%25B9%25BA%25C2%25F2%25B1%25CA%25BC%25C7%25B1%25BE%25B5%25E7%25C4%25D4,笔记本电脑
17:51:52,3824832564107577,净水器质量排名,3,26,zhidao.baidu.com/question/30576856.html?fr=qrl3,净水器
17:52:33,3824832564107577,质量合格净水器名称,5,31,www.ccn.com.cn/newsHtm/2006-03/1142658270d8667.shtml,净水器
17:52:36,6704317660705124,神州笔记本电脑,1,1,zhidao.baidu.com/question/40447788.html,笔记本电脑
17:52:57,5770090073198032,敷完面膜后怎样护肤,1,1,zhidao.baidu.com/question/7645202,面膜
17:54:55,06718606443517316,脸部皮肤过敏面膜,2,12,www.opc5a.com/subject/ShowArticle.asp?ArticleID=1983,面膜
17:56:31,6704317660705124,神州笔记本电脑,4,2,iask.sina.com.cn/b/4553487.html,笔记本电脑
17:57:23,06718606443517316,脸部皮肤过敏面膜,5,13,zhidao.baidu.com/question/25390924,面膜
17:58:27,6704317660705124,神州笔记本电脑,5,3,wenwen.soso.com/z/q50928042.htm,笔记本电脑
18:00:11,06718606443517316,脸部皮肤过敏面膜,9,14,club.xywy.com/htm/466/232748.htm,面膜
18:01:51,7175496041544307,三星笔记本电脑报价,2,1,product.danawa.com.cn/list/C_673.html,笔记本电脑
18:03:16,6704317660705124,神州笔记本电脑,6,4,wenwen.soso.com/z/q14621387.htm,笔记本电脑
18:06:23,6704317660705124,神州笔记本电脑报价,2,6,zhidao.baidu.com/question/40447788.html,笔记本电脑
18:06:55,6704317660705124,神州笔记本电脑报价,1,7,www.it.com.cn/notebook/ppzq/hasee/,笔记本电脑
18:08:48,24233628684168695,畅销面膜,1,1,eladies.sina.com.cn/beauty/p/2008/0306/2213669141.shtml,面膜
18:09:32,24233628684168695,畅销面膜,9,2,bbs.yunjian.com/viewthread.php?tid=354802,面膜
18:09:53,24233628684168695,畅销面膜,8,3,ask.alipay.com/show_thread-118---5825707-.htm,面膜
18:10:30,24233628684168695,畅销面膜,12,5,hg.tzi.cn/meirong/a/20080421/a10920.shtml,面膜
18:10:38,27089008507204826,惠普笔记本电脑报价,1,1,product.enet.com.cn/price/plist4_2283.shtml,笔记本电脑
18:10:42,27089008507204826,惠普笔记本电脑报价,2,2,product.it168.com/list/b/03010112_1.shtml,笔记本电脑
18:13:41,538143735686937,家庭自制补水面膜,4,17,www.ieenn.com/beauty/hufu/mianmo/200804/14037.shtml,面膜
18:13:59,538143735686937,家庭自制补水面膜,7,18,iask.sina.com.cn/b/4720382.html?from=related,面膜
18:14:21,538143735686937,家庭自制补水面膜,8,19,www.whiteningcosmetics.net/catalog.asp?page=14,面膜
18:15:10,9153275188865042,华硕笔记本电脑价格,5,6,shop.enet.com.cn/price/plist4_2472.shtml,笔记本电脑
18:15:25,9153275188865042,华硕笔记本电脑,5,8,www.pconline.com.cn/notebook/pinpai/asus/,笔记本电脑
18:15:40,9153275188865042,华硕笔记本电脑报价,1,10,product.enet.com.cn/price/plist4_2472.shtml,笔记本电脑
18:15:45,9153275188865042,华硕笔记本电脑报价,2,11,product.danawa.com.cn/list/C_789.html,笔记本电脑
18:16:26,9118010884881132,自制祛斑面膜,1,19,eladies.sina.com.cn/beauty1/2007/0113/1221375763.html,面膜
18:16:30,7991496523826262,笔记本电脑,2,1,notebook.yesky.com/,笔记本电脑
18:18:01,538143735686937,自制补水面膜的方法,6,15,www.shaonv.com.cn/meirong/mianmo-480.htm,面膜
18:19:52,07109644087936684,华硕平板电脑,1,1,www.shengjing360.com/article/guidecentre/nb/newproduct/200605/31-14384850091.htm,平板电脑
18:21:18,860288749759575,如何自制补水面膜,3,2,ks.cn.yahoo.com/question/1406071901334.html,面膜
18:21:42,07109644087936684,华硕平板电脑,3,2,digi.it.sohu.com/20061113/n246359159.shtml,平板电脑
18:21:47,07109644087936684,华硕平板电脑,4,3,www.xianbear.com/2/lib/200611/13/20061113132.htm,平板电脑
18:21:52,07109644087936684,华硕平板电脑,5,4,www.beareyes.com.cn/2/lib/200611/12/20061112039.htm,平板电脑
18:22:10,039944417065985616,联想笔记本电脑促销,1,1,notebook.it168.com/BrandLenovo.shtml,笔记本电脑
18:22:33,860288749759575,如何自制补水面膜,9,3,blog.tom.com/tangyush/article/2129.html,面膜
18:24:51,014252280338901357,联想笔记本电脑,2,1,product.it168.com/list/b/03010377_1.shtml,笔记本电脑
18:28:29,2886195306556582,三星笔记本电脑报价,1,1,product.enet.com.cn/price/plist4_2117.shtml,笔记本电脑
18:28:57,014252280338901357,联想笔记本电脑,7,2,www.enet.com.cn/notebook/factory/lenovo/,笔记本电脑
18:31:14,08799241086266546,苹果笔记本电脑,2,1,product.yesky.com/catalog/144/,笔记本电脑
18:32:14,752428892290594,敷完面膜后怎样护肤,1008,1,click.cpc.sogou.com/bill_search?p=XBh59ndZ0zxwyXI9lxcllVTulZlxneGhlFawIX1AVPCNllllwfyBR75l72KRi7v6l25RhZ==&q=cGlkPXNvZ291JnI9MSZoPTE2ODQ0NDcyMCZ2PTEmYz1MAA==&url=http://www.120www.com/ad/sogou/mei/,面膜
18:37:27,08799241086266546,苹果笔记本电脑,2,2,product.yesky.com/catalog/144/,笔记本电脑
18:39:06,5539679964529429,索尼笔记本电脑,1,1,product.it168.com/list/b/03010230_1.shtml,笔记本电脑
18:39:57,5697242539928474,伊莎美尔面膜效果如何,3,14,114.vsedu.com/browse/browse_detail.php?qid=16178,面膜
18:43:32,6635340511796681,木瓜面膜,2,3,zhidao.baidu.com/question/822988.html,面膜
18:43:39,8461192839867959,惠普笔记本电脑报价,1,1,product.enet.com.cn/price/plist4_2283.shtml,笔记本电脑
18:43:44,6571200948712619,惠普笔记本电脑报价,9,1,www.enet.com.cn/notebook/factory/hp/,笔记本电脑
18:45:19,08230841479814388,敷完面膜后怎样护肤,1,1,zhidao.baidu.com/question/7645202,面膜
18:45:27,5697242539928474,伊莎美尔面膜效果如何,7,15,www.ncncncn.cn/html/guochanhuazhuangpin/_zanzanwomendeguohuoquzhoutexiaochanpinyishameier_yanyuanfabao__12136.html,面膜
18:45:44,6635340511796681,木瓜面膜,3,4,eladies.sina.com.cn/beauty/2007/0522/0652451679.html,面膜
18:46:11,6226304121974753,敷完面膜后怎样护肤,1,1,zhidao.baidu.com/question/7645202,面膜
18:46:45,5697242539928474,伊莎美尔面膜效果如何,11,17,www.wg365.com.cn/prod/1281/11092/productinfo_29662.html,面膜
18:47:43,08230841479814388,敷完面膜后怎样护肤,6,2,www.pclady.com.cn/beauty/skin/skin/0710/203518_4.html,面膜
18:48:35,5697242539928474,伊莎美尔面膜效果如何,17,18,ksw2.search.cnb.yahoo.com/question/1307042003923.html,面膜
18:49:06,8756260152920607,蜂蜜红塘面膜,1,1,www.blogcn.com/u2/35/32/waiting2212/blog/58357995.html,面膜
18:49:17,8540721933395754,敷完面膜后怎样护肤,1,3,zhidao.baidu.com/question/7645202,面膜
18:50:24,8756260152920607,蜂蜜红塘面膜,9,2,www.020mr.com/BBS/TopicInfo.aspx?ID=421&ChildID=12&ParentID=13&page=1,面膜
18:51:29,8756260152920607,蜂蜜红塘面膜,10,3,www.ourblue.com/bbs/archive/index.php?t-21636.html,面膜
18:52:10,1211240276821669,惠普笔记本电脑报价,2,1,product.it168.com/list/b/03010112_1.shtml,笔记本电脑
18:53:05,08799241086266546,苹果笔记本电脑,6,3,nb.zol.com.cn/manu_544.shtml,笔记本电脑
18:54:04,752428892290594,自制祛斑面膜,1,5,eladies.sina.com.cn/beauty1/2007/0113/1221375763.html,面膜
18:58:39,6635340511796681,木瓜面膜,7,5,eladies.sina.com.cn/beauty/p/2007/0725/1031497815.shtml,面膜
19:00:09,8550336292460801,敷完面膜后怎样护肤,1,1,zhidao.baidu.com/question/7645202,面膜
19:02:06,9438546742545805,儿童羽绒服品牌,1,2,www.51fashion.com.cn/BusinessNews/2005-11-4/81219.html,羽绒服
19:03:53,6891376444274051,惠普笔记本电脑报价,1,1,product.enet.com.cn/price/plist4_2283.shtml,笔记本电脑
19:04:42,31712442004622465,大s推荐的洗发水,2,38,auction1.taobao.com/auction/item_detail-0db1-97476ebada06a16c4ec8336bd682c0d9.jhtml,洗发水
19:05:16,1266832855924579,笔记本电脑,5,1,www.dell.com.cn/,笔记本电脑
19:06:12,7011002095800669,去角质自制面膜,1,1,beauty.pclady.com.cn/masque-diy/0712/224716.html,面膜
19:06:31,9254099185286484,惠普笔记本电脑报价,1,1,product.enet.com.cn/price/plist4_2283.shtml,笔记本电脑
19:06:58,75455908744548,三星笔记本电脑,1,1,product.enet.com.cn/price/plist4_2117.shtml,笔记本电脑
19:07:29,9385444408708077,三星笔记本电脑报价,1,1,product.enet.com.cn/price/plist4_2117.shtml,笔记本电脑
19:08:02,6891376444274051,惠普笔记本电脑报价,2,2,product.it168.com/list/b/03010112_1.shtml,笔记本电脑
19:09:35,12134425547276933,神州笔记本电脑,10,3,www.it-waibao.com/it-waibao/support/drivers_download/notebook/catalogTreeID100_folderID59_infoID488.html,笔记本电脑
19:09:37,4530954902278205,惠普笔记本电脑报价,1,1,product.enet.com.cn/price/plist4_2283.shtml,笔记本电脑
19:10:39,12134425547276933,神州笔记本电脑,19,5,www.hasee.com/cn/index.html,笔记本电脑
19:11:02,8971868382084656,柠檬蜂蜜美容面膜,1,1,www.specialcounter.com/,面膜
19:11:05,75455908744548,三星笔记本电脑,5,2,www.enet.com.cn/notebook/factory/samsung/,笔记本电脑
19:11:22,1266832855924579,笔记本电脑,7,2,product.it168.com/list/b/03010377_1.shtml,笔记本电脑
19:13:05,8971868382084656,柠檬蜂蜜美容面膜,2,2,women.sohu.com/20070203/n247697198.shtml,面膜
19:13:43,2737164665709172,惠普笔记本电脑报价,1,1,product.enet.com.cn/price/plist4_2283.shtml,笔记本电脑
19:14:28,5712803742815403,神舟笔记本电脑,1,3,www.it.com.cn/notebook/ppzq/hasee/,笔记本电脑
19:15:05,5802450688957963,惠普笔记本电脑报价,1,1,product.enet.com.cn/price/plist4_2283.shtml,笔记本电脑
19:15:22,007256663102625516,惠普笔记本电脑报价,1,1,product.enet.com.cn/price/plist4_2283.shtml,笔记本电脑
19:17:30,5114058490472301,低价笔记本电脑,1,1,promotion.china.alibaba.com/html/xiaofeipin/sm/bijibendiannao.html,笔记本电脑
19:17:40,6405668535071183,联想笔记本电脑,2,1,product.it168.com/list/b/03010377_1.shtml,笔记本电脑
19:17:42,7478925696617804,自制祛斑面膜,5,4,www.pclady.com.cn/beauty/bl/class/teachdiy/0507/46226.html,面膜
19:17:47,6405668535071183,联想笔记本电脑,2,2,product.it168.com/list/b/03010377_1.shtml,笔记本电脑
19:18:06,5802450688957963,惠普笔记本电脑报价,2,2,product.it168.com/list/b/03010112_1.shtml,笔记本电脑
19:18:36,4153628497693155,1988+口红,5,11,games.tom.com/zt/gamegril/part1.html,口红
19:19:26,5802450688957963,惠普笔记本电脑报价,4,3,nb.zol.com.cn/manu_223.shtml,笔记本电脑
19:19:53,5802450688957963,惠普笔记本电脑报价,7,4,www.it.com.cn/f/market/051/24/72297.htm,笔记本电脑
19:20:29,5519707581114761,联想笔记本电脑,1,2,www.lenovo.com.cn/,笔记本电脑
19:21:21,4153628497693155,口红+游戏+H,2,18,ks.cn.yahoo.com/question/1306060303591.html,口红
19:21:53,4475777636363832,索尼笔记本电脑,1,1,product.it168.com/list/b/03010230_1.shtml,笔记本电脑
19:22:01,08799241086266546,苹果笔记本电脑,3,4,detail.zol.com.cn/notebook_index/subcate16_544_list_1.html,笔记本电脑
19:22:54,8495710465388397,笔记本电脑,4,1,notebook.it168.com/,笔记本电脑
19:23:00,09152841599921513,自制去斑面膜,2,1,www.kuailev.com/jk/quban/14.html,面膜
19:23:11,09152841599921513,自制去斑面膜,3,2,ks.cn.yahoo.com/question/1307012413055.html,面膜
19:24:27,5519707581114761,联想笔记本电脑,1,3,www.lenovo.com.cn/,笔记本电脑
19:24:42,6519096475385723,去逗+美容面膜,3,6,tieba.baidu.com/f?kz=121759435,面膜
19:24:44,6519096475385723,去逗+美容面膜,3,7,tieba.baidu.com/f?kz=121759435,面膜
19:24:45,9118010884881132,自制祛斑面膜,2,20,www.koreafad.com/in/beauty/2006/6/14/20066141035301_2095.html,面膜
19:26:27,2719314364997039,自制瘦脸面膜,5,3,ks.cn.yahoo.com/question/1406042600338.html,面膜
19:27:18,5519707581114761,华硕笔记本电脑,1,5,product.it168.com/list/b/03010348_1.shtml,笔记本电脑
19:28:19,6611542306258991,自制除皱面膜,2,7,www.mr120.net/zxmr/lpcz/20071211798.htm,面膜
19:29:04,16256220184052034,低价笔记本电脑,1,3,promotion.china.alibaba.com/html/xiaofeipin/sm/bijibendiannao.html,笔记本电脑
19:29:17,9733195357483746,笔记本电脑,9,2,notebook.pchome.net/,笔记本电脑
19:30:49,08799241086266546,苹果笔记本电脑,10,5,zhidao.baidu.com/question/16156363.html,笔记本电脑
19:31:53,9118010884881132,自制祛斑面膜,3,21,www.opc5a.com/subject/ShowArticle1.asp?ArticleID=1349,面膜
19:32:06,5519707581114761,三星笔记本电脑,1,7,product.enet.com.cn/price/plist4_2117.shtml,笔记本电脑
19:33:01,9118010884881132,自制祛斑面膜,4,22,seban4235042.china315.com/,面膜
19:34:31,9238215398342005,低价笔记本电脑,1,1,promotion.china.alibaba.com/html/xiaofeipin/sm/bijibendiannao.html,笔记本电脑
19:34:47,25695380682610846,ibm笔记本电脑,2,2,tech.tom.com/hardware/ibmbook.html,笔记本电脑
19:35:27,9238215398342005,低价笔记本电脑,4,2,tech.sina.com.cn/n/2005-08-24/1617702666.shtml,笔记本电脑
19:35:37,9118010884881132,自制祛斑面膜,5,23,www.pclady.com.cn/beauty/bl/class/teachdiy/0507/46226.html,面膜
19:36:00,09152841599921513,自制水果去斑面膜,2,7,ks.cn.yahoo.com/question/1308030301792.html,面膜
19:36:03,3046670112374498,戴尔个人用笔记本电脑报价,1,3,zhidao.baidu.com/question/29379302,笔记本电脑
19:36:39,3046670112374498,戴尔个人用笔记本电脑报价,5,4,flea.zol.com.cn/product/2492/2491348.shtml,笔记本电脑
19:36:40,9118010884881132,自制祛斑面膜,6,24,ks.cn.yahoo.com/question/1306122620265.html,面膜
19:36:42,09152841599921513,自制水果去斑面膜,4,8,www.22ks.com/archiver/?tid-3621.html,面膜
19:37:22,9238215398342005,低价笔记本电脑,6,3,it.sohu.com/20080410/n256220156.shtml,笔记本电脑
19:37:32,09152841599921513,自制水果去斑面膜,6,9,ks.cn.yahoo.com/question/1307082802149.html,面膜
19:38:03,09152841599921513,自制水果去斑面膜,7,10,www.tuofa-39.cn/%C9%AB%B0%DF/%C0%EE%D2%BD%C9%FA%C8%A5%B0%DF%C3%E6%C4%A4.html,面膜
19:38:31,3046670112374498,戴尔个人用笔记本电脑报价,6,5,bbs.18381.cn/bbs/2008519/24.htm,笔记本电脑
19:39:42,134023322765423,DELL+latitude+cpi300笔记本电脑的CMOS电池型号+更换,5,2,bbs.cnxhacker.com/read.php?tid=34760,笔记本电脑
19:41:34,9118010884881132,自制祛斑面膜,7,25,ks.cn.yahoo.com/question/1406122620248.html,面膜
19:42:04,27520268124441133,霸王洗发水,1,1,doc.xywy.com/wendaguidang/20050930/640935.html,洗发水
19:42:05,9118010884881132,自制祛斑面膜,8,26,zhidao.baidu.com/question/49597753,面膜
19:42:39,27520268124441133,霸王洗发水,4,2,ks.cn.yahoo.com/question/1407040601138.html,洗发水
19:42:46,9118010884881132,自制祛斑面膜,9,27,zhidao.baidu.com/question/25472622.html,面膜
19:43:27,27520268124441133,霸王洗发水,5,3,wenwen.soso.com/z/q59235970.htm,洗发水
19:44:10,27520268124441133,霸王洗发水,9,4,wenwen.soso.com/z/q399102.htm,洗发水
19:47:53,134023322765423,DELL+笔记本电脑的CMOS电池型号+更换,1,4,zhidao.baidu.com/question/50409911,笔记本电脑
19:48:01,06515730472213832,惠普笔记本电脑报价,1,15,product.enet.com.cn/price/plist4_2283.shtml,笔记本电脑
19:48:07,134023322765423,DELL+笔记本电脑的CMOS电池型号+更换,6,5,ks.cn.yahoo.com/question/1406112714716.html,笔记本电脑
19:51:13,531512312519606,诺基亚蓝牙耳机报价,1,2,product.pcpop.com/bluetooth/00283_1.html,蓝牙耳机
19:51:23,2601255342265817,面膜用完后用不用洗掉啊,4,1,zhidao.baidu.com/question/44700034,面膜
19:51:52,5555817420066619,100美元笔记本电脑,2,1,digi.tech.qq.com/zt/100dollarsnb.htm,笔记本电脑
19:51:52,8381173859377612,自制补水面膜,2,1,www.zizhimianmo.org/,面膜
19:52:01,2601255342265817,面膜用完后用不用洗掉啊,2,2,zhidao.baidu.com/question/23730473,面膜
19:53:57,17119572301191893,迷你笔记本电脑,6,1,www.chinadv.com/tech/17577/,笔记本电脑
19:54:46,4719340798945181,惠普笔记本电脑报价,1,1,product.enet.com.cn/price/plist4_2283.shtml,笔记本电脑
19:55:44,7382431550490933,装净水器好不好,1,1,ks.cn.yahoo.com/question/1406051705248.html,净水器
19:55:55,8972496392824988,惠普笔记本电脑报价,1,1,product.enet.com.cn/price/plist4_2283.shtml,笔记本电脑
19:57:03,17119572301191893,迷你笔记本电脑,5,2,tech.tom.com/1624/1609/2004726-113351.html,笔记本电脑
19:58:51,17119572301191893,迷你笔记本电脑,2,3,tech.qq.com/a/20080529/000345.htm,笔记本电脑
19:59:13,7333981634285855,力士洗发水广告歌,1,2,zhidao.baidu.com/question/46108097,洗发水
20:00:10,7333981634285855,力士洗发水广告歌,3,3,zhidao.baidu.com/question/10556296,洗发水
20:02:07,1266832855924579,笔记本电脑,9,3,www.51ibm.com/,笔记本电脑
20:04:44,17119572301191893,迷你笔记本电脑,1,4,article.pchome.net/content-392349.html,笔记本电脑
20:04:54,5498603148186001,惠普笔记本电脑报价,1,1,product.enet.com.cn/price/plist4_2283.shtml,笔记本电脑
20:08:53,9165282239657584,惠普笔记本电脑报价,2,2,product.it168.com/list/b/03010112_1.shtml,笔记本电脑
20:08:53,7784957183287358,三星笔记本电脑报价,1,1,product.enet.com.cn/price/plist4_2117.shtml,笔记本电脑
20:11:37,945958038123671,联想笔记本电脑,1,5,www.lenovo.com.cn/,笔记本电脑
20:11:48,8131348351660863,手机蓝牙控制笔记本电脑待机,7,7,pop.pcpop.com/050106/1413356-1.html,笔记本电脑
20:12:59,8452582140682341,联想笔记本电脑,3,1,product.it168.com/list/b/03010377_1.shtml,笔记本电脑
20:13:19,6932895912961317,敷完面膜后怎样护肤,1,1,zhidao.baidu.com/question/7645202,面膜
20:14:03,7157901594382139,惠普笔记本电脑报价,1,1,product.enet.com.cn/price/plist4_2283.shtml,笔记本电脑
20:15:28,6648830296837008,蜂蜜面膜,3,7,zhidao.baidu.com/question/9001383.html,面膜
20:15:45,2726856515134216,三星笔记本电脑报价,1,2,product.enet.com.cn/price/plist4_2117.shtml,笔记本电脑
20:15:47,2726856515134216,三星笔记本电脑报价,1,1,product.enet.com.cn/price/plist4_2117.shtml,笔记本电脑
20:15:50,6932895912961317,敷完面膜后怎样护肤,7,2,www.qingdaolife.com/ask/prink/154380.htm,面膜
20:15:58,8533002726810863,惠普笔记本电脑报价,1,1,product.enet.com.cn/price/plist4_2283.shtml,笔记本电脑
20:16:23,09911601669117087,敷完面膜后怎样护肤,1,4,zhidao.baidu.com/question/7645202,面膜
20:16:59,6932895912961317,敷完面膜后怎样护肤,14,4,ks.cn.yahoo.com/question/1406122922332.html,面膜
20:17:13,09911601669117087,敷完面膜后怎样护肤,2,5,zhidao.baidu.com/question/49316191,面膜
20:17:23,5212130684984524,立升净水器+怎么样,1,1,zhidao.baidu.com/question/7285644,净水器
20:17:25,5212130684984524,立升净水器+怎么样,1,2,zhidao.baidu.com/question/7285644,净水器
20:18:17,6932895912961317,敷完面膜后怎样护肤,14,5,ks.cn.yahoo.com/question/1406122922332.html,面膜
20:18:25,5465992027873325,神舟笔记本电脑如何,4,2,zhidao.baidu.com/question/18087398,笔记本电脑
20:19:21,7905264789267091,伟嘉咖啡机,2,10,www.sarptech.com/kafeiji.htm,咖啡机
20:19:24,7281745908864128,低价笔记本电脑,1,1,promotion.china.alibaba.com/html/xiaofeipin/sm/bijibendiannao.html,笔记本电脑
20:19:42,5465992027873325,神舟笔记本电脑如何,8,3,ks.cn.yahoo.com/question/1408031504422.html,笔记本电脑
20:20:21,7905264789267091,伟嘉咖啡机,3,11,www.loogoo.com/commodity/20099.html,咖啡机
20:21:31,7905264789267091,伟嘉咖啡机,27,14,xmfish.com/archiver/tid-979514.html,咖啡机
20:22:20,7905264789267091,伟嘉咖啡机,39,16,www.e-jjj.com/baodingfc/news/detail_db.asp?id=28727,咖啡机
20:22:33,6535808055543524,惠普笔记本电脑报价,1,1,product.enet.com.cn/price/plist4_2283.shtml,笔记本电脑
20:22:55,7905264789267091,伟嘉咖啡机,49,18,www.wg365.com.cn/prod/1161/11582/productinfo_66964.html,咖啡机
20:23:04,36128434514891133,惠普笔记本电脑报价,2,1,product.it168.com/list/b/03010112_1.shtml,笔记本电脑
20:23:11,48538166435559415,敷完面膜后怎样护肤,1,1,zhidao.baidu.com/question/7645202,面膜
20:23:53,7276189642957638,敷完面膜后怎样护肤,3,1,women.sohu.com/20060414/n242792103.shtml,面膜
20:24:17,5212130684984524,立升净水器价格,4,4,0536.teambuy.com.cn/tuangou/showcp.asp?jcid=615,净水器
20:24:52,48538166435559415,敷完面膜后怎样护肤,3,2,women.sohu.com/20060414/n242792103.shtml,面膜
20:25:12,5465992027873325,神舟笔记本电脑如何,9,4,wenwen.soso.com/z/q16818741.htm,笔记本电脑
20:25:27,04790780868755706,惠普笔记本电脑报价,3,2,product.danawa.com.cn/list/C_1108.html,笔记本电脑
20:25:53,5212130684984524,立升净水器价格,10,5,home.focus.cn/msgview/607/107643191.html,净水器
20:26:05,5465992027873325,神舟笔记本电脑故障,1,6,zhidao.baidu.com/question/32115484,笔记本电脑
20:26:13,8312275521702488,惠普笔记本电脑报价,1,2,product.enet.com.cn/price/plist4_2283.shtml,笔记本电脑
20:26:23,5212130684984524,立升净水器价格,9,6,www.souchang.com/product/Price/522528.html,净水器
20:26:52,9299252129948291,神舟笔记本电脑如何,3,3,iask.sina.com.cn/b/1995057.html,笔记本电脑
20:27:29,518039075842204,惠普笔记本电脑报价,1,1,product.enet.com.cn/price/plist4_2283.shtml,笔记本电脑
20:29:06,3828908942276121,惠普笔记本电脑报价,2,1,product.it168.com/list/b/03010112_1.shtml,笔记本电脑
20:29:48,518039075842204,惠普笔记本电脑报价,2,2,product.it168.com/list/b/03010112_1.shtml,笔记本电脑
20:30:36,649962533185987,惠普笔记本电脑报价,2,2,product.it168.com/list/b/03010112_1.shtml,笔记本电脑
20:30:54,649962533185987,惠普笔记本电脑报价,7,3,www.it.com.cn/f/market/051/24/72297.htm,笔记本电脑
20:32:36,63699649616847,西藏红花面膜,5,5,wenwen.soso.com/z/q37040183.htm,面膜
20:33:20,48538166435559415,敷完面膜后怎样护肤,4,3,iask.sina.com.cn/b/2150833.html?from=related,面膜
20:33:42,63699649616847,西藏红花面膜,6,6,wenwen.soso.com/z/q30176001.htm,面膜
20:33:57,8858811346461395,三星笔记本电脑报价,1,1,product.enet.com.cn/price/plist4_2117.shtml,笔记本电脑
20:33:58,63699649616847,西藏红花面膜,8,7,807481433.paipai.com/,面膜
20:35:17,40168241061277865,苹果笔记本电脑广告曲,7,1,wenwen.soso.com/z/q49527627.htm,笔记本电脑
20:35:17,8452582140682341,联想笔记本电脑,4,2,product.pcpop.com/NB/00220_1.html,笔记本电脑
20:35:23,8360736919799672,lenovo联想昭阳K70笔记本电脑,7,1,detail.zol.com.cn/27/26481/param.shtml,笔记本电脑
20:35:32,63699649616847,西藏红花面膜,9,8,bbs.hepan.net.cn/dispbbs.asp?boardid=81&id=570866,面膜
20:35:45,5212130684984524,立升净水器价格,4,7,0536.teambuy.com.cn/tuangou/showcp.asp?jcid=615,净水器
20:36:35,63699649616847,自制面膜,3,10,www.bupt.edu.cn/xyy/homepage/xiaoguan_H_4/mianme.htm,面膜
20:37:31,9066223470929211,舒蕾洗发水,1,2,zhidao.baidu.com/question/4567715.html,洗发水
20:38:32,9066223470929211,舒蕾润发露是不是洗发水,3,3,www.tianya.cn/publicforum/Content/no11/1/43815.shtml,洗发水
20:38:36,7572815030330526,惠普笔记本电脑报价,1,1,product.enet.com.cn/price/plist4_2283.shtml,笔记本电脑
20:39:07,63699649616847,自制面膜,7,11,beauty.pclady.com.cn/masque-diy/,面膜
20:41:24,7179390318527842,敷完面膜后怎样护肤,1,3,zhidao.baidu.com/question/7645202,面膜
20:41:31,27338051221569936,惠普笔记本电脑报价,1,1,product.enet.com.cn/price/plist4_2283.shtml,笔记本电脑
20:44:23,8360736919799672,lenovo联想昭阳K70笔记本电脑,10,2,auction1.paipai.com/search/0/A79EB81200000000002735CB01621C3D-6627.html,笔记本电脑
20:44:26,32342007260251854,敷完面膜后怎样护肤,2,1,zhidao.baidu.com/question/49316191,面膜
20:44:28,32342007260251854,敷完面膜后怎样护肤,1,2,zhidao.baidu.com/question/7645202,面膜
20:45:36,4385059391922623,绿茶粉面膜,2,1,www.aaaf.cn/chanpinmeibaiqubanluchashuoming.htm,面膜
20:48:02,26648081094916054,笔记本电脑价格,14,2,detail.zol.com.cn/notebook_index/subcate16_1191_list_1.html,笔记本电脑
20:48:08,4385059391922623,绿茶粉面膜,3,2,zhidao.baidu.com/question/26526727.html,面膜
20:48:28,9603216506988328,一洗黑洗发水,9,3,www.newgo5.com/Product_354.html,洗发水
20:49:50,8039198092017377,如何选购笔记本电脑,1,1,ks.cn.yahoo.com/question/?source=ycont_ncp_ks&qid=1307072302105,笔记本电脑
20:49:53,022307621608019856,sony笔记本电脑,7,1,zhidao.baidu.com/question/29394382.html,笔记本电脑
20:50:17,7802006394554904,如何自制补水面膜,4,2,iask.sina.com.cn/b/12136583.html,面膜
20:50:20,3365754953836363,惠普笔记本电脑报价,4,1,nb.zol.com.cn/manu_223.shtml,笔记本电脑
20:50:31,022307621608019856,sony笔记本电脑专卖,1,4,product.it168.com/list/b/03010230_1.shtml,笔记本电脑
20:50:48,16592374557736184,如何自制补水面膜,10,6,www.mrhf.net.cn/meironghufu/zizhimianmo/200706/6011_7.shtml,面膜
20:51:51,044542098602602775,低价笔记本电脑,1,1,promotion.china.alibaba.com/html/xiaofeipin/sm/bijibendiannao.html,笔记本电脑
20:52:38,08543551175528097,避孕口红,1,2,zhidao.baidu.com/question/31158737.html,口红
20:53:15,7277033898058471,笔记本电脑报价,6,1,product.enet.com.cn/price/plist4_2472.shtml,笔记本电脑
20:54:23,8039198092017377,如何选购笔记本电脑,2,2,www.pcworld.com.cn/product/notebook/1/2007/0111/232.shtml,笔记本电脑
20:55:25,8039198092017377,如何选购笔记本电脑,4,3,zhidao.baidu.com/question/22367156.html,笔记本电脑
20:56:11,018728786375142747,惠普笔记本电脑报价,1,1,product.enet.com.cn/price/plist4_2283.shtml,笔记本电脑
20:56:46,02008023833244954,绿茶粉面膜,1,1,zhidao.baidu.com/question/16210509.html,面膜
20:57:13,02008023833244954,绿茶粉面膜,2,2,www.aaaf.cn/chanpinmeibaiqubanluchashuoming.htm,面膜
20:57:49,08543551175528097,避孕口红,7,3,product.danawa.com.cn/189515/index.html,口红
20:58:33,9298414093964105,自制清洁面膜,2,1,ks.cn.yahoo.com/question/1306111427915.html,面膜
20:58:39,8540020006128798,三星笔记本电脑使用说明,2,2,product.danawa.com.cn/85758/article.html,笔记本电脑
20:59:25,43204247921061917,自制面膜,1,1,www.whiteningcosmetics.net/,面膜
21:00:30,9817396845347823,神舟笔记本电脑质量怎么样,1,1,iask.sina.com.cn/b/12135812.html,笔记本电脑
21:00:51,9817396845347823,神舟笔记本电脑质量怎么样,2,2,zhidao.baidu.com/question/22960943.html?fr=qrl3,笔记本电脑
21:01:20,8540020006128798,三星笔记本电脑使用说明,4,3,zhidao.baidu.com/question/40197247,笔记本电脑
21:02:11,8039198092017377,如何选购笔记本电脑,7,4,www.52net.com/html/manual/shopping/,笔记本电脑
21:03:35,9817396845347823,神舟笔记本电脑质量怎么样,3,3,zhidao.baidu.com/question/12484061.html?fr=qrl3,笔记本电脑
21:04:35,8020476920148373,hp笔记本电脑优势,4,5,news.chinabyte.com/165/1410665.shtml,笔记本电脑
21:04:36,8020476920148373,hp笔记本电脑优势,4,6,news.chinabyte.com/165/1410665.shtml,笔记本电脑
21:04:39,4873054301965831,百草集太极面膜,2,5,www.xici.net/b358816/d65018571.htm,面膜
21:04:39,8020476920148373,hp笔记本电脑优势,4,7,news.chinabyte.com/165/1410665.shtml,笔记本电脑
21:04:43,38539399415625447,中药面膜的优点,5,1,www.chenhua-mr.cn/chts.asp,面膜
21:05:13,9817396845347823,神舟笔记本电脑质量怎么样,5,4,wenwen.soso.com/z/q52196371.htm,笔记本电脑
21:05:38,9817396845347823,神舟笔记本电脑质量怎么样,7,5,bbs.pcpop.com/080417/1884217.html,笔记本电脑
21:06:39,761065191509918,惠普笔记本电脑报价,3,1,product.danawa.com.cn/list/C_1108.html,笔记本电脑
21:07:16,9817396845347823,神舟笔记本电脑质量怎么样,13,7,www.jingyan.org/html/shipinjiaocheng/bijiben/20070425/123278.html,笔记本电脑
21:07:20,9817396845347823,神舟笔记本电脑质量怎么样,13,8,www.jingyan.org/html/shipinjiaocheng/bijiben/20070425/123278.html,笔记本电脑
21:07:27,9817396845347823,神舟笔记本电脑质量怎么样,15,9,bbs.dgworld.cn/viewthread.php?tid=5842&extra=page%3D2,笔记本电脑
21:07:54,9817396845347823,神舟笔记本电脑质量怎么样,16,10,bbs.366tian.net/thread-269075-1-1.html,笔记本电脑
21:08:09,9817396845347823,神舟笔记本电脑质量怎么样,20,11,bbs.dgworld.com.cn/viewthread.php?tid=5842&extra=page%3D2&page=1,笔记本电脑
21:09:21,9817396845347823,神舟笔记本电脑质量怎么样,21,13,www.cis51.com/archiver/tid-304.html,笔记本电脑
21:09:36,761065191509918,惠普笔记本电脑报价,3,2,product.danawa.com.cn/list/C_1108.html,笔记本电脑
21:09:53,9817396845347823,神舟笔记本电脑质量怎么样,28,14,cache.tianya.cn/publicforum/content/it/1/293187.shtml,笔记本电脑
21:11:14,5697905760785302,自制补水面膜,3,13,ks.cn.yahoo.com/question/1306091205027.html,面膜
21:11:46,8452582140682341,联想笔记本电脑,5,3,product.enet.com.cn/price/plist4_2228.shtml,笔记本电脑
21:12:20,5259998950358226,笔记本电脑,3,2,notebook.yesky.com/,笔记本电脑
21:12:53,13636932081875658,惠普笔记本电脑报价,1,1,product.enet.com.cn/price/plist4_2283.shtml,笔记本电脑
21:13:04,18477891007721492,什么牌子的净水器好,2,5,ks.cn.yahoo.com/question/1307010108335.html,净水器
21:13:13,3141026404891792,惠普笔记本电脑报价,2,1,product.it168.com/list/b/03010112_1.shtml,笔记本电脑
21:14:49,61051704674947,笔记本电脑功率,1,6,zhidao.baidu.com/question/37111927,笔记本电脑
21:14:58,9786366550482752,惠普笔记本电脑报价,1,1,product.enet.com.cn/price/plist4_2283.shtml,笔记本电脑
21:15:20,18477891007721492,什么牌子的净水器好,8,6,bbs.ly.ha.cn/dispbbs.asp?boardid=18&id=899222,净水器
21:15:47,5697905760785302,自制补水面膜,6,14,women.sohu.com/20050702/n226101003.shtml,面膜
21:16:06,1596744768946749,惠普笔记本电脑报价,2,1,product.it168.com/list/b/03010112_1.shtml,笔记本电脑
21:16:12,5201161886026021,宏基笔记本电脑,1,5,www.pconline.com.cn/notebook/pinpai/acer/,笔记本电脑
21:16:53,08742373622348087,惠普笔记本电脑质量,1,3,zhidao.baidu.com/question/40388411,笔记本电脑
21:16:59,61051704674947,笔记本电脑功率,2,7,ks.cn.yahoo.com/question/1306110111369.html,笔记本电脑
21:18:24,18477891007721492,什么牌子的净水器好,6,7,lifejq.kandaole.net/Html/shenghuojiqiao5/171337067717133791838696.html,净水器
21:19:03,9909743892197224,惠普笔记本电脑报价,1,1,product.enet.com.cn/price/plist4_2283.shtml,笔记本电脑
21:20:41,13636932081875658,惠普b1200笔记本电脑报价,2,2,bbs.zxip.com/TopicOther.asp?t=5&BoardID=96&id=292984,笔记本电脑
21:21:35,5201161886026021,宏基笔记本电脑,5,6,zhidao.baidu.com/question/40446898.html,笔记本电脑
21:22:08,13636932081875658,惠普b1200笔记本电脑报价,1,3,www.pconline.com.cn/notebook/price/wh/0801/1207639.html,笔记本电脑
21:22:15,5201161886026021,宏基笔记本电脑,2,7,product.it168.com/list/b/03010006_1.shtml,笔记本电脑
21:23:19,5697905760785302,自制补水面膜,7,15,zhidao.baidu.com/question/7370806.html?si=1,面膜
21:23:29,5201161886026021,宏基笔记本电脑,9,8,bj.58.com/acer/,笔记本电脑
21:23:32,13636932081875658,惠普presario+b1200笔记本电脑报价,3,4,news.danawa.com.cn/20070815/324975.html,笔记本电脑
21:25:48,13636932081875658,惠普presario+b1200笔记本电脑报价,9,5,auction1.taobao.com/auction/item_detail-0db1-caa4afeaf5e49afc021bf829b6a2b27a.jhtml,笔记本电脑
21:26:38,5201161886026021,宏基笔记本电脑,3,9,www.thethirdmedia.com/pc/zjbj/bjbdn-402.htm,笔记本电脑
21:26:59,7816257169409608,敷完面膜后怎样护肤,1,1,zhidao.baidu.com/question/7645202,面膜
21:27:14,13636932081875658,惠普presario+b1200笔记本电脑报价,13,7,product.pcpop.com/000080023/Index.html,笔记本电脑
21:27:49,1685165786191532,敷完面膜后怎样护肤,4,6,iask.sina.com.cn/b/2150833.html?from=related,面膜
21:28:17,08742373622348087,东芝笔记本电脑报价,1,5,www.enet.com.cn/notebook/factory/toshiba/,笔记本电脑
21:28:20,17978389212930684,笔记本电脑,4,1,notebook.yesky.com/,笔记本电脑
21:29:01,5201161886026021,宏基笔记本电脑价格,10,13,www.3c800.com/a2/cabinet_c424_o0_p1.htm,笔记本电脑
21:29:16,7728791126024507,敷完面膜后怎样护肤,1,1,zhidao.baidu.com/question/7645202,面膜
21:29:27,13636932081875658,惠普presario+b1200笔记本电脑报价,19,8,www.pcworld.com.cn/news/1/2007/0920/141658.shtml,笔记本电脑
21:32:17,5201161886026021,宏基笔记本电脑价格,30,17,iask.baby.sina.com.cn/b/879162.html,笔记本电脑
21:32:38,8358231072266744,柠檬蜂蜜美容面膜,2,1,women.sohu.com/20070203/n247697198.shtml,面膜
21:32:47,7721264885191731,三星笔记本电脑报价,1,3,product.enet.com.cn/price/plist4_2117.shtml,笔记本电脑
21:32:50,7817120565901108,惠普笔记本电脑报价,1,1,product.enet.com.cn/price/plist4_2283.shtml,笔记本电脑
21:33:08,13636932081875658,惠普presario+b1200笔记本电脑报价,30,10,www.8080.net/html/200708/b131158490.shtml,笔记本电脑
21:33:19,9248669263510123,绿茶粉面膜,8,1,www.fashionguide.com.tw/MsgL/2_CateL_128282_o?\xa1\xa5\xa8\xb4_647_6_1.html,面膜
21:33:44,22883772464455598,联想笔记本电脑,4,1,product.pcpop.com/NB/00220_1.html,笔记本电脑
21:34:19,7721264885191731,三星笔记本电脑报价,1003,4,click.cpc.sogou.com/bill_search?p=9j4illi2Ni2wy$FflxcllRfClZlx2H@HlFJDQ2IbzUHNllllwB9IxaufZs3ehr847bfCiDFUl2clLZ==&q=cGlkPXNvZ291JnI9MTgmaD0xNjg0NDQ3MjAmdj0xJmM9TAA=&url=http://www.smarter.com.cn/search.php%3Fq=%25B9%25BA%25C2%25F2%25B1%25CA%25BC%25C7%25B1%25BE%25B5%25E7%25C4%25D4%26source=sogou_cn_002_keyword_%25B9%25BA%25C2%25F2%25B1%25CA%25BC%25C7%25B1%25BE%25B5%25E7%25C4%25D4,笔记本电脑
21:34:59,18477891007721492,沁园净水器网站,1,19,china-business.coovee.net/Business/Detail324807/Index.Html,净水器
21:35:18,26673319877340973,敷完面膜后怎样护肤,1,1,zhidao.baidu.com/question/7645202,面膜
21:35:28,28133170197176565,惠普笔记本电脑报价,1,1,product.enet.com.cn/price/plist4_2283.shtml,笔记本电脑
21:35:32,7229813581950327,100美元笔记本电脑,3,1,www.zydg.net/magazine/html/389/389106.htm,笔记本电脑
21:35:38,41199062432921385,惠普笔记本电脑报价,1,2,product.enet.com.cn/price/plist4_2283.shtml,笔记本电脑
21:35:55,7229813581950327,100美元笔记本电脑,6,2,news.chinabyte.com/nb100/index.shtml,笔记本电脑
21:37:01,8798406921715611,品牌面膜,6,16,www.maigoo.com/maigoo/199mm_index.html,面膜
21:40:15,9582305608096054,最轻笔记本电脑,1,1,www.donews.com/Content/200611/87a697ceede04cb59a63eaaecf6d3612.shtm,笔记本电脑
21:40:18,9582305608096054,最轻笔记本电脑,2,2,tech.sina.com.cn/it/2005-07-14/0644662525.shtml,笔记本电脑
21:42:04,9582305608096054,最轻笔记本电脑,3,3,ycdtb.dayoo.com/html/2006-11/03/content_17141989.htm,笔记本电脑
21:42:07,9582305608096054,最轻笔记本电脑,5,4,guide.ppsj.com.cn/art/8910/lxzqbjbdntzpg/,笔记本电脑
21:42:15,22389491299981867,霸王洗发水女主角,1,4,wenwen.soso.com/z/q38166450.htm,洗发水
21:42:33,22389491299981867,霸王洗发水女主角,2,5,zhidao.baidu.com/question/43611439,洗发水
21:43:08,22389491299981867,霸王洗发水女主角,6,6,bbs.17yy.com/board.php?tid=19669&fold=yes,洗发水
21:43:33,9582305608096054,笔记本电脑ThinkPadX300,1,5,news.zdnet.com.cn/zdnetnews/2008/0325/781979.shtml,笔记本电脑
21:43:45,9582305608096054,笔记本电脑ThinkPadX300,2,6,group.zol.com.cn/30/16_290969.html,笔记本电脑
21:44:12,5462717860986139,惠普笔记本电脑报价,2,1,product.it168.com/list/b/03010112_1.shtml,笔记本电脑
21:45:27,603472308069017,IBM笔记本电脑,1,6,www.51ibm.com/,笔记本电脑
21:46:38,7040439920101085,如何选购笔记本电脑,1,1,ks.cn.yahoo.com/question/?source=ycont_ncp_ks&qid=1307072302105,笔记本电脑
21:46:55,47001929517446156,自制除皱面膜,1,2,zhidao.baidu.com/question/9617062.html,面膜
21:47:08,603472308069017,IBM笔记本电脑,3,7,www.91ibm.net/,笔记本电脑
21:47:41,08742373622348087,惠普笔记本电脑质量,2,16,zhidao.baidu.com/question/21636275,笔记本电脑
21:49:38,13636932081875658,惠普presario+b1200笔记本电脑报价,40,12,msn.yesky.com/notebook/149/7833649_3.shtml,笔记本电脑
21:50:21,5507944905430175,笔记本电脑,2,1,www.lenovo.com.cn/,笔记本电脑
21:51:07,603472308069017,IBM笔记本电脑,5,8,product.danawa.com.cn/list/C_1081.html,笔记本电脑
21:52:01,9582305608096054,外型最小笔记本电脑,1,7,shuangyashan.northeast.cn/system/2007/10/24/051025268.shtml,笔记本电脑
21:52:46,9582305608096054,外型最小笔记本电脑,6,8,www.cbinews.com/inc/showcontent.jsp?articleid=12880,笔记本电脑
21:53:15,603472308069017,ibm笔记本电脑报价,1,9,product.danawa.com.cn/list/C_1081.html,笔记本电脑
21:54:03,9582305608096054,外型最小笔记本电脑,8,9,tech.sina.com.cn/n/2005-11-09/1057760958.shtml,笔记本电脑
21:54:15,9582305608096054,外型最小笔记本电脑,10,10,bbs.lyg.jsinfo.net/forum/viewthread.php?tid=248315&extra=page%3D1,笔记本电脑
21:54:17,603472308069017,IBM笔记本电脑T61+8889-AK6,1,10,www.8080.net/product/29513/index.shtml,笔记本电脑
21:55:57,22883772464455598,联想笔记本电脑,4,2,product.pcpop.com/NB/00220_1.html,笔记本电脑
21:56:23,7562356687388576,笔记本电脑,3,1,notebook.yesky.com/,笔记本电脑
21:58:20,9582305608096054,外型最小笔记本电脑,6,11,www.cbinews.com/inc/showcontent.jsp?articleid=12880,笔记本电脑
21:58:33,9463434359337953,神舟笔记本电脑如何,1,1,zhidao.baidu.com/question/9716381.html,笔记本电脑
21:58:33,603472308069017,IBM笔记本电脑T61+8889-AK6,2,11,"list.taobao.com/browse/50005523-1101/t-0----------------g,giydcnjuhizdcnrugi5tembrgu2tuojrgaytqoztga4dgob2geytgnzzhe--g,giydcnjuhjeuetj3giydcnjvhjkdmmj3gmydqmzyhjkgq2lonnigczbnkq3dcljyha4dsqklgy--------------------y-80-list-commend-0-all-1101.htm",笔记本电脑
21:58:48,9582305608096054,外型最小笔记本电脑,8,12,tech.sina.com.cn/n/2005-11-09/1057760958.shtml,笔记本电脑
21:59:28,9582305608096054,外型最小笔记本电脑,15,14,www.idiannao.net/html/2006-10/16470.shtml,笔记本电脑
22:00:18,5474357260733164,敷完面膜后怎样护肤,1,1,zhidao.baidu.com/question/7645202,面膜
22:00:40,9582305608096054,外型最小笔记本电脑,16,15,fun.zhanbuwang.com/computer/4/computer749.htm,笔记本电脑
22:00:51,9582305608096054,外型最小笔记本电脑,18,16,www.pclady.com.cn/goods/pc/0711/211636.html,笔记本电脑
22:01:03,37925213092572146,自制祛斑面膜,1,2,eladies.sina.com.cn/beauty1/2007/0113/1221375763.html,面膜
22:02:25,7277099278697988,治疗痘痘的面膜,1,9,zhidao.baidu.com/question/35248988,面膜
22:03:08,6627593786003882,惠普笔记本电脑报价,1,3,product.enet.com.cn/price/plist4_2283.shtml,笔记本电脑
22:03:12,8769740607503726,惠普笔记本电脑报价,4,1,nb.zol.com.cn/manu_223.shtml,笔记本电脑
22:03:17,7277099278697988,治疗痘痘的面膜,4,10,ks.cn.yahoo.com/question/1307050501589.html,面膜
22:03:59,37925213092572146,自制祛斑面膜,9,3,zhidao.baidu.com/question/25472622.html,面膜
22:04:07,7562356687388576,笔记本电脑与台式电脑优缺点比较,1,2,zhidao.baidu.com/question/1229219,笔记本电脑
22:04:50,7791872039991601,惠普笔记本电脑报价,1,1,product.enet.com.cn/price/plist4_2283.shtml,笔记本电脑
22:04:57,8377376808046213,低价笔记本电脑,7,1,www.yesky.com/ServerIndex/77125243130347520/20031201/1749507.shtml,笔记本电脑
22:04:58,4608873200208714,100美元笔记本电脑,1,1,tech.sina.com.cn/notebook/price100.html,笔记本电脑
22:05:05,4608873200208714,100美元笔记本电脑,3,2,www.zydg.net/magazine/html/389/389106.htm,笔记本电脑
22:05:07,9446933334519698,水果面膜+防皱,1,3,women.sohu.com/20051201/n240837569.shtml,面膜
22:06:12,7562356687388576,笔记本电脑与台式电脑优缺点比较,6,3,ks.cn.yahoo.com/question/1406072007438.html,笔记本电脑
22:08:09,4427040834719786,自制面膜,1,9,www.whiteningcosmetics.net/,面膜
22:09:00,6372783927890884,惠普笔记本电脑报价,1,1,product.enet.com.cn/price/plist4_2283.shtml,笔记本电脑
22:09:05,22883772464455598,联想笔记本电脑,4,6,product.pcpop.com/NB/00220_1.html,笔记本电脑
22:12:29,8906101888384468,惠普笔记本电脑报价,1,1,product.enet.com.cn/price/plist4_2283.shtml,笔记本电脑
22:13:06,8416392696227383,ZA去黑头面膜,3,1,www.e-yaoyao.cn/za/za-16.htm,面膜
22:14:20,8416392696227383,ZA去黑头面膜,6,2,www.cn-cosmetic.com/nclub/product_5854.html,面膜
22:14:23,017481589142910647,三星笔记本电脑报价,1,3,product.enet.com.cn/price/plist4_2117.shtml,笔记本电脑
22:14:53,08832419344021863,自制去斑面膜,7,1,zhidao.baidu.com/question/25845709.html?si=6,面膜
22:16:03,47001929517446156,自制除皱面膜,9,3,hellen-hh.blog.sohu.com/87094501.html,面膜
22:16:44,8760482857092207,敷完面膜后怎样护肤,3,1,women.sohu.com/20060414/n242792103.shtml,面膜
22:18:29,3804005438064631,联想笔记本电脑促销,1,1,notebook.it168.com/BrandLenovo.shtml,笔记本电脑
22:19:50,6502065125643388,敷完面膜后怎样护肤,1,1,zhidao.baidu.com/question/7645202,面膜
22:19:52,04294038771221398,惠普笔记本电脑报价,2,1,product.it168.com/list/b/03010112_1.shtml,笔记本电脑
22:20:30,08832419344021863,自制水果去斑面膜,7,3,www.tuofa-39.cn/\xa8\xa6?\xa1\xe3?/\xa8\xa4?\xa8\xb0?\xa8\xa6\xa8\xb2\xa8\xa8\xa3\xa4\xa1\xe3????\xa1\xe8.html,面膜
22:21:48,5042003069693497,惠普笔记本电脑报价,3,1,product.danawa.com.cn/list/C_1108.html,笔记本电脑
22:22:22,7991496523826262,笔记本电脑,2,1,notebook.yesky.com/,笔记本电脑
22:23:06,7040439920101085,惠普笔记本电脑,2,3,www.pconline.com.cn/notebook/pinpai/hp/,笔记本电脑
22:24:40,9676002245325717,笔记本电脑,7,1,nb.pcpop.com/,笔记本电脑
22:24:50,4111317875131883,惠普笔记本电脑报价,1,3,product.enet.com.cn/price/plist4_2283.shtml,笔记本电脑
22:25:15,7102137168019761,自制祛斑面膜,1,1,eladies.sina.com.cn/beauty1/2007/0113/1221375763.html,面膜
22:25:33,7102137168019761,自制祛斑面膜,2,2,www.koreafad.com/in/beauty/2006/6/14/20066141035301_2095.html,面膜
22:25:43,5412645755362193,惠普笔记本电脑报价,1,1,product.enet.com.cn/price/plist4_2283.shtml,笔记本电脑
22:26:48,14899524663724034,100美元笔记本电脑,3,1,www.zydg.net/magazine/html/389/389106.htm,笔记本电脑
22:28:19,7102137168019761,如何自制祛斑面膜,3,4,www.jiarentang.com/hufu/quban/3548_2.shtml,面膜
22:29:03,9316747829296202,净水器,5,1,click.cpc.sogou.com/bill_biz?p=7@8yVuGB$yHwyrwAlllll4jslZllR1qUlldVq4blGE7qllllpxjjjbfEhfEpdZlllll=&q=cGlkPXNvaHUmcj04Jmg9MTY4NDQ0NzIwJnY9MSZjPU8A&url=http://www.xn--15q2hm6km8cxq8a.cn,净水器
22:29:10,14899524663724034,100美元笔记本电脑,6,2,news.chinabyte.com/nb100/index.shtml,笔记本电脑
22:30:26,3309049266251627,敷完面膜后怎样护肤,1,11,zhidao.baidu.com/question/7645202,面膜
22:30:32,9316747829296202,净水器报价,1,2,0356.72home.com/product/product.php?product_brand_id=230,净水器
22:30:39,7102137168019761,如何自制祛斑面膜,10,5,www.opc5a.com/subject/ShowArticle.asp?ArticleID=469,面膜
22:31:15,5470720372550479,100美元笔记本电脑,1,1,tech.sina.com.cn/notebook/price100.html,笔记本电脑
22:31:46,35577740344105513,笔记本电脑如何外接键盘,2,1,wenwen.soso.com/z/q36479665.htm,笔记本电脑
22:32:19,35577740344105513,笔记本电脑如何外接键盘,1,2,zhidao.baidu.com/question/40808918,笔记本电脑
22:32:46,9316747829296202,净水器报价,30,5,www.smarter.com.cn/home-1015/prod-36659/,净水器
22:33:43,4111317875131883,三星笔记本电脑报价,2,4,product.danawa.com.cn/list/C_673.html,笔记本电脑
22:33:52,9316747829296202,净水器报价,35,7,payreport.3see.com/reports/2005/09/29/115029.html,净水器
22:34:37,6610529996743784,惠普笔记本电脑报价,1,1,product.enet.com.cn/price/plist4_2283.shtml,笔记本电脑
22:34:49,9316747829296202,净水器报价,47,9,www.51hongli.com/pinglun/jiaju_703.html,净水器
22:36:41,9316747829296202,净水器报价,77,13,www.ntwsjd.com/showinfo.asp?AutoID=224,净水器
22:36:52,5833829952496308,戴尔笔记本电脑,3,1,www.dellshop.com.cn/,笔记本电脑
22:37:06,1262433511194862,惠普笔记本电脑价格,2,7,product.it168.com/list/b/03010112_1.shtml,笔记本电脑
22:37:38,5833829952496308,戴尔笔记本电脑,3,2,www.dellshop.com.cn/,笔记本电脑
22:37:57,5833829952496308,戴尔笔记本电脑,4,3,www.dellwz.com/,笔记本电脑
22:38:17,7545444482803608,柠檬蜂蜜美容面膜,1,3,www.specialcounter.com/,面膜
22:38:38,9316747829296202,净水器报价,125,19,www.xy618.com/Nwater/file_346.htm,净水器
22:38:47,5833829952496308,戴尔笔记本电脑,5,4,www.pc55.net/dellbjbdnbj/,笔记本电脑
22:38:54,1262433511194862,惠普笔记本电脑价格,10,8,zdc.zol.com.cn/21/219450.html,笔记本电脑
22:39:53,881512093364857,敷完面膜后怎样护肤,1,1,zhidao.baidu.com/question/7645202,面膜
22:42:41,9522365253628495,自制祛斑面膜,2,2,www.koreafad.com/in/beauty/2006/6/14/20066141035301_2095.html,面膜
22:43:24,7004778833187433,100美元笔记本电脑,2,1,digi.tech.qq.com/zt/100dollarsnb.htm,笔记本电脑
22:43:41,22165414377886572,惠普6520s笔记本电脑,5,1,zhidao.baidu.com/question/48379680,笔记本电脑
22:43:56,22165414377886572,惠普6520s笔记本电脑配置,1,2,notebook.yesky.com/116/7739616.shtml,笔记本电脑
22:44:22,2751418550967932,索尼笔记本电脑,1,1,product.it168.com/list/b/03010230_1.shtml,笔记本电脑
22:45:10,22165414377886572,惠普6520s笔记本电脑配置,2,3,product.danawa.com.cn/350209/index.html,笔记本电脑
22:45:21,22165414377886572,惠普6520s笔记本电脑配置,3,4,product.danawa.com.cn/274372/index.html,笔记本电脑
22:45:27,22165414377886572,惠普6520s笔记本电脑配置,4,5,article.pchome.net/content-524217.html,笔记本电脑
22:45:58,22165414377886572,惠普6520s笔记本电脑配置,5,6,www.pconline.com.cn/notebook/price/ln/0710/1127326.html,笔记本电脑
22:46:15,49530880006954503,索尼笔记本电脑,1,1,product.it168.com/list/b/03010230_1.shtml,笔记本电脑
22:47:03,49363484276910163,戴尔笔记本电脑报价,1,1,www.dellcn.org/,笔记本电脑
22:48:06,10984020696904517,惠普笔记本电脑报价,4,1,nb.zol.com.cn/manu_223.shtml,笔记本电脑
22:48:51,11842930341883767,惠普笔记本电脑报价,1,1,product.enet.com.cn/price/plist4_2283.shtml,笔记本电脑
22:52:08,39270743623035237,惠普笔记本电脑报价,2,1,product.it168.com/list/b/03010112_1.shtml,笔记本电脑
22:58:32,8294025177351842,装净水器好不好,1,1,ks.cn.yahoo.com/question/1406051705248.html,净水器
23:03:27,3671223756718779,低价笔记本电脑,3,1,zdc.zol.com.cn/21/219450.html,笔记本电脑
23:04:24,34257749499754813,绿茶粉面膜,2,10,www.aaaf.cn/chanpinmeibaiqubanluchashuoming.htm,面膜
23:05:02,34257749499754813,绿茶粉面膜,5,11,www.meiti.net.cn/zhuant/m2611t/,面膜
23:05:14,34257749499754813,绿茶粉面膜,8,12,www.fashionguide.com.tw/MsgL/2_CateL_128282_%BA%F1%AF%F9_647_6_1.html,面膜
23:05:35,34257749499754813,绿茶粉面膜,10,13,ks.cn.yahoo.com/question/1407110402810.html,面膜
23:06:01,6435642469040209,惠普笔记本电脑报价,1,1,product.enet.com.cn/price/plist4_2283.shtml,笔记本电脑
23:07:13,21766878484868685,雅尔普净水器,6,4,cn.made-in-china.com/showroom/eco-gz/offer-detailnqkxKEFXhacW/Sell-??????3M-\xa8\xa6???\xa1\xe3????????\xa1\xe3\xa1\xe4??\xa1\xa7.html,净水器
23:07:27,7147643573706217,惠普笔记本电脑报价,2,1,product.it168.com/list/b/03010112_1.shtml,笔记本电脑
23:08:43,5231440334308118,三星笔记本电脑报价,3,3,zhidao.baidu.com/question/29379952,笔记本电脑
23:08:46,47001929517446156,自制除皱面膜,9,4,hellen-hh.blog.sohu.com/87094501.html,面膜
23:08:48,5231440334308118,三星笔记本电脑报价,2,4,product.danawa.com.cn/list/C_673.html,笔记本电脑
23:09:16,24075159327860457,三星笔记本电脑报价,1,1,product.enet.com.cn/price/plist4_2117.shtml,笔记本电脑
23:10:56,39967479163255154,三星笔记本电脑报价,1,1,product.enet.com.cn/price/plist4_2117.shtml,笔记本电脑
23:15:52,9878339603465998,三星笔记本电脑报价,1,1,product.enet.com.cn/price/plist4_2117.shtml,笔记本电脑
23:19:59,8117706781651244,联想笔记本电脑报价,1,2,product.pcpop.com/NB/00220_1.html,笔记本电脑
23:20:37,6477261145736339,巧蜜儿面膜,2,36,zhidao.baidu.com/question/2956292,面膜
23:20:41,8859811071902018,惠普笔记本电脑报价,2,1,product.it168.com/list/b/03010112_1.shtml,笔记本电脑
23:21:21,6477261145736339,巧蜜儿面膜,6,37,auction1.taobao.com/auction/1801/item_detail-0db1-e4e2e80986be224c3560ed846ed99e69.jhtml,面膜
23:22:18,6477261145736339,巧蜜儿面膜,9,38,auction1.paipai.com/search/0/59302130000000000059364F02A73627-9CBC.html,面膜
23:23:18,6477261145736339,巧蜜儿面膜,11,40,auction1.paipai.com/32786301000000000032334600077087,面膜
23:25:59,9426117829443743,三星笔记本电脑报价,1,2,product.enet.com.cn/price/plist4_2117.shtml,笔记本电脑
23:35:09,0361251184193237,敷完面膜后怎样护肤,1,17,zhidao.baidu.com/question/7645202,面膜
23:35:37,5219567314519562,惠普笔记本电脑报价,1,1,product.enet.com.cn/price/plist4_2283.shtml,笔记本电脑
23:35:54,3974982571872867,如何连接笔记本电脑宽带,1,1,ks.cn.yahoo.com/question/1407032901506.html,笔记本电脑
23:40:35,46535559309749424,惠普笔记本电脑报价,1,1,product.enet.com.cn/price/plist4_2283.shtml,笔记本电脑
23:44:12,46520580008816575,自制祛斑面膜,3,1,www.opc5a.com/subject/ShowArticle1.asp?ArticleID=1349,面膜
23:47:28,46740639374841236,三星笔记本电脑报价,2,1,product.danawa.com.cn/list/C_673.html,笔记本电脑
23:50:59,46740639374841236,三星笔记本电脑报价,10,2,www.zhujiangroad.com/price/notebook.asp?logo=SAMSUNG/%C8%FD%D0%C7,笔记本电脑
23:55:10,46535559309749424,惠普笔记本电脑报价,2,2,product.it168.com/list/b/03010112_1.shtml,笔记本电脑
23:58:49,7702461933290826,露得清面膜价格,8,1,www.m131.com/mrcp/Neutro/200607/1707.html,面膜
23:59:02,2387100781852634,笔记本电脑解锁SYS32,2,3,zhidao.baidu.com/question/15076628.html?fr=qrl3,笔记本电脑
